-2.222322986204242,2.4294016004851615,4.537825502398703,-0.848435583405484,-10.411488309165403,5.975215012087089,-2.873974166473834,-7.325474429436756,-10.165468087430797,2.7688801999429913,4.013835159643399,-9.291182511814478,1.0232900854511482,-5.895277449314126,2.5244717341308065,-5.702892147338746,2.4738679812681204,-4.408012920387798,8.301315601106836,-6.3187078280144435
-3.817889119781552,-10.048772555540717,9.08936766629323,7.7330395275208845,-3.780125586513307,3.4845668203988973,6.403047943550037,2.23292282786647,1.8617921555339711,-6.549514240771964,-8.9545508310216,7.838722199777855,8.106798767191192,2.4360459421131107,-2.7851970011641,-2.0197037184296818,6.2418232881255165,8.521118222824443,6.8893948068492366,5.450134691954658
9.713433504419456,-5.324109100098349,-0.3463618882772366,-3.5120410616554505,-3.1128286926985815,-9.54505426301867,2.8459751726060816,0.6187806816618293,-8.091117682291237,-4.387761516524305,7.252992205266717,-5.671261339860521,-6.75924909239389,1.6075195839328538,9.228989459015736,-4.354107126242592,3.114654497440812,5.342861062460487,-3.731852370888414,5.328619553657624
-7.003213206262132,-0.6877465865764908,-11.15880262550005,7.757753514659109,-3.794959812072621,2.9135505602945018,-4.6122127796707595,1.327032633058938,0.6034306908425402,-6.813071703139676,9.541148644954482,6.273406676841079,11.171692363016328,8.723783116210399,3.1178395426100467,7.931518501474479,-9.256018064931085,-6.018011401997972,-8.988284306529643,-4.57190612609931
-4.7268093223176075,3.99955167477934,0.4404639623032809,0.4516654510945372,-9.37233249426189,5.821669696422555,-2.2078760408266156,-6.068562801971523,-10.149893328086423,1.2283417312683258,2.7858060164035634,-9.711789093521759,0.4147528507733125,-3.5745097228126808,0.9871550421912907,-6.547483734658123,3.5031870695147975,-1.3187445462724696,9.089417892913083,-6.659218908965189
2.4343501600787962,-6.898814113516278,-2.4571496547192564,-1.6012199818912802,-0.6879647243942562,6.644829808627756,-7.039048260360345,0.6826158182190415,3.65759772697396,-9.289037640992419,1.3032631094096816,-7.24160641484723,-9.788601177636798,8.192948836938962,8.942132562901158,4.762379943150579,-3.8921062825829837,-7.144280546085675,2.776904350096217,0.3223337984337957
-3.6015103877253294,8.69787767850352,5.852976536207285,2.114886597580637,-4.560297651169575,-6.486791753881575,-8.64627864014598,7.014406451296201,2.155841139646458,4.008981719540365,-8.88020143739536,10.35489936003447,5.862863355500486,-7.0844507399922545,-8.199706028961284,-5.82391847601878,-5.018521746983119,-1.6577619603077256,-0.9725210226267211,-1.6824176786063707
-1.416426967704243,-5.297880448322134,6.628801845884589,-2.7393848794770657,-5.337368357935779,3.171558451838848,-8.58880894399715,4.745835711393637,-7.194760550701005,10.451004982806888,4.418930568452369,-5.418397354214859,-8.421707212530642,6.278965511499696,6.735969777026925,2.8560815499517114,6.119230387578017,-7.352578629097189,-1.9393415275093007,-7.886974536143054
5.977340751094403,2.134938202343078,-2.9273351065302418,-8.794998928825962,-3.52146604997405,-4.562136270813817,5.186977940158525,2.1379375346282665,7.4196351771285896,-0.31796976885502753,-7.505036859703118,4.288875763475492,4.465074150361193,0.925994540190733,5.421527189928256,-1.49917330587927,-0.00787637867349722,-1.0614997537961615,-10.76905406896344,-6.685589808539671
-3.8226834704217816,1.5501045640005355,1.8675518141536496,2.370006962360203,-8.447084664690209,4.264342924882273,-2.3743327673896903,-6.576011156165272,-11.033905174783127,1.501175375801427,4.072291133450552,-9.264194254909908,2.040276145150439,-6.322852358611171,2.95017592845397,-7.212240698478593,2.276561867862097,-1.3797657016832972,9.19786934388221,-6.9659026673812825
-4.641384782232911,2.7439431037238564,2.8449618029861976,1.9769926722975537,-7.794657757896129,6.5562391930389685,-4.533998944630287,-4.770617723769366,-8.255645922854498,0.5715293860164121,3.5892509650562845,-9.524191189916381,-0.10379249062004908,-4.698234010234446,3.735188946537175,-6.703157117705277,3.5378855162516616,-0.7663346113217202,9.667438667096928,-7.1772207271717505
-8.17009294290949,0.40802145860842065,-10.875263884266886,7.006948377067863,-3.389312968777426,2.9031433981217973,-2.312503002169236,0.3231297644976985,-0.9076921860922644,-5.4108432897577385,8.801800237535565,6.201345280739335,8.815189698823865,6.353428780610105,2.1222943415922715,10.633707842615134,-7.73716350044715,-6.137860504622559,-8.020110819832341,-3.282724919531602
5.325935498283272,10.891335506215528,-2.1725545122350445,-8.595574079074444,-5.421282944159556,-0.7041999458414107,7.143955792676569,7.656947925103064,-8.608798352410076,0.091977104916946,-2.0184976056004533,-5.904707778510005,-6.744319421354216,-2.8825155316247946,9.149477743940642,-2.7407071103277136,-1.6752399729865326,4.370448001778707,-2.5088390635404045,11.10444973571992
-3.858639673926855,-7.227200801342652,8.397122960240901,7.118365337619583,-4.579762943149677,2.7851647032159295,7.470961897710021,0.13015007829599046,0.40604005430284756,-6.567719403657967,-8.484819035772109,6.264679661359904,8.754677665825735,3.428532912470938,-2.43523400530151,-2.9869360275723142,3.639243172694696,7.141864567015594,9.271900540522868,7.033188020952273
6.898892958779054,2.249543824912787,-3.5184616532246324,-9.50714154728603,-4.223782983921792,-3.766603927139668,6.204991937468408,3.6977677354346996,8.678909558863154,-0.18577588375662335,-8.7254420901652,4.22340463988252,6.186189431951329,-0.03272067797736278,6.055896805964485,2.198521152550581,1.5164732336296134,-0.035150497267020464,-9.273278714675936,-6.874239511368922
4.518709730986433,-7.827764463892859,-5.692147276827996,-4.55277316803393,-0.1658882867979492,3.820369019801689,-6.378843409770728,0.7220019553111933,2.0334669140707637,-8.645546881415873,2.3731868938296206,-5.310651712940777,-9.651284521033206,8.300715606608135,8.539981216220363,6.9981387741918315,-3.0073260281375234,-7.595332400553813,4.868154197133065,-2.3749909925843538
7.484277001131904,7.146446968797257,-4.335740111188888,-7.958290086955816,-3.6567378603075804,-1.6232682796567677,5.03278782791243,6.713434528173832,-9.103901387556768,0.9048863284474024,-1.8519966035160762,-4.874429117025364,-9.875864855873175,-3.1438673368947434,9.718879499619016,-4.368804634739431,-0.46052610162896557,2.1939310251400808,-1.1375123576034263,8.715487677397647
7.930544516368757,-4.363440301077382,0.08442258387690707,-3.1999677817899332,-3.634114857954283,-9.683194617493111,2.1208131057204813,-0.45785706420530936,-9.180752747865704,-5.394325453248837,8.55580201320741,-4.133641437678795,-7.918715587996525,1.0703248509526033,9.826530578689956,-4.917815593364178,1.7432814285100537,3.4251299970086166,-5.103132757372324,5.354059096869199
4.967236524178837,8.14195518595764,-5.380631106943058,-8.198032048689559,-5.0193279277277085,-2.282578206977237,6.947097169185516,6.9455705732387845,-8.700874876977572,1.5767069648915388,-2.238524697754432,-5.481110931192438,-7.419238426854111,-2.6283472764927422,8.872576074494651,-3.3457304002420534,0.1324059600722029,4.175619044875575,-1.429467758878988,10.08172489563107
6.050772032001461,7.840755257461838,-3.1756667573269293,-7.230966969922223,-4.265071042402637,-2.742216202984073,6.380322658253891,6.14658728923569,-9.911899668439588,-0.011229236129445402,-1.6985293909271224,-6.3575866786959265,-9.089982446533773,-5.342134098642344,8.727013923985545,-3.9669424654178345,-0.3001252299365047,5.3829276407352165,-3.586846139209431,10.852475736558016
9.045813852518794,-5.367947420479627,0.8016352377171164,-3.7884127991588077,-2.0464376402818814,-9.101556501630883,1.6404292092692752,2.724255839440295,-8.556798597285878,-3.4369459283749544,8.757420702535565,-4.585751157362804,-6.566448506823064,-1.3130293592248046,10.080538129773426,-6.483755873620231,3.2683481117050377,4.506774850011063,-4.8897789343032825,4.898453219575426
-9.452609470400786,3.5635416606404435,-3.3768049659681196,0.671526652914923,8.650888386771062,-4.129712979640763,-1.5041914977471516,5.469870843539892,-4.235230448974394,-9.125447721427253,-5.0607135216761465,-7.961495854106768,8.776867610471717,4.308675350069215,3.1302292262681473,7.320018709253803,7.208081237803348,-6.940516132744274,7.6478616843820495,1.9090481716063827
-1.8363363870859302,9.6061002619397,4.285838125287078,1.399567911043831,-6.777770895889283,-5.331089441780759,-10.077434832289912,5.855997649746263,2.1870610761006923,4.212339257776927,-9.414968449713543,9.642150241148386,6.42565056137363,-4.2633543478323945,-7.964404634334503,-7.1604068277115696,-4.018409900958293,-1.14806017850941,-1.5369540315897563,-2.513947030311143
-9.655604168420094,4.295999735071272,-3.0672822995139204,0.8753785000882899,9.041186430307354,-4.593388854503914,-1.6717329916738277,5.773329667508941,-5.97020279438557,-9.874864814790461,-3.481974007100316,-5.537836149170687,7.4757211074954295,6.98432907370424,4.34884084359666,7.426965601997235,5.255439353240544,-6.145580148752528,7.300646001598855,0.17011472835661234
-7.303064697410146,1.0968492081525296,-10.083970392292414,7.688446194757801,-5.336934478646212,2.448918096975099,-4.1129649733240425,1.1721626435441874,-0.11962990849875266,-5.875096494336556,7.689790325272837,4.941318470780085,8.460489531065797,9.57140668146704,1.6831972714690144,6.2362412270114165,-10.22903886582286,-6.046313165270415,-8.48168336599933,-3.11793752710746
-8.043409254353161,-1.0627081175278503,-9.487608033594324,8.677913688822427,-4.833688929567478,3.557426759765878,-1.9523707796963574,0.058481561998652176,1.2125542215102625,-6.812124252088593,8.5453328354042,4.917748813804521,8.311220259762095,8.2560228061001,4.307075362922459,7.7214412641864945,-8.646775264577073,-6.143465764728344,-8.699655373079493,-3.2298425727799276
6.315141969231905,9.15803097672946,-1.5699827614930437,-6.944592189097044,-3.5785370627808843,-2.08721843868133,7.062177570509155,8.55313117370814,-10.75729072234818,-0.2706440604936937,0.08612482481082995,-6.532942646372335,-8.943822685982054,-1.7197149982879296,10.054957303230823,-3.103821115601126,0.3301016802214949,3.621854672298574,-2.445459078605069,11.015448611820764
8.718935140062257,-5.367111373399134,0.20075437017407521,-3.3573570066605343,-2.3420858211591806,-10.92232920231504,3.017238888523883,0.7965901586273072,-9.10758988587433,-3.6397970204515486,9.099591736969622,-6.590724971647557,-5.352336052294708,-1.769707047586881,8.577692800973242,-5.420682243394087,5.367651461304629,4.924135676820964,-5.279183010202817,5.996405576141755
-1.244237533787122,2.018453915844893,1.182336002394862,0.9155877406235636,-9.616838068126238,9.159988584710149,-2.12890040848634,-4.105653458701335,-9.122050192241593,2.368432457466435,3.091811804893005,-8.785318615856125,-0.973682046065437,-8.01317768551602,2.1127451887004307,-7.9681448955174865,5.296681498208855,-0.44961561890893575,7.3316707023215795,-5.9578655095588955
9.949442962000386,-5.71895846588599,0.44805937118437233,-3.707340326720853,-4.359696237109856,-9.764018814079066,1.5532565139455623,0.33593312855688273,-8.34148586530374,-4.554233511561902,8.452585648453868,-5.246676864793321,-7.0035765332701505,-0.41138977712596425,9.730981661580323,-2.460854112952565,3.7543452469249967,5.877689265005394,-4.809225514823909,4.301510148940132
7.95956380973883,-4.2295427399823,-1.1497219261796614,-3.9608071730710424,-4.644710527455953,-8.369183618343653,1.1331356871272502,0.44445037237919,-9.810222382348915,-4.938175927596556,4.530117491792973,-3.1166636150426434,-6.5515456253493065,-0.9782922803869037,8.588353393879022,-5.654543322649332,4.159590482937023,3.340307380989425,-5.3888335394463445,6.334968844699865
-2.078244536737966,-5.926410483223815,7.663610214851205,5.689215622452702,-4.184301382387386,2.952069384242129,4.970270551652775,1.0258462958534538,1.3205589409107494,-5.311925846755326,-8.924772274617053,7.720808098770023,7.988884677965263,0.7325468828392772,-3.362179132196679,-4.360148979891674,5.178139529425884,6.381162623464765,8.754420689853282,5.188345847938535
-3.4709406560992253,-4.123192150795572,5.867197897744482,-3.403723770704925,-5.101521827259175,-0.2717333046356152,-7.222806862289408,4.56943692803256,-7.562179559892714,9.792741668043721,5.867330358834588,-6.491874981262775,-10.2567615917397,6.59679247426401,2.9730962445465177,4.2221529264064115,4.56579341984046,-9.409675775909207,-4.940523669740189,-6.343292220017406
7.490133172830929,8.0142471458091,-3.5046479920104048,-9.246179288704424,-5.750540656793896,-1.6991591312196028,5.531151833006456,7.23627707683043,-10.29013967960384,0.2949419067948977,-1.5302769272054857,-6.513598148408039,-8.001394435809534,-3.170322289166607,10.04249350940711,-3.2792221867891547,-0.28612274505010526,4.459383937147408,-1.0198590630923599,10.352348127008232
-2.5829936813740724,2.333985244330302,2.9160039569892344,1.7708592282458766,-8.21640482234716,6.690502758141185,-2.516237665689299,-5.308269432184102,-7.600560727941239,0.06162862928525992,4.456406420015039,-9.066663376040697,-0.6437912317676453,-5.218496578042396,3.954577555946996,-7.34183034238557,4.261317191072127,-1.3939393982582344,7.663580212203202,-7.391866809525283
-7.166601187453455,0.35712372573462214,-10.894452744442109,8.236635740741322,-4.344892819998053,3.9793868816500906,-4.458129252445575,-0.25767885133242874,0.36010491158199465,-5.7664969895981155,10.42557361021538,5.095196359930689,9.697941144910832,8.02002681771757,1.833713799059266,8.226100470644365,-7.483538594359453,-5.754764934830026,-6.819628794141602,-4.345618027732037
9.41998539147937,-4.830675245255094,-1.7513461172685123,-3.623692415556304,-3.145768166456822,-8.112783992080816,2.8596199092040977,-1.0759051130181738,-8.657301557807221,-3.759485754791163,6.370874134244174,-6.330041778142337,-6.213945236432097,0.6651009822231893,8.164426048590622,-4.363873110500819,3.5380143472711896,6.013401261181502,-5.881770443585948,5.2095104687180935
8.57756545519727,-3.2942601829096274,0.6799060921020254,-4.890775055372592,-4.2723414453971404,-6.785331919185933,0.9487226767982313,0.5818504034923356,-9.293169527723556,-3.720174424349259,9.432591365651456,-5.5949992753719195,-5.983190286468364,2.0102585998232216,9.77928381955625,-4.374005882275806,2.852270177914297,5.251651615605563,-5.423924212860249,5.361262897895787
6.716133580267879,8.916240418560102,-3.767086530019453,-6.822463806673576,-7.479743274043339,-2.5141523579506275,6.524166720186317,7.544245197934659,-10.772739677044827,0.47436604281447464,-2.2756201857116807,-5.83480288481256,-6.577918852661332,-2.3387590750388414,7.861133750887123,-4.593192821604999,-0.03536096068599387,4.033632876730631,-3.3853064409888614,10.476284097218882
9.760501427364227,-4.598922240668008,-0.17651698759270112,-4.842436278786909,-4.385326776004694,-8.275499435426521,1.7498108742850274,0.9469277271853762,-8.23335430438254,-4.726008112287601,9.554117822952652,-5.564308857851258,-5.592555695562907,0.22318218709223325,9.6971431637585,-6.046695950107645,3.3544507179825307,5.028632793079931,-6.505545505402912,4.346711549519524
-6.243727012164319,0.11403450114690733,-9.47264895967098,10.687308539509925,-5.880039857798258,2.896759927512634,-4.998209717375781,1.3538223940923857,2.623394520517272,-4.63298810808482,10.615641308437176,5.305035999426326,8.424737853793935,6.22537723605891,3.993873111403495,8.906462778610802,-8.722106863831092,-4.752285862630128,-10.068218738549241,-3.0867713505120387
8.581786348775896,-4.931130844975757,0.3037062618443261,-2.2019810523722008,-4.840596491354462,-8.487635417634195,2.4972467040357733,1.34957813521702,-8.394196255404587,-5.435552142554087,6.442271690041844,-4.897500486993048,-7.630553556075929,-1.1912585403993365,8.445431377678936,-4.997919072182836,4.950418647430936,4.823719960868309,-4.656978809076684,4.462060622019599
-2.5286172289404827,8.711106345364046,5.439820738170152,0.3568590755041441,-7.933309610297624,-7.9479125148551395,-7.888020164662435,9.034136288080628,1.9178510163267042,3.9926298327308984,-9.518257950970769,10.560075345848077,5.721499681817861,-5.514848803699691,-5.388303026075558,-5.830815632991478,-3.7255735242105024,1.4961747252118984,-4.064331920156922,-3.4975418765082535
8.196422843844845,-7.0512026128086545,-1.1386957155803836,-3.913610145959958,-4.86284429327581,-9.442396657319197,2.684002099059338,-0.2504847934885278,-10.092253775412798,-4.480304382831203,7.26682723256023,-5.4795486836396154,-5.759325593752535,-0.48145009854491394,11.48396663555976,-3.7272585828320217,2.863405639538529,4.121268540158575,-5.2998032820722,5.71765473563408
-2.975870193167333,-4.235253265467481,6.029662953042998,-1.0481778365531094,-5.650600911495489,2.390078436019915,-7.292834349302548,6.343025349101901,-7.6758293597751495,9.10748943700591,6.309143770631784,-8.73323022469773,-10.609547190749891,5.385165761755617,2.8836408645805816,4.365188522740796,5.811156901900609,-7.816446966818886,-2.5898086719141395,-8.348312274390953
-4.03477380643206,-8.685239408881142,8.227300080642271,7.0549076128051516,-5.644509420987363,5.030149395682354,8.516437213518609,0.7503111897336647,0.6847305168684947,-5.350797002054757,-7.030445403763859,9.24996072090658,6.231097344576962,3.138039945530985,-4.526225520187134,-1.257536349871504,4.959361607615186,7.118855660688906,7.5004070973644925,5.308533658886318
-7.078974801698498,-1.1515694732550457,-8.48944679686163,7.223757029656666,-4.131631336150801,4.356278753374353,-2.9043419525789753,0.6526770717943187,0.7029046439358935,-6.879330465824303,10.862727246108276,4.803161247054648,7.752912757713787,8.561915943585806,1.1618627730352071,7.487421202996208,-9.673754221131375,-6.563252591077613,-9.178169245685734,-3.2503016570740138
-0.7536074970209063,3.3531754702727925,1.7673906063224432,-1.0034162745337114,-8.016907385764526,6.704978778247345,-5.104266737940792,-6.32502331748525,-9.758431801978922,1.8271489320715313,4.277210848494051,-8.175633473978841,1.1507502023549074,-6.191525245871446,3.272370937018192,-6.449564298408147,2.486625807418419,-1.8670602892969794,10.591272112652405,-7.217154512893131
2.0602837313318076,-8.75874108582291,-4.648260776437741,-2.957638627495837,-1.1347800681546607,5.462021781989494,-6.068288556692934,0.7641302863582964,2.722808451373372,-9.720756972448312,0.947696182639622,-7.631561938497272,-9.186171061489336,8.625789427250156,8.54264459529373,4.871830298079327,-4.363845444006775,-7.865131099758351,4.2796899960787025,-1.7543731783162944
-2.4968256053461504,-5.9627995077147515,7.9267895490129145,-0.7655259456257046,-4.422557935231588,3.0130428177682615,-7.0902007718933975,5.663483710914444,-9.139445580590062,11.374821140003089,4.664751504545376,-5.290417059341564,-10.448721492587161,5.848921806522319,5.16739657092191,4.200106514530393,5.020611554298621,-7.386302268143385,-1.2332881358929242,-7.037929006213172
-1.9600648046603333,-8.08072060554222,6.695371870386582,7.616972920042363,-5.8549611866666105,2.476175811621572,6.043224859971136,0.7650886006401041,0.7345708340159237,-4.459797865571349,-8.505680227157981,8.34001266567454,8.023177153197114,3.5975235413438047,-3.4079960301323027,-3.0947351835213377,4.144713129405881,7.779956659093047,6.9582403569564715,4.714913631008963
8.796521634033182,-5.731861120166528,-2.1989967137742843,-3.8800516053169543,-4.933057461588023,-9.16583067338084,-0.10807101663912455,0.22340713716091742,-11.401546138971842,-3.339130461999219,8.68720895346816,-5.487426958085139,-6.539382698093459,-1.1890190571122916,9.785384597826907,-4.364120531309656,0.34842169902618236,4.785167946896827,-5.269893250288381,4.368033354491425
9.744462422987118,-5.797362339332157,-0.4552721650841756,-2.091593383625442,-4.708777469198327,-10.061112596926641,3.361965468304437,-0.9974614857094635,-9.66336820514728,-3.850509594758776,9.103729143206367,-3.9882857955794773,-7.849324390396023,0.38506387853738067,9.246900882667834,-5.764550203280623,4.645923730409857,4.682837910714764,-4.969044524131027,4.71990644146783
-3.0734452217101387,9.198837431395358,6.181988788795977,3.979262572099855,-4.818123614514873,-5.671743362682804,-7.814265230824548,7.916049864699886,2.8006613110308134,3.6102658395923752,-10.406508997506258,9.394822585828933,6.478668193483507,-6.206445835761752,-5.667113208401272,-5.376604594360813,-3.826748254517398,1.972658713700019,-2.50278874129119,-4.36907665531888
-2.311093501488558,-6.300356831569439,8.886000491058939,5.453089617489518,-3.3058337290583744,2.336112560973687,5.5622572600222195,1.2603413759446906,1.9712414137902787,-4.109667048038567,-7.231663523705994,7.63248810619198,7.680753617174497,3.0079728134454258,-3.3494750203095185,-2.126490600417429,5.349231241900014,8.533546520224249,5.215767203532968,5.72549928082974
6.625223303241482,3.2069794878876077,-3.6701897653695323,-8.578358495505626,-3.622719007245812,-3.3013784670528716,4.567994456306307,3.2617501175145764,6.9485997177007235,0.8437164298928694,-7.844652464602501,2.9533466065612175,5.403774329329722,0.3743634689424401,6.084678133600096,2.0855175033301925,-0.33191550391796854,-1.1168072996050231,-11.247123053822724,-7.3882662306925635
-2.268444443564182,11.615969242378716,5.205388481859646,0.2124069247849143,-6.126285570046738,-6.498951208393169,-7.548575002553265,7.996704266768662,1.8838442508804019,2.937153319631543,-9.797333371369977,8.547676589030585,6.068329366203713,-5.164639382013867,-4.693596151506581,-5.937238273108343,-5.11103820284443,0.939731300864898,-0.16446814051203407,-4.785200100358543
-8.655455627972989,-0.1643331794740782,-8.880597948058035,8.926083509693477,-2.252405050504693,1.0010132328788766,-3.1570428890873634,-0.15577014901601494,0.3477904379768195,-6.922683017743337,8.482922884483198,7.187181301825743,9.632276158297685,7.91974298711035,3.3090153287087025,6.92495573516346,-9.560855090292536,-8.258310483811783,-9.794868761912527,-3.3316948580299597
-3.1481593707422526,7.691196334790823,6.28189399636447,2.982986773283366,-7.567777536328994,-4.627673787931638,-7.856562269644416,6.99869153199008,-0.47710548000939745,6.452394128511651,-10.977882580847547,7.752798296282994,7.671423248018076,-3.313465380095204,-4.979227837347469,-5.768000682878964,-3.3204007991439597,1.348544191425065,-0.60217103737092,-3.8942257720697855
-1.5351293630282052,2.0358959193337354,3.3588793237061267,-0.11538898235996009,-6.210931942991074,5.90565880748807,-4.466788003643904,-5.719959978514865,-9.104708737472398,2.144711270025771,3.778601032337967,-10.758635620250317,1.855220095065104,-4.5765422901521315,4.262405759456113,-7.041002309010595,4.235278306764491,-2.067924611754561,9.862602400936197,-6.0893329852505165
-0.21825173176188306,2.118344735926163,3.294011373819053,2.654957231065294,-7.404296852057942,6.405607102957208,-3.651515088100395,-7.102237011741764,-8.30280074194698,2.384129571823525,3.0368614185839062,-10.710418228541322,-1.0793725716780715,-4.48357049223704,3.0238289371445584,-6.297686883567419,2.9958061361869626,-3.728796177293658,9.697213349446322,-7.207542080082904
12.389368808944461,-5.113939398810093,0.983698017762622,-5.220594948000066,-3.3068016868076384,-7.404670176259679,2.1310059305699554,-0.9573010320123712,-9.109221375945749,-6.653832240224997,8.127431018311233,-4.387795047347556,-7.137860202549052,-0.49508434913770666,10.240577198324047,-4.554869722820438,1.7828053856123893,5.321215268853139,-2.811263995922763,3.2293107265891674
-3.319688697484522,-7.254264557931663,8.527522324106787,7.928708737622628,-5.559200527869162,2.599959074752199,6.196021356865118,-0.02587185591350405,0.5483251656799397,-5.551699475662468,-8.607989829036883,8.264821571665172,6.1877016500673045,2.4329390420822055,-0.9020504134111249,-4.101918194072407,5.804614073889201,7.996861319964242,7.138770676420928,4.2768692576226695
-8.701977914722846,2.6160817816642634,-5.626220713196269,-0.7936317572821233,9.047829148722025,-7.7545818390574315,-0.6049143876054064,5.632252761505515,-4.107860608637528,-8.6589709903051,-6.2663763657475435,-6.345211613413413,9.868606170889802,7.08712939680176,2.0053836467204342,7.515972879217003,5.540605269202366,-7.087865286468656,8.806568540979407,-0.41068747295214814
7.107418810951037,0.6526690645339999,-3.4013578072188517,-8.627202940746102,-2.6131358323823832,-1.9078863832249473,3.907136387617533,3.5523311910924456,8.50965700753988,0.5177112056494315,-7.109425169098421,2.3223980534981292,5.060278539810189,0.06983637647300989,5.216737826173147,0.8559161634217088,0.7598074235148542,-0.3010887664315751,-9.149863544404557,-9.140497399802813
-2.7324922144853265,4.423761430691019,3.5468002068895546,1.289574963601705,-6.236072983610059,7.195861166578773,-5.570925842542806,-5.436964034122554,-10.776505626023372,2.2698642323472846,1.8375436627164092,-10.135098831842797,-0.12192336362425116,-6.240203603272994,2.5546038109977975,-5.480109699539618,3.1048018498897667,-1.720152194478711,7.7689501351273895,-7.439080693472264
-8.200349563329068,2.72786879322845,-10.631198075998142,8.20651450844474,-4.644778095367738,4.595593307532055,-3.406039503084992,-0.09727347223223515,-0.01697878352236315,-6.644732709735594,8.384765194346027,5.550481787006974,8.225782651423296,6.402509215263224,3.213145364596606,7.9398121770332954,-9.498286763936923,-6.2486018861046375,-9.02708265582158,-5.239860110313746
7.772646847550506,5.970925531680482,-3.547549041563753,-8.198658000282455,-8.353100693878432,-2.9024854805432883,7.135231425558335,9.233810917838131,-8.958279246676938,0.5385785240642931,-1.6731123186555077,-3.8751808759372808,-5.454453451368703,-3.834539251451627,6.858207517940094,-5.634128822856097,1.6976934270271244,4.013320637129169,-2.544166041955402,7.644990661462501
-2.1926371446389967,2.422718195529498,2.473486227280499,1.473559387669138,-6.436377699409884,6.135653172188016,-4.701984743188607,-4.721989018407644,-10.971635756489173,0.8093280555121904,3.3044293443347965,-11.22867688924791,1.3540102287922182,-4.613179225536141,2.3286625809736803,-5.2330573007224235,5.268047190453146,-2.3784637222793155,8.283931597166683,-4.989979089337657
8.289095596625927,-5.189273623048068,-0.25611781775265824,-5.219387062107453,-4.723064274735005,-11.337220733804648,4.10346472726089,-0.8838333238590828,-7.384310843578902,-4.388986209548278,8.730181851489034,-5.697561985011483,-6.8941728662138635,0.43954484553969675,10.377561496606196,-4.384121179695634,3.0743782380783955,4.752032634082996,-6.84142544541961,5.087545983414128
-3.946402121763442,-6.284894528530131,8.170281294290225,8.04868145748024,-2.741917926441798,2.493457566615503,6.413205754869101,2.1581993966265545,1.5442889559966606,-5.490769492230324,-8.65467508140387,7.711179226521482,9.456218909417972,2.382923289105413,-3.141288486542521,-3.4425949786702073,5.224662142200774,8.097730236635199,6.738294674544117,4.628686803117482
-10.669144661946548,1.2660977700801936,-2.7032944105822723,-1.3431596857645003,8.425368319171163,-5.2800796110949335,-1.8949901127380377,6.474630066060673,-5.862464057382824,-7.848800241874457,-4.167407590343528,-6.927593160552609,10.893922171237934,4.721065845572969,3.9572069656459146,8.085618369244328,5.593916543350507,-4.639280304837672,6.0030698574110195,0.2650781810139423
-1.8767898839972292,9.98684057782505,5.261688798445298,0.4029449640502756,-7.6067643669761384,-7.127628228827452,-8.912761185736057,7.944195013049381,2.2000012357974295,2.8261071972108076,-9.208112263077988,10.008782788523709,7.208643263939475,-4.672437060879855,-5.529578501309084,-5.872729723702887,-3.9853208522678925,-1.1658323008712341,-0.9314814080250993,-3.96772950887605
-11.61991282076497,1.6031118982525794,-4.293621469029916,0.16793297472085447,8.006295786993437,-5.13584410270977,-1.3842454807174618,4.207729660081864,-4.489895247933856,-8.02694936172466,-4.524803205852718,-5.174666263030996,10.150369082423227,7.095302946482148,-0.3504816403593227,9.00815689647233,6.868200060454225,-4.262190184566347,9.088644561533094,2.3651875158102995
-8.803777803189146,0.13640628965230195,-9.920235720632956,7.171928314868229,-6.164472439123596,3.682662377838894,-4.447158713281354,1.3691864475814204,1.927987801396032,-4.928996504278009,8.53930578921707,5.978022077914301,9.422433047926084,7.42236883344901,1.1862276188288274,10.047005366238308,-8.002654083229556,-5.4443750009053575,-9.917530233617168,-4.712677851256906
-1.6260878459055912,8.93644893118552,4.459398922637476,5.166277251785592,-6.580874282785584,-7.6319006433711305,-9.264685352841553,8.471968624695458,2.1355706454019403,2.723173577603542,-8.669081179508748,8.730052957700892,8.522150592225982,-4.673169720719828,-6.810822551516739,-5.0508934411962105,-3.8472996302818423,1.3479023077669767,-0.8763668098632105,-5.0217738510300345
5.310222443799747,6.611838486738096,-4.027312245577438,-7.045748063030308,-3.6146496698492285,-1.0403971930640743,7.529018112681097,6.969304178939065,-9.238188264148635,1.0383028810284882,-3.631374212876948,-5.971282592961905,-6.6529922690484735,-2.973228236290876,7.661679030099452,-5.966063735312252,0.010031689565316027,3.988793485009677,-3.611330902242466,9.578726591447209
7.480786783653358,2.299147795852765,-3.39403684757474,-9.706856017802096,-5.27758596017093,-2.7698219371289987,5.285829679297466,4.3356438022613215,6.954237754711323,0.13711371353990898,-7.891821809598698,5.4553707296533815,6.23766374901609,1.436753350614382,5.079813442425234,0.8368441058960763,1.1015611108964474,-2.1336200349151904,-10.819416138597528,-8.130704360815708
-10.297655398853866,2.4664275029329015,-4.312236083526463,1.406845599050857,8.246357363793932,-3.285826036456167,-1.3785873363400187,5.3534729514967925,-5.355829907564714,-7.642409704166804,-5.942657139969983,-6.690230299399402,8.523906603123496,6.887826418446105,2.480373524334433,6.390477369591686,6.08079221290199,-7.3514393511476275,5.925917757212071,1.5139673197985068
-3.788822724574975,-7.783141448544594,9.192305147634231,5.892751567358916,-3.7317958762376024,2.0604987964198305,6.037073684327087,2.3479581569553716,0.9210212851035345,-4.823424233727306,-9.318570689177125,6.900229223242693,8.949617539935527,2.0728855999809697,-3.7143160523258354,-2.0518572566920703,3.4692000320352605,8.211440331937801,7.784635811470038,5.594825191289234
-4.002160552680378,2.2763999271122963,4.49921947765972,-0.1360981510064323,-8.402427308524588,6.1697038848282375,-4.138443084653363,-6.0913900480978596,-7.783719892709071,2.2738272636454258,2.747756275418557,-6.91501391063967,0.32043438694674586,-6.0473054524233545,4.315552182866587,-6.981742037843989,5.481668417036762,-3.1359358649559184,10.16463016365606,-7.0485334527984405
8.340193913306642,2.3797454385437056,-3.5117125549756167,-10.265363684661565,-4.065142975202151,-4.493598517433474,4.128269137255335,1.652963043326113,7.295346464213525,-0.9618118537844169,-7.511360162795166,2.650145882168568,3.7701828245926254,1.5874582221204516,4.621905482021122,0.950441717517746,0.6799263096549283,-0.8424174826226005,-8.080925144697202,-8.151882271940483
-8.695925438999845,3.30572517988282,-3.2062927067761904,1.2833671841544652,9.255807182359325,-5.141314013897385,-1.150462477809637,4.72792784970118,-6.347109086483128,-8.729895559128128,-4.281249093464222,-8.437155244097903,9.454285606268181,3.395082168685941,5.382892069694791,8.931090937550675,5.812432813809977,-6.259172461715511,8.15415184338684,0.197684450324072
-7.227587635978661,-1.1436193664648608,-7.601200768504844,8.710368553652378,-5.224300358108978,2.5052779167622896,-3.8707461857754044,1.014151165139506,0.9087114582803933,-6.520069696626315,9.450062846109068,4.898797535985336,8.446772904440746,5.810754569647971,2.93172580707407,8.736282480784096,-9.00360580299504,-4.181607770261857,-9.008437741396852,-4.52953695670991
-1.637900325595506,7.668306447951573,4.766258415774513,3.9120986829990168,-7.879958515756845,-7.557854563800798,-8.324419906977095,7.503104697438301,2.372930334137735,4.6506386860685724,-8.953588645522181,10.507896885196109,7.058671472936949,-5.994475441053019,-5.690926954655256,-4.4320278680361085,-4.047788887191819,-0.4794006720258842,-0.2540189578707124,-4.29579835999276
-2.9745080798328036,8.908337773894186,7.284222183245136,0.4701993555455788,-6.625887529656697,-6.412416421510513,-7.752541431696663,7.421506068969599,2.330350774368278,3.7698029884991175,-9.319183172838844,9.055004767742476,7.270424705864486,-6.1228281224781105,-5.986400261955801,-6.361172616616302,-2.7891048900370774,0.443734909056271,-3.1341320953645666,-2.9134956953251696
7.8178945450869985,2.2394350641683203,-3.812467201747732,-6.720359983297827,-5.252707627197534,-2.7623830811008205,4.017521708577889,2.415370809363841,7.427152018952565,-1.3591357709322707,-7.036890870997727,5.655539340409856,5.6857146335846105,1.3289259476020203,4.432903099991974,0.39273719311226574,2.6110062193691803,-1.8298742566241004,-9.867601044469962,-8.403260591114908
2.703728876413671,-5.689116559799783,-5.106023550120474,-0.9253999362106078,0.0535912486011042,5.466963940641326,-4.870904209649861,-0.8216047441394017,1.0237772157131761,-9.679581468839746,1.6219193299647512,-7.646075169014423,-7.475885073199085,8.718856344696835,9.665145629848066,5.597595595915541,-5.728327917081104,-7.7765003614809,1.7724055548233606,-1.2655841712934417
-9.576123519787604,2.3417133349528183,-4.526544953611019,-0.5982525857173322,8.471387670015103,-6.3295936829097625,-0.7974728454994678,4.577178127046055,-5.573672634419343,-9.797379761564695,-4.217336879967004,-7.103895197610472,8.543872447994994,7.634116489650229,2.8457731759987097,6.634552619608552,5.362121627435722,-5.673467636365515,9.14987326079298,1.068762859064064
-8.938232218993774,1.124478750245713,-5.156809300965693,0.1907047036679991,8.129020939609427,-4.670600839982565,0.08288384919598224,5.215536806936795,-4.825864539832756,-9.435934739038773,-3.437033278208102,-7.301965120030589,8.665373879432554,6.053558966219177,3.7010493651225005,6.119235249379356,3.790202903367251,-6.482031519367208,8.31971122670468,0.939114214120514
8.114999562874418,-4.883969044729062,2.1482799331054676,-3.3502821739738344,-4.177266291965193,-8.755624598000342,1.7904213445882347,1.3532117498806702,-9.369754997900426,-6.386252324003748,7.774014615392615,-6.175496716537255,-7.383296570372967,-0.4700288535293701,10.910432282016922,-4.4636018431056055,3.7059764356929685,5.229446895241756,-6.306107129010001,2.383151734571514
5.093782347904065,7.201547421881932,-1.1546165760290363,-7.662836875370621,-5.079388912800178,-2.6802070344791282,4.516542359657231,6.395559022008062,-8.422761804167438,0.5492215176278366,-1.0531848455800281,-4.819277751383333,-8.19404203312462,-1.8597309879540733,8.225386479028202,-2.1297090003223422,0.818114591002663,2.271334023657234,-3.4754174390146555,7.65070312154711
6.829409004115279,2.8584185550216787,-4.308202766430225,-9.938268323238585,-2.5375266723599283,-2.7691655705729588,4.658015175363521,4.416291809648044,7.476489332801686,0.7670017232279658,-7.432540996308144,3.240144994383509,7.063741164108799,2.21625479801401,5.298322568081656,0.603083186821764,0.05095315364197478,-0.6200305977694659,-11.882696030402055,-8.861972793828505
-3.1515388266889945,-5.0232212561879255,6.6486136174494685,-1.671346930651952,-5.721798447618822,0.5340953852762136,-7.037205481069668,4.21023384745136,-9.34258540937099,9.05785019227416,4.648925012082649,-5.833796824294905,-10.05011726702975,5.753942466495646,4.565109503504978,6.303218078465997,7.0646634504606665,-10.441878737380529,-2.253613245279408,-7.860642099561244
2.5837678720525097,-4.69856623537474,-5.99718477380139,-2.705043745175636,-0.2380573805845071,5.826597429516454,-6.1196524093485465,-1.0145275951735917,2.0810781201810133,-9.827755722615972,-0.0390246669497869,-5.394925305740439,-7.740582320452368,9.029371721917746,9.54171534969689,7.242264975044783,-3.683384959754504,-7.142540165111007,3.3871783293692874,0.11503361336597351
9.389239324542768,-5.6209310468396385,0.8525819288944783,-4.8066562430320605,-3.5095508181205446,-10.13477232951498,1.5467789777222651,0.8118628506951513,-8.106597630844446,-3.82959778137101,7.11564360357628,-5.6554890523833805,-6.945203816977025,-1.0602257563588309,11.083971842341308,-7.560841513720537,2.663971432748419,4.722825803704519,-8.091192784923773,3.168097842001001
6.600125928024661,6.785132879549048,-2.4044467310596533,-7.161842469035237,-3.8829127372803844,-2.1370661646929747,6.459421110926021,7.253967420121063,-9.597068895026164,-1.2396686970258455,-1.5409435583321978,-6.98430770200914,-7.244358582129422,-5.376345696445961,7.006607243959799,-2.717392643144897,-0.17102602032746028,3.072521104271315,-1.4565623313385723,9.76326787174763
-2.490483116741437,1.9549041740804718,2.482177368309168,1.1311570540337763,-7.178348079918857,5.239015960346041,-3.5758610853861144,-4.660088134964546,-9.424706039907242,2.748870718633941,4.044404764061654,-8.712382814917898,-0.5678993756143124,-6.2754861661068215,2.923727700311286,-8.044893207140483,3.549014155437662,-2.012416416473585,10.519235381684462,-6.846862927810314
2.467128653638992,-6.712379697867768,-3.4911827772411756,-2.2511765235117105,-0.039659815189668324,5.086266041313349,-6.564826110778836,-0.8154654646994624,2.287792607861076,-8.292055242087931,2.608669904180652,-4.915025092906633,-8.704564159123457,9.646452400659179,8.220939785351874,5.78084725985482,-3.212186858966809,-7.197455609129178,3.390693582578955,-1.2685493770660399
-4.497082429552879,-6.864895390368545,9.093383606735506,8.607346945711438,-5.809354196417981,5.038117820211909,4.600749496967081,1.8136172533907267,-1.3165712000767724,-5.953285563689434,-6.576921713434056,8.775679413542523,7.462140727779426,2.1431921026436713,-3.118782068190544,-2.5016675169860596,5.770692960087485,7.4859711944430485,6.1299434218151445,5.754479544201237
-7.452177850112126,-0.44160867891262345,-8.624296605644204,7.573424770304953,-4.881441534852604,4.434433130276529,-3.423953264256814,0.34132288186765175,0.3322611449304159,-6.9361422862044355,8.541079302339224,4.961649601439392,9.545644670028098,7.674658737260707,0.6082265068404713,10.205653993522118,-7.910184767816447,-7.487286152130265,-9.537303149030063,-3.382507001906295
-1.2684602647303405,-3.9094737460236475,5.548669338842965,-2.483507848593872,-3.3840442385935123,2.035811705723863,-7.247964475814203,5.685860168901476,-7.281713304323321,8.52757822902946,5.883474676854153,-7.395712996680981,-8.82418138526835,6.05118305348552,5.405730112599812,5.071556117175274,4.202186703656984,-7.094479233240949,-1.279440162686818,-6.80033231689819
-2.343368968972525,1.8499851063286343,1.7914410161243484,0.5804490796323958,-7.392564882008143,7.34978391297687,-4.445811429751625,-5.617461906887229,-10.02043694507123,0.20768906577140234,3.184143665798418,-8.545274049857142,0.8978217181269935,-5.471656303414435,2.4867503245979403,-6.902433556016602,3.927539667910116,-3.3337305598350806,8.386492429533392,-7.4651505784399035
4.741221510939136,2.6147712982307487,-3.595965969298182,-9.70577873366141,-5.480980815338134,-4.231076772937769,4.3976320818965045,3.417027250810653,7.932885933094511,1.0523657504117152,-8.64371913727936,5.145954636517333,5.262999715466677,1.9202130755085096,4.982828735825677,0.9475923011784047,0.7498813459851243,-2.128624617746757,-9.503641494031285,-8.08172731907101
-1.651537999850731,8.854347598234895,4.620862628325413,0.9706403193029232,-6.89814032714366,-7.168768232196085,-8.515609196297921,6.4962919719463805,2.541646749105348,5.694190468923487,-9.697070262540809,9.799908765338827,7.338996807719548,-6.154438258320313,-6.1394081740475706,-6.319317402149529,-3.817479042260414,-0.2778811512107092,-1.3365894528987425,-3.6774189047937114
-4.8297263740567455,-7.315457065489134,8.32465870740571,7.506264684092687,-3.6371663156112364,2.7426868821271206,6.0923208452522415,1.1259895279524632,-1.2469806822935032,-5.429017837752969,-10.623739556168198,7.358793597170795,8.863550196659435,3.109295703716428,-3.814224489480062,-2.9750102895229698,3.4441240102743826,7.939861795902023,10.672048770794856,7.443312237524408
-1.7997617359931473,-7.436742886913496,9.086823174996386,6.794552531092176,-3.814748068562287,5.517783181147381,5.5529763615114645,-0.07787774238274237,0.7685538109552774,-4.2874491321465555,-8.229334315932277,6.891108763023871,7.899776981486218,3.260121418242814,-3.626436005972045,-2.408553489991861,5.683824362644698,8.18243582482199,7.713780714024053,6.426854842378758
6.105513300444534,3.7472011900741387,-2.165592115669936,-8.573321390515966,-5.043218319414934,-4.725859810682445,4.699352855180433,2.2512783925992306,7.403161919384923,0.4662616582989898,-6.874935763811409,5.643038424957512,4.225077748960691,0.8823523827032131,6.178325294551334,0.3239902683007066,1.9870369702275035,-1.0286429269249386,-7.643508361012544,-7.30215365841077
-2.3948739182392407,-3.9693736255613437,7.949361450615143,-2.505252618441893,-3.194232127510629,-0.1108680744647158,-7.596146009318778,5.319637080873129,-8.194542535529731,9.378780346830933,6.174668322967343,-6.956688080948993,-9.84652668420667,6.9960864801089375,2.071844101911733,6.70177466814995,5.142255048839039,-10.544146878994365,-2.6725915305377614,-7.649175341524255
-1.967734894847962,9.773441288500969,4.063368435501382,-0.6178726082041779,-7.425871639403753,-6.4883055878734,-10.317239325410139,7.5068828352778585,2.00699038569118,4.740743055521997,-9.468729745669798,8.42512810235833,7.8454243176729275,-5.911747359461447,-6.3908051953679195,-7.2651777620045195,-4.358437392000756,-0.38967408138214366,-1.5340456870811081,-2.463708715896818
9.581292270314226,-4.304952293644222,0.24597135176618562,-3.4086660425200224,-4.225112398554658,-8.991339710201904,2.2988901158208876,-0.5550113409920483,-9.017049740214883,-4.1534761420060935,8.275866838885205,-6.686534294413869,-8.447089226783948,0.871896639467652,9.406015036328613,-4.574169222734051,2.3505910383951756,3.7592464299278205,-6.09084573268372,4.3417619014657785
-4.1524132254159465,1.9041771581151132,3.4266820959129003,3.30276513734048,-10.170420663302146,6.504942116495333,-3.1721181024217833,-6.885729945242199,-8.334975181910597,0.9511261931045236,3.7051348970622904,-10.190315325941237,1.4612922489403926,-6.1464489990768465,2.551582011902482,-5.566982382403015,2.7907161029564564,-2.1965430172256797,6.912065431048088,-8.33751457570921
-2.9819530893443087,-4.67500601911576,8.021694329425568,-3.52576770193836,-5.954299063325246,-0.1986255287051406,-6.187216673817124,6.298670752461005,-8.637864505093338,9.228644926698777,5.930255293486337,-6.874791220306776,-9.583892088885356,5.577974000283725,3.239487491677289,3.9426559259947354,5.0499994872349525,-8.567936801251896,-2.595229634003433,-11.370984100925849
4.657575271890787,7.522003314874396,-3.739481183747691,-8.427059344526247,-4.754521260113502,-0.538435798721227,6.281908618720468,7.4451532519775965,-12.022013386725456,-0.20615672061051626,-0.6469582452665075,-5.9812803737646725,-8.339954329718305,-0.9700076458965099,10.67727126844619,-3.068366447102738,1.51472304634737,1.8344437599454784,-3.514959393042827,8.965683781246064
7.824922997969002,2.328221476163231,-2.601837781760941,-9.903035289999673,-4.136288482773726,-1.8484559536813858,4.660445696701098,2.877461941691262,10.05020143749427,-1.9550436626097845,-6.8116847145918555,5.928882024267999,4.890843045839403,2.0851747382447714,4.437324101880316,-0.8108204682795367,0.8396230036875159,-0.6506129597184177,-8.37068095271185,-6.272542873194418
-3.4290809725628373,-8.228852548130632,8.459615546467248,7.464456517602414,-6.716976538544519,4.719958909566413,5.361067281075638,0.151617846858774,0.2644583153298318,-5.27128902936026,-6.6789648270501765,8.213738611121435,8.574826627376142,2.936565333048641,-2.987942596527213,-2.7060790046597734,2.586379434835849,7.692286714212014,8.903989595873503,9.539841927959163
0.7191841477667804,-7.567151987765772,-3.266723865775851,-2.0975581180195997,-0.37793459427807086,5.753292915041233,-5.999461198204629,-0.3756323712012145,2.5471197974433846,-8.650018801210654,2.642915886021566,-7.11555236892175,-10.852311060165654,10.074863456820362,8.833803205482782,5.305171198286101,-3.214245704618593,-8.438570359791452,4.744596914289759,-0.5799441756312755
-7.340271387248448,-0.9382834296427486,-11.747541909478521,8.870571250184597,-5.63915637082321,3.4265961389673323,-5.015598817801145,0.13612288308601406,0.9679246417666462,-6.034317308445161,8.276870367938757,6.699567415983643,8.193084046551812,6.22207754809973,1.8489761562582385,8.471860009488795,-8.06956052578985,-4.7182103479320165,-9.331903058525098,-3.613013009103484
-3.4237380660380907,-8.832621530780777,8.637609803392113,7.128963548810237,-4.2492555394522995,3.1805278302822386,4.448442109106429,0.13693035918970642,0.5987966819467828,-5.07284375275988,-9.543621451586016,6.407855455520412,8.064606480839787,1.258361839414832,-4.888033605526772,-3.460949020378124,4.030667486066137,7.063804721712241,7.0379915285773835,5.611346640374871
-7.599129686856135,-1.500701364036185,-9.446409788372558,8.70576678721353,-3.151036421847138,2.660993287140922,-5.34820645223542,1.2181974349871973,-0.4463931190340582,-6.739066330996944,9.134072069780178,5.433023013922183,9.479143288358118,7.2129127262665875,1.6842703240549417,8.423214347512946,-8.080552001442822,-5.982515576909173,-8.65944844656666,-2.6495538750929755
7.660086227391991,6.609165437670585,-2.6184723965473458,-6.976619210758913,-4.742897627831765,-0.3408647998347456,6.267695923181468,5.34563758929999,-9.933250049090672,-0.7762481660732389,-2.383639146882484,-6.800263464417807,-8.080037511770177,-3.84432026591089,6.4806242483232825,-2.8357194483026062,2.5961342928722044,4.6666163713998445,-2.930331908948348,9.380895258743
-1.8921271516568559,-4.863000718958722,5.736249566654636,-3.6074202438978134,-4.595847470770348,-2.747163441294548,-7.882805071296297,5.168124790434502,-7.97620391708196,8.932212049499825,5.229781585762658,-4.48340974165525,-8.89520613771253,7.211499969040134,3.6372744465414915,5.123175640109399,5.1915091332653205,-8.71520017599513,-2.421000085367998,-8.279612397918338
-10.802604619501068,0.8049919390658562,-3.9580528003248516,-1.3470018755346262,8.197541082192776,-4.265219303216574,-0.29819964202058125,5.312417329576254,-5.61719191501713,-10.438786719997225,-4.17878579253884,-6.70428699437045,9.232909861064206,5.453919489759248,2.23302252997261,5.951209548450172,3.7821487310982254,-7.377095913076067,6.28085415554654,1.1235571337336252
8.139106409572316,-5.968141898956353,-0.9989705254847271,-3.658981439404217,-4.869993564546466,-7.1896625121468265,4.095966561679575,0.047118870498190434,-7.015098758850423,-2.9389360880275692,7.714611160155816,-7.217977530686113,-7.320070943136267,-0.8555669255272123,9.919514707357845,-5.069666282895242,3.5057286070168003,5.756077047953515,-6.459771067235685,4.975687249806899
-2.415353527561682,-7.662104263980315,7.547807853445688,8.451536870878442,-4.63088288180166,3.737715759838042,8.074231391480561,0.27959294332590023,-0.3312926013612073,-5.399380120361647,-7.316743494130192,8.499182399281022,7.1126726315708355,3.418582046167842,-4.4206169979192484,-3.8535501820956397,4.403656260215598,7.388773953076322,8.63158797395328,5.883889400153571
5.794584487364609,8.7600032180693,-3.7971668925912745,-7.857887863969516,-4.955549601705707,0.6490959547883115,7.248742248808416,7.126005558778258,-9.857759398760898,-0.3099134087731191,-2.6017756405441155,-6.1105945776517165,-8.374841617038285,-2.5943281881315556,7.786999220381399,-2.2027307982048514,1.127858818486152,4.080880907271225,-2.727089340949052,8.87836034480466
-9.966089273427484,2.3056398062543897,-5.025369068809779,0.4128229396641032,8.476581154376204,-3.834892258443271,-1.0012015349315226,4.8262272142135405,-6.602216377501827,-8.027551400904166,-3.094217769309997,-6.0203892811159685,9.678430571708748,5.950518060090096,2.2014561620328243,6.692310451522557,6.017545071368695,-6.347189618248103,8.057857598338673,0.657547381277506
6.6551898505141445,8.592513169196096,-5.995849425495045,-9.113246607254585,-5.745919397515902,-0.8856710964374107,6.849529331999896,7.686481613003543,-10.244375331345116,-0.11268738575864523,-2.380109205446161,-4.789649662479547,-8.523181441065923,-2.397660176737871,9.066047316388032,-3.580985838040049,-0.2808979649091442,2.7048373167394297,-3.375060708792166,9.105634785794328
2.213505743573352,-7.384477044861999,-3.931799107254695,-3.0422900629595246,-1.0100729113309483,6.529566399301779,-6.443288594071023,-1.3218883324664468,3.5978752814462704,-7.689537666909558,0.8586343429231478,-5.8998097210089755,-9.201942910845753,9.241197960397725,9.60686479050468,5.9335391620129,-4.691490282118983,-8.737098772188581,2.768468614761895,-2.028772333438418
2.5180671447293963,-9.342718413114,-3.144469619651565,-2.8309169784984864,2.3644926539354527,8.011435478476383,-6.1879734260803225,0.1783517657409176,2.8438728912428797,-7.367819135682007,0.5128679805927496,-8.375892991608856,-9.321002945848791,9.56044832824053,9.809514251998785,7.237718417313071,-5.107422144897895,-10.362701582841199,4.542674725545282,-2.0251463981732076
3.8268968726282737,-6.636051566065161,-2.7575123841498437,-4.014890882611281,-2.244424471074719,5.554549918092976,-5.503739929937612,2.0810495911991964,2.5543702910559816,-9.313673022412079,1.1245278303628743,-5.35951695353502,-9.663673566045125,10.606179299838988,9.028256011884677,7.758529034947072,-3.2287933264733084,-8.18355320931478,3.1652641584170107,-1.537858002554053
-2.760991573977582,-7.637164382256624,7.834445478354942,7.550788327856214,-5.555554005400908,2.4193043159527297,6.008294001306566,0.9845930712534046,0.6282368734679401,-4.246575354627636,-8.636408726422859,8.141167085541355,8.126388857210427,2.053400857999294,-3.145663392819441,-2.0130870925694686,4.705619794288188,8.168789128078851,7.036400154359678,7.566369768357353
7.5245714083637045,1.6817986781913254,-3.852794602071798,-7.6076448517096225,-2.1802557188662774,-1.9680019959788135,5.3491556318152575,2.498524558301626,4.502741026197411,-0.25854147295279206,-7.609943840078066,4.4048778407812526,5.2695983193711555,-0.10071821055923191,5.976752155942406,0.5081282413196652,1.1369953696995407,-0.5026026292556213,-8.887565820196473,-8.252200871672821
-6.949709257895822,-1.6518355316158386,-9.111384484579922,8.28719911422045,-4.783112912412222,4.287604585737883,-3.431339963363259,1.8794323219126603,-0.059383928728443225,-6.166986322271111,9.47615934168112,4.433401973467211,9.74627383337513,10.221220314405793,1.9409935017378714,8.942505788736101,-8.145631483146282,-6.7939274215242715,-10.916214499591256,-4.199166867830078
9.004546063304712,-4.40849562417531,-0.3426140297443871,-4.189188207093879,-4.440975973642928,-10.09786229359709,3.365187611172145,-0.9644572073455848,-8.652265647590328,-4.013422816985397,7.216695818124108,-5.135657932279809,-8.01173473092024,1.180097680607206,8.574226145235802,-5.8127916640019555,2.218485939761991,3.8746935797067987,-3.656033829269713,5.107101646149753
-6.861648332765224,-0.9325534679942228,-9.004219675478291,6.8835632780508975,-4.372332529739991,2.8944716026938075,-3.736587974276213,1.0993344536863137,-0.2983347243546872,-6.987402620102256,9.849016836377938,7.600877941769038,8.651896496622301,8.487683126476908,1.8510281063632223,10.379730295218634,-9.977371625926866,-5.9857217069477375,-10.7209982553513,-5.999964955271429
-2.8757133031049746,2.623439086384248,2.000503641399861,1.6275173524834758,-6.2142562306212366,6.892211867366494,-3.500057668367072,-5.4201735368985835,-11.050336924108159,1.8463278042032472,4.530323062313166,-10.311397418643988,-0.9846994139163454,-5.655890106141019,2.842770374987077,-7.421323701815629,5.914916038100271,-2.7439894549971973,7.580940423308121,-7.343202436150746
5.240649154673579,7.499625313665119,-3.857881406806261,-8.03286949489136,-3.58617817612582,-1.079617942043364,6.839805881391165,7.754266439471937,-9.248331012039072,0.13205906767645015,-1.9725263085032663,-5.391027731067117,-6.445888704412871,-2.121458383491057,8.617795602561975,-2.768097664916784,0.1812277718276546,4.0942497273388,-3.2009313339683176,9.25399651551298
-10.244201239792957,1.8080559938179226,-5.190044794785848,-0.33887733626900696,9.254021524596237,-4.836325617317066,-2.322109245210447,5.915878709041053,-6.25651331189094,-8.365051529091362,-4.384601314450155,-5.9964436293315595,7.016724675931959,5.312209845473683,1.0298294711139362,7.169615081945086,7.284869041614721,-6.77404603193281,7.340496031603905,1.6585692624971504
-2.4480650071740726,3.9586658062118154,3.01472792004596,1.3390932085471834,-6.610487053272295,7.034816763225818,-3.707053800872903,-7.08815459765298,-7.162284605932635,2.344406642918517,2.607685520926318,-10.839411089244114,1.4949248929145327,-6.507526192449566,4.757289965691219,-9.269134216990881,5.2413499598392965,-1.7783982628272874,8.853194197791565,-7.4250395521218975
7.998920243254618,-4.65865289274294,0.4964066560232552,-3.25661265562581,-3.9538973400964403,-9.533376201271254,3.185288719104215,0.11942896214314853,-9.435347989364933,-4.607724097313492,6.419348686858093,-5.391004010839091,-6.413666038300869,0.12883822769049086,11.233673255193201,-5.421869483785695,3.930024111170888,6.025132482880123,-2.9043921118645986,4.709092463354832
-7.932603728107508,-0.596659614870592,-9.482081935373362,9.823148003406283,-5.007701077525859,3.2306513425589323,-4.248092049148084,1.500343780998181,2.894042841610268,-5.85229784005807,9.474465459076598,5.539439300396526,6.405672042498037,8.641697872837792,2.092165992217546,8.865826751123059,-8.941612153045314,-6.464799630594187,-9.506479158292413,-2.471770400661674
-0.38704142604011693,10.046751388749469,3.120508870274088,1.4889356110744807,-5.612716041964648,-7.587779058894728,-8.394508328489781,8.09815696892804,1.0953697632860928,4.101926199859109,-12.829577454153023,8.373809401905596,6.396284664615275,-7.001000968399326,-4.731089351926352,-7.762051180891956,-4.355199627506229,0.6258692099308486,0.08017366190843034,-5.6112793472186
4.108023069819372,-6.820508609588259,-5.025399761172004,-2.1381340480037307,-3.5143480546761583,5.706894734457434,-5.678703183989721,1.2089589078100622,0.8343954249483121,-8.985304584196687,1.225472411969179,-6.334133770579853,-9.594314462657433,8.569609905906445,8.316825266700958,6.819083204152879,-3.0492734998759214,-8.281178289829736,3.7228985252031657,-2.645541539841517
1.9361981473067635,-8.419599722377969,-3.768128299943453,-2.421289525185654,-1.0728694476377998,4.94772772770191,-4.957817230416242,1.9400958813605278,1.3647298933943128,-9.683158662754867,2.6421047034407628,-6.947546906001156,-8.838365340957644,9.717363896791337,7.403284573983894,7.486249287181891,-3.8350440922032454,-8.458050864434503,3.5954263760216887,-1.2345207701874543
2.3090947557313344,-7.422331756860315,-5.109025489317872,-2.5952826156073034,-0.6208477755165298,4.4617586523786485,-5.672347939587908,0.1294297194474838,-0.05951618063654118,-9.931376756379548,1.7372915046071222,-4.701829868913979,-8.142415015760651,7.642229175966775,9.798676950908824,4.620642973390856,-2.8250335626455136,-8.517682371690201,3.5910243415039664,0.128846522334217
-2.4512865426568213,1.1281654800283374,4.450256102305584,1.271481115185309,-8.802641640302976,7.112592050051455,-5.0954922490178065,-5.214276724531871,-10.655708913183874,1.5970243717277541,3.795741686451199,-8.629403709460783,0.34840584241999406,-4.835121622428691,2.8752888997394446,-6.544857370844453,3.904232012397617,-2.4543509948416267,7.048029531653254,-8.017904610776764
-4.024388685251303,10.381160395642846,6.2848465497293855,1.7241336443843536,-6.303070228095503,-6.56885943873241,-5.759446948180773,8.443097826933279,1.894382643383409,3.2059111153204833,-11.194756434341524,9.601660679107109,5.892502070724133,-7.175471496032151,-7.010073540100514,-7.413457806545718,-2.2280135057366808,1.3767683895942078,-1.3690722684743026,-2.6954730571491354
-1.353637123032025,-3.84093841308906,6.265683946300328,-2.460110057319946,-4.416406273036979,-1.1245295086226292e-05,-5.891054759128397,6.0991388576108845,-6.460278868705734,8.112246461810514,4.888116613089781,-5.99304753262568,-8.752176559899038,6.708697941698867,4.447619631133095,3.4528795682656,4.268465536489443,-8.196602305028287,-4.194791422932906,-8.214496559786735
-3.1318469847872024,9.208893583435565,3.897408250530053,0.6531471727200262,-7.491396282056556,-6.917146390324358,-9.26762998115327,6.631101935624847,0.6159827711923418,4.078345983292214,-11.093030488114954,10.158253006929488,6.731292568942939,-7.210769285899407,-6.672709732907851,-7.084066208521907,-3.595980630390065,1.8355790786679018,-3.2362720968034298,-4.060391116891744
-9.055394116269074,-1.0146739642843878,-7.989485110810497,8.017285355932826,-4.744826833057496,4.009270103243249,-3.069455616131457,0.680160235941677,0.7255372156451272,-6.615579335221816,10.249591380582515,6.056225998290085,8.532678830665994,8.978659321546116,1.8289654610919186,7.5858225261279415,-8.989120657864955,-7.059083587926862,-9.367864238392928,-2.25966910639852
-7.937995139707517,1.9861985243352014,-8.881367158680595,6.910725381579911,-4.952946661251619,2.5987705649232247,-5.960160948031804,2.000831363670006,1.637348129085597,-5.769703571590147,9.557096215590876,4.120638898529854,8.306361691728346,8.738327783336988,0.9067795464391997,5.905715384211521,-8.457255966742535,-6.222100305644634,-8.959890805374531,-2.7648747412201766
-2.7321456972497895,4.725273310338393,1.4947832348786967,0.5649101331202422,-8.733517522522813,7.642556517841768,-5.824190330931405,-7.712745081180726,-9.291843991355684,3.36923658477433,3.7771290708829564,-11.01979087570711,-0.9553054267046102,-3.797094793196288,2.282321009392757,-7.455634792349935,5.296127322680181,-1.254196068402261,10.008659418001486,-8.199622997345951
-8.32342208974227,0.779712133918479,-10.021660735024108,8.831003473990819,-5.206852765668952,1.2744823871880206,-4.3360925459982465,-0.7777477908066319,0.9681083105479305,-7.493318625163949,10.317667656005789,5.411580606869264,8.612382836525043,8.552439146340557,2.921906510297565,8.417385948692683,-9.0013502585109,-7.854312367729225,-9.78150397882442,-4.110605631382675
1.0859041578947206,-10.04920144644459,-4.966487850378391,-1.7160599477405074,-0.3616537999109096,5.482005964908149,-6.028824640550859,-0.404196774303173,2.053050259642634,-8.30511346611943,0.5350102506182937,-6.289869838416822,-7.766533269339742,8.562610456103297,10.01334127361177,8.982601406801773,-4.012067409519479,-7.653250669866998,2.946603446581746,-1.0156989626059227
-1.6032295290903729,3.2991245501814928,5.154738295963231,1.9079710840027415,-7.990204217834143,7.383199885918053,-3.786841874748619,-7.397134039089411,-7.878720590617201,2.8268503406964847,3.310233022251685,-9.394307684511539,1.4828003533704264,-4.623733069835221,1.4403545569392988,-6.269051398410347,3.651123236560956,-1.1522923748505711,9.765642513517351,-5.93097328890209
7.751246868149664,1.2861857871766498,-3.411391205062711,-8.333525741630195,-3.7473302584937227,-2.1493923150760637,5.366146340832333,2.7436686303635165,7.9609439490242035,-0.2600359452790141,-7.204815477067142,2.439237748795291,4.914174676568602,-0.2588951168035012,6.697624546550707,-0.18493759271511287,0.2613156379602588,-0.5523823007957727,-9.069292667668222,-8.970805974513118
6.603134536433478,6.902983529095211,-3.2799140353244973,-8.0271128587347,-5.158846985105566,-2.182229392597044,5.775232147053261,8.38845368549357,-10.912504947716346,-0.762808349490733,-1.7033611942399982,-6.329734165771349,-8.487721285589142,-3.142620600719146,7.35312822134668,-4.543903594498533,2.4299080177909658,4.519854236872565,-3.4739713046840315,9.853856732685411
10.247030071445877,-4.921150034807213,-1.092825355170474,-2.5056901328763166,-4.925317592807037,-7.726730279537462,3.4898280093670206,0.6676167285344383,-7.14145021874586,-2.1947246820820325,7.990074356368764,-6.017556305076983,-8.96637239543201,2.033737460981517,9.273327073293565,-4.023857712668252,2.701455580608089,6.770657947486386,-5.94736671196742,3.3726078386198486
-1.4813564652230944,2.026245541247037,3.377700375324457,-0.002004920589251613,-9.159779605121674,6.5989226946140835,-4.24936521188528,-7.812451941040127,-9.366811869621715,1.9242942801961256,4.819645848341716,-8.731437744309817,1.4618043652184514,-4.749726997647732,3.2360685671389726,-7.741616326372063,3.9686269599845945,-1.6684992966584375,10.192037724105127,-6.5632925753483216
-3.163273306180174,7.183653231341864,5.151081435753082,3.3468282291036897,-7.017075705778962,-5.927235046073008,-7.226049498647365,8.63843736908275,3.6622647642355686,4.903579046992801,-9.512876475182358,7.796231231342718,6.4027903278784875,-6.5964643817506685,-4.192557938360174,-6.50779561536366,-3.79195033402476,1.046614008685225,-1.3174971807852314,-2.480366155608408
9.984626662601956,-5.53454768119087,0.3817378689582072,-3.868201159162251,-4.470029780144569,-9.358622338497568,1.32589717455271,0.037802775677559464,-9.554918407794613,-4.799327235393475,7.8416686746239135,-5.435455456559271,-6.179929101668452,-0.34073562365343274,10.736711418802113,-3.6210396184435094,4.297655599173721,5.7668608416428615,-4.920416910668487,5.429685681287261
-8.962930948118846,1.8669201228897072,-4.069307498998545,-1.3537716133681417,7.9565398572386234,-5.319464570541066,-1.4931417731985104,4.487425890528334,-5.340691339192459,-8.793781859031807,-4.536470330024153,-6.695211928956882,8.63447598916847,6.923581630339978,2.547432096078635,7.079326454631353,5.892634092895064,-6.9832629391202765,7.491268876232885,2.818003551386245
-1.3202842515781072,9.722589975399385,4.991327043769684,3.0433199222571594,-6.90614845040033,-7.761984244503664,-9.001394720579775,6.578620270692254,1.347121959889794,4.016932885205391,-10.380730035083912,9.090235513600845,4.75523814905465,-5.539924079061539,-6.362295180495764,-7.148998433999514,-3.2559094723768407,1.4326987702713156,-2.968659491526659,-4.938141974605376
-2.653560036109014,-6.68861697101074,7.345665073599546,9.385541568531732,-3.2354773378760444,2.3243573530925348,6.417245798386627,2.814824776103563,1.8259301537976123,-5.499697212038862,-7.323604829314142,10.941513450785672,8.11352112511782,2.02938089402534,-3.0469843269345867,-2.7692564122494643,3.99457683840469,8.38383026686576,6.487327425574845,4.931977050143797
-9.889550342932173,2.189971095200819,-4.697293424648678,-3.0611516092183773,9.65964022726941,-6.014425939799289,-2.2047616091373134,3.656130605571663,-4.452106346726917,-8.316972866386816,-5.031336226990508,-7.167803866263935,10.272132968976331,6.089438159407061,2.486341592592564,6.48783031761509,4.178860387509988,-6.428637495858628,8.176665082124174,1.8864293026406835
-3.7649006732758292,-8.776879610875639,9.016843939468203,7.4752730583466365,-6.180437761182189,1.6828225041752614,5.385740274880734,2.9249834572554776,2.8062894851314333,-4.957965034682056,-7.9890018476407265,7.607994787237013,7.073875794957106,4.037208203072604,-1.34582778512885,-3.909227593586068,4.436275198980186,7.492338898341375,7.321489410437369,6.783419172582338
-2.742229750787072,1.4136622210413632,3.0376410081478626,0.9953055357975253,-7.749161899017648,6.9849730089522035,-2.8545556654503,-6.448957819875947,-8.982712061533768,1.4201185795193048,2.966788021223699,-8.329993790680803,-1.8019075355408765,-4.593324506886977,2.282914932743337,-7.262709597543291,4.080332246114727,-3.7549026863402544,7.918576702788487,-8.098720763593127
-3.476408627876061,-7.004402053837845,10.385327480840477,7.84737399225875,-5.357227622227235,3.009929363423897,8.864151649669692,1.238923348327375,-0.001402131457843514,-6.308022098473506,-9.963845737994621,8.307899432912723,8.663003136091112,2.2653329655001526,-3.23437459705694,-4.186270217035406,4.652042042232289,8.423700519618667,7.206564218134709,7.287963586738316
-2.3550327097411747,3.7879475396078224,1.9314576559871912,0.4955235948221401,-6.559599087150634,6.509238788687133,-4.851735666531854,-6.938985888253209,-10.122677020125964,2.1750214494661075,2.6553402332568705,-9.397209168581632,-0.49420405255502975,-7.593463034439469,3.21007559517092,-6.364207738353282,4.33651257775816,-2.9382802931545084,7.955055299375314,-6.8481142585985895
6.672153121261938,2.7970014393683718,-4.191386187741896,-9.754556389254134,-5.8452188433703975,-2.2745288744883574,4.192353055318223,2.9082952108067976,7.74201673505235,-1.623135429721513,-8.867179992682159,3.259580618462664,4.492532533508556,1.59215019840373,4.623625935570609,1.6224025588824365,1.4818076235330326,-0.6408200831632995,-9.611276367591246,-6.327890724413427
-1.9789736585702546,-4.582683785835429,7.45371415610924,-2.3843248727808666,-2.9347465150010175,0.3940624008498296,-7.611150479032256,4.74283034868945,-8.937967843777004,10.702508626312792,6.744882758195281,-5.065381201229884,-11.683749524077388,7.392373781757416,2.2986282536802722,5.478260684942095,5.057622407147859,-7.816573651384337,-4.163133777009113,-6.511451176791259
-0.7334511017671559,-4.73314950412002,7.193110749298254,-1.409332986870916,-3.3496560316772097,-0.554997439525555,-6.736619605494862,6.894659009541442,-7.617124104243835,8.624443897895715,4.787860148915824,-5.0311281335749305,-10.651318028210598,6.009532512432368,5.7130226864543125,4.532344110434957,4.6986327958850715,-9.396724322181097,-2.4979660995293593,-9.015766817974615
-3.721648685766842,-7.436074977886246,7.627837920347864,7.8255328217496825,-5.573276220385258,2.6429464083588106,6.749798173353454,-0.0345645017451357,-0.6713257346422277,-4.9147286745806245,-8.1648444963714,8.113007903875925,8.336000379988029,2.7194046992723404,-2.611311555058917,-2.9183722207681235,2.511809677729485,6.194320604389687,9.669677665544429,5.5975827842113395
-9.828408120090547,1.3199814569681583,-3.6358017670919724,1.227108072177206,7.054185608751395,-5.6368271835748835,-1.2897952928332246,6.32311349018371,-6.917226502376482,-8.62918654084009,-3.921840119405114,-6.877630645548759,6.117160979974374,6.663497600597111,4.1874114812991134,7.545873554923859,5.042335484688027,-6.781726068643566,9.62109303745515,1.6968073791735727
-3.3103732328547397,-8.322017832259135,9.683045148676259,6.134528440201818,-2.480285273883921,4.077043129890055,4.566468469321967,0.8798499024983175,0.4244656512165714,-4.771067553048854,-9.127322914621736,7.976340502434751,7.887241745143961,1.9244107828919206,-4.096156410497218,-2.097003861044425,2.8225310373621944,8.420084135147594,8.53923879218047,5.37895257881406
-1.8662281691329308,-4.031698070513804,5.574120810555348,-3.7200289405374187,-5.587332177660503,-0.03204907073280716,-10.03154560982193,6.588522015874423,-6.454793285148514,9.885559471046873,4.02862652659254,-6.6684627522165,-10.34843450255295,5.291643791883306,4.9973295153474995,5.390403405195081,4.2699551399012545,-7.794025920870684,-1.3038727655372822,-5.780060604267846
6.409669278003225,8.721713288175847,-2.9322522565354796,-7.292427118060547,-6.0997703444224225,-1.2839207154997216,5.511917514567723,7.232040618084969,-9.530093858309273,1.8937298589381704,-2.9615119113920523,-5.0763361595940895,-6.121456061702749,-2.4888488060886447,9.691139521075426,-2.948246457717083,1.6741469246427392,2.972901009791188,-4.113334618384367,9.429307513953958
-3.888516851067277,8.283356088256403,4.6067518633543045,3.7677275474585197,-7.3972384901874415,-6.6563216416370485,-8.854750652708763,8.511916188946786,4.549232660737797,3.6305827830005883,-10.077749556602173,10.442357920308957,7.330744305634747,-3.9065104606984433,-5.779572470532024,-6.691201893718383,-3.324500310116936,1.603832213227665,-0.5406174459603211,-3.6681431649318634
9.4612455165027,-4.723773325766125,-0.3589525297676627,-4.8920858294976455,-3.0660391369719315,-7.950053059307813,1.3071775385680156,-0.10020470056896155,-9.113848191459143,-4.459726619008081,8.229612597920656,-4.261900725014372,-7.849319866662282,-1.0572917859613993,10.94962882435499,-5.62153931165129,2.1796755945405057,4.747262364474481,-5.577301855396008,6.119289699962956
-2.597479671404005,11.59399546585264,3.8362042682583706,3.6122864893847995,-5.201926377074829,-7.433697834983941,-8.269344677450736,8.95191953862724,1.6431724938766885,3.957871195818547,-10.169991028032594,8.38344031254702,5.999575270942429,-6.977158053196733,-6.329417187598762,-7.1018830339899655,-3.6813692290184976,-1.06076701355887,-1.0302193949432281,-3.3418882344302365
2.322376037012614,-8.01838850860009,-4.987551435852202,-2.1502490288604084,-0.4602020947705968,7.1051178208067025,-5.356074264296667,-1.2183915334875854,2.900238994963768,-10.069052372914458,1.7669257660764148,-6.3393173200024755,-6.703300650510445,12.087629301072027,9.91936372062737,5.984750343608834,-3.3732189680520364,-7.158902293998485,3.363992904685946,0.5982612307043491
10.483402877606913,-4.536516222956673,-0.828444808767306,-3.334061025954817,-4.690174951328808,-8.371853047722503,4.718297097926542,-0.3052459063663193,-8.168819815273842,-5.172464047305501,8.053053952141777,-5.1791998997884505,-7.295786218219919,2.2520688943262845,9.406416007533632,-4.572043030985124,1.5126240787941396,5.664388869943961,-4.10519452779976,4.036729629658141
8.393413228936607,-3.7848158158849787,0.4622455452090164,-3.3531956233693663,-4.810721455976417,-8.428160480999276,3.1031002731687387,-0.6151977742038923,-10.387415114681204,-3.8456976559288467,6.591970769727335,-5.0567464088227725,-7.5493476629628455,1.0077204163401818,9.320165191444808,-4.051621597766188,2.928501503754546,6.232383311633962,-3.186907576315175,3.4962798338709513
-7.013448589572068,-2.268033202535044,-9.320342779307383,8.344497266898827,-5.101944624315213,4.54171952609552,-3.3439984039609096,1.7115523316371133,0.7182450665153608,-5.365433396982533,11.026758949818692,6.814349916494952,7.697837237855049,7.642870931010594,1.612834870771906,8.926739235538662,-7.543796403947076,-6.919235425642832,-9.027615707872302,-5.513320716890849
9.453265782830542,-6.151484415776041,-0.5430426853243759,-3.799845999450271,-4.5156488374849175,-9.0118307699083,2.8715738453156936,-1.104353235154076,-9.03482251562492,-7.7565745127759005,8.412651021015598,-5.509576317035394,-8.085552321653509,0.1047746278477848,10.885706659397082,-5.634912317368935,2.497896457875852,5.397417569013062,-6.582855786798367,3.9039456017016523
-3.686955105628847,-3.3817586828902497,7.24988723944551,-4.580966714438903,-1.670515507211852,0.7901763776610036,-8.058999522660379,4.636852420296778,-8.729005154064257,9.610331859620386,5.547540914472812,-6.323482525540512,-9.256332347412858,5.9215987364334355,2.202182759711872,4.430781865170106,3.057929280345636,-8.165336334426803,-3.809985659397183,-7.519258454581605
-1.7364767079104446,2.66353086086982,3.156188135261897,-0.15601691283798724,-6.706516152508321,7.267760939703203,-2.5366971316876734,-5.904469159527745,-8.359613131175937,0.9448063040876093,3.0598768201560866,-8.321762825886847,1.8016031132695838,-6.6171500957603175,3.15319187605281,-6.943615220385398,3.1217232926844583,-1.9804533786338019,9.875562707100098,-6.797918643795941
-2.4104866054093623,-7.060841422084414,6.352968779322453,-1.8955641637201597,-5.012712361818943,0.9064480313802861,-7.9374662071966675,6.404381291373568,-8.725510323940757,8.79849719132834,6.777446853598275,-5.096754355784337,-10.494464421456128,6.807016878514459,4.674558879772724,5.222444595830923,3.7311510377238366,-7.512500424285564,-3.4003843920402788,-8.040446742938673
8.836215303544279,2.1200552558843304,-4.219420292629483,-7.833036776043598,-2.855071672969925,-3.327682191854864,5.268480614436189,2.713462306362025,7.978119952535778,0.6092893858029094,-6.982796747212463,4.095621306127274,6.5680635182641,-1.1393114214015871,7.471416910513156,-1.8300471676029204,-0.1724362371324144,-1.4900971680240769,-9.638098135846258,-6.8357604201073565
-3.9948571508709447,-7.578395856324103,7.384564833073261,5.765905427539317,-4.790740681557445,4.461958811355252,7.270248645620377,1.0221039362636388,2.3400012652956255,-5.73201557283754,-10.055777305680039,5.762213864865572,6.827170202670891,3.478653888727588,-3.8542068624933723,-2.55484986588948,6.165396960988765,6.842108236473736,8.220228217098235,6.136473989808199
8.531681780111715,1.2208119605910728,-2.024419869896877,-8.872414582991661,-3.361839006529701,-3.9929846115933056,5.515168393988042,3.15724344595293,6.930101594928927,-1.7209034967263022,-9.068417516443189,4.452837520892656,5.788172384117685,1.8765096301693664,5.301362504483842,-1.281084528376549,-0.22741821038390142,-0.2968309938670821,-9.976246029718178,-7.698753829452435
10.039587482729894,-4.025034193260262,0.3093961949830578,-2.3131868612881075,-5.187466148811065,-9.749481994577566,2.4036667656214266,0.9343873180614523,-8.79099545370528,-3.141311678757205,7.503627848366755,-6.349340676149106,-6.793974221639034,-0.2881250705624356,10.255872802570234,-5.186296860636495,3.1026911574941147,5.157454734850627,-5.218400225358821,4.259345672388861
-10.22032094263578,1.4195240942864693,-3.86638107404325,-0.6950339466583421,9.05811374519729,-4.608305150329602,-1.8621934074710493,4.313537273517185,-5.043516384851248,-7.769700914075504,-4.062282529523009,-5.171872399452981,9.053590364926276,7.076014808856374,2.8016405457444478,8.104876257011332,5.276660305313115,-6.726997185492078,8.200543523281937,1.1289443198703957
3.7999466629557874,-7.484115868788467,-4.400491008670655,-2.9726013304010466,1.0255362739137264,7.329478143222336,-3.787744123384672,0.12564355787218126,2.1439158659879447,-10.587634295020836,3.627831464147041,-7.757297077522105,-8.48219257653178,7.880408217433822,8.72377383475249,5.3306845312795215,-4.5155998772084045,-8.5856804230213,3.1363917353180604,-0.3636162134276659
9.753264914406783,-4.5785325970604935,-0.16541306279832538,-3.9337657605018546,-5.707506529146817,-9.84598169859877,2.241757733281398,-0.6822731113351304,-8.110274179127668,-5.085702796222801,8.38162313058139,-5.092196529845216,-6.355824964565128,0.6898463795795627,10.407041693179954,-7.264900771153124,4.636859096130698,6.759700530768948,-5.729373404473476,4.800973884910041
-8.23063048581284,3.0212170325342633,-3.127358845616598,-1.4999184443407159,8.522383216737222,-5.749130518279767,-2.638739845065094,6.855125955326952,-5.637806938229899,-9.463703634399637,-4.564102569833514,-8.076024483841826,10.02783751504773,5.466726847121824,3.197375064152139,8.785318517964681,5.573288856767562,-5.736576390006498,6.821093914895126,3.232614407426698
-1.562756617250154,4.235563547976297,0.14258962619740423,-0.11870041237861273,-8.497290676023848,7.166377730166243,-5.234753204719812,-7.25172219880313,-9.054139966247611,1.902747105291504,3.9289056432657423,-9.22456769455476,0.5804555991014826,-5.276429179409749,2.9591955815153654,-5.847908330175808,1.5794320954850947,-0.7209595870180172,6.5301177238543655,-8.328742933984627
-0.8969769947973258,9.911125444063853,4.371348188322269,1.0819774585254445,-9.031442592480575,-7.599262912518367,-9.049457995463705,6.336343388347519,1.891043267771871,4.238303438879677,-9.81316609589203,8.748194462416427,6.817507487975163,-5.311277136865068,-7.453899733300833,-4.920977423185054,-4.013743273093508,0.513978255589605,-0.652885203901128,-3.94220106477566
-2.4636257831489363,8.362685780592505,6.783822925553427,2.607088706258743,-8.904769777808877,-6.693655278506519,-9.500114221404399,8.175956250294927,1.229779496431475,4.04671511445401,-9.083322835103495,10.263952237410008,5.448556408952659,-6.087719022275425,-6.838445967018944,-6.985239035505035,-2.1497009005281487,0.9001103436057127,-2.6219835814927306,-3.257555248984385
-7.028209208210214,0.0524150061430948,-8.130661861276486,10.530062094388267,-3.9536537234112585,4.199258783551261,-3.635088453747398,0.259834670189268,0.4584101428606918,-7.129022881204001,8.704678455591674,4.152100502879308,8.71410738059876,6.211879431326588,2.148916100365413,8.401154092419993,-8.083214660574923,-6.602474321637088,-6.0185938516087365,-2.1332774845544
-7.4759089402739605,2.5778798515118986,-3.512846591161138,0.10440378156883524,7.329648652216837,-3.3906262061306944,-2.320042951208012,3.9837372471540435,-5.874776967470303,-10.462107805149675,-4.856258406707821,-7.7437028527722385,9.211381677778785,5.488993351728467,3.5558790657873183,8.827695796823678,6.854616874269889,-6.48398711113936,7.992294466505149,-0.7381401018310456
-10.039774450256203,1.3336797874101318,-3.7529175859945654,1.7044263655432392,7.841484577157786,-4.229028831562446,-0.9483901387684751,4.827336549933801,-4.107691852648031,-11.369062547904644,-5.427721220462814,-7.691206551278372,7.77423802398407,6.498670542474235,2.9581129332623717,7.823202375929364,6.669523032114777,-7.218703391424933,6.633003902992238,1.183164520320877
-3.5985333934799737,-3.393077234483618,7.30664825227297,-1.610414763747024,-3.580607858706808,2.9137666649023717,-6.622791663560262,5.887462238957637,-8.166060749083242,10.98120786035631,4.66552006067303,-6.677574951847933,-10.19851767212586,4.20464577033135,4.27522528536989,2.694014656868721,5.478466246651533,-7.653817209182942,-3.307561889758383,-6.005502939310535
-1.7651821218925283,-5.497376698152458,6.123756166009279,-2.570984078185052,-5.15385191809462,0.7959576634966672,-8.6953460017496,6.674815218676951,-6.744073320853813,12.529947599920307,5.536063532599587,-5.237482228519365,-11.67018333043544,7.81196289540227,4.913375381676449,4.096209915868514,6.662587734007923,-8.773583041963533,-3.288710612129104,-7.2072838840699145
7.789049908875624,2.4735227169452916,-2.4391008830497825,-8.547579045934476,-4.132807297324498,-1.3480366956781,4.498219998048233,3.914150396809567,7.343045644981853,0.15389798262255283,-6.680099422082279,4.4733877150354795,2.8612180496413466,1.243796412246038,6.649803646851196,0.4033927603155453,0.9004954628691282,-3.171436566786527,-10.212072535793155,-7.430813828982472
8.878432542248353,-5.195203051396428,0.7548161789671369,-4.130863204728793,-3.4784883716645503,-8.67644806935469,2.762817376498679,1.4414264349232035,-10.089815854746123,-4.900253821574885,9.928616519632644,-5.466078687249819,-9.917226248081388,-0.4139131375966246,9.847948612375264,-7.7760076872012025,4.77664658800552,4.518679842708749,-4.918686004964491,4.338345426893129
5.198627641211455,8.191429692533108,-1.3773616922274043,-8.303676971281616,-5.8748085703647,-0.8981826571505055,5.801479026713066,7.88357614684505,-10.579500096155225,2.0470656591286165,-1.3070049644321258,-6.177866739662106,-8.191384352795618,-3.761496324635476,10.230943744499259,-4.8046923671861785,-0.2921292355921823,3.49871862097813,-2.743095919171058,9.16453196177242
-1.2845980905779173,3.0706652115912583,3.1282658264114804,1.8806508053896918,-8.582973349341417,5.444172468426275,-2.377428375933034,-6.1337880438948025,-9.045145961005794,1.1845289422346004,2.934431903742072,-8.821521082672033,1.2265169641232303,-4.6862610902945825,3.6964174136344727,-5.943641882640412,3.9502774921274764,-2.4406727583102326,9.944923624676242,-7.623301987570569
-3.324863424172912,-5.192142312772014,5.068224924999473,-3.869224029622467,-5.563291802320604,1.8498953420114155,-7.879777349256139,6.168115299825408,-8.889750530266388,8.468273465997534,5.2765949627615045,-5.426583037452957,-11.097317050071304,7.118341359828061,3.2874259554746468,4.0971594347469065,5.9560900567289625,-9.18254312253768,-2.7931105697786816,-7.997309638285498
0.9199259745010049,-6.434094873115687,-5.159324048222362,-3.425198371479201,-2.3453855062749573,5.202117080974636,-5.031211898354827,0.800316856716189,2.8267134892688848,-8.54884919966611,1.0472272094983972,-6.9203067505817275,-9.479167269411873,10.308285649105706,8.115852015064876,7.061644651718332,-3.0147707464238174,-6.216937518156234,3.27497393761364,-0.48462796562781096
4.896880842807796,9.848171404190998,-4.297888628228234,-9.109873516518626,-7.183350690932997,-0.3827407736659352,6.0189908037898014,6.960901930060468,-10.020159100962825,1.2278889362210967,-1.8313097710003405,-3.2137900117527685,-7.468932079272114,-2.1859118049691197,9.663433936154792,-3.572388679842933,-0.21115855115314086,4.3923431064701095,-2.2173092212068473,8.863055606292686
7.2752368200272794,9.523818653083277,-2.6619275245643137,-6.528432285299322,-5.785931586169323,-2.0941010624609104,5.581708271638149,7.85867658808409,-9.633894336232036,0.1377243399528898,-0.3566313928290772,-5.152902436770051,-8.441350290846929,-3.9286054010631357,9.54018737750453,-2.494208506930298,0.9274926671232919,5.957267925775637,-1.0924007866827015,9.876677489269976
-9.938229604067654,3.539121997891305,-4.366622408280434,1.0868167937789932,9.37404127135379,-6.682869279368631,-0.6594151519863716,7.171445469305672,-5.172032928965622,-7.861317618129318,-3.16796561735548,-7.051056570098934,8.77623327038933,4.84820806166523,2.806710158738921,7.927323799398898,6.58960456090876,-5.203174098681703,7.076377791664028,0.25423808163951755
-4.0157793057417415,-7.447052971169236,9.342189585275863,7.469497567470236,-5.029644264591379,1.7708147702339176,7.701785499740602,0.9341230303216511,1.1303769920549542,-4.490233694130826,-8.766243135899769,7.746786554775319,9.342843494010111,1.5448314797249143,-1.0914861042687294,-3.7606812930230564,3.339596120764276,8.074514219740077,9.950076749642218,3.6865449815602713
2.1235772485654487,-6.988564313334952,-2.922355115250842,-3.704718376220601,-0.2831094180200232,5.113624471397382,-6.138693712477178,0.35696773365652146,0.34806951579391376,-9.84982878842048,3.5019699304419056,-5.703326337669374,-8.761607717621645,9.220834203579559,9.01839815585473,7.524530348157203,-4.108077194326751,-7.814715627737474,4.8306906743852025,-1.9743216100538796
8.107341814553967,3.0697440061041172,-1.8667214086232145,-9.27060623029113,-2.106082799615626,-4.397254678019212,3.579438003392788,0.9911905449550127,7.2984595376997135,-1.0594238335904673,-7.0821778009793155,4.5087866860803505,4.022727601318812,0.8328177129641076,5.047881578003535,-1.9000703196740778,-0.5262901393734879,-2.219993263443097,-8.05799244529715,-7.650720744176558
-7.456317912581186,-2.4105058637747017,-7.638787692072647,8.628154777953199,-3.5973657709507894,1.6698417462704713,-2.5212133178565246,2.632859334583965,-0.3866727685117246,-5.531509094585692,9.392802499978465,3.958222618974047,9.282862803135652,8.730150213390324,1.3568730235528554,9.603401220717558,-9.896913365750807,-7.57509889806674,-8.958856826200487,-3.468008106762441
-6.769315580923571,0.8731072279783105,-8.985374177085195,6.797109311364652,-5.020098899146563,4.310535426988306,-3.8173014067364264,0.904450792179963,0.6154572716194598,-7.332722738031304,9.268348491245062,5.811703910254945,8.134291111822339,7.660835763696307,1.0185363342357197,9.55672961802643,-8.524605716549644,-4.6275872064909125,-7.566706371248332,-3.5744393494564566
7.865928090097749,-7.057532105883876,1.4530529679917306,-3.4710185486427276,-3.696460109930541,-10.3390780265364,2.928814743064475,0.32882915214559444,-10.55475255284861,-3.0027873009939134,8.324001042951803,-5.604846152739821,-7.480092304160756,-2.226166699881116,10.306345681843379,-4.897037362524266,3.248630815784477,6.510877514026022,-6.631108139147853,3.9675544958695763
4.905440842601359,6.868356964396586,-3.9811617215861435,-7.862711431125643,-4.518209456711037,-1.0070738102886083,5.943980061105833,7.081295858608761,-10.180020309160886,-0.6997076837744143,-2.5397428736260417,-4.529959899151985,-9.430857581253484,-1.6303378744823862,8.515199852648154,-4.308449965977055,1.1155717255645916,5.545595762050674,-1.609775510810163,9.937493703779104
6.024346473566827,8.78898288757005,-3.4805373027865003,-7.707689611278892,-5.554878617391955,-2.9052255609379642,8.298390217843,6.2730777448591235,-11.22098096568678,0.0020861687949482177,-2.6132517505349266,-5.609556581145665,-6.914928804764575,-2.252393671398218,9.672924799872067,-3.8415734143705755,0.4254042625289083,4.468258228801047,-4.485195376356193,10.006226354539073
-2.851885217133099,8.64284526220253,3.23236714151028,1.1953529963498566,-7.990203036617099,-5.127839149852324,-7.902649363488549,8.595078010492863,2.7439722989074107,3.0323997847036797,-10.112830380363725,9.887571604467803,5.42672500711649,-5.040219356262089,-6.603826054016123,-6.706730610480921,-3.204195172605754,0.939391944130797,-1.722065792976765,-3.016087392674913
-2.8290785108249166,-4.571236323417473,5.515538474665687,-3.3651944827148896,-4.897426448123819,2.9784778929939835,-9.955330440438663,5.8643198936751615,-6.783293333589813,9.8595831961428,6.198312859354241,-5.925860054216784,-10.556891038744432,4.067312634587768,4.342602563988646,3.804536756217356,4.625071527553611,-9.018094221297304,-1.0858240224910538,-5.277781267243433
7.554897361098554,0.585526992488077,-4.9514290983217,-9.365715383218484,-3.5732141289081873,-3.7356067066169105,6.070244792860764,1.268752640108494,6.992909381923161,0.9643902442300876,-7.476995756558819,5.1497383272610575,7.266947915607412,0.5317395334881025,5.320029261299188,-0.3965149736430567,-1.499936416843394,-1.7595764365849769,-8.610555277737431,-7.30158191832167
-9.932467138287583,2.4773745534643776,-2.067525426202721,-0.0637510549570407,7.462052855369471,-5.699151567148894,-2.3414680202769835,4.516525048434251,-6.703684538516794,-9.58460190037112,-5.0342913160860085,-6.184003236466814,8.212715759578588,5.9552459021942985,3.938163155463367,8.724218953692773,5.791316594844556,-6.899462332962693,6.986749656126019,1.4796206080212517
-8.863804463322069,3.8286011175543377,-5.137851550288878,-0.8030387243162398,8.380902119596112,-5.738519048825961,1.5854267020019557,5.62674239003111,-5.502367539097708,-8.975871076508,-4.685133224917683,-6.7454335936047345,8.705934979472719,5.7057084465948265,2.394922883688568,8.773496378988952,7.457946500633325,-6.0165648423444065,6.509920242562819,1.3253479949520575
-4.7843063820576175,-7.806578482885262,7.733609965867777,8.41654912579591,-4.087255380504755,3.707560765752201,5.640610745954855,1.9894868149293425,-0.9371193616232025,-6.898264885583738,-9.41381564378394,7.910840348739628,8.683525544254902,-0.31400332854416524,-1.8966613471461995,-2.884696311568348,2.9513412298150126,8.043152169341123,8.834253899980766,6.196951932458735
-3.056117822044058,-8.246163609268546,9.862495788269767,6.852283906234809,-4.612318237600981,4.551638226082038,5.5081055043596905,1.933239817626359,1.113572362963999,-5.202470724222527,-9.131378243015131,7.219875398963258,8.297812216117267,1.2386923505839726,-3.0886603200077363,-2.474757523685119,5.504333750213888,6.54384812459132,9.05797578246362,7.292874411332412
8.517137645681686,8.777874093245376,-5.323934518358887,-8.507990411761437,-4.625215705047228,-0.28150017130341953,5.088057691217898,7.927637515559816,-11.808297262038108,0.12561018608026953,-0.5397330949212138,-6.1093595206883755,-9.109614952464357,-3.101481775549882,8.253475211614907,-2.9063829935190597,-0.509513997350738,3.2877422882504557,-4.748410273290364,9.605586365470698
-9.008873195172354,3.890856283961801,-3.532541687809579,-1.1717955672898444,7.191974517873736,-6.196150938920326,-2.3302855056205467,4.928121203437047,-6.589478216388608,-6.989739812771852,-5.53025231367708,-5.429470831057431,9.779116078290802,7.060710140977374,1.9743085227117194,7.771662682931257,4.796070404431672,-5.3576917872455345,7.7771951882632875,0.3775246237263288
-2.703005629429601,-5.877608808322555,5.681155169319468,-4.506313581730311,-4.369086257837215,-0.3427439291194261,-7.447076013023288,7.414041468691166,-7.309687553482998,9.705461837907729,5.3578106597899975,-4.145811819895544,-9.36880153716924,5.9814221092201585,2.711128759831891,4.97401657898449,6.2547307063017765,-9.150758489831837,-2.539482673976515,-8.046192104412436
4.112900533176473,7.379027026752898,-5.572302588058531,-8.128759766492305,-7.428606978887595,-2.3294346985433023,4.839573788815741,7.598771843094345,-9.860418026747308,0.5179083590500466,-1.7563313255929465,-6.952141540789812,-7.089171284071608,-1.3254720116579881,9.26740665685693,-3.9618659589024614,-1.0522547412381227,3.1523122071435905,-2.2743682958420615,10.508759681218589
-7.407832255152691,0.20199001620684348,-10.094828175114221,8.893440401186428,-2.7396874467686456,2.242533991651434,-4.105537485859304,0.6329678977243081,1.7206117988614094,-6.862457174778927,6.558662265148432,6.861845961386316,9.550484950867926,6.15359947806631,1.3504307844421466,10.00566712998966,-6.782353540503744,-5.141702728938151,-9.271566655749103,-3.4104059659222026
8.513994022006845,-5.867264090540644,1.7128987846872434,-3.0216937918405717,-6.164703473109848,-10.027029342761878,2.433749651320648,0.3773355318087236,-10.460917840737107,-3.268505222445449,8.990542138514702,-4.726860554620213,-5.745374067463417,0.2413451981221788,10.161589961463863,-3.601215297947749,4.543930528845281,4.39088484766282,-4.614053941480091,3.9000591072786097
2.289316384945073,-8.270727853355764,-4.874123178423573,-3.9573473998261353,0.09921523402691979,3.5978722860199484,-4.85293401351588,1.671038165535076,1.5461107902582283,-11.674128833427343,1.789586476061476,-6.6537016875429895,-9.709566360223324,8.462492351258424,10.842835860354539,6.832874124630962,-4.832288730910687,-9.644156889467753,3.3576432126333664,-1.4104069045584113
-4.6146279570228455,-7.945591611249082,9.419939958804102,7.543115979139103,-3.819442176936815,3.5372546541225933,5.941351714270308,1.1916413871592109,1.0651082581752254,-5.02373078352735,-7.987260415030101,7.175265051479827,7.575384878024392,4.920489941620003,-1.9909376886024435,-4.4896494045564985,2.152144619898426,8.018397620500265,8.635201379728336,5.077569079730269
-7.79569583589155,2.7469987365835493,-2.389954218137934,-0.3802613147526218,6.28508354367227,-5.774439855644094,-0.06304067324264984,3.6199428472495,-5.424515408236056,-8.426257910083928,-4.717945185692451,-7.219095854757026,8.666202181087662,5.600245249353612,1.2460166330405387,7.644243746697812,7.146808120427263,-5.399026303625862,7.041444502409745,-0.46438307706466175
-3.0754567192289124,-8.442730600038846,4.637497036330659,8.62106036503974,-6.525261175044293,3.788909205570217,6.375658593693883,3.2213890484095895,1.589969048642749,-5.667558777475941,-8.840008206237327,9.44704283986582,6.532490046165196,2.8529090813840674,-3.350524642275658,-3.359034576451458,4.872627561853213,8.131765059560218,8.19912922809409,5.73648656951576
7.881151686899881,2.090453555911659,-4.038136738952658,-7.459577322380906,-4.277670712044426,-3.202251520671845,4.755458247438819,4.212866443361381,8.715667209198891,-1.8509601174281345,-8.795668248009006,4.843805562529034,5.1513633249587825,0.7703721674361612,6.4349714830856914,0.06337130937672569,0.5071139745293255,-0.6693509920739582,-9.866726460061662,-6.273652474661357
3.3074230546775194,-5.938230365020506,-4.267919589574724,-3.061006187647705,-0.9345207641814937,6.041476756092391,-5.11522066996305,0.2889186272663841,2.4671776752640033,-7.432632013329104,2.532206650293551,-6.277864670249391,-10.217878965384477,6.346980608237603,9.701016390721355,6.0731227310483495,-4.422507291447329,-7.803027515685977,3.6242568010462293,-0.06916987457407453
2.035566360500072,-7.216644102188621,-3.558312639733727,-2.004422645408085,-1.6127741144377763,5.7855147842738335,-5.549243952217565,1.740511090418999,2.552797917065573,-8.281935058224526,2.2347236659581275,-5.179058381050666,-8.289205344334912,8.116622834893096,10.716010631616378,6.865850234868249,-4.350768637661069,-8.526050687271566,3.981236075383899,-0.7337653299403883
-3.129989094093286,-7.267069219522002,8.883720014948675,7.183537885366788,-3.9940562382574853,2.977286769603924,5.689459515415599,-0.3640054167781044,1.5761900481191504,-5.150564105796959,-7.9270722853715005,8.990118074766048,7.530954911668792,1.2876298969912308,-3.1496234768107674,-2.707846955666487,4.2562645112444155,9.41594277712771,5.255561917580989,6.717567555052259
10.542935112133891,-5.255517853919058,1.0000246667902613,-4.316640801731056,-5.263162631594689,-8.896864844673152,1.0866183234958302,0.5892206895938394,-10.16458363109153,-4.746078745740624,6.733588022808333,-2.3845951772578227,-8.756062117791853,-0.20113105405233495,10.856313356542028,-4.122508661182966,4.294053070290709,4.915163918352875,-3.8961601738150047,5.477718063039374
-3.1311592181332335,1.9772201201423742,2.3383964990759614,2.1417279395749347,-7.6214792795820125,5.574960166615918,-4.184845666153958,-5.8968625677265125,-10.091004949837492,1.0925188229500797,4.896246903019798,-10.281619049916063,1.1965279820150068,-4.214761306510303,2.1699937170200334,-7.402633976457312,3.542622675568155,-3.353920794662877,8.855633653237433,-7.455233028933521
3.119390956770999,-7.662213119792243,-4.627149177055139,-2.4068849044741176,-1.315320051699876,5.63738661323445,-3.9068025676662903,0.03766306752623588,1.4899512252196276,-9.718533551235204,2.895089009528703,-6.770741699472273,-9.348341178615836,10.299014777339679,10.732243666004825,5.567523396590516,-5.774264567893203,-7.0390440300354,3.0000307044831334,-0.4063245260452044
3.6879854427268017,-5.402926143321277,-5.8397657234183225,-3.6967917250125453,-1.1584106580362867,4.738981432950082,-5.500558803376941,-0.4435834341343805,4.013347445047453,-7.880443151256449,2.3634710686609814,-5.562531262934438,-7.593067715937101,8.413763257008423,8.496423416949222,6.2460900252988685,-3.0460884920346425,-7.907497321218904,2.1076640480521402,-1.9997745691588154
-2.3995625045032374,2.3969956083828703,2.514785133035988,0.3921400120564546,-9.057802991643653,6.212950450808466,-3.891230444953878,-6.264486651461065,-8.79111882443501,1.6373085728790977,2.52163198115323,-11.06632546136166,2.8392983733608443,-6.599899526305804,2.3848308069246147,-5.995671117386236,4.179615371615001,-1.7444273814276792,8.291882705202514,-7.011023046440588
-7.2348950930895555,-0.6291872959914998,-8.472565713264443,6.828890501733707,-5.725071750512142,2.2862456156563957,-2.6857224190724702,1.3441489376962918,1.4215108239105878,-5.2309810242776615,8.512409772879185,5.851251587083271,8.664804402900618,8.74342911243789,1.842775343669505,8.052541812052254,-7.68924144040062,-5.204173584425863,-9.763799416636042,-3.554469056087089
0.14283309460113758,-3.177585282322897,6.816552254594337,-2.5635263963470964,-4.41788984612923,-0.8838829526815297,-7.163468248036523,7.254614167622992,-9.108627121225787,10.149691731072155,6.296486431826345,-6.935366808629027,-10.340860521871617,5.291317078619523,3.3149812702629364,3.292538077166686,4.524958472340888,-7.099651284520354,-3.74616245820484,-7.556159590436716
-7.673876138610816,0.16780647387104025,-9.462346528949439,6.922401873628279,-4.338215576437722,1.301073931757217,-5.81613593549598,1.1405409182577841,1.4412258590009497,-6.360306254563495,7.9962440505361005,4.7947455265482155,8.527232083597278,6.300653039978862,1.2189709181984694,9.089815038639015,-6.802844594672393,-6.499777504275646,-8.33896586747314,-5.40745345532218
1.5061016187321166,-6.452200937035544,-3.471599290505433,-0.8241543008297545,-1.054164261158496,6.3721740326181795,-5.908456817293861,1.5805605501352469,1.1294589896321194,-8.325986432722765,1.9561997419120847,-6.653705703362667,-8.607215655846037,9.229951141493343,9.196411618369229,6.382660145499748,-2.3296065589704025,-7.061108034257103,4.553815122740034,-1.6524896512318437
7.79243770651067,2.346403779924762,-3.41660374279082,-7.823115393782161,-1.4347294037903153,-4.896404793866798,4.488311082358313,1.5706889418721808,9.336279750102614,-1.143439466080912,-9.05131587501976,4.903082743308473,6.96001208708106,1.8891418199506878,5.624141476373138,0.28505285006380876,1.8694972504654364,-2.3233789028431575,-9.60346456920441,-8.294861608643444
1.114513088203176,-8.127625607973426,-3.1394455624521345,-2.401267823300518,-0.3271240404197573,6.04410844426077,-5.615828435904661,-1.0417833600388504,2.895609083862298,-7.901401753172271,1.9215062939607386,-6.632994476068032,-10.230075642850132,9.4919655010845,9.88469810320533,6.105755945329911,-2.7833712566620843,-8.380634950852262,4.249266456136738,-2.216614463900089
3.904282005998727,-5.686884165246905,-3.4214850320498904,-0.890964225355106,-2.5352235233370544,5.179071091597621,-6.741827817514758,1.0061680920295757,0.7981506376387042,-8.31349659626256,3.52143318202548,-5.89431462617017,-8.415217116632908,7.989837404165917,8.465789695365823,7.417565867625888,-3.1283756126272544,-8.085577239249865,3.266750984477247,-3.22275799831935
2.3970761203003774,-6.708340050791618,-3.039708213393176,-1.2242639042332397,-1.2383689614483662,4.377471541778235,-6.419989517956082,0.5449692748551187,0.8845324510302389,-10.028142660495089,2.494684919578652,-6.638169877824621,-8.666171144882822,8.219215410366596,9.08223994728542,5.243713818060917,-3.0175262054078,-7.011308385148569,1.8384726680050436,-2.1264609854003833
-2.6693304186193907,9.685626204648788,4.853075464465791,1.221200352201913,-7.198681126817888,-7.676135450079435,-7.762320618037412,7.344834564170645,3.923490920617183,4.100790742106288,-10.296716880994413,7.884482650627059,4.84571313975249,-7.337353729439966,-6.0963740048465045,-5.82318477970139,-5.496345842841379,1.3901669467208726,-1.8441606788411247,-4.028624184053612
-8.27580879152853,0.7131326381972896,-8.781335263479683,9.044547112509658,-4.947536803351929,3.8530259550579813,-4.211428781241775,2.455179113642812,0.12165981674360715,-4.197613460031146,9.426580502380581,4.127145577653549,10.158058181772384,8.022448396947935,2.80912367460194,9.661340619004928,-7.892194404816585,-6.67258359642991,-8.11974084411999,-3.492637877280117
6.002958670309059,6.956429788336941,-3.6159841181134613,-6.412001619173184,-4.405380539729133,-0.6034064763343181,6.906694270117132,6.8560691375642575,-11.311120556412888,0.013907279684680474,-1.8876514015580974,-4.509049350914154,-7.293302210866523,-1.6353850440238926,10.055682618288559,-3.992436969088991,-1.419316761752546,5.445954411845037,-1.3680227291833762,8.069430063516988
9.338306637438462,-3.9797842375355184,0.5590759231373942,-4.342274264444995,-3.4073392323478418,-9.170781046931776,2.0851546719856207,-0.422618695821757,-8.804406127125642,-3.4306080998547874,9.054257724926112,-4.855368389201595,-6.502458917450503,1.0607519970738186,9.563042791041154,-6.274314573300197,4.7438408002961445,4.702614054543632,-5.937587243495911,2.76812921690264
-6.275139509156306,-2.5228538683098045,-11.699159447891304,7.690529869565493,-3.727100180455953,1.684797655474044,-6.773410817905537,0.972539829775425,1.1778628105683073,-7.393119296288889,8.406152954570242,4.532912747587616,8.900514148757724,7.270231732369968,2.452063495197222,5.582858037557944,-9.087001824089409,-7.206396712528146,-9.351794900161732,-4.031441143224852
1.0940385823738612,-6.389964600203679,-4.2217956343281555,-2.5998890361106506,-0.805403324657586,5.553276239062013,-4.814816859725741,0.20097080842302054,0.7287452488576811,-9.464521601569773,2.329591754839242,-5.36030274195712,-8.095873455345576,8.127175466319622,11.797830578170078,6.432722273307201,-2.632333878533572,-8.198272153449551,4.218019774948587,-0.35748162068956835
7.918967223831518,1.7436151319361288,-3.322129728867513,-8.60507835175525,-3.4682914339600175,-2.6380631292831875,3.329160629893958,0.8399901018437752,7.1768075702981795,1.2458269110711724,-5.585940981146587,6.096072880025787,5.022719604577259,-0.5565711305949037,3.07630449743938,-0.7381262342615963,0.2565829574905214,-0.14855423177304905,-8.623812005575651,-7.6147663811422905
2.1094032129294,-7.770730423806473,-7.086555719297905,-0.619791109624503,0.2101693385573915,5.327218502935277,-5.987705307092208,-0.8869655790453292,3.544014255051715,-7.1737030508269335,2.307590766275291,-5.565986882068826,-8.523681361360486,7.640985306190736,8.90081729252753,6.299874929101178,-4.362272335276031,-8.265210997307358,3.593260972734023,-1.2778286230734344
-1.639129892363996,9.509968016170927,4.790297741371678,2.3381306864069575,-4.4762116059129955,-6.937728390309532,-8.637228709921043,8.374177311506315,3.1278261678221595,5.3484818614812895,-8.949579892054766,8.255192130509403,8.282284348309531,-6.899563179453165,-6.060865190618954,-7.0861856529506815,-3.979293487402238,0.8238910429482377,-1.039742411707412,-3.7534964418038763
5.395614190492783,7.626345184569081,-3.432092117198652,-8.197553548360224,-6.478622947462509,-2.242411220077397,7.568618604397094,7.459396284730367,-9.248800582420634,-0.6839277593260141,-4.605603422425045,-6.080948097469891,-8.46926320775184,-2.8986843032993614,12.143917791932227,-2.8407753419666397,3.111772594250811,4.629148873243005,-3.3572941899868356,9.783557732540098
-6.5206292338956064,-0.0033034600748539505,-9.823218747891358,5.632858445519744,-4.992785290472514,2.924433191262791,-3.375412283816405,0.24745519658152867,0.6138205274287987,-8.082309819996679,8.451724726141105,5.979307508022848,10.505886462416477,7.799021624807351,2.2858106497958257,9.38996285741514,-9.04104389516186,-5.713528708331653,-9.835944328121398,-2.6285689462437016
10.17377211121896,-3.8168334668604746,0.764943760194496,-3.0361901320492932,-4.991272239030966,-9.460863208262829,1.2013713665743881,-0.15690756595980315,-8.286319984065472,-4.292487430455524,9.47679853829337,-6.350177978887771,-6.601864207477298,-1.4592475963180573,9.807185551385658,-4.418561147213513,3.228208381293353,5.783518910661306,-6.206981454984941,2.9006369940408083
-2.0533098509711425,11.179288473099405,3.9963606058479586,2.901009812021969,-6.822614066254186,-6.61151731441269,-7.309859330223478,7.831358671788327,2.5605963139138086,5.233958893230711,-9.953262843626836,8.55898737590088,5.604043621987402,-7.7195743758104785,-4.3072935259176655,-7.435118168653007,-4.136408764395018,0.2183153327558366,-1.0536929293485844,-3.3596799834998645
7.091962304281416,7.91295506618029,-2.5062420024642136,-9.1237945651491,-4.4760323647807185,-0.7368550740439547,4.342061207018665,8.53722950638764,-9.767498897609833,0.6069905554198212,-2.516676049452843,-4.282596777663422,-8.788544982565213,-2.4156045535534947,9.678801554159056,-4.510108787757117,2.3591860342898965,4.291907658121075,-2.073515342143096,7.908520859083459
8.576727026289818,-3.708676557751616,-0.6180960819473921,-2.860292069745083,-3.8285861894158866,-9.210543168096157,1.4884538666624958,-0.040663378947521395,-8.780777020125315,-3.394531816966649,7.27958211869932,-5.4715790291866675,-7.057279426243253,0.4517335632374254,8.804544744689238,-6.475464362657206,4.116676099827622,3.7144431916276472,-3.962269405389838,4.4084008747542835
-6.702497881633965,0.3015864187346662,-8.917649592211413,7.760652436924052,-4.373904644221627,2.9886873968585457,-3.209837026565938,-1.5035840304544226,0.5003321238864038,-4.5807557916812645,8.62462509989087,4.898818169729104,8.342017492833808,6.6817408726643315,-0.25028120000654974,8.206898301938722,-8.094290534879953,-6.132847820155748,-9.240332783737127,-3.450352513884325
7.92423727145937,0.9673270394019464,-2.1878250199330243,-7.427730931255434,-5.778698532831382,-4.201650283380907,5.087889139776791,3.395537880642445,7.065760121039309,-0.8612009598146666,-8.20549614227911,4.375313791406018,6.412879503799862,0.4545017942487205,6.420164096859635,-0.9057601450590728,-0.3929706248570026,-0.6305850144857946,-8.56968108711048,-6.990761523371257
-8.969218461352964,2.9767533303945957,-3.678486583165883,-0.47081865514993304,8.11675725303604,-5.525414874892028,-2.094691105619157,5.952655026626049,-5.239819460637457,-7.850450416092164,-4.436839448350429,-7.117591600724687,7.440470515962817,5.792370978720142,-0.6530394253806691,6.838989837448721,5.991567360791452,-5.704925168009128,7.582502092274599,1.1345183805580135
7.235666593003085,6.205328421325998,-4.161761042050871,-8.71013156947131,-4.216658017945991,-1.8413222463987609,7.205701875231917,7.750468607615505,-10.723264325539866,-0.37201215842496893,-0.3579622462096943,-6.333326439269808,-7.477825043130864,-4.030237858253886,8.544241891334524,-3.5821033035548675,-0.4070540754301689,3.0999322239196747,-2.441134615636678,8.590904245628039
5.6308358040647395,6.1360847165236,-4.643395926362013,-9.281438024810107,-4.095421745983449,-0.8393818350866556,7.146269417315321,7.803443616668814,-9.693989766042023,1.6756263836804526,-2.2625425927561573,-5.451174135218349,-6.8556338255022204,-4.56890580378357,11.954782974392934,-3.5073755968073095,0.5178018854429152,5.317257209578478,-1.8124526194038966,9.473719673815673
6.826929769549836,1.1510838721467465,-3.162967940409348,-9.20422523649407,-4.616223821305062,-4.592204370263777,7.360497172387223,2.4995975269201267,5.8186874911936535,0.9380082622445205,-6.997044176123396,3.4984293134401114,4.282581883651807,1.8990167475481559,5.172425271601766,-2.0500658911572867,2.24189655224455,-1.8831700950449648,-7.9960457286356705,-6.5637365021681955
5.987517669620105,9.294104911916438,-3.1435488540338774,-8.87843542902101,-6.45621331996025,-2.0571470160985994,6.754939401806527,7.572911480059635,-10.704059694039055,-0.9522634340630436,-1.370196531938586,-5.739703856375557,-5.445476765878606,-3.211092915364362,10.67244690595066,-4.706324957689235,-1.1974005046943847,2.9402940453780215,-1.5382781709606541,11.191743244112748
7.701414816567777,-5.444774302896211,0.3240937509169471,-4.515134891219585,-4.2831603636263,-8.522182687204058,1.9890963442103173,-0.8834772118889034,-9.269408972372055,-3.012230578808511,9.85038206466626,-7.228688360602828,-6.011074648984061,0.03920292158661698,10.636991761332165,-5.709382830037621,1.674447438616086,5.816881095221812,-6.188226381434724,3.1760345407523394
-1.961684838322348,1.842737904705299,3.2979927008392353,0.9322849590996634,-7.674375596240808,6.021464292643429,-3.456299816206297,-7.086491292217873,-11.331629268870753,2.8161634323432203,2.048898255156132,-9.561056956660462,0.5748632954346597,-5.143521480178186,2.6203767345907476,-6.241459944620197,4.289721831834482,-1.530328258237267,10.468041114118954,-7.015386965581929
-8.19540530106761,3.862976840142373,-3.2827374041580946,0.6799491409211871,8.573958095714424,-7.027980173303579,-1.674011320389204,3.9949585947890784,-5.252849546421888,-9.603344349807356,-5.389922882950714,-5.17063975316601,9.66340043497565,6.158265006344185,2.8528437804574938,7.181295778011347,6.6433179139618135,-6.944653188828089,8.844920232667514,0.5337579972989032
-2.9880420712465794,-4.879033318879491,6.720177400444348,-3.5686438654596473,-2.6889632337891802,0.9982481348910066,-9.884863547612104,6.383295427837015,-8.857144523221898,9.662812175891897,5.076276020147448,-5.218639952709864,-8.769869878974571,6.592281731355335,3.797835689814184,4.538806156010577,5.445006550296543,-9.321537005183028,-2.2517567805433125,-7.22257648563694
1.917210371192746,-7.058364794710423,-4.99224993092566,-0.5832244124313926,-2.4862613427773392,5.888259806755998,-3.9829181376031664,0.2914886128322303,1.6582523422393554,-9.428437168410472,1.9705053562663586,-5.2166690515776395,-10.910830051623917,10.51114444636299,7.8886835090410425,5.901294633094807,-4.336969036831249,-7.458004450101602,2.08653617835939,-0.7347774591260302
-3.8165960368906573,-5.237670462024145,5.6719412560757885,-2.055668767886228,-4.264479632080201,-0.43166933759105786,-6.301449537547405,4.61013379115238,-8.178873335933641,8.92372806271879,5.0792183034026275,-5.521415621278168,-9.368108258468423,7.646197642652642,4.05489317728089,4.886594223783088,4.9876696113145895,-8.337117082695395,-2.3911993811060355,-7.780928656951782
2.7593085304653684,-7.308038033402067,-1.8846723088487551,-1.7837260118462739,-0.3048558946548674,4.427214811321937,-7.2948319742963434,0.5774042504140859,1.9938125750090907,-9.68511431060836,2.2918797376408264,-5.0008905982105745,-8.00356566574411,7.836702235313928,9.201131834348244,5.362980481476661,-4.295424532941148,-8.460173385501964,3.207014947639132,-2.452085497181368
6.794848446709981,6.813651301985117,-2.9574412913020858,-7.509177030788243,-3.108261187049699,-1.0539038114065697,6.21905349738133,6.3581097080074445,-10.605200756331756,-0.6108230439168426,-0.28068112311249815,-5.539873875568924,-7.037445529351613,-1.7334489719465538,6.49972993604292,-2.2570675948845205,0.4312093466506566,4.495427549544001,-3.5558111741623715,8.680517255970695
-3.9122809250814696,-8.456047879630134,9.680999617979282,6.432942690218601,-4.614510086047894,3.0715525062637985,7.3874865308607,1.6998480964997942,0.7142552989405088,-5.717621056579034,-9.990287146991891,8.191400814753939,8.53885094179648,1.0871615329907063,-4.453098343354535,-2.7634785343751065,4.858255263612658,6.951557888959483,7.167663771734308,3.76102207858205
8.17819152250372,-3.9982612281363963,0.5052510115266636,-5.9687244155350285,-4.0257690012133045,-10.035234487075966,3.288361986010565,-1.391819372203528,-9.326901943629757,-4.065046164279305,8.21965801347495,-4.445803929946581,-8.620524544184827,1.4409695424186388,10.238153741000286,-3.7991763567690953,4.316951117350814,5.220782192119307,-6.531447331063167,4.00077379098849
-9.104440503137756,4.406782189624366,-5.836907454352318,-0.5185987765205289,9.617165457124822,-3.9216175834141973,-1.269896328360712,4.662425897751853,-6.30585518915297,-9.051617422666514,-2.6569627209059465,-7.4040169440752575,8.695376011091119,5.4086999464265935,3.5108491603074965,6.890485523407914,5.975847647827877,-7.951980955322109,6.237811733594617,0.7945180316345203
-8.605356388166928,0.3769456179378701,-9.021282213356146,9.14424767268391,-5.615282159694227,3.284453783307787,-5.130800273638416,1.1028552054809309,1.453076767305715,-5.807105868461888,9.393311586648114,5.917429358011082,10.39431793959238,7.611452751510961,2.096644759931787,7.351358401280925,-9.098410920559942,-5.982529458523788,-7.991520675087332,-3.7496742089862853
-2.0512319462571966,1.6440075072378142,2.0205004599092393,0.2635575434891794,-8.797642433400442,8.234828747495067,-5.50541183938854,-5.6137106523440785,-10.476800543833173,0.8566073763137689,1.5415538699769318,-10.217297852601742,1.7525928175248335,-5.205260253576463,1.7050942611899007,-5.495523745520858,5.050059025618006,-2.161246592950166,10.76934893288728,-6.428016992455521
-3.1673141121280066,8.710560099421658,3.2940079127548865,1.153911824219234,-7.3558480646959294,-6.005720412563219,-8.575766427634086,7.5171128268662475,2.873198197032148,4.0240797675215125,-9.197845264155061,9.29497529030739,6.914215165408065,-6.335976444046059,-8.802317814134417,-6.466188965117627,-2.4924070047093054,1.4213440348863497,-0.3957021425665145,-2.9392864742329436
-9.758997177520886,1.0628235870346088,-4.5634457679769,1.625952284181814,9.58533048225232,-5.900794586227098,-1.1195847520879845,3.9324499860907998,-4.019720408172598,-8.215165955529905,-3.2553294431081055,-8.49066760210245,9.27159014877635,6.1547335276038355,3.5200042009993124,8.344079601852206,6.13922622745704,-6.869428461375199,8.63087615197905,0.7266903389078863
-10.337387210876852,1.9160387535492784,-4.376218701985768,-1.2037355687462468,8.354811481974147,-6.42495770211346,-1.4356739320375593,7.347993847922603,-6.753395749101615,-8.744912107763362,-6.728428304237109,-7.076509547890045,9.236670199482944,6.883046822645606,2.7454388604925666,8.318475228513332,8.619496073925083,-4.556294134841684,7.328659040389919,-0.6642591481537246
-2.117266146936821,2.0085367539940533,2.8184163055211395,-1.8159363642828348,-7.487229134441236,6.955775398838357,-3.630041553899079,-6.248788309865143,-8.69124299271169,1.7889573402669758,1.677231734114429,-7.471911186920355,1.4426619854140712,-6.755029157996069,2.558318577712407,-6.748705610056212,4.897604328558283,-4.424562009309019,8.2355915103049,-9.010217560417638
2.736922018187961,-8.609428961761104,-3.7894577363042155,-4.7727896417777895,-0.2530922988282448,6.588750710849264,-6.59888031248486,0.4082364642278149,3.802448810991136,-9.576738449861981,1.091989450972166,-5.107854123791571,-6.736380949763615,8.981406416914513,10.324103696899543,7.509422877860103,-4.650208849070971,-8.53186355524019,4.915535043397872,0.48806415350053634
7.6079640974699405,7.714469229775859,-3.510483858015278,-8.041477958972488,-7.755156244768042,-1.4372540502401951,6.662087249102734,6.702118274245965,-11.015594338260914,-0.6656604082303338,-0.887592320888856,-3.5853190175384895,-6.220259312420911,-4.592042576757993,9.712821388801087,-4.199103735394186,-0.20645462764145472,3.5984035799322722,-2.0213410025586898,10.394895030868252
1.3478170662192657,-6.25482222872141,-3.2810602367658426,-1.200092458375184,-1.48258094162851,5.473970572499926,-7.64600851935824,-0.10778233778864038,2.844861887820297,-9.537487124828242,2.7913768332295903,-6.780020632251981,-8.37491111207285,7.8300193552509985,9.397850111125088,3.176810991428498,-4.0946207746945715,-9.677030963587463,4.890655046789954,-0.41954277244346183
-7.922366949921502,0.7579402033461236,-8.971013735203599,9.68668265057663,-4.749890774172889,4.276077800952223,-1.1237665677191604,0.9994595786036825,0.9835337526604366,-5.58046390426848,9.026411697087287,7.890624172747023,8.970049868979764,7.623613688327462,1.122310571201666,9.534704892068774,-7.362962546133871,-6.5776971230311885,-8.519002876666818,-5.00194935294757
-7.041133601074447,-0.6256628075861091,-10.181516564684276,8.17554090454067,-4.687047888592626,6.168619242139733,-3.9499242938949823,-0.7288183059284672,1.2072163043599786,-8.377550927035827,9.299735772686907,5.518681749517452,9.584579214228993,8.870169257980821,1.454429957313985,8.286870685832401,-8.99627078957228,-7.2084053064247895,-8.785559442408605,-4.766978933331312
-9.505195658786555,1.8677697572087752,-3.018553997324167,2.74416621253853,8.651151114495669,-7.005295565977168,-2.153571732201779,5.233513696235428,-5.336679264907287,-9.191214929032894,-3.9596791990877036,-8.018075091839298,7.649044324166393,6.808205232892051,1.6524118993286439,7.967423409246614,4.7039777633262325,-4.503772938487548,7.076910047395502,0.5631782665095699
-6.513565689620659,-8.376887112337583,7.0810837877799795,7.947093160774438,-5.1300598600309355,3.215068485184849,4.265924255133795,0.7941640072987489,1.7081418189529445,-3.753504698888799,-7.419081224341316,6.608849865618415,9.267762946258731,3.386031400465375,-3.3365932130905245,-5.040844822256526,5.4727085280673045,7.350038869068164,8.087894306357127,5.665904777789139
-6.91364759093023,-0.07708056007657108,-11.632545175926055,8.96903786789216,-4.848633201869354,4.452896935062713,-4.861048997054585,-2.7753433896397843,1.213289445210778,-6.011347212807486,7.70102092768472,4.524156921355685,11.545196575003684,7.590936394399172,2.6889585525979185,7.786824873093951,-10.320452857814766,-6.250600998413001,-9.361058782075345,-3.893271623403084
-7.058403712100212,-0.9749355991166563,-8.569770664103011,7.548820499499679,-4.6077172490353755,2.947095619602506,-3.9846447299474064,1.1676033985967258,-0.10598813295030496,-4.357715815212526,7.5706064859966755,4.904988783967434,9.160190721225524,8.480861174988284,1.8575238556499973,8.380093997460792,-7.819599873633993,-6.311412229074776,-7.702272963854334,-2.6540442705031104
7.020893298815033,7.755583926149033,-0.9603018066627196,-8.40347537000626,-3.6968011998012784,-1.519210267574787,4.705784923537115,7.697460410874975,-9.546194827921022,-0.8363757626879142,-2.573999214159135,-5.582541433670387,-7.252944838078362,-5.718359854806842,9.911315530774187,-4.0304393333998725,-0.9559350495308538,5.001445729355487,-2.7510259318325767,10.651807431201469
-4.043311793788373,10.291962950096831,4.972192848207693,1.2246831473841784,-5.328475215628747,-6.764434958983088,-7.659030572572184,7.391041396908812,4.083048159746163,5.916792398364113,-9.837274262563025,10.369767994194241,7.294228765593584,-4.384586228902128,-7.328424116438092,-5.645858342932884,-2.8567306539596578,-1.263610853778357,-2.5443581398234603,-6.214649373799261
-4.38298191153434,-7.307449614863866,7.922825787696915,9.594438971516468,-6.194950206488369,3.8246204109994597,4.937232904520128,0.7854495639284145,0.5586982363703202,-4.093262500251359,-9.215111470040544,8.60769820791392,8.027138866654555,2.934822531751339,-2.2610714643408447,-4.29836520075207,5.32970855055338,7.373300345962118,8.837601940279171,5.932068551690357
10.453621834599149,-5.074008932610176,1.4785929635806332,-2.4523863621029784,-3.4563363692707467,-9.778287584631073,1.579457862858034,-0.7588008901128085,-8.021258904762053,-5.638838922757135,8.842155373444083,-6.289871534484665,-6.278556438333565,-0.1937252117181787,11.046647644071841,-4.01743999144872,4.877776360119683,6.693211024863464,-5.103618286163809,3.405533905812587
6.5910536718494175,1.3701233735472005,-4.4864913308020125,-8.295291383806997,-4.002928492911609,-5.17830234345047,5.070161381953564,1.3115412963054356,7.884076210044742,-0.3172025710879595,-6.722537999538921,6.04658053092675,3.8510246464374074,1.1730700953268758,5.143008304047004,0.3096616132487771,0.6703253585735002,-1.8017258755656278,-9.932519653728953,-8.958622315317958
-1.1075596082796901,-3.2985909378345006,6.403076529113806,-1.7664485900763953,-4.0236484396212955,0.9184276360275415,-6.274971343394784,6.116191663318711,-6.451175949306822,8.299327565215787,4.929724486841129,-6.152205266270502,-9.450104967069962,7.577189056199771,4.112748309716187,3.15791371131354,6.267920830173919,-7.764148199176228,-4.772544088493953,-7.686422943168205
-7.456376725172089,0.052880113285284164,-10.723286408761714,8.989562784189665,-4.584772849760664,3.983499968545639,-5.658540655801833,0.7128512823540061,-0.25355965305193395,-6.700234142040821,9.926057453927555,5.593750073478204,7.938438851504464,7.902820164737394,0.42646426097805934,9.587752096360632,-8.43543397845786,-4.961792807361769,-9.621985908885282,-4.016969373141295
5.98789816500465,6.733441327729793,-3.4461317867956307,-6.771891208802326,-5.6568646925801165,-1.1896772776529003,6.633606568035026,6.010281837947907,-7.804371568668589,-0.25590377857096835,-0.9956637351641494,-4.788628513356345,-7.742287780442095,-2.640901546867806,9.104013300066773,-4.953581116812302,0.04353973361723418,3.4478282755494942,-3.1891529937602474,8.131638476582577
-9.04329196802876,-0.30493000831500416,-8.105621422831717,6.659240184985995,-5.879489736176357,3.3767134233137086,-4.750433263059043,-0.39116302355899635,0.5106070051374159,-7.668528293679608,8.417570709074804,6.2060843840096,7.482609049052819,6.298674874058138,1.327974596687808,9.169440202972181,-8.4270717669585,-6.5449238297327135,-9.051095424273633,-5.239100817594364
9.197929543192476,2.6018184381174487,-3.4780401646808743,-8.926892757498432,-4.216616597866785,-2.4482168001959046,3.523602812678842,3.0965636087481165,7.360073185819555,-1.3178349452751115,-5.02213990555007,4.683946479213359,5.828966516999093,2.3633207320585874,3.9979936537726735,1.6282038364098466,-2.054300590855194,-2.2179460428675286,-9.950649138296997,-7.260448095163405
2.7925705407898382,-8.128809298445256,-4.574473842900721,-2.967853048364072,0.0972164036854285,6.621973671802687,-7.25224173327919,0.3396228792720813,1.1387115224916773,-10.32949665627538,1.933879987604396,-6.898000314709989,-6.272251653948887,9.410670570427362,7.93502316073695,5.603172958158279,-2.8863413211031883,-5.958114947002397,2.098677218005179,-3.076874510347018
3.005265111079327,-6.994726281502875,-3.6488383896210475,1.2534745723101608,-2.962713255157869,7.428215877621382,-6.293971876233162,0.5720176726752418,1.8027791319396076,-9.495228078998089,1.5810641097900078,-6.260008790681161,-10.216141836966088,9.728289912588432,8.896446256605934,5.037877623288864,-4.357737474528401,-6.789408503009749,3.1493254432269144,-0.8384965069983528
2.7859417297649545,-7.465078580512861,-4.282561289298537,-2.3448836099668084,-0.7927073093659501,3.4842188551127378,-6.236323987407999,-0.566717665988081,2.0235027961493617,-6.085732742996635,2.5183787035030707,-6.903047212426568,-7.777166638317158,9.46039863227588,9.732735151943029,6.774797555544892,-1.8511810517030454,-9.177446155198238,4.158292607054592,-2.1233312551895116
-1.4112982121639903,1.8320453893794062,2.361265722443598,1.6171131304199147,-9.615873646970867,4.73532862993919,-3.358082747666805,-5.773283380932423,-9.906797356858315,1.2392078096443817,2.7910949151047504,-10.535168660787312,0.93535698659022,-6.65058298303888,2.6379329467556487,-7.4180075874150235,2.3634657861481045,-1.3951148992424809,8.21477455256115,-7.061141036659378
0.785882204396031,-7.222211734805217,-5.409500473708756,-2.309131251501198,0.008287074438019792,5.28275743417922,-8.610738213459939,0.4836369150687271,2.2850299289743594,-8.666696990638348,3.3866792298509205,-7.660571205903219,-8.01875203484396,10.170218257544642,7.53405307748467,6.4875987882481985,-4.411904447540258,-8.128080392973967,4.032337013781474,-1.6841786893215254
6.496192944989804,8.327911108344292,-4.906469329507694,-6.631670792062685,-8.261465571401857,-0.6237887756255053,7.294607056120632,6.782210477848905,-8.588047172128762,0.15184849859696908,-1.5893482336969773,-5.2183150031811785,-4.416117741515288,-1.9032626638444365,9.559325278963303,-4.448745846186091,0.5194022603468146,3.2472550840571697,-1.9052971051313075,9.57610863015407
5.381780106943086,1.4407434508137253,-3.2670977311878846,-7.3015043426847575,-2.658664423298837,-3.26723872781868,4.268955901058796,3.019961783516417,7.225616854041955,1.162662499002862,-7.797305262509046,4.178557886213173,2.9998785473172807,1.0301091048671613,6.255827737056162,-1.1918106497507304,-0.29606374685293124,-0.6564686150953432,-10.96827468863615,-6.784370452591992
-10.807768743304475,3.2783367064934876,-4.5131736600808425,0.15348585504425757,8.115909337830349,-5.541221535262275,-2.8160012854181207,4.82533622276871,-3.798706381092356,-9.822076833887772,-2.5126579226197636,-7.035295425996444,8.6293244639401,5.075696779903612,1.896805713530989,6.926302153716337,5.027746567104378,-6.477516779650156,7.444164077992785,2.6376259807487474
5.664448788343415,3.956100058651,-1.3275246135422565,-7.186026220509845,-4.1161395046665055,-4.650967898193903,3.526440868941714,1.0674168594902143,7.636876233116485,1.0499764613214408,-7.7497777131062096,4.567218644808174,6.591297936642158,0.8214486395575255,7.454875055810815,1.8680063347852682,0.32354524895939896,-2.0267138968482206,-8.794379418727784,-8.18969640265277
5.562852334567437,8.430871143267007,-2.985574809966505,-6.670004774263518,-5.641550575973942,0.5310404112799789,5.77095875386468,7.448832078726427,-9.615680457158579,-0.9070220683980998,-1.9376521920035408,-5.396330291346987,-8.034813696455764,-0.806772606470906,8.019570404650855,-2.3565168914444676,1.232272248016109,4.046517043399285,-3.592617006266367,8.667386334027444
-6.804502005036614,0.10296218821217082,-8.839191295535416,7.540835969540248,-6.485483783566834,3.753697751829145,-5.8291816306912345,0.08400993131368145,1.8753874532855628,-6.1110131536164225,11.340035200080985,6.527765619804065,8.136080442958207,7.923860388404414,1.9106288736772665,6.855307937116208,-9.170548875445963,-6.641103658596956,-11.131674724645176,-3.4458999164830697
-3.289808706040678,-3.5513946001221344,5.518760371111745,-3.9149882559514,-5.290999594660719,1.613421700681092,-7.798290862024455,4.6959438307136265,-9.114667126340382,9.70569636132986,4.263922902268762,-7.177367478350895,-7.778261323428367,5.448663165282795,3.8141045081793363,4.212906360020461,5.004050125948472,-7.89776022534909,-1.8825424786424978,-7.988573241028998
4.691503815697418,9.962172597376352,-4.044445585204418,-7.983836686641056,-6.211003848399022,-2.087814259330564,8.6343888875931,8.154981353750165,-11.410159834524023,1.7191589522365451,-0.4585376618829886,-5.839056252873683,-7.295995711296506,-3.2626406513485153,10.830773982697318,-4.332231548576986,0.5218230446430494,3.6322338469107516,-4.160448357031974,11.6272799094742
-6.264249718287468,0.44775855456575075,-8.466426705132704,8.700470594000418,-5.28557010003428,4.00701036199278,-5.160273547071042,1.4552519758520994,-0.2603173529004421,-6.017107602694725,8.546538596865012,6.056045450296718,8.756053605355874,6.301791050389642,2.378699207240181,7.859563923629624,-7.34900323814824,-6.079017062882689,-8.700033236401202,-4.450962339749925
1.380559657038391,-7.112452410210827,-5.421605436250602,-4.465869586660743,-1.2614175052722492,5.579790281585437,-6.40420405044741,-0.8993417899503269,1.4483923151097127,-8.801696993019311,2.1060040079062294,-6.407016495654957,-9.369083340748643,10.149428659782826,8.136467324936406,6.65550725941594,-2.725833523572625,-7.565649627123427,3.4821363031783075,-1.7252471718709521
-9.378671984730977,2.416500632808394,-3.0511437663765184,0.3996011122550117,9.496446652133647,-5.616052577955115,-1.0832271496541224,5.273245987759806,-7.059326960239103,-9.379018261947174,-4.354848975246807,-5.663281805028184,9.057676104408575,4.994906767407625,2.52775890216131,9.447018252547386,6.184664872823149,-6.59592439735168,8.342919610555777,1.550237917894984
-2.61989210248491,-6.482216823499325,7.045233179167695,-0.892588987046014,-3.9170585681293812,1.4630571822184835,-6.609070194349645,6.440986284963195,-7.577321159536489,10.133112413196011,5.132218216279871,-6.821675279325306,-10.138531312808627,6.623358065547348,3.8210639158293698,4.894482043951178,5.864557067419332,-7.685927534048011,-1.547890460275567,-7.604611391018548
9.805663875475641,-4.351470011729533,-0.6703437642259977,-2.1245836523739423,-4.260064681497599,-8.96032936779064,1.5422103460312977,-0.8775847961997297,-8.49312896619079,-4.209557219328985,7.375965353430497,-6.647188905435956,-8.372025645503085,0.9851889226423678,9.099755267561942,-5.497803115445825,4.893051206876634,4.1102417450879365,-5.9742439458690635,3.7955601436764983
-2.4333930648590236,8.33712441668621,5.614998569645852,1.8261123024385935,-7.705124387943782,-7.20149543492894,-8.425396302360387,6.7597983626947284,1.2000798392977443,4.405138767412821,-9.343343542975228,8.891253867868755,6.177814510390113,-5.521167849076841,-7.811584997355312,-7.7393735773078784,-4.633599362061681,0.28168148093291,-1.0501920615596805,-2.700060979089609
6.204231898901637,2.7267293540342217,-3.96025160116677,-8.43369201494211,-3.8451258254846326,-3.4033979067820814,4.042198734296935,2.2410854770081805,8.031527365553957,0.3880140089950307,-8.206394415431813,3.3961281998869897,5.829161138009786,1.1930400583322358,6.249841733077172,-1.0298852860833327,-1.3247823377835493,-1.982183714655342,-10.257970074383113,-7.920959860214211
10.092774673327847,-5.3156890189484285,-0.03727733597900409,-4.630955433169261,-2.6515511637647684,-9.382532992235111,1.2692623544207549,-0.6622454492975199,-8.8436543738581,-3.673739543489559,6.829490874182553,-3.361102183718103,-6.793427264119922,0.25551117852067323,9.615819538388578,-5.139635602418866,3.294427810190169,6.250188275610311,-5.255177707605377,5.331377190729901
-1.8869904790093481,7.875453010417552,5.67899062364837,1.897405397405272,-6.209146573910058,-7.951966826316102,-10.392086522652075,8.141412573523732,2.398709760961692,3.2594000015633986,-10.457973195358646,10.523631827654656,5.459440923141107,-4.110544833178514,-7.264121390505856,-5.6935178773229405,-4.24377361655823,1.0983160637271003,-1.9052136292718778,-4.338210102111455
-2.030217797306358,9.347948233485269,5.677418780486001,1.463153285085985,-7.1495021264446414,-7.858873309058254,-9.282621016712122,7.700823408543555,2.7792888515095275,3.2392862317432836,-8.71870419397829,10.753834902044836,7.0622877192321365,-3.876421973876411,-7.13728985496156,-7.5765645062427405,-5.693875389713524,1.9911729441339403,-0.7067339708036274,-4.231001866949616
2.7999387546219445,-8.089937140461217,-2.1700459175961955,-3.2037340319381302,-1.2137380968307323,6.045857062349894,-4.452363936118031,1.1386647448244562,2.26315687760276,-8.607703215481939,2.1944117066722324,-6.031378011735663,-11.228528217988712,8.681103285996867,9.553962596407969,5.0169328787097145,-3.5214012987210266,-8.251028940858443,5.440136228558627,0.3760696000068833
-3.6926692573231685,-8.008663913478037,10.906249019495103,6.662198120810122,-4.957384708948275,2.6618525508185575,6.843702489605982,0.5821328182842025,-0.5460450990195811,-5.358248761787165,-8.437338487214259,7.35207078144252,7.469550784369491,3.8467249433463624,-3.5391443932934905,-4.149936170225215,4.056997613604931,7.996540858516935,6.4054588487509925,7.223488877158875
-2.2951038789225464,7.768547349486333,4.813059762079283,2.358487063669569,-7.763484627352403,-6.726384487330419,-8.78011903819001,6.18055261766808,2.380087595212459,4.722236082289143,-8.505258870908674,10.45199909527479,5.271183448051344,-6.6910428263496,-5.848465388649328,-5.818123852019115,-3.4001074545031975,4.347860123299478,-0.7902091164645182,-3.0398515558585624
-8.139212048851403,3.1655808994552768,-4.276728710333326,-2.154006330845624,7.914017244326641,-3.9861964147647027,-2.1843893219545207,5.139343034538737,-5.002676435860842,-9.475694177673956,-3.5817350450858214,-5.138452464918206,8.421139694958054,5.033343169456037,2.601474103186496,5.204827695145488,6.410344801958907,-5.8163244446307045,9.526816263645118,0.5928500457463889
6.744126391173913,6.515966312604398,-3.937825845306253,-7.180672206135757,-5.0246376886125725,-1.8434032074373592,6.551219050204967,7.321756994864435,-10.085198344924372,0.0041113328967352925,0.5836474977325405,-4.748532886654094,-5.1220417358142,-3.744659704847942,8.773227481362238,-4.868067124861543,-0.4337543672222499,5.9622923265660575,-3.249442242255877,11.354922954563673
-4.030204690302856,-4.241548468191187,6.939311660394045,-3.5451069424761648,-5.665696842324899,2.3298008136689354,-6.690069989610345,5.814858584159086,-9.646020009552071,8.915923903589,6.747485782719379,-5.888024428448506,-10.44014472452866,6.818917800321338,3.322748689506019,6.080986391100126,6.77820746861564,-8.985681036520969,-3.4593556761454076,-10.300752008189686
8.809329745825217,-4.76437188362903,0.9023799630798998,-5.206833576885637,-4.5844837651202175,-9.38079528693821,1.677017708027296,0.9534099607101875,-9.690813333800685,-4.982471114710109,7.45539858638101,-4.1167067752217505,-7.594546670587755,0.24910059643481697,11.68871418344209,-5.233712990120576,4.554771628150729,6.903746390667479,-4.220057560111593,4.5475256562594515
2.6653745868228276,-7.132966290741446,-4.7509184373643425,-2.838394544443798,-0.8000232859401307,3.574785133445461,-5.5483562420441075,-0.6950324564445742,0.6949589740351048,-10.758336092710756,0.3570045401608761,-7.944965029366459,-9.4079890979249,10.930969882593235,8.786760985595983,6.345697068597253,-3.507243230026258,-7.915492533656473,3.607217069517144,-2.3922438888072177
-2.0092462686819585,-5.03778658843381,5.397523765587378,-2.396393304582145,-2.598404206187241,0.606581276139813,-9.560511541257972,6.713989286896319,-7.523587414954535,8.151893091624498,5.6213795695961,-5.574460353180453,-9.962664959536891,5.518457650011328,5.153084100515899,4.1767636148510645,3.940220771018982,-10.568581450987873,-1.5698359091152376,-7.065954833026288
-9.506406514242377,2.0105690876650675,-4.816638941075783,0.4310094699930102,8.92520665196468,-4.173114140060881,-1.2179551881535302,4.613653237720711,-4.709486928704045,-8.151347365319852,-4.071029058772626,-7.38726737662171,8.097076919509933,6.236294527412893,5.107949597193971,7.730454283845746,5.4622530357320045,-7.100988267248726,7.359413357143353,2.9641382858620795
10.331324610165666,-3.3483724035747873,0.25014275242821765,-4.748913576573177,-6.000286255740103,-8.220594319825995,0.3950101128204013,-0.2870236131665365,-9.19473180294386,-4.49652585311879,8.201120319368915,-5.070614630292977,-9.517465820254067,-0.19628888457861254,7.483433508100138,-4.426676496678996,2.88758579231396,3.0753555813510003,-6.061453797537382,3.9942516330525377
-2.28984405824517,-4.090229240461764,7.658333286148585,-3.198394159309986,-2.8613578003380855,-1.2818781855698358,-6.42172826355167,5.204412057063138,-7.136715809796593,9.879783210840891,4.771990053923746,-5.3628452762949195,-8.9963693103207,6.95112269195532,3.1074506373192827,4.096126237197662,5.421334096597479,-8.560366617968253,-2.0809399536761997,-9.697520042004014
-2.3299169960572828,-5.062590011552754,6.616646104192865,-0.22826432418262543,-3.227806956470841,2.01649533135281,-6.7459691815123835,6.210424887657942,-10.905069414735,9.058758385547215,4.964320972730673,-7.900578433364085,-11.046973447743385,4.328392098174048,4.09882304125497,5.3989093316685635,6.532181452343243,-8.10432250323895,-3.794081770313116,-9.614683968017365
6.418887514629013,9.009918461678453,-4.3430869628185365,-9.332353598365195,-4.738078494304422,-1.1334782532310737,5.2400965170086815,6.481220294212749,-10.720061663426327,-0.5095862174829334,-1.975462691065608,-5.824391094866142,-8.253486308394804,-4.005860391427369,8.629409734331004,-3.3682498247253343,0.05951589850247779,5.219046201244858,-2.219320237993334,7.8447957975605185
-2.835624448300787,-7.264382444693265,7.728737698461636,7.973154886593176,-3.649447143295192,3.9055751167881327,7.276819245671505,1.2759370808966926,-0.3431388789547499,-5.972598641694612,-7.818056676027604,8.887078884218845,10.794273057260664,3.643851089903963,-4.389839936523488,-3.7830810801067645,6.797630893360786,7.727816267074765,7.7892431200636345,4.637093996743247
-7.973862203676287,-1.0916357576738336,-8.762546391405373,9.98783814084213,-6.125988350802993,1.3974272041820712,-3.890665363561848,0.41705821951397465,1.1528648936228907,-6.749231404723804,9.19105325646574,5.870166877762893,9.830409723928621,5.941498238234693,1.5890601371902402,8.651293494403399,-9.148126063572345,-4.349173119849796,-9.730864102017977,-3.5346860717419957
-10.414344548074054,3.0972602738655763,-4.095879592956924,0.6054823104772331,8.10847323086152,-4.939881726832356,-2.7039349158735524,6.101084001577333,-6.580164057318583,-9.569166698829136,-3.8376105925771524,-5.172730007741942,8.241359949787054,6.863379913992305,3.741415307072015,8.243896241048425,5.762233248808609,-7.359645539473358,5.643632404128201,0.5240043388506208
-10.537390471945777,2.830898742024196,-3.4650340965716415,-0.8989067253577812,8.838156973974698,-5.412482429904129,-4.284731190870474,5.770872382965538,-6.540977574269915,-9.50817674956324,-3.517068858832241,-7.1227357373383615,9.51172519740296,7.3725736866536575,2.023146669886172,8.222474299709386,5.3179807365894085,-4.0354829051471075,7.158222965268341,1.812932279273018
7.448979630094389,5.616968825873575,-2.403058607044498,-8.343249802601951,-5.519405759273956,-1.9852075651949828,7.903183423988979,5.9836331683216075,-9.84922101965425,0.7423847034113122,-3.2627827049095877,-6.4777419610315485,-7.750871186824573,-4.134361606611815,8.042602307031235,-3.8858040226613326,1.0253937665134956,3.7176614010254116,-1.6489817579411739,8.43788387175986
-5.010324207708456,-8.631632862172575,8.357775906889607,7.34925773015045,-5.390712036506932,3.1186930112814126,5.084881275154577,1.461209110984186,-1.728473774957449,-5.188723537868223,-8.738301338145588,8.96060310182317,9.763672213899913,2.3309769767150015,-1.828678249884555,-3.3319247883771927,3.5529870542756976,9.688108831237162,8.262504930036354,5.601949439762291
9.82022895200652,-6.585806708044938,-0.8052886898440269,-3.3941970091495484,-3.5812688600422757,-9.913965201127578,2.0571333526055318,-0.8190140618289229,-9.518821762811395,-4.160855455114864,7.6636710405366175,-5.4529772268362215,-8.566809239793105,0.9220113703573982,10.22307567538308,-4.365989197932789,4.733136272734434,4.407179431028634,-5.60564360318003,2.6694926046549803
-8.492761436084937,4.076901423921121,-1.7187566377390262,0.3879685616722621,6.57909893444373,-5.321616317037643,-1.4023959399039696,5.185910355232531,-6.670598656326977,-10.091469428619119,-4.946133610359468,-5.967834698935761,10.17429281767443,7.07897520506604,3.725502417322606,7.348396230590798,4.331359080276327,-6.723819403161989,7.592415557927177,0.28979235147733173
8.77748233286008,3.6124496952841967,-4.4943669726175965,-9.896590410179448,-2.5056697160072696,-4.631969464222888,5.101418890403289,2.135078211767939,9.361299776048213,-1.3261262958988924,-6.464753551028138,4.449754398520263,5.467895826572236,-0.7447646299614759,3.216430245885502,-0.3446540129794991,0.7015626510564933,-2.574377460566731,-10.580310875594439,-7.280698830307778
-2.215639690886121,7.657704323574917,5.106308818661628,1.9375282016432485,-8.49475900705678,-5.7153702388187755,-9.57291933343406,6.513270478484322,2.2228694320951186,5.310088905349624,-10.604131933062348,9.459876893087857,7.0776693163390085,-5.060112179171333,-6.187059100580762,-6.698937642014646,-4.742745361457965,0.581272515691132,-2.4332386391432923,-7.096767679533769
8.926423779735167,-3.8461855351187424,-1.1851465145212385,-4.207781937377615,-4.1654317072766105,-9.703638556203973,2.2920495024995358,-0.134113466844535,-10.369768022786088,-4.245592833388715,6.8369659278202075,-5.04314706156383,-5.727966734025429,-0.49196799172479366,8.541525952241027,-5.285882382974972,2.6107398400390407,5.82690130920582,-5.39523786767486,6.274090223901765
-8.557542078395478,0.42233121967712495,-8.44870133517411,8.357877359166034,-3.671752264737969,2.0330418935826886,-3.2978280560799287,-0.7689202828405586,-0.17987577136749455,-6.933841723227249,8.449632371716927,4.954660648481154,8.575828520572594,8.73370149488436,1.636840537516,6.851858993692742,-7.090082112466449,-6.917432885232135,-9.154174648893868,-3.046856877794001
5.924863678967975,7.841743000220771,-3.3601089046184454,-7.533673164662657,-6.870623220135231,-0.1715921410200154,6.481477470350539,7.0119584023047175,-9.43011138420644,0.4514882451661786,-0.884717247534718,-5.019860118434454,-6.884846424330076,-1.896702666199925,9.741818627221356,-3.696427579913458,-0.7470887212095103,5.728177110908071,-2.965131325761233,8.962534241058693
-1.6837812740647204,9.82779576419896,5.9453576433824304,1.9941735255734911,-6.197674219856307,-7.190376349869402,-8.514161404147568,7.193379861131018,2.119296199856894,4.756608581357822,-10.406530797317423,11.490584318925347,5.642835434508734,-6.9674063992222095,-5.20538978235792,-5.540247108968388,-3.2910353237570904,1.1234741419090373,-1.3733464000045998,-5.072671567524993
-0.9123792246857552,-5.521768059790082,7.636006441550706,-3.298323032814367,-2.6281150041867996,0.4887690499667564,-8.022008486011439,6.731178065476083,-8.94477685602822,8.896289217881337,4.967055535229356,-6.0702929014995535,-8.547377526283098,4.375140823637105,4.160227535902764,5.20504695547379,5.618855508710711,-7.209241795884658,-2.9050307588730715,-7.867170251683351
-4.502933265624206,9.388342698045893,5.867547828701394,0.7635286652495266,-5.207054804313566,-6.461090583909901,-9.54333961239442,7.267753837840997,2.580627147385898,4.23745694733332,-9.049554121637582,8.47752345016052,6.8182136400445135,-7.166932283339457,-6.474726717206688,-7.235817444396114,-4.650685083399012,1.7312218078551946,-0.26978950656341616,-3.5662790751319844
4.540696646552378,-8.689567010098887,-2.897873789508838,-1.5263222637254383,-1.8519791536863153,6.710652564333433,-5.670379393806577,0.05721250831882477,1.02435589026885,-9.79010119704923,4.2007091338146925,-6.588834707296687,-7.916838138762951,8.186811363399112,8.53278771526955,7.249931771579163,-5.257300828084119,-8.461771487777593,3.7186879413153693,-1.0855775233679206
-10.486542548928803,2.8014276755880734,-4.3682079016742605,0.36638152928481493,7.598405462285625,-6.072301848316912,-2.9693731707404774,6.673377280234203,-4.535048940983907,-6.729883851596182,-3.6650200409695364,-7.205565663534751,9.917293969341399,6.1293395899265715,2.888916900498822,7.386387424678837,3.126537318698276,-4.663863809984431,8.34218391575731,1.116667899181524
9.211053067047533,-3.6828586842393047,-0.007356987529994155,-5.628945190266548,-3.8731009562788956,-10.06608570115209,0.9745010385165191,-0.7805785821393506,-8.427920745335697,-3.1683094755077024,8.648247664510661,-4.576738963043531,-6.629057285337537,-0.10961761758827095,10.409939717174773,-7.577670036839412,3.5537992994224052,4.187467271952099,-4.0843465476078675,4.417171667020331
8.94862775627675,-6.142790796423393,-0.4722647173906046,-2.61164196985883,-4.232325115395511,-7.331602793853085,2.929221605860092,-0.5912284718162532,-8.919348670535134,-5.28028883340965,7.496884688684305,-0.7296779356347951,-6.083478048141727,0.6501531945579339,9.08982876690395,-3.589310503488912,4.542126549910509,7.114013595932121,-3.4141349717535574,3.0852376841396696
7.044062886390747,2.434701122396912,-3.2120649631977467,-8.027009953736183,-3.1434454866837704,-3.9714588379096623,4.059129847335327,3.3910523842563474,8.459491435417764,-0.9490526215838865,-9.19530315091242,4.057579648451655,5.8392267711638075,3.0309607978097057,4.221385636750559,-0.5506593255427588,0.06525302611450501,-0.09337429339750658,-9.52655896557673,-8.749498019506177
-7.90329925980865,-0.47099594852484716,-10.292155152477877,6.229069452441653,-5.492543416327429,3.4438251390037995,-5.11395552363927,0.41704266002784063,2.8344740111765576,-5.2798543342372195,11.035234064411702,5.8937843441550175,9.957488654270229,7.172582278085188,1.3136593091997182,5.6983444943248625,-7.044004484919311,-4.540018771797209,-9.648631467136509,-3.747345091131948
-6.750316033711704,-0.6809170896250345,-10.06158726711841,7.964871443991904,-6.00136248076963,5.070989595021456,-4.332173069426504,1.2329772097366198,1.1436756705133655,-7.287444939971427,9.385737846078444,6.2866592465330395,8.601717496197477,9.089659954404002,2.9795149690035663,9.356399555120664,-8.689806731234606,-7.160185199398582,-9.709041827152035,-3.2971524440679922
6.586755366261005,7.920311495521817,-3.7926604455428787,-7.316248748890327,-5.854828007970497,-2.3104168162213736,6.970204441104505,7.0701238236824375,-9.82738974130718,1.3043258877059232,-1.765656544760161,-5.542809865043604,-8.202342164777276,-2.81695663794559,9.208021990930472,-2.6351662277943375,-0.2033164021395537,3.6025622083133704,-1.935270553268651,9.687854657782077
7.504139187799838,1.6149874558695934,-2.5181159529845702,-7.959697214969494,-3.96808058926664,-2.655726846681676,3.766831605930416,2.2582311521550107,5.7340381969604675,-1.8796525809805764,-5.80048427556328,5.906324372182214,5.281489620986911,2.8884753985797627,5.259269112482916,-0.3674983752800931,0.511167236105438,-1.5741012281525733,-9.706813788678277,-6.698773352984358
-5.690632083941421,-0.06165425727476409,-10.114428985730811,7.039248530563931,-3.734495408908831,2.6792617129954537,-3.7219496787513524,1.3571631686686971,0.44994723493476274,-6.34883971822962,9.375124145468652,6.185980978738383,9.380723166794109,7.6764332772981465,2.02164863771822,8.065705688938847,-9.707762365881054,-5.822741894218966,-7.2032624609561715,-4.377112525425775
-2.7003725867401407,-7.696927867834662,8.877516750540897,7.4273326663632835,-5.476473980065092,2.2361818601675285,3.9594352060533393,0.9229066695847374,2.112389750072082,-4.432874089453369,-7.9102355254060575,7.210310164777383,9.005700369025686,2.5427198336623342,-1.6444698652369274,-3.9968957710414634,3.7691440494321315,7.094935254831914,6.259610114868333,4.660466231960714
-9.77756770283912,1.7812254596582602,-3.2615328306088336,-1.0097797161354418,8.078507045931516,-4.17614136248619,-1.8930374121045832,4.164708948113177,-4.2492226325818585,-10.339382748177968,-4.532765997602102,-6.817234278301246,8.609861705251092,6.342903647366421,3.278514950017963,7.3938043647090055,5.70538325583861,-6.676188166938979,7.239664167761202,1.5743881626398792
-4.635977747980366,-7.307071243357829,9.024295829546494,7.148448444930866,-2.7561377694361964,0.9104536564995147,7.128811139794864,1.8168210369441091,1.1345944991195411,-4.986741476352344,-7.587265321256978,8.812490638622428,7.282473559434614,2.961224767645449,-3.40272102104929,-4.109576907972291,5.236283552018078,7.377844774367509,6.243869810522879,5.0584002564508275
7.0551463386784015,8.132461443684921,-4.441150860375606,-7.342758190294721,-5.843346049435956,-0.7126573455810464,7.843554203306452,4.609034909438334,-9.749889916180553,-1.5207878853963117,0.7900086483053506,-6.025968324381585,-6.856319411500971,-3.2830134315223365,8.055109497531326,-4.457994406762322,1.9614916079680813,5.016317238081867,-0.7838238650365572,9.491094989576913
-2.237618785857377,7.737537552378012,3.558822295819839,3.0263225372736358,-6.9191823450079255,-6.198608895903322,-8.81000938050555,7.353279054994449,2.9605840408401733,3.645406827703535,-9.492189337142968,8.935921754534844,6.21435658857612,-6.062389909903116,-6.141366884224275,-6.810658424594801,-2.6593990152357248,-0.39947866957474665,-1.547971271319044,-4.615148254313336
7.960594479638181,-6.034862218128136,-0.9901127185798371,-2.896761894480969,-4.450728300550799,-9.784126569461092,1.2566777670077056,1.2497306861033566,-7.5062237024766265,-3.24232681656109,8.657755058487242,-4.91893214478984,-8.31804037615144,-0.4567639211597968,9.029148878865579,-6.984406678754701,4.499754367282938,4.536562360182075,-4.0513072127167,5.446073372997204
-1.613569573420586,-7.230196367867594,7.719271017685945,6.552961778762347,-4.5339634997990155,3.243887095564032,7.176554221245445,1.6509847051164468,0.32853121835150667,-5.706755777452333,-8.297886792180849,7.393634312409771,7.8781656104618465,2.678470074084741,-4.117335072406043,-2.385128645648902,4.1486858629351175,7.1003208487661995,7.390121057020478,5.8397690737727626
-1.3414155613929428,9.268706971499535,4.9774814983033036,1.5612927178182647,-7.3672334152237635,-7.312667781095567,-8.443875614257713,6.902538434678441,2.3120750917605886,6.236852354566348,-8.71718541065226,9.072173511072045,7.85006673817238,-6.1612931594560285,-8.40162519103584,-7.339996113848728,-5.785947061835101,0.1436151486034486,-1.3426812479681334,-2.4989798837638784
10.471348060492724,-4.902174853680429,-1.9344968460984564,-5.779425450944008,-4.141104419803872,-8.399870476991657,0.5736652209717867,0.5032930720737387,-7.640081467510495,-2.539211727309132,8.496540479192952,-4.701959592108078,-9.235286985803683,1.8888077535472498,9.137518869115894,-6.092365728195032,3.1875048136779474,6.744065720759782,-3.0392030726084585,4.689735651713036
4.578566449199405,9.154109827980694,-3.601014672545392,-8.288428504788456,-5.274293827465428,-0.7244962202966932,7.727042055144258,7.5277546882604,-10.751653474638463,0.2705761753171041,0.16501329963795253,-4.210165705072771,-6.693929175201985,-2.4520095518050544,9.557644168856926,-2.3771865250750253,-0.08081635085458283,2.70529311212855,-2.658404451677059,8.618060067641522
3.124561861861649,-6.449276132647685,-4.097021034680473,-2.2844511287027163,0.3709045850468782,4.370741830380624,-6.355963684049762,-0.48787998048400816,2.227444495966974,-7.8407695699492574,1.5539227513076925,-8.979821893723608,-9.11118888531888,9.891184477084073,9.850270564441066,6.596133210139797,-4.187717918407066,-9.325588456092108,4.199954851867605,-2.031231935242598
-1.169729294929941,-3.606212260271538,7.293918849394026,-1.0451616788156164,-4.464399133995568,1.502803589068809,-7.765916477100778,8.496309527949519,-6.525353473968565,9.749619166528138,5.83148161583834,-4.666388769951746,-10.036697162342058,5.652604498296977,5.0111366279592255,4.658582606903417,5.608401383364175,-9.353378308386159,-4.548357577477944,-7.446476399618304
-3.6971086108723337,-8.310384756651548,7.415508201776391,8.029452093660925,-5.509316637213624,4.168425541850832,6.119888962433665,0.04556574256820922,0.35519768497170856,-5.573811381127441,-7.128841232153963,7.575314969815001,7.732150762066283,4.073575850957795,-2.711136857562637,-1.3531024917432857,5.778158581468693,7.055042610688688,8.731679339702454,7.122814209227068
2.7478499829751843,-6.179542201335106,-4.814941583147774,-1.8182379070595502,-1.9705342160545936,6.593766728696782,-5.834685017039274,0.8379399882570162,0.6726967716159982,-9.96606158787665,2.748125256282151,-7.537865530478371,-8.235761848195287,7.6105729386064205,10.160814874157856,4.935423647560713,-3.3554246788530637,-7.420926786226321,2.9878887118135626,-0.6149235581232462
-0.5874936786105263,-3.664996701985891,5.8673106382264,-0.6550778003797499,-4.054315292982287,0.018797159192734614,-5.5286024492743255,8.121717200279239,-8.542012390124144,9.234088471634749,5.272520428479486,-5.310954641798852,-8.611701002497439,6.879715899960256,4.238870085424113,6.078155131124174,5.112570460667392,-7.4881876269512855,-3.118748227465826,-7.251595851486512
7.325300664024972,2.190122576654702,-4.540642766606501,-10.544481970158344,-4.294442370054654,-2.5986777878153156,5.848321006174963,3.9388628112427178,6.928345316377978,-1.7094078203913776,-7.11148046625407,4.899995756057825,5.6158705775384465,-0.7885193228478382,4.552459014207754,-0.15377686299816357,0.9418747822703087,-0.6818722702265211,-9.347363942836056,-7.511387653595675
-2.630611365689662,-4.571224491643975,6.692457601499546,-4.536694739456381,-1.6709781619174917,1.3737926812668813,-6.971507192482158,6.6591035993593755,-7.799576145817979,9.597185246507914,4.813654249692447,-5.426235682994848,-9.5038468169965,5.499338470007274,5.556182488319607,4.87349539714273,6.155226295986545,-7.127186077638274,-2.8087966079497124,-7.3656668025132905
-8.567684035651773,-2.1823596755079335,-10.784266650722424,6.812573216676983,-3.4459307405381567,3.3662702743065864,-3.3761739541197926,-1.8190605853789097,-0.26376084235166863,-5.415831113043172,9.678466667673758,5.355451188536694,9.354821189883905,9.53234481468879,1.736957112684652,8.506854503120405,-8.037553040230305,-3.688233116343103,-11.194810486208265,-2.810170369945905
-8.288879277582407,2.0680603579391326,-3.881218012710657,0.41088081207449123,6.780487433692853,-3.419235208936486,-1.8046180727895822,5.394950658465695,-6.0010411298947535,-9.787279362791164,-4.8090008271994105,-6.556370067286323,9.267381859605154,6.324199131891059,3.0147991464504202,7.0921854290729796,6.5696901042277185,-4.7857659558933765,8.555969412238543,1.5963867265659544
-3.827029349317331,-9.398313035735697,9.354056485789332,7.431970027971192,-5.144209266643963,2.6541271402720525,8.216158628340157,1.4586065105939297,1.142762788765214,-5.000338558408699,-7.867895030436819,9.342939769625948,7.757506482038913,1.2050915999446294,-2.3513495247982092,-2.51910689550439,4.627093390289831,8.41295844059933,7.370984265008172,5.618203500006736
-2.8300741090334345,1.5333525335505347,3.618933494547083,-0.06606617772941492,-8.685467626573157,7.0055703312009205,-4.648444627810855,-6.4482120615171405,-7.782287579401451,2.2461132612817,3.6818295292740078,-9.453378711979012,-0.14727392999094374,-3.4739321762863153,2.0912986776549305,-6.301745257936241,3.933780328392127,-1.2565305668561166,9.83777371352833,-7.281599921567206
6.6030446908522,3.794608948095802,-2.564572376248644,-9.64229157391175,-3.473314328434934,-3.5475693949972507,5.217708160436281,2.5278778386709533,7.4370086258648,0.8133930860018377,-7.706835975689639,5.091318068651665,4.990349487293749,2.8922072106174483,4.741008969755727,-0.7382316039593698,1.9791737687557847,-1.8941260237242608,-7.8905431589537045,-6.950330880539099
-3.022206799576287,2.8059519637796866,4.400710984426734,-0.9642516450238257,-7.918218749491295,8.793322073578388,-3.455670019825635,-7.504963771306395,-9.802894021865374,2.0247413935216274,4.882091152485511,-10.007579265858938,1.0685129634180517,-6.90545332308813,1.459737438593943,-6.995472108585121,5.256783483922582,-2.1964184344754827,9.02441097030131,-6.971501521506608
-1.1764051646569327,-4.248361129019564,6.717740817847805,-4.59094408479498,-4.6516765030135545,0.8265373427612257,-5.2284083022321735,6.730896247179473,-6.9729259446950556,10.335276437905074,4.733592158983668,-5.9085621531667005,-9.65333401126372,5.370072999326,3.752759500359422,4.374376367142575,7.0310267662840324,-10.59984749070917,-1.6248670083985042,-8.61941404445679
-6.828234676318942,0.4419731594418561,-8.596495336524791,10.580769942158094,-2.6393054729635494,2.563730344076345,-2.141893485400628,0.7845286133151166,1.4333014030033424,-7.995181721132788,9.221306789902975,4.689832876885726,9.618037646177092,8.96762750895578,-0.116486774794609,8.415449836458064,-7.108288454167358,-6.26702171393054,-8.366390576786875,-3.1422279171076286
8.35811421871144,-6.912732590224868,-0.7937451476946764,-4.522572843128217,-4.658040843802463,-10.221175142915333,1.457861512780698,0.0425741429488225,-9.740651958110355,-3.8835463827177428,8.846978370730515,-2.8283744404960625,-5.976422626052076,0.03215826387967516,9.092744785544335,-4.865147218095992,3.769306908033928,4.71907921756869,-4.463517723399129,3.166228957555316
5.242584977088555,9.228380066204364,-5.338381068962973,-7.014676756182713,-6.706508785159363,0.42794428901065285,4.815695591544237,8.366862316999615,-9.942591749387429,-0.1516565182874285,-1.4663832805566588,-4.925943451427582,-8.507093155657213,-4.063484297096013,9.507798943363271,-5.243284313234495,-0.20841665832476297,7.101066132062996,-3.695420917003401,10.583444446178968
-2.8172319072384915,9.793946660467661,5.950187582347709,3.368853494730688,-7.441795217729572,-7.089331467020474,-10.521765948856961,6.5176528490025145,2.987151867961633,5.777034379469141,-10.822658985963873,8.805732784086992,6.622447059049509,-5.47305662761487,-7.173104175779634,-5.907848758467234,-4.388994487880161,0.48067636176647816,-0.8148153791539856,-4.1689949262282235
9.00022247475969,-4.129364656114131,0.7947904831666163,-2.3441526205281855,-4.34781773551709,-9.42784002547694,1.4757422598394094,0.5910425513024319,-10.51868664323105,-3.6509833424052065,8.753152841198865,-4.62369198420218,-6.9638773216736976,1.3220334530823454,10.585002547638878,-5.765971761145691,2.8535318984199254,4.352718493159714,-4.695965787376419,3.5641880509972346
-3.1527474553702124,10.044246945779483,4.30510350412156,1.5695212206987352,-7.834749770500623,-6.456510527682486,-6.775802837392865,6.25599000124443,2.046519691536934,5.573672111336338,-9.667951505329667,9.85056883948962,5.586459287861556,-5.3249106892268285,-6.550644920862537,-5.346179807251461,-2.7277690892444943,3.084692274663371,-0.7814664539441095,-3.849620879456995
6.474020894278863,3.1228916028932465,-1.9482066642871716,-10.106128483551627,-4.123688741539205,-2.3541261665795012,5.749368114492306,2.5796538267160236,7.009583757849671,0.4002343255697486,-6.424565978652361,3.100232395947504,4.011787323371569,1.4508006333735246,6.048704232520112,-0.42315715794224,1.1339504076222309,-2.15931623966639,-11.606311064191832,-8.266072532466508
-1.64585984667141,-6.742433591611531,9.461395360480433,7.244126023944069,-5.678549530046462,2.847463601786123,4.679655002591555,2.4468115474109524,0.3097186077024172,-3.8716234529260065,-9.369444221103615,9.026940080068744,7.513480485087289,1.3776597371561852,-1.5922861268662283,-1.908496838406008,4.730905997590572,7.976143084186506,8.181238504121465,5.792139495069888
-3.452633564023043,-2.376373309543128,7.342229527592719,-2.866647619797278,-3.291773223175744,3.2193294351649433,-8.620235601561618,5.818676972589442,-10.887418786277912,9.93039026465837,5.810289627858288,-6.064848484759311,-10.544091228526263,4.259714052908357,4.510680560364112,6.035577844735072,4.834388477985482,-8.079047036295048,-4.398829742534598,-7.225405745804892
6.296860517172064,7.278675588347208,-3.3784119038368923,-8.129772028968738,-4.560810288937035,-1.1247857924078268,6.045017130997717,7.446130437173329,-8.545909329851984,-0.354684024995062,-1.2491229553772591,-5.62830413105139,-7.175708969464244,-3.9022615135231713,8.968529511409761,-2.4281180771680946,-0.561194546378785,2.7309740745784743,-4.018863516901085,8.264979124219025
-1.682669809439304,-8.024222100893848,7.438770735304572,7.132223204370925,-5.637391568470707,2.505982953066913,6.122840613841668,2.8348314250339897,-0.07330564942449647,-3.503683517771776,-7.2891078479024936,8.34058672265262,8.756481175518482,2.6756848093028167,-1.93335407516256,-2.4488282444796816,2.854447592379275,8.238457130941509,8.52570162829496,5.308509698551259
-2.2645038905778505,3.2134222371638494,4.358906026670777,0.10953069754765998,-8.320346148789152,7.032720833326928,-4.51983410602399,-6.457228613279755,-8.691547358437752,1.4924375923920057,4.8602766465747615,-11.179167983259871,1.3646324062189619,-4.808899021225236,2.334627220632407,-7.437079988130169,1.738472144806868,-3.0604680864030858,9.781776429737686,-7.305666843358809
-6.732119874538656,0.06151251447685541,-10.584148578808355,8.397804609046302,-3.7617430772121354,2.8748120213141046,-2.4146643882250656,1.6941057130744233,2.5979384190090666,-5.997667762958105,9.979084255097185,6.916843755553381,9.237372768352758,7.395312900762763,1.509456739693841,8.676039654236074,-9.520711380907828,-6.223601666981288,-7.998907103558986,-5.684647235899994
-8.682703541710547,3.3379459486123135,-2.293815965115945,-1.7781763494319764,8.818548417826387,-4.030419373118937,-3.1310652454229797,4.225354586854557,-6.274819438795705,-9.189191999801524,-4.686687992660165,-6.53297144186497,9.45962769801883,7.243724549056876,1.830252069040688,6.584508805051374,7.389263377998514,-5.621854886860639,7.934044811668553,1.260181513867981
5.92044231062361,8.15336706728367,-2.4934586230748197,-7.0082752994206245,-4.655279458346958,-2.6070238296916544,6.885087893951183,6.3361128741573625,-11.142372369154211,0.14323970526634716,-2.5560751236760098,-4.767226071745418,-6.78815719363102,-5.150322808358883,8.029891538673494,-4.995728031502894,-0.08681684172556825,4.51555484777238,-2.9696960505925087,8.84588241375208
2.439386690870392,-5.578265887870054,-4.890140024819626,-0.8547012115683412,-0.10344482162449742,6.256559313712631,-5.772499902479658,0.03616015019778318,3.0488230357147224,-8.930631875751999,0.18382733444161414,-7.7067039879611725,-8.884813892487157,9.28770972823222,9.256052172591291,7.386917752122884,-5.858826480571212,-7.902969783367162,1.8666813048559827,-0.43723782972380465
-8.281786763356154,2.368922920969192,-2.995616834690251,-0.6879853875231444,7.681073762255502,-3.515609056352647,-2.0640715791571145,3.2412911089059824,-5.487339912948888,-8.538990196338498,-3.006602372351179,-6.761237832744151,8.172370735411167,7.207463736519545,2.78886536270958,6.679189122188639,7.228439098523908,-6.074937057762485,7.8541059364789945,0.9647532297246684
6.475032238578572,1.4876968872849183,-3.8886743367349355,-8.488960241994802,-2.294876196414206,-5.543770745235809,4.371394809802914,1.4184709860790592,6.092012174173041,0.41125514858380297,-7.063490506734627,4.714329260407162,6.136726812068942,0.745825054623789,4.986706082757692,2.061642544010389,0.20808553338030725,-0.7140475197749167,-9.485235924154782,-9.690429990212326
-8.615266103071091,-0.3534069228963778,-9.004397205181746,10.254634083081466,-6.222205846423959,4.453022192304868,-3.5858641086653638,1.2391909587856968,0.832210870229661,-7.1453435196157855,10.142565334692504,6.157087494327913,9.762035797023504,7.8832423731743395,1.3581775529018532,6.878697705438493,-7.410776690822203,-5.6564532691731095,-10.061236854653199,-4.031967058031337
-3.372287213089249,2.2911952581723556,4.797891628967463,-1.1299302033093657,-8.949238594822333,8.602653980358689,-3.628997372560507,-6.975614957501826,-8.015728251893602,1.873089300245948,3.2029788418016434,-9.475874494405366,-0.41624764339714615,-6.487575558929319,2.7898588805542492,-7.523668379976177,3.8294480738458003,-1.910886506514913,9.587660230786302,-6.121656131563308
6.847228237665622,8.382023679699904,-3.6329455843067837,-8.435159950648593,-5.040158487896937,0.3971431300057824,7.380223923877615,7.749315614763065,-8.831390465553435,-0.15611797734953697,-2.1600450831077405,-6.305628894951377,-7.727979276095781,-3.669702468636521,10.066468818902525,-4.011264777267084,-0.426909281357594,6.002956356734188,-3.178783183495464,9.589170111669565
-1.7255368771245019,-5.555343636798858,8.180106145400394,-1.6409971218903239,-5.952729804590685,-0.0784495800170174,-9.467292744999696,5.261348252532662,-7.742598649832185,9.32384378973549,5.905692629549115,-7.548020687598296,-9.091582402946047,5.754119341168332,4.149316559235248,4.4872688594266945,4.15385841282663,-9.672191297057974,-1.8628909601111214,-7.28362665199571
-2.432375731992495,7.7312939040097515,5.636145655675241,1.4794131007794196,-8.43620908981102,-7.308224754241859,-7.3375679660017,8.173744657612197,1.6736481004563164,3.8121938516024803,-9.909945165301334,11.474945026800727,7.030788268239989,-5.323176139243407,-5.3332172018261454,-6.09312064390481,-4.174197286629949,0.298778783559779,-1.4327008865717492,-4.212639432549003
-1.9813399218377414,-3.8462253181202786,5.946600783282946,-1.5785513291326805,-4.63836221506545,1.1314741766585015,-8.114621577691857,5.0470079886786685,-7.820781819951701,9.29413190180296,4.59107229842877,-6.668869711343582,-9.190604585810531,5.680190707893071,4.019491945350179,4.595171111106844,3.5080580477086154,-9.99023337069171,-2.4944075398669847,-8.419648170650103
-2.7481456699191598,8.106722466156723,4.063107505659769,2.728560909766488,-6.378710003526889,-7.857664838074498,-8.738995451206785,8.074910038870492,0.3528949537428039,4.704811748300844,-10.250933873029798,9.968795711833046,5.885593659465918,-7.5580998870989955,-7.99104309374115,-6.283824856269941,-3.655432639087764,-0.4091879924596513,-0.7225071683803113,-5.836937258308121
10.124602262070459,-5.830360792475343,0.9429244399902595,-4.385748570986315,-3.0915504868014807,-10.294903751031402,2.0679750805317765,-0.4365868507993301,-7.914394603434499,-4.949851931833942,8.12286919032132,-4.701950788997503,-6.556844075149419,0.6760078130244324,9.924133859056681,-5.577143485049822,3.0930122027588216,5.258064621781963,-4.997656644077623,4.417155324388755
-7.5406724614340535,3.221403913765487,-4.681216241727025,0.41971929903004046,8.903812855596078,-5.60226401594681,-0.7030692923563073,5.493056476576984,-7.766515027832898,-8.160729826086214,-4.611000096137355,-6.238394440378175,9.538167887103274,6.357569638430157,4.333327364153165,7.250504919190861,6.698259361036166,-5.463656248641937,7.753834000906823,1.5656191462907962
4.803899086962852,1.4851976928886206,-3.4956963454460563,-7.129709753442793,-3.1072198734537873,-3.191248154758306,4.192003905460149,2.167983709848307,9.149902449034494,-0.3549629560026242,-9.710715773154988,3.5913560965626563,4.357484940566322,0.6792799422124602,5.9822542593763055,-0.23153295450643455,0.3777911806362196,-0.13570647150377124,-10.188078554904784,-5.977971934246561
-2.912992959364128,-3.409643309358532,7.643542504432881,-4.150933172644708,-5.46972104192523,3.4144246225206536,-5.430589558577603,6.012421101752691,-8.251614019987235,9.106892329063157,5.877248100133487,-6.742868270039024,-11.921911421826337,4.987672782585631,4.15823962480293,3.449076125317159,5.35812946880538,-9.593768004751055,-3.613039351616541,-6.829453503084214
-0.31444873715766186,-3.4089592119361445,7.923929231927294,-2.84050162595018,-4.060312242566361,1.8561578298678951,-5.621259970973816,4.092336702197908,-9.824428433454429,11.047182833412993,5.168006030164344,-6.697407158574629,-11.143718644523556,5.754211867552573,2.734777593528518,6.671237633552224,5.402970881738341,-8.57705750708091,-2.2426087539467154,-6.720273640230836
-7.064529649329391,0.28697323362904786,-9.721538051791354,9.19233255337206,-5.9518964669527,4.378354680333209,-3.611284812616529,0.06480783367804288,0.9143319514972814,-6.4101756553004,10.61197545170889,4.425977339751277,8.027459592137184,8.932849900625454,1.3624646410378431,9.338017777793926,-6.5307139759529,-6.482137778558729,-8.414091895213934,-4.647085666074571
7.039042836245469,2.747998747013379,-3.5348944947612417,-8.295270534087647,-2.017373913149357,-4.004050328614773,2.8769435960578598,3.577073010134916,9.42756942745406,-0.16293313370988927,-8.695863756587634,4.1410033812246985,4.0971774881263165,1.8683994453528727,4.068053196392786,-0.4242168595403851,-0.5496812386540249,-1.322354947694046,-9.857959142255854,-7.665409356883647
-1.8532968465229893,9.209022322917097,4.621170079782204,1.5846512308518461,-5.755514471165257,-5.9325831311530886,-9.61120542445962,7.730575202623238,1.0506435003228898,2.781833391131978,-10.215027338673917,10.260590515622646,7.601977861384523,-5.240132366337184,-5.638404869009991,-5.815731515816365,-4.556636736032198,0.9270511773186979,-0.5606901019300029,-3.4211258662255872
-2.5585797814079627,-8.54388951163711,10.178318704982093,7.559751009091378,-5.928234958631806,3.1836559302699614,6.0312824811442045,3.887251374236576,1.6429551666451427,-5.113292826282749,-8.24986132908122,8.895372021547999,9.007223303594822,-0.2495207738552896,-2.576411024292652,-2.9878419637681555,3.2079697556178117,8.82241933867572,9.987916498860612,6.154306863980257
-3.387180209809311,8.187405774158462,4.413399944326574,2.34053519075691,-5.966042564918021,-7.683288543956292,-7.345639187676489,7.052399314456134,2.0009329405157397,3.4142398767730855,-12.012550374356893,10.282242439600935,7.385696713100869,-6.03454534355269,-6.296509938633116,-5.815970585227224,-5.477700997695788,-0.03392404470153754,-0.5668349475358581,-5.42970661920841
6.406585821586289,2.19233492615789,-4.434368972550212,-9.204367441014881,-4.973729334230072,-5.329504011163786,5.61008061919064,1.4551007342803346,7.565573963918547,0.19718958473277126,-8.22305918375001,3.4397298447143614,5.44193906100537,2.343477774117077,4.250028334004751,-0.27423590472962406,-1.2778380073274458,-1.8423806365111979,-9.457412780580022,-8.696796101888976
8.928776390621497,-5.5046396113884,-0.9879783523253107,-4.610188790422097,-4.653863506109245,-9.749900126407924,1.533111405460833,2.1524216949296697,-10.000520051489703,-4.280438127621596,8.757838729093947,-4.5786541910768195,-7.16070963395801,-0.45164736629604885,10.16455657345152,-4.89237291979179,3.1837521133500584,3.67051373484992,-5.715172842485254,3.4177768085297338
-3.126050848977569,-7.570385410272844,7.514307050936705,6.744997959668568,-4.478983123592194,2.674788355047095,7.2485935988759,2.673701912967004,0.9256323519011681,-5.06121697615104,-9.818724268792668,8.691925404338583,6.86468984172755,2.2440200168319393,-2.2598282866408512,-1.98605034343775,4.052606050054671,7.533289664131557,7.042409612045674,4.399657171826566
-4.333702819402848,-6.9706167320117345,7.497005270814386,6.9412174123161865,-4.1923656295453124,4.4036398856938135,7.930218572070657,2.159814470455819,0.26893938331834744,-6.703987251091429,-6.732889058279122,9.315011147971509,7.336384989913112,3.5832181832899197,-3.5515819729567246,-1.5145316242350535,4.004248915001006,9.920856486600046,8.527849032900592,7.395055761838464
-3.0500738472471878,3.1455312198106586,3.163117661424251,1.043312397311154,-8.673664009862293,5.67798209932065,-3.0823968114987235,-7.976492354195965,-9.452336601473032,-0.7357721518837614,2.2148848134873855,-10.545377359890303,1.3385853736149043,-4.781976471636972,2.3495211243467553,-5.78330162477042,4.706377725429716,-2.4259579223639736,7.350221630521,-7.457493427146249
5.736406108225029,1.868990508650043,-2.5618959088239563,-9.19657167813811,-4.57855964204491,-2.4777961318146646,3.3026234970373007,2.449569619313158,8.072898877331339,-1.1295214106711324,-6.824959425220791,3.69601876926253,6.624320465783868,1.0997976538941525,6.090613735796574,0.6219358802706312,-0.17288341510419114,-3.5026661814848965,-9.130861710454262,-7.769883113009041
-2.3148133214754143,8.661119835387634,4.978362679689792,1.6777682738017026,-6.711166214881656,-5.562512057667987,-9.844870321915652,8.463401476627748,3.339415302204041,4.0433830289298305,-11.710165013092546,8.790375056145454,7.945847362569545,-5.776085848733359,-7.362802888152898,-6.836684724159541,-3.0745351143046924,1.0418622008461367,-1.6000317263273796,-4.542241607853849
2.197750606819959,-7.344619571360895,-3.823247062727102,-1.2413963522949825,0.20316641201354813,4.391300034428866,-5.384454366526757,1.6136220878076422,2.2350998979300525,-7.980011320414079,4.163167483729532,-5.565807980147189,-8.44965954465268,10.02279921915142,9.457528494588079,6.191850005614177,-4.259138852246319,-6.483144361040214,2.866231864301136,0.33541759947014294
6.806726094366558,2.1121035737310545,-1.2165180507404596,-7.674212365792209,-2.755579453405028,-2.3277531951916774,3.593302697427231,1.5287848121170238,6.637384559992475,0.7788046365768242,-8.155306870116457,3.013539562220612,4.784704772118136,0.9869384196752977,5.687756872785783,0.12686294799985787,-0.37352397623362654,-0.763523240315297,-10.130810998868254,-7.9984477968389545
0.17766290422346254,3.724768557831315,3.820722893611527,-0.744792224563642,-8.901393278205296,6.780731551238999,-4.585536258450433,-4.66923249311362,-7.774184862314076,1.284313526380783,5.335205843453134,-9.672495518162819,2.831250883374669,-5.325398365516205,3.4796485585174195,-5.112767978730613,5.096388111857129,-1.7545610078533582,8.593459455290855,-6.7354484170870155
-9.651987992863868,2.1121806815576525,-4.058984650253481,1.021058606000708,6.23847812517403,-3.236860648992047,-1.3085004142609447,5.068690875200761,-4.517202543794625,-9.912236548592576,-4.869671846875653,-6.8966496873104655,9.959513417283638,6.115911010161781,3.118129801393616,6.839632807818228,6.560283606949781,-4.591359229304826,8.84670666147367,0.7053888505351346
3.9490981784654826,-8.957759296787424,-3.7223369647387456,-2.1973324515995425,-1.6741573836001629,6.127913165721285,-4.727005687072647,-1.9321300710818319,2.3510361847316643,-11.564262565930122,1.1852322345055584,-4.960351161353225,-9.280750173686464,7.803830780657694,9.114702932506505,8.235853300492774,-5.739406863738613,-9.097867631511667,5.182092213422764,0.6607522183297594
-2.0795999164408636,-9.09677620458533,8.079867130432852,6.622094837096086,-3.1235872406525695,3.83904376417021,9.191453592981958,0.6364066985720196,-0.13166264456217547,-5.305780820586117,-6.759587422459466,7.578195469691186,8.132798741173552,2.758719848352179,-3.1799074178237965,-3.66820696820926,4.381822509494421,7.762102597700185,7.7341638256276966,6.541027735305184
-4.238520025340336,2.676385282980208,1.4568820162446443,1.5790991883814578,-7.669339607186706,6.535139858310017,-3.9155629664211045,-6.481864093618461,-9.176222674562402,1.0456238424232946,2.1635341558442125,-8.52954447474823,-0.14353981051133818,-5.303041391872097,3.188737759356492,-6.190650940244957,2.644936764950896,-3.9411332385410995,8.145907250042697,-6.853869584663181
-1.0580540152577085,9.973556954283529,6.793061293739658,1.2058221210526825,-6.007306554430592,-6.696767587537595,-6.648524823418338,6.5152246301435515,1.1825783926833995,3.5620589104768867,-11.712205838393757,8.872442021559126,5.8897201544547375,-5.602823999958269,-6.021744680080828,-4.455738963715437,-2.9647313026231954,-0.08177502301764583,-2.2595142985060432,-3.6834980245326556
5.596943221207827,0.4642223690748968,-3.5325076444419983,-9.39199758440571,-3.5724930646196755,-3.363735887438958,2.9889067201471846,0.9362655976228569,8.040188091872626,-0.4202726620410566,-8.033933079600518,2.6077521593275943,5.68709223510294,2.497443496813869,5.697326039310143,-0.9715619632772498,0.4992087532110329,-2.815293713762693,-8.433656751279305,-7.760327125604372
-2.778086313607581,7.907760219456652,7.213238639477962,2.0323881179552203,-6.865697899238324,-6.90423468038595,-8.640242995868155,7.17916250357476,1.4486382279839394,3.6145926146805167,-9.62106338429995,8.854772272106121,5.936007033331271,-5.64678755874258,-6.6184778732788425,-4.827916814348635,-6.5661249492022575,1.586635484567219,-0.11501443466005612,-6.248807428447311
-4.339917431475188,-6.653169765325946,8.233001564325367,9.23095747396025,-6.362609537762372,4.963084966602102,5.982979674860856,0.7245369759775029,0.7878503861057262,-5.860033094791663,-8.210273645184323,7.206688893795679,7.307297612287421,3.1489150957659313,-4.120969674329502,-3.7840027427522642,3.146322327658379,7.4382745190902035,9.053330515026268,4.751577277049508
-8.984267970204408,2.7287682176153036,-2.8864272676147036,-0.573564944190999,7.311721106481187,-5.69022613231611,-2.364270085485839,5.9263469376699875,-6.605237863316431,-9.08301570338346,-5.9939833322260805,-5.768456431507539,9.8649831462826,5.835334160424552,2.3701257653952466,7.882433706037253,7.547923545360546,-5.859988074715367,7.153638027324442,-0.8319777336734264
-2.0191088747418338,3.8105924589215947,1.705936626322838,0.5504110191241842,-5.768792007107942,6.626927689400251,-2.467967951783076,-5.305891914829807,-10.66261088329241,2.12833814077077,3.6980347090508747,-9.338284633602443,-0.51225131380544,-6.5870040079534,2.4274458081681463,-6.610466416984374,5.003739209649636,-0.4479822542636449,10.131197620957868,-6.389395906298291
8.704075828018711,-4.826161335701396,0.24110370773331463,-4.5705869289851755,-2.8523906461419086,-10.379402814113957,2.452911943178708,0.29969817095381385,-9.024679577864362,-5.723983328539753,9.036135271196539,-4.465251516325956,-7.7776710867667544,0.4965424127566226,10.087916768512791,-6.4395067151311,2.5887820335462144,6.37067375146393,-4.937832935009956,4.000024026426566
-6.117290297302533,-0.6088360384512899,-9.256365637851134,7.876758327587582,-3.678372792986247,0.41293924568226137,-3.7823888205376894,0.2955416660585184,0.4805691992739102,-4.5766843438538265,8.504363096435402,6.274452644457952,9.146231619989866,9.158066261088491,1.290810491444197,7.704515801338576,-7.1340800514842115,-5.655021443286985,-10.640391568465999,-4.032698399197983
-1.3532851129125023,4.547882320573134,1.5379869246966407,1.9912655022534924,-9.60310850333724,5.658865556536531,-4.387808160357721,-5.765993155825054,-9.151481291969862,1.6507227796020008,3.6975225158680103,-9.076953832149405,0.9101092899269728,-4.37591766042611,4.723490620956437,-6.534033792341647,3.297665799918404,-1.6517569448040637,7.5903449584700695,-7.928285249191746
7.491759434912476,7.69111502598504,-3.1669769358494513,-8.115564952349539,-3.386486930522518,-0.3088295314224745,6.529980409307612,7.415006450003219,-8.416107102116378,0.7945238986651627,-0.09315191995433425,-7.751491716844268,-7.1414643918275456,-3.763131436608826,10.614572065878377,-1.9895426723950662,0.4086482439686291,5.596010156714588,-0.9442934324216143,9.51004832634536
-2.3204980792874856,1.6495881952530294,1.3588737823072046,1.2073718320740583,-7.071124199571196,6.626984892297387,-4.041711607121988,-6.113954404314528,-9.129017250139341,2.060761404476088,1.0230421365319349,-10.737347712608841,-0.6033689394512338,-5.319216867529678,3.089333691811264,-5.876490931216135,4.076336511259757,-3.5660281443765873,10.18160439231975,-5.977662813657769
6.392670485501066,-5.2538441639263365,0.8641562715246632,-5.041774490939433,-3.5867599087932476,-8.106528340788453,-1.1166132728994516,-0.09778243899851216,-11.846198402628488,-4.545279160838717,8.158146508351749,-7.691306172571391,-5.177264196095672,0.07507101318588566,8.86398565012998,-3.693515142271473,1.6470977274752552,4.003221273056034,-7.546704643821905,6.365372168776526
-2.5078007844928982,-9.661363175912301,7.517194670263902,5.7469475322311805,-5.32730391254572,3.6277396683347454,6.456781952756694,3.495889621446531,1.67992718490913,-6.094112032147567,-9.334999648708425,10.651003100042034,9.07093314899997,3.2513987527349313,-3.144552366810368,-2.742286940271765,3.037040301922362,8.09924436924831,7.81295988276136,4.6933720740509965
-2.2598139393419947,10.591739407961796,4.544583303841149,2.2521912097110715,-6.271730681434731,-6.693500470119589,-9.284761371186539,7.517612908397011,3.095931984723948,3.1349362565098486,-9.455340439937075,8.698076228300712,7.843899444933278,-7.276404691218252,-6.922422503129576,-5.954697927866802,-2.3496311115749053,0.42937837157176945,-1.9162991538508836,-2.294260126598571
-3.0341047639571244,-4.9645893418781215,8.079812221646918,-3.944936074510346,-4.218513188152472,2.3489519729008075,-8.49448403045202,6.437914840945197,-9.311258960339105,9.233104989721111,4.641784551979833,-6.757543677732437,-7.167645509621459,7.153684441168347,5.238884738738552,5.072136847656243,3.8191501453169563,-8.124148994994885,-1.7577558146072008,-8.536018283536517
1.1321951013850697,-6.989581359945296,-2.9391478769900785,-3.185959498639562,-1.5965192064068825,5.472994602680022,-4.826799148472095,0.47879639922559025,1.3170770826332512,-8.587115094412006,1.048604888192343,-5.908158015811222,-8.290360832592642,8.669902273927782,8.474054863043957,5.2812660400457645,-3.3729072801866766,-6.81757721738326,3.0473527832143428,-0.7385634216564888
-2.9455835135793187,8.90467632427249,4.551515877022766,1.6031586540586042,-7.138423253818372,-5.28146242277123,-8.277408308694772,7.028042597469542,2.7192546393749115,3.827632066164899,-8.41518547649731,9.76783923543798,6.541550672004207,-5.305500860624199,-7.934376807926487,-7.458677271841129,-5.109080147208301,0.638071727408464,0.37141537232740673,-1.944117049846529
1.771252325329427,-7.360960498525858,-4.2310545949040295,-3.1244226102857886,-0.6835753316311538,4.945237158972683,-7.137139691770332,0.9073999921725011,2.4778209614626605,-9.875307505260038,3.046252468791366,-7.221095255419502,-8.445802902256428,9.798054757679122,9.279028096787474,6.622687874470356,-4.424154260420158,-8.24302430330042,3.478801099362797,-1.943528471748212
8.32423596510053,2.142447589766701,-3.3677522910630273,-7.8178885904400515,-2.1673753950937016,-2.767096610154306,4.508951794826661,4.128484456632605,5.55227619524665,-1.9779359982678872,-6.926480857565577,4.279004100713024,5.821214623462114,1.2899514738218671,5.990289293695094,-0.9384908937053758,1.0251426737195724,-0.4547651046214234,-8.271066861186863,-5.828617165485211
8.398937644081837,-5.24314906326427,0.012440143104932896,-3.5524202798532523,-4.650163565555765,-10.139616788064238,3.8772936293683813,2.465220656365799,-8.827138303118188,-5.183851082288638,9.64077185037537,-6.655519292989017,-7.436875882880366,-0.907061845795041,8.553473531761526,-5.438918802691761,2.578538868943607,5.245046770723005,-5.220071952479542,3.9429952487152122
6.389846381143361,8.525743039953237,-2.1278625514212695,-7.9528592834321,-5.980726542939585,-1.2847765789043206,7.644375594992148,7.044439133726083,-10.815826470960262,-1.3258117567640468,-2.8730773216296455,-4.69345229317873,-7.923317129633155,-3.8552174818481513,8.142226855066443,-3.4508954993847136,0.13635734110173864,3.7872470341843036,-1.3780840246033812,10.973657936280848
-10.01794476574183,3.574979334283853,-3.693881296213595,-0.34984098356207327,8.769736694265994,-5.741609341745619,-1.1541574985591934,5.323748892052758,-6.020361379259471,-7.931766988089581,-3.658381216036,-5.618054649109954,9.560100059260757,6.653681612014622,1.5404841789997066,9.877798791928413,4.66982532691048,-5.319335647996975,8.282463786685854,-0.38729753416810064
-2.1822702492885875,8.795185599389457,5.469284417411591,-0.23796562506715313,-6.6440126330427045,-6.10924439938898,-10.316914002415851,8.467276958705632,2.36079664235859,3.7461636420201074,-8.955528247977666,11.668889901044281,6.830719071066931,-5.504997200134141,-6.822861555398232,-7.181754172396116,-3.084819324265,-0.36095519326410996,-1.2895333899382928,-4.6530746428042775
4.41207628551681,8.260299103781975,-3.4910438966089523,-9.314076445695946,-4.988022707027991,-1.956036148176313,9.050610325738555,6.645250473035999,-10.296150721573978,-0.6598301727030522,-0.37390341598244814,-5.930619585050148,-8.32760680709184,-2.5407415620068985,7.4778411428372,-2.910830813335948,2.15721215146818,4.626987010738645,-2.0895096361541956,10.305701871326699
7.647281169771225,3.5866482429737534,-3.515318218176172,-8.523346566719507,-3.6660448126275083,-3.4945300531086447,3.502780929049174,3.8595940288271557,8.039450219685367,-0.160820006758436,-8.414624710259549,3.8056753464706587,5.03956677462717,-0.3085807420589264,3.7313092738935425,-0.7248360033507529,0.9771773540822716,-2.1023170227589487,-10.51042266270881,-8.656857113371581
5.024281423667354,8.002950581888367,-4.489347970279028,-7.647745288108918,-6.300374065526423,-1.4303565941140615,7.110765180384956,7.161559673201761,-10.251845656548575,0.4182222726087781,-0.9545973162315672,-6.665027060467155,-7.342036498621141,-1.930155752910041,9.4318510415271,-3.4781872129176676,1.015549941566217,4.512875634006239,-1.9738068432543063,7.41171004343627
-1.8711465216119931,9.51513060314278,2.8388211020753626,1.4304958842067101,-7.667410943059509,-7.500957191527062,-9.0064715752208,6.851432337801576,0.04300042448838792,4.909361812038442,-10.661053139823757,9.637443907351036,8.72293548575841,-6.6726023780209,-8.893788178604318,-6.6179140248114345,-2.8141955058106745,2.453476086865351,-2.590649221610102,-3.6787179728026396
6.326237287721305,1.3900687078268987,-4.505234553822394,-6.683178446602373,-3.250010664016176,-3.1918413577849143,3.534608896467849,3.3744917277790916,7.627683505073202,-0.3415325556292638,-8.584735397097521,4.4251646018774755,4.791867434131466,0.45993279435973733,6.153449934898469,-1.6617958812421876,1.019432851954032,-0.7646934992760117,-10.371261140669338,-8.66249992126638
-2.973168172202176,3.6809157423978256,1.586123591639111,0.7101631081690453,-7.358234674639558,7.701067491400649,-3.123609852303882,-6.66302222995865,-8.287789390536018,1.1484926246460834,5.30269631059456,-9.752914318942542,-1.2977645282203405,-6.664767964057793,2.9470994450685852,-6.3728461485741175,5.788411447000415,-3.303792411603478,8.77406197403862,-8.309002524162192
7.774167357603828,-5.128868615288887,-0.9122022560439959,-3.4906194025766446,-3.5297902963830365,-10.318531460657452,1.4854826244822874,0.8102229296841679,-9.829269253299172,-5.509228851095766,6.98662658753682,-4.856723573702432,-6.792944838658074,-0.8949908248277809,9.718094478340248,-3.6317621856148605,2.4686507911993503,3.2806496975639012,-4.792173544431636,4.453925808335603
9.891053657840835,-6.2517326766280625,-0.835073040302242,-4.587108985296526,-2.0625779922763656,-10.074845567164612,1.3638099283361074,-0.9903405156717533,-8.410613213069453,-4.284449322598888,9.252076696359639,-4.537502520583198,-8.482492404899606,-1.0182225644591099,11.078337830487836,-5.3621928143467965,4.630302766135585,5.082711358659034,-6.2149055484405284,4.2610661945704855
9.540981620573131,-2.215571667582652,0.011558944750631586,-3.920645533434959,-3.514691165099628,-9.221180188814591,0.4840606850273843,1.1858678394161688,-10.973373388865406,-4.843862366406112,9.372743468489723,-5.565304615303337,-7.795799050639943,0.6683191107178214,8.861894295377628,-6.381120289361945,3.7172249356108553,5.0494690081617595,-6.490922234340848,5.201279512232062
6.228006031970893,6.970717951727399,-3.5353882550135065,-7.943647270188808,-3.7692549761188454,-0.9606262470216804,4.520657445887558,5.949722821024158,-9.805749380383853,-0.7149018968413352,-4.620148367260272,-4.2082974767516514,-6.882468636420936,-2.7267196984356694,8.25087103277947,-3.108264588574966,-0.32854788935355916,4.265236478121247,-3.6479911782505976,10.95193010497523
7.742132135415975,3.8491570518805016,-2.1157092349907276,-8.01890024613229,-3.141810248419157,-1.798709779755718,4.924205028178091,3.3972791031284344,7.423470989674532,-1.9177448676157711,-8.291963981733542,4.255736705925244,5.276486344839252,3.1518298062453183,5.50062076668229,1.0547553713134585,0.01957934606356554,-1.760855518594242,-10.820625102341545,-8.584499473010483
-8.951193684056154,1.6076402802845216,-9.427339271618871,7.840488712528472,-3.9352465432118557,2.1286945842237524,-4.532642516216333,0.4694326928048373,1.9629745782890735,-5.801225844320671,9.640017697807055,5.580774202458308,9.190214686810558,8.09819991368223,0.9280273014447666,8.483563922095486,-9.303838617879363,-5.999260208716272,-9.576102163277481,-0.9540117619518513
7.880137011441913,2.812489554864159,-4.390472523478162,-10.258581949283618,-2.242956835002466,-2.0822231688582775,2.104666808055151,2.292926397847762,9.40844690631043,-1.0317640545388806,-8.098727315260618,3.9821364168305307,4.094803998569789,-0.4792317928381191,6.471890909825969,-1.9670249789598608,0.7019280397486375,-0.5626001400713583,-10.942843764019255,-8.766439862728983
-3.2540252202543867,-7.215889335207059,8.882040399005199,9.597183718731127,-5.3026805809517965,3.584431454450383,8.69915540176841,0.5188093350856458,0.7381602632904845,-6.107834683114982,-8.055857744254585,7.1640980109288925,9.055162046757955,2.8093480044967545,-4.1548014390082795,-2.1752408099551106,4.698779616276375,8.895023976274997,6.594065857354598,5.966335329401138
-2.015167436770011,9.274959894022228,4.089573682382682,1.3015463160026806,-6.905181262142715,-5.707380574016582,-8.294727602041577,6.952908583412597,2.7939989455125205,1.3129089352908334,-8.439544413711847,7.658483264461786,6.286411874605304,-6.872887681060621,-7.658182131578894,-5.171083015552805,-4.382856342121137,0.841632514375473,-1.4080202060368692,-3.6983763688160396
-8.651356503452991,0.038876550117694614,-8.317782202186725,8.832414228690194,-7.196059728858554,5.292515340007521,-3.4704985375909123,-0.375138716936784,1.0913335058565339,-6.126721066986766,8.72484383833961,5.700573134564366,8.182506543663475,7.492185015862953,1.271720440466618,7.004813410722682,-8.084313488746226,-5.495043315100758,-8.580570625712868,-2.6734681320994786
-2.6501449231210352,-5.062175539706298,6.036771654216634,-2.3984888692879527,-4.302262004102105,0.565765632653852,-6.998502572193265,5.052412573976163,-8.403708502494906,9.88834122485498,3.941848526575667,-5.02999261494619,-10.770991362754948,6.399538368303117,5.301558617487613,5.505820118533617,5.459740322287749,-8.881605968200262,-1.8831735205389801,-7.007923831688786
-9.04080302517491,2.162858272774514,-3.5694744174021618,0.746770547814182,9.111942711025344,-4.222657981049544,-1.9641520030900803,4.964390996817372,-3.074928132142518,-7.510512735174848,-5.126794598044853,-6.67558609115436,8.258809908073268,6.0270733573652295,1.4385799725003818,7.017288569368403,7.884997311176203,-5.689522521403781,5.360018561648096,2.003568330810961
-3.513338389804818,8.246488563094193,4.60519394884132,2.207384416477253,-5.329126698337193,-7.878463634014738,-7.8540053581594265,7.1095340712731945,1.9728365252117428,4.836271048087513,-10.71103213564625,9.780606789423937,6.815305024221492,-5.260766522426328,-6.07433201195017,-3.8766096630204294,-4.552895125060561,-0.03586832235706039,-1.9842401535824497,-4.730894315199416
6.17218822843743,8.949020786712722,-4.847705322987119,-6.164098658286118,-4.539532061220882,-1.5284782071268483,6.211565730632468,7.695222880375462,-8.340106157312405,0.3165537702413263,-1.5077490350451939,-5.539725312959523,-5.820668540624871,-3.6165796748644645,8.828686479631314,-2.072505705323901,0.5228232684801859,5.1974380379490785,-3.638688009317079,9.2303491327907
5.727817235268073,8.011867582336821,-3.6769385946359563,-8.64000993984476,-3.758408360213335,-2.9449984631846453,7.078626861644107,7.113414037809335,-7.960125574310441,0.5558106507995368,-2.0116854742076686,-5.805550989019892,-7.562785958806582,-4.3904872669238415,8.091324553132473,-5.320885328776753,-0.5471644635067715,4.154285659564006,-2.4272329031295996,7.456311959422813
-3.0638599315258506,-6.679908479148163,5.150792070840982,-2.686404296407736,-6.34584584435531,-0.6272240614567459,-7.1838844166375555,5.5003327189877425,-6.516950490445275,11.571635278034721,4.576972923181994,-5.46854875091307,-9.1402751006485,5.711749711072279,2.6416053404541393,4.567844911511689,5.252561258904803,-8.954871462288812,-2.3883685609500622,-8.433348416503005
7.831450697294547,7.579580868323071,-1.1366926954932342,-7.774481839594554,-6.403965283570192,-2.0914840933854517,4.103570213160442,8.821630673376148,-8.266195400332322,-0.8005613872620054,-1.879664225406326,-5.462236246472817,-8.563045705468458,-5.0027986031986025,8.647836474473474,-3.8570207890441424,-0.012598806121452755,4.283095240504521,-1.2978882938881282,9.132548934727488
-2.778604457497308,9.731828383994284,6.142235888324129,2.047264464360507,-5.251011645579978,-8.260211051490838,-10.541710195991165,7.267975216602085,2.406365683803483,4.128756807826816,-11.655752214123828,9.309077003727097,5.344383315503583,-5.083545237604438,-5.996902409761139,-7.271789589258679,-4.429022058145939,-0.5640848892441943,-1.423778724430857,-3.220274875537923
-1.644956399222146,2.521988237053885,1.4624017568598555,-0.7743093838700041,-8.145487919518027,7.8479464487527695,-2.455852923034097,-6.1587492891100775,-7.175587749808594,1.713038497824374,3.4127196134482385,-12.235679331181878,-0.20550178317559564,-4.618069461132746,4.467417145048701,-7.3429060535674555,4.281007091342368,-1.2184140416659641,8.745807927930588,-9.532861574607365
8.266533106289813,6.697269058244774,-2.6150440677967923,-8.79373322737816,-6.060285552008849,-0.6690901835894271,7.387848032125018,5.943327416012765,-8.770485220319191,1.2599265466845095,-2.5897333458693126,-3.9591961969942844,-9.059550281574381,-3.8724691547050565,9.337196702342373,-4.389507644287502,0.6396315205466634,4.301455256706851,-2.914482222336841,10.268042193009775
3.795847078944484,-8.740584196702539,-2.5274648981828385,-3.0454387180781404,-1.1212990634845623,3.81350905667733,-6.461319074210499,-0.7551177627546517,1.2406450318673772,-9.208302711388924,3.108688652501672,-6.381914174853544,-8.391291486893296,7.882191356221104,8.431886571888457,7.966671980680533,-4.642925651295833,-6.390349467815026,3.441599331362271,-1.194662189064469
5.493911605758639,2.1652881761074756,-2.9187379927127854,-9.061880615255049,-4.05624928712693,-4.72073576651233,5.158664553842937,2.1026802270851253,5.587809474521498,-0.9269588674314075,-6.626965365663613,3.8779662978599516,6.953685957461469,1.6545118999384423,5.758101761371587,-0.25248633862979397,0.386370379875591,-1.712603267948512,-9.793886857200624,-7.311304298066762
8.390470007669581,-5.479747881608137,-0.49950941202999466,-4.828396836293859,-6.04495422483395,-8.12224776650856,3.16192035220938,-1.2196749872296293,-8.834113679436546,-5.329308917982537,7.9037504961065395,-5.553528766534209,-7.529936773893411,1.792002289627547,9.272683397535824,-5.9671583948369165,2.6801295186205243,6.276169262976106,-6.899351451844941,3.8017040558016713
-3.3882013605118853,-8.32055554427904,9.317167359926588,8.807738753100546,-5.374018986557072,2.066674354902183,7.038655046969543,-0.3445147100444532,-0.7125008704628424,-6.225654457518866,-8.553395126920766,6.607983269851089,6.069561233885031,1.5265849511282361,-2.576929732453367,-4.2873525798735495,4.178843899450618,9.888903661417105,7.692554355275256,5.94004190688207
-10.251133647649873,2.5539411908086826,-3.609762796027829,-0.0998827398535842,5.795625988394502,-3.439569059260158,-0.7058614163970245,5.556782622078102,-3.5165460176142824,-9.437765920907852,-2.3173458210986344,-7.740788331670459,8.832690972142817,4.888570266154135,2.6827692257528364,7.8153783017527445,5.918751206847736,-5.5547213781891465,7.950194419286814,0.26443010993550475
-2.318422672413406,-5.654933733235215,6.17146239112765,-2.7804064823438894,-3.471094022587639,0.6703934910078166,-8.390714211744353,6.100681298377615,-8.395531086348031,9.9235763609131,6.364766901887577,-5.006763129226654,-10.483768529909618,5.693085111047738,3.09694816599687,5.278959031100223,6.87422704205663,-8.834188893227116,-3.0721159938395406,-6.21583625259843
6.376354717712181,1.841127918116676,-4.4833259927868445,-7.996681768224791,-2.7730492082134934,-3.4729483448065515,3.727696861425561,4.340672463208126,6.993844723771875,-2.7177337966884525,-7.1497260712768975,3.1601210708183824,6.204309765837124,0.8444062547165063,6.023056839635417,1.277412273839973,-0.7542022769808403,-2.015116763721413,-9.56728853777516,-6.3046201410995675
-3.0389910137095977,-6.277132469373543,8.104661220374492,7.465825642882845,-3.830796595506556,3.5405517120298606,4.772168224299739,1.2029034478444307,2.1052464777857276,-5.199895368458464,-10.879434073359391,8.332530150657607,7.809904703722572,0.8329347315441424,-4.89861226907977,-2.0407013644579735,3.7867308318097077,7.034708818315551,7.706089924370677,4.953307918832538
0.6994730979984145,-7.355027366040594,-4.603050743156797,-2.559622677073143,-1.241716976814847,3.696062367115263,-6.394871295133964,-0.020930342796080414,2.4819524020149086,-9.769191420211095,3.8295717114013326,-8.501158076905927,-7.3878006424917855,8.753391774188561,10.172225533834743,6.247748446387955,-2.7681690805071177,-8.433919684425133,2.586040105065325,0.2235541620630901
10.464011504433861,-3.063465293889032,-1.6432569808601103,-4.851265291554317,-2.811247053289007,-11.139300207539653,0.5848277785575231,-0.4347273221342616,-8.778431186377945,-2.8348456416189958,7.980051804402716,-5.8170013347250915,-6.790712620479111,0.2586516888456616,10.154248904382285,-5.336880777721336,1.4876248341994223,4.314776317468018,-3.8269780348845446,4.751395910213791
-7.349701072841629,-1.1880869699336989,-9.078381551906034,9.221851457992587,-5.660462520099687,4.674941508326588,-3.8574845023569067,-0.4864090879823244,1.9318376637858374,-6.589705125227728,10.15120744277728,5.210897834963754,8.730152687753879,8.390107212887267,2.2488966338117082,6.441952920010596,-9.351393699056,-5.15093276682628,-9.227590810690787,-4.017124687506135
0.8687428556147794,-5.222846787728355,-3.245744307120915,-2.5670093428546856,0.38510636199538806,4.857203250394537,-5.463044978162713,0.48449920199094604,2.1123114585745197,-7.798638245493278,2.8833891408085686,-6.3007938634291465,-10.353855576522706,8.017664449787203,9.189931727895463,6.261319336605872,-5.037928341206511,-5.6348810442939,5.20105458549671,-0.5948318048154896
-3.226019943655555,7.147749511125261,4.557198150385402,1.8514221755574485,-5.3661774479091395,-6.249297908721169,-9.862514580965215,9.177615481832891,3.2433339303895288,4.743549259389525,-9.814794212933784,8.438757806516406,6.276646039937383,-4.66446916673029,-4.478914349923379,-4.788666274659135,-4.40400456259552,-0.6244888006442539,-1.2202133802464812,-5.943856561602013
-7.149599184420429,0.26051096149232983,-9.230951155639433,8.148514959858812,-2.436028375129223,4.434702332275814,-3.0429515832262686,0.5131595817596045,1.941362787462262,-5.7849161130980065,9.417897308065207,5.199092141956376,8.709061493621094,4.72612127267492,2.1686004155193443,7.949008620351975,-6.637479960678726,-6.0609986808053415,-10.284417641324202,-3.5432735388628305
-1.4180449443703373,-8.570964337857925,8.101878740783542,6.721775169213432,-4.654065908474615,2.661331463172603,6.584240837766306,2.207643142434034,-1.9328201186844791,-4.671174292390275,-8.598131692779894,8.404737427050923,7.111891705516408,3.8582901337722344,-2.306123560985702,-2.447456359204139,5.312339295214886,7.196584731879369,7.1221047306130565,6.349947117969956
-2.866608663044971,-3.0892754543183756,5.839939285504398,-4.264161725352845,-6.5342233220099,0.8231351607515546,-7.743445614362673,4.615035008569068,-7.319760665148799,10.404983879439587,5.416677506995918,-4.661360125145685,-9.227021624129339,5.48637266757825,3.097926712961577,5.398124905273608,5.8217738901862655,-8.34935919734753,-3.6771832319834545,-7.074671242491652
9.73009178960741,-4.67705751074363,-0.6618552239386889,-4.243437293016287,-3.382793951196163,-8.194404375614946,1.0445035809713876,-1.4773471679354162,-9.697314358204926,-3.3818631332355205,9.38020174951611,-6.133474067061724,-6.7947932044392,1.6234865386913484,10.128320559452348,-3.7373912845368977,4.4414375182006705,4.32219360034644,-5.437230543649084,4.59908145052904
-1.6487241346930048,8.431208689629383,4.47275712244169,2.2557496344290318,-7.128318317334817,-5.272764017255954,-8.347352804997758,8.058400701548521,2.6851815035315885,5.334925413406234,-9.407288555380244,8.10136509528404,7.048540767761077,-6.404574680226306,-6.892117337607744,-5.7455457841762305,-2.6768720693756096,0.5164002093808189,-1.0522666145587214,-2.473202251403923
0.26695407673575433,-6.317525448659854,-5.368278958576418,-1.9419990150596416,-0.8643272478228464,4.749579808463628,-6.413560669759586,0.9710072252289333,1.954185830356084,-8.486578765127561,4.1273376225442515,-8.15375913796522,-7.0817555653257855,9.082066682589879,8.41385661316806,4.8376333365902315,-4.0968450073096205,-7.124907607947862,3.557111409865603,0.3142048050393744
-2.5407410189395407,-9.287066509389843,7.908581834254886,7.222311910123193,-5.6726461185983785,3.628687768699968,7.531337081620215,2.449200887335545,0.2538068019102456,-4.870988319533059,-7.692301139391916,8.565571253270063,7.130226070193965,4.482609413730326,-2.292883994679541,-2.0631591640543414,5.722573634305185,8.476341141317526,6.714415062251374,5.458538185597369
-2.431829315405132,8.153001926870058,6.163002913497759,2.5120797276253906,-7.916873345477726,-7.070448271359555,-9.713946010020768,5.940723184534367,2.948477782395817,6.070868196391039,-10.986877687903092,9.961166279930456,5.998210246886609,-6.240343170199173,-6.955894580096857,-7.19590057261114,-3.8666335128644187,-0.3358214837662805,-1.0906428013778464,-4.225655305488298
-3.1369921988283394,4.330088641940927,1.5342579920619037,1.3025361055630038,-7.801297239897443,6.681878485426552,-3.0649620773735458,-7.429650173946204,-7.528174661101164,3.742704358888358,3.5983919346049626,-7.245137290829323,-0.15716676556430043,-5.069652502184961,4.335344871963511,-6.9716758801230805,2.4372057031698815,-3.877010139608106,10.795426338637348,-7.778605767718913
0.21857003005895193,-7.065059040999781,-3.3639313410769596,-2.7948202662474433,-1.33644870184177,5.544156995714366,-6.377107119233589,-1.0633583436679346,1.133610700250418,-8.54971184058623,2.4725755794052664,-6.42145772028735,-9.694116622147789,8.796207582930998,7.1355756150483325,6.346423626214611,-2.478866908719019,-9.520689851914428,3.0987328569253823,-0.8678433464978434
-0.6699303248740516,-7.584944843580969,-5.195650850139609,-4.304038949587111,-2.1160269538818532,5.812927699693243,-4.677883528584575,0.5978732421372126,1.2417879890251102,-8.615087550429342,1.6918067278097746,-7.284117895417315,-9.853330808527394,7.225881938314947,8.922716954931742,6.326000452249353,-4.004348286547477,-8.46252464781968,2.7389144695463563,-0.5887039335230045
0.1500308758455211,-7.794740517616362,-4.188165962166539,-3.5824465511079997,-1.8151066904488764,5.0357396713913865,-5.714331628506432,0.09735974986585785,-0.3899398560841223,-11.191691898235112,1.544031860171591,-6.131830940200618,-11.446472983019644,8.477980568915036,8.786392804973765,7.556284740537669,-4.292746428245451,-7.663568735131394,3.825917670330601,-3.3275166050151737
-3.189222344631241,9.246539825359324,4.932951309526783,1.258818265914364,-5.013852680006513,-6.406276672364159,-10.029631253838659,7.980076524132533,1.047618564636854,4.948536159663361,-8.429714535076547,8.577514724888175,7.612228945252758,-5.340436859497979,-5.5414404958634975,-4.4351168202773765,-4.160543256812116,-0.2586075317127323,-2.2506140567832085,-4.9912274810046
4.228611196652324,-8.04218409180902,-4.707222312232176,-2.819788557557016,-0.037865833529731274,5.911321735213586,-7.299149703985068,-0.24747979485495697,1.2409369440286384,-9.148212790823091,2.5767406966585957,-6.171311770366198,-10.474979894342813,10.041651732627523,9.565209507487811,7.552479009923127,-3.4635262892419147,-6.945234762136559,4.1512058416932645,0.14927563099477514
-4.379316711315925,-9.81187096383093,9.311738790520893,7.790008640871845,-3.939169067486795,2.7624449785252057,5.631666119196724,1.1105641986258814,1.4472112157329455,-5.394406396978621,-7.33615945955353,6.938007153473447,7.846914010096741,2.591915001387328,-1.993014235104066,-2.808181109730874,6.265191095698983,6.59452039910406,7.871647389713626,5.776908956332922
4.595346969617984,8.9266551479531,-5.145209676724163,-7.39742287372726,-5.793346405193458,-2.4540334730708713,6.709945075597335,7.4156451688434375,-7.7506147372798075,-0.4098651529845737,-0.21166981695524645,-5.20542087620108,-8.263714534869056,-2.4484501144101958,9.423932582704337,-3.500098064726846,0.6421077913079458,3.463392146858024,-3.553195077668627,10.195083828241797
7.948842588015226,1.824141132606817,-3.9513909265281537,-8.137164944586395,-4.638086742291775,-3.88112558306913,5.147865744804173,4.805241868540238,8.349659356289278,-0.08306173377100201,-7.077313497561237,3.19170547039285,5.331297711017857,1.1957774630535234,5.740928139463977,-0.007580020236314308,0.834356265056994,-1.7606468277282095,-9.433008547746304,-9.070000026190904
7.893292874483654,1.3147358790440142,-2.2770423011426018,-9.106364142839352,-2.5227404531101048,-4.029786005240959,3.5654980838771015,2.2930124372625436,7.649106728449211,-0.9441814035324946,-7.82411650280708,4.59886089413609,5.04452160254155,1.1594315574379181,3.7101171998886247,0.2676099432982876,0.36545328994821363,0.1611133476538631,-10.431182632372055,-9.650466788633425
-7.69016110823055,1.0317779854942413,-10.188071984190742,7.380608386691438,-3.814125781163646,3.2060842315680786,-2.387311122757972,-0.27015178342432944,0.8794272265267679,-7.225323874333412,9.399055236714739,4.024109530223492,8.30234541032882,6.460293143624858,2.6519228094129605,9.154074040221987,-9.960412689445954,-4.746457006116523,-6.598039095369385,-3.447386997998372
-2.464261243636299,-4.106588077109765,7.095439679461258,-3.944466318294253,-3.3842504497987433,1.981271752520455,-8.311365357723307,5.220102745439641,-7.317896443258393,9.590885210755046,3.2251174384812966,-7.425367874049238,-10.138927282700433,5.14618591881208,3.723723106315902,4.612539574503326,6.887661537753643,-8.80956088154598,-1.7581436295417885,-6.2538586474606355
-3.708034977761727,-5.912489139479838,6.709940524025974,-3.1911671705695737,-5.726645293667627,0.5727576207004125,-6.676178352857399,6.5717789649963825,-10.408657407263465,9.609475251526515,4.061554608961537,-5.123957672176278,-9.105411241174453,5.411201342772223,3.3711016745519435,4.11887631032144,3.172613538987575,-8.183138791877616,-3.103529975454678,-6.712443726929546
-4.681867169066786,9.861707805348743,4.104550650274179,1.8826364016365713,-6.5476468605822555,-6.68960991349688,-8.128875939496972,6.88803654492886,2.5354060330402586,3.9019048783369916,-8.849499633196448,10.013564527252939,5.71341411396384,-4.667235670259444,-6.899464100972036,-5.523852004650179,-3.547867827407905,2.3333123094398798,-1.5845656095295373,-4.524733992157358
9.163527066009156,-3.022607961441014,1.0491452743913854,-4.495830484440669,-4.0970547328280436,-9.264372732894168,1.4432148752762695,-0.020671642915852204,-9.250391107806742,-4.314321777191021,7.4169345386420416,-6.485380386905213,-7.143383331567909,1.5041734237300408,9.795212008474811,-5.490488348701537,4.19679675315607,5.074072693978972,-3.379216195192897,4.560414462942113
-1.8931860292858445,-8.935343916125674,8.399919999938971,7.946371620827378,-6.011682375825797,4.231442825183205,6.8551228871903565,-0.505270854698187,0.5552697709115287,-4.776997445732333,-8.728001317410072,6.46445025355772,8.28681993271402,4.873272095747921,-3.6063882781836765,-1.4465673264620735,3.7668247556433196,8.157750834061494,8.513251016178465,5.589097251181111
-8.455762482006971,3.914623815793217,-4.70175272610905,-0.3194590715995094,7.619397970229767,-2.3817692123450023,-2.222241644495293,6.788648213017108,-6.690668685274161,-9.450052769588504,-4.89157547357284,-7.621263566366434,8.326054312692962,5.453629388566841,1.8487335374738962,8.587683800227683,7.297235160495456,-5.319302323903968,8.375178925383885,0.8795879040925663
4.323104943984704,-8.224882280145016,-4.518569795989623,-2.256317096024713,-0.9325051646650196,4.721215647482959,-4.884666500602335,2.604729490289492,2.044422836264757,-9.975060035336046,0.6019365129752914,-6.331541545032989,-7.595090796978152,9.452878491562048,9.310236820572333,5.578675310539915,-4.999888249250676,-7.211806393547439,4.598432151628723,-2.742679911898706
7.1489100230557865,1.9106894485379868,-4.369562465374011,-7.987513177371612,-3.2448948182771225,-2.287323360564062,2.812248458553113,3.8153201294453067,10.249703756883424,-1.0073425859379606,-5.712966469124996,4.001734472400073,3.843291234776642,0.9199115089831296,6.467547566766497,-0.9622645550437166,-0.1456820713666055,-0.855640200535817,-9.488557348379524,-7.25754850764717
3.9876409997095394,9.152471802647874,-2.419215305067281,-8.23231206453099,-5.812067345821676,-1.5301917026255456,6.412315968889481,7.341785584321152,-9.302725282497882,0.0423196985428374,-0.7085866335466262,-5.1118960134600915,-8.209656099198979,-1.9125839041233434,7.499937092127898,-3.628107170406372,1.3427298359427904,3.3373060729914115,-2.417852305646969,9.978981251418261
1.9373812464408027,-7.260327404000908,-1.5363139382656619,-3.7847301599003296,0.5855769230931569,6.700378001326081,-5.725887952342669,2.043309252467366,2.2203968498477127,-8.681832549932116,2.097776385011221,-5.365948643835543,-7.602498906483526,8.352033457570453,7.99339346689242,5.964966324933564,-4.707763180930233,-8.110082294487677,4.922098664927277,-1.654251780294763
-3.0541167098616997,9.413422242550393,4.602244133803253,3.0764715659572532,-6.765399542489231,-6.729807831814069,-9.201939968849866,7.266577291777636,2.330102003756235,2.451283163264283,-10.936495536189664,10.141461137262601,6.819718254136378,-5.937201122787156,-6.345066722792595,-5.9843280975696524,-4.454914821118607,-0.2831760927575554,-1.1652543720600037,-5.1537899736541934
-0.7921445368582833,-4.288264771136514,4.611461035199614,-2.404108600724349,-3.332909918438844,0.7728545577295526,-5.436931630429498,6.903773176548253,-7.9407137492518,10.824119443216183,5.7782652371940255,-8.518496868711905,-10.388696608998318,7.506396596344535,3.329555536854047,4.3566708555828075,4.380570619815844,-6.735184370116423,-1.149192971696532,-8.566487704638135
-4.0394109674679335,-6.376318649943135,8.20616531002178,7.16303408670661,-2.729554227278915,3.722447663050298,7.269734553709816,2.458909163511086,-0.057462432339087655,-3.913133084937287,-8.639838758879685,7.3996917697282365,7.736361170958472,2.0399643105204044,-2.397247746368823,-2.7485978526017263,4.027889162787675,8.616710232206364,7.466546047916,5.269440546787799
9.855095598600691,-6.439966829875657,-0.4067041249960615,-2.035129574774932,-3.1812396205354228,-10.79976427114407,2.1356961563986654,0.41667889723826895,-9.732583438026433,-6.73627473667662,8.264141764349507,-5.996520444280991,-7.885944297260222,-0.5656251543794973,9.579333167557202,-5.167977363865678,2.5587210491955705,5.012182776940273,-7.0046724905547615,4.87536603760527
6.261058973029057,3.4991524009143062,-4.033482052810697,-10.595533581083469,-4.204951731708898,-3.0986960576887803,4.129386918764943,2.4441010861791614,8.887820896455144,-0.44920751647092183,-8.45141339251892,4.966926068127226,5.413376539292194,-1.2960608500721178,5.84769651286267,0.2677406350039165,0.4747777172207416,-0.5574790517594327,-10.164011049444598,-7.50567167131301
-1.7208963529953518,-4.1367836597210275,5.383833677064862,-2.186205396848795,-5.310446146762143,-0.28009852276998837,-7.528287077271459,5.458146891632105,-8.730586820789624,8.296757097485427,6.40371169240082,-4.898000074800123,-11.836900131668767,7.287686374763232,3.3266182471307166,5.437118897802533,5.3569604410524985,-8.490331401237194,-3.015783078535766,-6.47048960526392
-2.4011021518919873,-3.212851233694069,6.385056689586181,-2.0153489350815965,-6.599879772203485,3.2726994424784333,-5.68605725526179,5.759314110827116,-10.481076153048402,10.025767100315836,4.00096983885939,-5.580832831759064,-9.47799193836367,5.367825400094657,5.258113900566721,5.38571806362592,6.401230271007478,-8.510249261649298,-4.2462094960282535,-6.704746537286268
-7.808307147757464,-1.7693556990861705,-8.9080167124183,8.902280786266601,-4.597365889134773,2.9263775118706703,-3.1743363264599256,1.0815807840329072,1.2416091565852814,-7.12752313992422,9.668293320802352,6.69813711804777,8.193349772672052,9.994486347685406,1.432368642236318,8.469891713802472,-8.902635554967945,-5.857071915696835,-10.837675914424516,-4.039435183551434
2.6973295194298936,-7.015280446689025,-5.176802349004493,-2.466401362800715,0.5835956230583563,6.1521549923748005,-5.044537167760964,0.04767679825960483,2.59819161666456,-8.791723907383519,1.1999863083415345,-6.270996521455295,-9.69066480373472,8.344830470181874,9.501968968783562,6.465191235709345,-5.096957081609716,-6.992571948689445,4.25666680854361,-1.901678560818857
-9.791263282096544,2.749921243760451,-4.304027208399076,0.5000961727905393,7.613966889208459,-4.545631814203665,-0.5763350003759298,4.3917010840528,-5.554612147462722,-7.9990710903887186,-4.6408282967060455,-6.311253694093247,9.1493519075032,7.245669367582643,2.0620850841235576,6.486436563523881,5.765864148418546,-7.236351161826383,8.415678173847054,-0.37490646186339727
8.2047587199782,-4.116425330137435,1.8106974738161667,-4.304982513891229,-3.462108573844232,-8.033532997680425,3.2083522235680904,0.17913898705080814,-9.668898733213359,-4.508350263281357,8.623918173210706,-4.3005396625688235,-6.768157510176499,-0.5908527609893163,10.268388738361784,-4.298809502027171,3.8223210045320526,4.3962051920360254,-5.428655154869197,5.512147748649658
6.8500587427246185,8.644896322605442,-3.793739278443758,-7.480134465866934,-6.5264704274969105,-0.18903657115791717,3.5773348861066405,7.1274632727914415,-8.720061412225911,-1.148921882078026,-1.252000019407569,-6.238610237164421,-7.971495918515212,-2.3017556112880033,9.056251004135536,-5.570297227469258,-0.600613104864276,5.035714912792316,-2.2784652342211227,11.183777226943498
2.1630850308532117,-7.285788391284993,-2.1845648525058285,-4.058751076525164,-0.3730110738234059,7.192632336188563,-3.7350746114100097,-0.11970865491172872,2.3397208299610495,-8.501231388401399,2.3463787695820573,-6.688362727493476,-8.262992750794364,6.445464659846981,9.994710151553818,6.294124865991188,-4.130199513310852,-5.999695524152764,3.0097265114525853,-1.600026114273004
-3.970948933166301,-8.14258184497314,10.45459019760996,10.218943810247632,-3.278498940466205,3.677904860846203,6.006694971322383,0.305830338092281,-0.13927084331007322,-5.716221840677727,-5.986780602456246,9.750597455449132,8.754639533202003,1.7014159690525332,-2.3263482523149497,-3.2544255362573873,2.3661041387606665,8.229305836452802,6.899815444468291,4.789457488062439
-6.94523828242354,3.0965602291165797,-2.735617008170344,0.3511092044002633,8.101862907198608,-5.26593409094888,-2.0019815327065684,5.719514419539053,-5.056836891392162,-8.491873173627825,-2.6954469490257846,-9.742327323660643,9.103840294772656,6.880146297947318,3.815037998463639,7.364340362700995,6.281361605366248,-5.282650438964563,9.342346374079737,0.4863088531342458
-2.349768833039772,4.535930515765433,3.5836650211467544,0.7425042357970764,-9.602627983117843,6.206087414576125,-2.8733525980199803,-7.440670831664731,-7.043526872574368,1.8322754264003853,3.600135630055134,-10.334888614400855,0.7385989227613385,-6.628086302563473,5.068348397290455,-5.195320115248159,4.803051207246366,-3.6557220797790615,8.94001304519244,-6.04049471906613
-9.401220068116755,3.252792908323223,-4.048947074979207,0.4402187577332871,6.640783428152362,-5.701939711847932,-2.4693527160777498,4.736632737654059,-6.350549944947299,-8.993945429247223,-5.71938500412276,-6.226873778525011,8.511439527940066,4.457199983512322,1.8332452196617965,7.765813231316523,5.530419591596501,-6.96554028241738,7.77658729279148,1.1304423734912301
10.332338042425576,-3.641380775147174,-0.9340461511027413,-4.167982338257461,-4.286569131088234,-8.378277892439677,3.800630055207814,-1.6319119282913472,-9.288605692526897,-4.6930874108281175,6.764647864446527,-5.693872205964613,-6.674333613824927,-0.4896236972882964,8.168387913604601,-2.284811871760078,3.708888813321752,5.3440864366810255,-6.3451754832190534,4.825033134208467
-2.5272963100336727,2.8899435384883536,1.4272354776085405,0.7955349507104302,-6.871800274100105,4.906693230568287,-2.757814735428035,-4.894831821948135,-9.74505451399909,3.512034621955893,2.8609501743973036,-9.227160759582473,-0.06491151867801037,-5.777080853203844,2.286156738430952,-5.814095939038151,4.667560219780769,-2.3297152735664404,7.374631561062416,-6.846410950445745
-3.466042218735388,-3.965179025787074,7.6760803479281385,-2.1485933855878034,-2.056610891928967,0.3249749004402709,-6.224210677911216,5.937848979739375,-7.2755810500519145,9.730049736288976,5.057019604070678,-4.719614165444923,-10.381119596546881,4.896502810196125,3.6202999937785147,5.19917630740828,6.817445685306006,-8.40797759002168,-1.512488361880522,-9.040793730974999
-2.9994839158130624,-5.443747136165824,7.299341961761711,-2.4164480119317737,-4.539847498668841,-0.0640973984739952,-7.089138708864823,4.479317487744991,-8.365560559547092,10.60926311809828,4.193696249299469,-7.558204646146216,-8.310119765833093,5.697468929592097,5.273094722896165,4.426145695621916,5.263452116777587,-8.080694265821547,-3.714684285860988,-7.55012166600176
-9.505044015992087,1.9515141723034644,-2.7712613649219753,0.2479318855377676,7.976885544236577,-5.761584670271706,-3.124254649678492,6.418986963410317,-4.869397982035744,-10.084319645994107,-3.441828641014982,-5.853093084686803,8.71832916915239,7.760518487040098,2.884794772331353,6.012388275805166,6.438610539030612,-6.023701520566554,7.247883121021402,1.360403675190439
-10.001648359911755,1.1577331799076378,-2.741536093931985,1.566515729796354,9.708490368220518,-4.82714769554778,-1.1664094433145036,6.480890994222884,-6.065452480190985,-7.349724119370048,-3.9295747075814305,-5.861862602577321,8.780046067727396,7.458664301036341,2.8915988927500065,5.945232744286939,7.525368170297012,-7.216129563251395,9.10423818004347,0.696601956872692
-3.134528251843624,3.554206910133728,3.8790342043539825,-0.058531968867435835,-8.870255687200421,7.418711943911767,-3.4325511509237128,-6.955691318546593,-9.536677617024308,1.7473393110374176,1.9864328118901886,-8.902600314960182,-0.23683102295357117,-8.25380071983934,2.879584839879545,-7.254242678793679,5.507576954351997,-2.85073809490922,7.6369564111560795,-6.741648447118119
1.4371173877456558,-9.11812492408247,-4.550159786357038,-1.6711313089176059,0.5148542118651509,6.4140683301580586,-5.577183534031072,0.664328416658198,1.2921726304800694,-9.201052039153666,3.8199665638550977,-7.532075532046046,-7.084189349584558,8.655682590574608,10.638072770586266,4.761131952831683,-3.3218204153679376,-8.783327855819945,2.2693933383189497,-0.9784160827970274
-8.302866727810017,2.6396371580068183,-3.028165524423574,-0.9055407175838901,9.529303812447273,-2.8654491230854493,-1.2711257480986813,3.026691149518173,-5.982266952565335,-7.847576481754819,-4.626453938891002,-5.503375700669814,9.182110311287326,5.455932090522543,2.7003399409797226,6.535378583115266,5.890856659569849,-6.823192062711835,9.025941770032595,2.902856895144009
-7.056735606975133,-0.9872106613268599,-10.739056154476975,8.25574520329099,-3.9618568833844914,1.5554722485630277,-2.9455460799057964,1.2186666272945423,1.888290689022221,-5.0844306746177725,11.593706479950788,5.146564418603236,8.899550411361641,7.48010857530495,1.9599764209775132,9.970358056098647,-9.575164442892278,-6.941392423782671,-7.7182732852846785,-2.473356877832623
-6.168262945103023,-1.45243214263456,-9.508014848664214,7.144136453528394,-4.253979194638866,2.9190143157981376,-4.284445197832991,1.2545619686077707,0.9636361785431451,-5.786266443553491,8.410366618773708,4.097839523294784,8.897186793323916,7.577700653058244,2.5844342486756466,8.357576247799786,-8.025074619726979,-7.703725281558339,-7.2070172821749825,-3.6576353697667447
3.533120956228986,-8.317279603761614,-4.522612966280903,-2.8240623543586882,-2.2743895178517657,6.294868469618673,-6.730514688575415,0.08929841709520858,1.3963420053289721,-9.86033025131972,2.143852052548212,-6.805127104822192,-9.070826022573076,8.249249123386324,9.632165332274143,7.821564230821506,-3.7678373836934593,-7.050439504961193,2.294438605089675,-1.0391886859142037
-2.340016771000811,-4.628871547174893,6.197363665576379,-1.5200794349475195,-5.11423584436092,0.11368941061626137,-5.060521934659638,7.021787179735126,-10.89410082509762,9.172479992799943,3.632906048371093,-6.976377062731807,-13.028072323761991,6.17223899140274,2.995205057791032,4.640048617616185,3.8002856748363896,-8.436195112146152,-3.245601707234875,-6.18066584430881
2.0579646094314334,-6.8143030058632394,-3.4642512734778252,-1.938125588666836,-1.8644041243271072,5.419364129931476,-4.811761494955868,1.179335955846105,0.4754319257597859,-8.719511845247844,0.17267178865395616,-6.5425826241938,-6.801201123548433,8.02981802779768,8.478317615999606,6.931976743902081,-5.450526131742233,-8.679312749757361,4.28110166782489,-1.8312359728973762
-3.0933684639473755,-8.90785061645799,8.06862401984175,8.384620745144062,-3.513976222895101,2.8731443173072515,6.094771036216056,0.9423271239641859,0.8679045760311014,-5.74402148205099,-11.032129701453599,9.13708416071363,9.803050090429158,2.0496292858596465,-4.28605754794476,-3.152909030137004,4.331609693676015,8.937723776214503,7.796367926947384,4.804888086781293
6.4661657365366105,8.077072050528143,-3.288839208885988,-6.422729538810892,-5.662085898953221,-1.8633475940289619,6.894276115868525,5.436408937561019,-10.097809438498365,0.08074836226586254,-2.5721385533313454,-4.500784779228818,-8.664932970669629,-3.383569620291237,9.151351303573353,-2.1824897981087767,0.36525599998646907,4.996532772031767,-2.026812555136993,9.559099210588357
-10.595161132921584,0.25070210664659154,-4.751421235509222,1.2842120189069628,7.748496050047055,-5.183484274137548,-1.1367871809989536,6.916691648977238,-4.099032035221912,-9.432736807240328,-6.147541513162046,-4.415959995819808,10.862944658510914,6.350861187717622,1.3975868846266482,8.392438337648295,5.96545785196968,-6.381579945385894,8.745638812904685,1.1212195851863127
-3.5979860099793064,-8.229214599124598,8.813637879053118,7.364087295697732,-4.522666592698715,4.762429705736592,5.866297281318039,0.7993372693955165,0.7673225706467063,-5.391272608016136,-10.051950471895502,7.364187516367594,8.695734385504112,4.099575896398006,-4.374022746563712,-4.175090906977625,4.549347380122123,5.8666101341737065,7.296758282315219,3.861468857601083
-9.703195058037437,1.199616929016322,-3.402340740559262,-0.9438034046768629,7.358194814907923,-6.204901217759172,-2.2527338719440615,5.083053356373991,-5.150422109001846,-9.060908438838103,-3.135687235329456,-6.983779512909877,7.806230613585941,6.388699858531775,4.631627963752286,7.764372370289474,5.710585910608684,-7.796060178397988,7.631767648827486,1.0217729634011297
-6.921629490873215,0.16230800746932533,-8.116698189608922,6.667438260762328,-4.319818553522271,3.8769840504165827,-5.00534076429202,-1.101510185126173,0.18826346038999164,-6.9644523320047504,10.145112018793602,4.888117683531196,7.9336303130025785,7.284913271858416,3.076631910375914,8.450528074839287,-8.409400984318522,-6.190348250318147,-7.8033938874627164,-4.242565111337955
10.867014380008262,-2.970970582910303,0.6965333432498808,-3.199049079510367,-4.883545115303379,-7.314932566005062,2.458982933956599,0.9066907290269701,-9.075949913771167,-4.695103302595381,9.828359978929193,-4.669038506922245,-5.650727097105157,0.04438337729630515,8.864642545788923,-5.7422375026484795,3.5456761905821823,4.605892090531024,-6.354710528779697,5.765744004024216
-0.686012966433686,-3.3176695842336072,5.889075265448458,-2.0446350916192495,-5.332263189346857,1.5498537641058194,-7.698129699264855,5.020686391705211,-8.22894178370718,7.063171603856205,3.6939198115279197,-6.203178253090835,-9.80711589089311,5.939909798938493,2.5577105782347447,3.7622515186812415,5.816616260956308,-7.93732519468983,-2.8469085467104884,-6.525785028460417
-4.124712997246383,-5.567054721488077,7.952577876432827,7.318682383168102,-3.5241087677295235,3.017946675829961,6.392332786699533,0.8223279112001174,0.318179189062902,-4.792452171162875,-7.58500145468391,7.301066727853967,7.2422806871196785,2.052893056607796,-4.620658193225754,-4.606238766266079,4.816280724629696,8.880801002226654,8.612773778447563,3.215519644015818
6.467640506661675,6.263051373383832,-2.8809175299805334,-8.911147810725023,-3.882114458678815,-1.506620491975491,5.113901819910699,6.072625594434186,-9.51286209758884,-0.1763538383470621,-1.748433846642561,-3.9450635578883553,-8.301936717555419,-3.1877337142317343,10.278038565623438,-3.265427884118495,-1.2307903004906835,4.565768189635693,-3.8904108101975643,10.84244918315218
8.84487644858975,-4.276007046454697,0.6100761693691893,-2.88163399824189,-5.562485664330686,-8.861202745215712,1.4638209733642649,-1.1668337462338545,-9.399027211948923,-3.358365735133153,7.792999365762591,-3.64330752670144,-6.553224042655205,-0.6050352734293163,10.873057511118423,-4.713497797655705,2.5101515596708666,7.091194942154866,-4.98777029706553,4.583123164222683
-2.8523702238949613,-5.551274302582559,6.6969931875856545,-3.2838969116494487,-5.205921816017407,-0.20487848508285,-7.897028485989976,7.165438826930723,-9.170012181032078,9.222800025577074,4.988197770909901,-5.6866928555071325,-9.43330816899942,3.26457202985352,5.158782090779951,6.016511395063501,4.3752203963572445,-9.491405210053028,-3.2809388168928186,-8.43862282895401
-3.146584750359268,10.203302659305873,6.060383084217956,1.4024233901912557,-7.711982764255499,-6.408694036889543,-9.390550800916982,7.956454733254214,2.225223255715475,2.645707440923677,-8.04080491275389,11.194074716335408,6.0360641255240495,-6.140919346370461,-6.0776352651330825,-5.997453012944298,-3.256610868136415,2.505333171411107,-1.5380468546517345,-4.973714440577615
-2.283757329728634,4.04306006810441,3.4880791959882136,1.2047334569075263,-10.160253011879753,7.149425893887135,-1.8617710398607341,-9.280152308316431,-8.495114625929096,1.6585002890083724,2.7014922338227043,-8.867114837530924,1.9515670665929505,-4.694853767203488,2.532263856927471,-7.456141244308327,3.9633823958388636,-1.3921237816076637,8.347546748500962,-7.539964108730931
-2.8710981422650805,3.3187295029614314,-0.32467267558172175,0.6873693575533356,-7.4018095594961,7.700568027813237,-4.281728359062742,-6.570465078957947,-9.800645297797349,1.4251842102387524,2.519460686117214,-10.557495583913795,0.676238088013988,-5.338469122768499,3.395042315779471,-6.298657030199334,4.5230933631969155,-1.387079075834257,6.992883154868586,-8.103890767494498
-2.262206069724132,1.6554191023353568,2.126021283394103,1.2085800835431078,-8.773390740058765,7.528891985001118,-3.368735913079219,-5.833946680078412,-7.94353157016619,2.1376819263789026,5.090134527314993,-8.756981138405054,-0.2815912638488367,-4.1769364210199695,3.167321829091943,-6.907351128560674,4.097140457370203,-1.152966249598989,9.189644868976911,-5.427188284528738
3.455252606201846,-6.152754481580938,-3.284910029222659,-2.9878498653202747,-1.450346357615342,6.03612673818447,-5.073396284491737,0.0619680674956255,2.9134633429552363,-7.618375000113866,1.2345761189553466,-7.42643823005045,-8.839343199199746,9.285323413255863,8.788073647724136,7.520149641196365,-3.4836577550141357,-8.007110671631581,2.2487510063746097,-2.51276594163548
6.319246102002612,8.648696522214799,-3.0857875740499736,-8.413385033894308,-5.344919626047131,-0.9103044073058209,5.231943980939083,8.478150675923375,-8.429368484162074,-0.5078342038931782,-1.4581099186762514,-4.9155655339143625,-8.148306809655097,-2.7660827262393464,9.021449704542551,-5.003859537223696,0.8349737508458805,2.9602367616325203,-1.7882051007520732,8.764430579285326
-3.5173964257035832,-4.979993730895453,6.58875515040997,-2.3011455911212995,-4.972704536090432,2.409120197312312,-8.296047815512809,4.304734462907995,-7.402276702117266,7.463117700804146,5.240765617060431,-2.9080052401085044,-9.901601210487884,5.188460918400432,4.079749413165549,4.529342572200213,5.586056874072031,-7.856843983158573,-3.8697965974822868,-5.995070754260612
-2.353670852501886,2.9746513657855376,0.39845255964728743,-0.8734959209826054,-8.799268289633805,6.144451235407891,-4.783681122529416,-5.520047220629285,-9.182378747887249,1.6031643163779996,2.2951319623382624,-9.712788285687665,-2.3848235900129917,-5.633040806847082,2.9666394769967535,-6.270756435578672,2.25465299857004,-2.040476337297777,7.6931685048701475,-8.06205094937247
6.529139753597132,9.456947738282516,-2.329735644508422,-6.934376717694693,-7.603975759675696,-0.536791099426949,7.065808704510108,7.470556042205214,-11.59117951552167,-0.5618278576357448,-2.8186027065584867,-7.572852230092485,-7.605607804741138,-4.04551869337022,11.483499658519296,-3.704713299022805,1.6695655907332827,2.4912801532103312,-3.25749753841899,9.532539530453528
7.6724517942987625,3.680629316684061,-3.5269062580931108,-8.323008907605713,-3.7639793237554624,-4.483276295966616,2.336332235666533,3.1821591192343397,7.918202059939342,-1.1738765388611827,-9.22728813774983,4.894635258868638,4.9497808981423965,1.7824186737580707,7.283392129502979,-2.26551895303189,-0.24494422106248226,-1.6585552461409212,-8.036791290971447,-9.478574479340395
-3.2276048886219475,9.909210505142763,4.344929157936074,3.220911756614466,-7.553117815395138,-6.601115431052144,-9.673674809895768,9.468672043272091,0.8347018158346629,4.4712722661479365,-8.954533233151853,9.811996140691384,6.463565157130727,-5.883038486167903,-6.319689183878878,-6.478911804559813,-2.951276024014336,2.7056516342361085,-1.9185914121655188,-5.545220175618239
-5.854643209807047,-1.2045742560334656,-8.336188858339685,9.585894468547986,-5.453054673074232,2.9729320682194067,-4.802087725585551,0.19789928247591138,0.8976156125226618,-5.643260891407088,10.48187602631162,4.754560402600644,6.822653767057789,7.875302229276733,2.251537106190343,8.686902388147377,-8.556823206470654,-5.955590651953161,-7.580009413436992,-3.1116592157722036
-9.14487353533432,4.02612473093637,-2.450302971509316,0.11391085449913993,7.675844737332416,-5.677988519848191,-2.033404761753187,4.676989416537373,-4.8704092808093185,-8.040091985938936,-3.6131697505796234,-5.516290543483743,10.456822168251637,6.287070984695896,3.767538901604123,7.077551619920141,7.258448521565306,-5.20708966510344,8.859595939742547,0.8809146795045378
8.620736875713106,7.890484845800141,-3.8544514508986314,-6.933088920862121,-5.79508748030348,-1.3725044516799803,7.769729742500771,7.2338305173441375,-11.555975182351492,0.5822654394005122,-2.348073516076815,-4.692572633290848,-6.906502937500098,-1.7762962237609188,9.765726379043082,-2.4456970759268306,-0.29328432527039094,4.864365673794058,-0.75895666305383,8.746991745782447
-3.53423077135802,-4.918123461341272,6.618812750445188,-4.7007022223053045,-2.9926452861499024,0.996299575675436,-6.8001626659244625,7.40946607760706,-9.139129956546931,10.311780662894376,5.335031262831212,-6.209773236332471,-10.661750045332331,7.974831782783209,3.761646836876772,5.279607607715449,3.550399546246978,-7.339118435628405,-1.7784742731574887,-7.585184699200103
-6.873377484496005,-2.2501923715660577,-8.86524786068578,7.547822216430612,-3.171090730821131,3.8735330349687356,-3.5259207323624837,0.8876704169064378,-0.06423526601112528,-4.679654198961405,11.383062973708077,5.895569977770507,10.380382399857421,7.3273988098804415,1.1608860099967218,8.478409449191258,-7.795208920593711,-6.474329432860216,-8.557686031420756,-3.187003902661299
-2.38797636187647,3.229845973393408,2.542597240004499,-0.045961875268680674,-7.537698515736608,5.392777624532512,-2.125579564708814,-6.501047853207908,-8.938968996848553,2.3764170170464087,4.14197528168984,-11.077227721394612,1.0659477465298837,-5.166930667664968,2.268194423630389,-7.262338370846084,3.484701679992474,-3.5640347605997436,10.456867165721716,-5.76342979193679
-2.22922899673293,7.888797080899945,7.085630815844928,2.1023908659159596,-6.770232396546377,-6.154342969377255,-8.357318524899297,7.547406939777835,1.2318257794188638,4.632919913056905,-7.706285617608917,10.743617089394863,8.242039442647833,-6.264433462865662,-7.353105476116569,-6.457696723030971,-3.859430228520551,1.5893201511157058,-3.0535642568725043,-2.6458668765785474
0.7405286393575108,-7.860146721366061,-4.240544999085998,-4.122408353824696,-1.8004601287845938,4.699561855778774,-5.799257027433862,0.354033105308483,1.1265538239035964,-8.894170873460647,1.604216953441501,-6.861172636580223,-7.025516049995873,10.318171796857014,8.01305942456359,6.997679380208396,-3.0963280620409948,-9.19482100862494,4.503438173997998,0.3409817932045798
4.538781430372253,8.24941872961282,-4.416792599184115,-8.047212623307558,-5.132018364034472,-1.6705641444057935,6.590755199077494,7.887581871158784,-9.566380588835866,-0.431890252616308,-2.280979543994744,-6.99754908720343,-8.456612950847061,-1.2856282100289127,8.066190504155141,-4.729320172028715,0.6957402967120958,3.9500144186116963,-2.9230011892633456,10.844687620831305
-9.471589055052071,2.943134190052314,-4.172621773536505,-0.16767447123277074,8.24733874651891,-4.812080910861188,-1.7965434546785624,6.816385127374057,-6.414773608908835,-8.524605598376855,-5.778599963841623,-6.403492776252525,7.478706510474646,5.884097335411763,2.296010804877144,7.710102930355528,5.52065062043711,-6.863904519973266,9.287036433885454,1.0714116287875401
6.590760926140785,2.5551607331637296,-3.663243098349783,-8.605413860778565,-3.335761570613627,-3.0624983193761826,3.8390062361407007,1.6282347496566922,10.247426642432242,-1.0396858363615666,-6.908902642561979,2.6572544339367026,4.936088252433272,1.098344567407482,5.892158669019053,-2.846542213704124,0.6207972007182122,-2.5989210881969007,-9.167271753923172,-8.878500656972074
1.166205475763151,-5.2987036998194394,-5.4375626002981035,-2.483283312905085,0.12884365753591798,4.448596559857981,-5.821813882051722,1.2226043057828875,1.8607906991481,-6.202588689933277,0.48229777915057115,-5.5307889963702905,-8.871769877690873,9.749630899903341,9.753947813190432,5.434790765219224,-3.6787282240732466,-9.90445917127061,4.287908030814531,-0.8987916592174474
8.583805599557811,-3.670420560387003,0.12449341938517144,-2.1334951851027486,-3.8987819583792307,-11.674811870829156,3.2473282860564914,-1.4559711578927246,-8.739891307788874,-5.201754772931616,10.308028753797261,-3.7691642592304166,-7.843923199877296,-0.338302462569851,9.957607151861232,-4.295480498208381,3.4718628604425845,4.207497407193484,-5.96480775935206,4.5598451758604
-1.261127539049233,-3.8686831546680036,8.426790227852258,-3.2827164786418326,-5.478920788528112,0.4922935537924241,-5.7459445073411235,4.215533734238832,-10.577362841835615,9.82713401094196,5.0023060931589916,-6.017958476140867,-8.944245886292087,5.756659222977829,2.264141046021723,6.624624918019691,4.428178646280138,-9.57814408733029,-1.726965415391951,-8.067107930538924
-3.5528465637982674,-8.311506589262864,8.5263544203245,6.585264380290404,-5.9765587695701194,0.5842119606797302,8.09168133253421,1.6597475510922495,0.4762474458138241,-5.830177418877614,-11.013976925928432,7.215786282845049,8.724227480430685,3.604203449059228,-2.5771121854226844,-2.8574165519943135,5.822987723336167,7.6136679769630025,8.826917401436708,5.212928473432264
6.323601411770786,1.9195549170874853,-3.664280094870245,-7.678058703807413,-4.943292552539669,-3.853748607635759,5.54513306497533,2.4512719526076507,8.204670501369355,-0.6952435396889172,-7.351331823909243,4.036423200650359,5.882766445066303,-0.3195124560165101,5.056031590702675,0.172484603982123,0.9883518356460745,0.043772989924819816,-9.882642131983673,-6.362689698273038
6.234816630006742,0.8647813377395854,-2.7564482004404565,-7.244191132403019,-4.806707188076652,-1.9068922759033606,4.876034625497661,2.744086522553433,7.346706154980753,-1.9402195161860103,-6.620386565309366,3.489289383022296,4.435894296600349,2.2174702612768797,3.536360152419494,-1.6476858833803518,0.4365223441317998,-1.155895203824156,-9.006882817149172,-8.143969953530164
10.14854463682163,-4.049181932774094,-0.28589399335022536,-5.491043258044317,-4.057006168154681,-10.180577190237747,0.7013504749577144,-1.2102910961564863,-8.644043967154653,-3.066033354334964,8.204212235569319,-4.997381532014587,-5.919207619297612,-1.7553997035322935,10.233185503812287,-5.170484354088813,4.008768406949639,4.748908398170535,-6.065186410578489,4.704835876522797
-2.468278447657029,8.01209867241685,5.380703181648228,1.4599561174691469,-7.108227106491289,-7.8744589678844585,-11.40066141543132,7.132495152898534,4.4349156564770915,4.946055843818932,-9.607570493818345,9.135306214031619,6.671318708820482,-5.206098671259267,-7.5443134711668325,-5.217588108262452,-3.1997738253680015,1.2133143583526917,-0.9226238883479578,-4.155800538345171
5.695109146344518,2.8730529199499903,-1.4289798074071198,-9.723689346747069,-4.540155697674531,-4.206349002356611,4.722121792562876,1.6881131542505448,8.16550223021751,0.29113844870815153,-7.073767867780182,2.4964803188218267,6.210868637496555,2.162911365643605,6.249504971437525,0.24875417594363985,0.6748459018450144,-0.4167902347026111,-7.568103977514642,-8.79521192349876
-2.397047346040684,3.407547235932482,1.7231713201994356,0.461339150620783,-9.349700641040599,4.135902363204407,-2.557394288777627,-6.273378325804766,-7.586822172199739,2.675181055671014,3.1970774751802002,-9.751424081547286,0.8080385567557925,-4.503201079285498,3.226126438931009,-5.4070782746106865,3.5220860253748483,-3.2624366207749382,8.66979052117356,-7.0443962263439515
-3.7622316843351435,1.8620050778153503,3.784676651353333,0.12384786615272436,-9.715637579826142,7.238646399398825,-4.131617140831256,-4.479839021694515,-8.888312614916257,1.9781181504065022,3.182043345229892,-8.077408087515906,0.600415625875441,-5.878584014197448,2.109372101583551,-6.586144474464389,2.8411079248945144,-1.2364156323103077,6.926257720710456,-7.389095145413206
-1.3363964737348997,-5.180280778608167,6.374548928738219,-1.4657055160570547,-2.8421674604417344,2.426319873435297,-7.463641277438659,7.274642520065266,-9.457939954173263,8.830835857288285,3.0944395333087864,-4.352818167418022,-10.75353750660403,6.182695989349622,3.226822535024059,5.275308609149888,5.049773273001574,-9.823923855751142,-2.389022864928487,-9.116348834307635
2.133626670157306,-8.449175489485805,-2.061263527486478,-1.0783207423769692,-0.1996533278970476,4.891116878922853,-6.055553697670843,0.12432868722740179,2.1791426818564275,-7.619990307468709,3.0303140791661693,-7.666893603238928,-7.322471690274872,9.290842885079822,9.999706457350104,7.6344878216078245,-5.019304866046138,-8.082383298578785,3.153205978883922,-2.764809550573429
-8.025994115055864,-1.5794462297570144,-10.129911974300766,7.052577684769289,-5.236879379887599,2.5117481887500777,-5.392783399078529,2.4239506541256977,2.1867463178948237,-7.081930311009445,9.664113951944781,5.920121557043586,9.981064686057259,7.077941981892897,3.0501063602041283,7.8895793962553995,-9.566012363130223,-5.356206192302598,-7.804695797666811,-0.9054844112040281
-2.0726378188950823,9.918220969284517,2.276946400686263,0.9634389792307945,-6.260472930146072,-4.822614123564248,-8.817534048960603,6.5955199742695685,1.8394037937593355,5.536327975069094,-10.234274293208486,8.599005036589633,6.166109293826404,-6.70654639469319,-6.240830339863192,-4.707231344461763,-3.5920758676932163,0.24277513051846966,-1.6529108960732293,-5.738608004735818
-2.9294328614432743,2.1736157187866847,2.7502882826006068,0.11061928248598663,-8.945227990302358,7.325706603547908,-3.1297259596227027,-5.718231449224673,-9.361397259395565,1.2461202815396475,3.4324347548248784,-9.167081351374426,-1.9349185349862283,-5.075972565670383,3.2125939955237954,-6.4505205138144435,3.6694413401776447,-4.8314124599216655,8.294746511634283,-5.4601424060027615
-2.4205400320913126,9.211601835603917,4.022226940793751,1.6570968279136822,-6.263856041380128,-5.67622515610713,-8.97777403231701,6.873333650647291,2.022828193720773,4.7626583048500235,-11.032164930217492,7.102016090102648,6.098315966516852,-6.973930212348636,-6.871640853505299,-6.479690121748795,-4.368403549832259,1.9475961671155027,-1.0343548625553651,-3.8749428364283327
-2.6618547085106843,1.0419955994012642,2.701962631317603,0.779031636651987,-7.9516086617583746,6.112320718099018,-4.779868417230795,-5.6450231471086365,-9.45810372543889,1.9891029114498324,3.2698271569573536,-9.674305247216472,-0.20742418195018825,-6.438168085195069,3.3771874689576546,-7.115791508126291,3.9827062429441304,-1.854832852087174,8.147787059131609,-8.45346675145312
7.454930360662061,3.984384567203338,-2.961770973890455,-7.423870305489108,-3.173410957300118,-5.338252638396602,5.89695833008061,2.886325668446932,7.692300080625753,-0.2743531492714366,-7.953098243191033,4.491924604848845,4.623824905994857,2.499816210124295,5.30575548547017,-0.5066719154346186,-0.4702692280793923,-1.1804038436803663,-9.304510364993005,-7.453746846456404
-1.8574377683851924,-4.448733669671231,7.510806350974605,-2.0879967631966974,-4.350833392331756,-0.04333134299628705,-7.834465656336828,5.4941502554427615,-8.82425346032084,10.005789159600099,6.1600697760612055,-6.076805062331929,-9.87343286962748,6.452534874096686,3.621241563820003,3.6547511031767907,3.6699690364082045,-9.214256323395064,-2.3575399758467603,-8.385530247536973
-2.274358131734189,1.8421036139173426,2.011295178367444,0.4793391136379435,-8.998142975638999,7.50390173726306,-4.932432952110313,-6.170400168621842,-9.05198907206254,0.007059285445155883,3.1102634163220406,-9.412543883394735,0.6705891592796882,-5.6743917046414065,3.580344012669713,-6.621987677136212,3.8324076741243767,-2.0136392050026983,9.661599403468859,-7.925299119495667
-2.729322959881315,-3.3941534274851435,7.885912479642205,-2.000863483989267,-4.075175253149629,0.6228621263240712,-8.373390204695998,7.987468496202992,-9.268660144157137,10.401385079043187,6.504460958556544,-6.580966866221881,-8.85154513021199,7.073441772435537,5.865110712334109,4.110796894393036,4.1395429164392,-9.024596720762704,-2.6218318865802157,-7.624406082412349
6.697929778839614,7.391833066766388,-4.064406418154502,-8.30154802335215,-4.566557127580909,-1.7659918569280117,4.5671418159957105,7.1662919863925225,-11.397983390504114,2.3991766533062173,-2.617447850871651,-5.719708555943125,-7.344489918625206,-3.5363547326066707,8.568163676784192,-3.1141140734240182,1.902028393663601,4.8278882597208534,-1.2488940738405776,8.389022546325712
-4.681097576638382,-7.7932781007573695,9.093988820815763,7.5253687726672815,-5.375289087309784,4.326138677812738,6.485000407231068,1.4469991993555653,1.7472463720198892,-5.2861961208421,-6.077730571257335,7.496500155194767,10.006309347779508,1.6872939635529387,-2.7019192761455444,-3.6583406765530193,5.63867969438588,7.463972591193114,8.032599675946432,4.946968921110907
-6.024753201309909,1.0259124209285633,-9.771994193526108,8.729798869447452,-4.821252641093335,4.480436055518323,-2.783095335441839,-0.9987102996267929,1.5214680003297696,-6.508538743132706,9.474525125809272,4.774484566252475,10.538115900404618,8.936608828455551,1.218228412248735,7.102874093552102,-8.615822589939459,-5.64584010552579,-8.855248377843017,-2.2402605599664693
-3.110565267003964,9.334068062340858,3.0468851026964323,2.413644421901131,-6.899264990077952,-6.327619638858799,-8.614413622571348,8.687663345472547,2.1475247375120827,3.732046014795656,-9.466012611051667,9.941495072276274,6.69771288633414,-5.712626095230594,-7.065492343664743,-6.994810720482272,-5.317760412608939,2.2447053758316966,-2.6049628625489705,-4.868322393835069
-6.9469030891019115,-1.0750501877632508,-10.693821296159213,6.388193302166535,-7.047974535936858,2.7323766676045835,-4.066758790605002,-0.23007660392696705,2.1776113840527547,-5.074880679881324,9.056889567846671,3.708735354030328,8.22327372322873,7.296725614635914,1.3008646139436444,7.73976579656409,-8.883612854686417,-6.466884367514855,-9.730995320604796,-3.2850708761091205
-3.4206408576222036,-5.585663805965172,4.639320223324782,-3.4140924078919905,-3.0508774618735686,0.7333344746915003,-8.521640396159533,5.558260870505748,-9.996848829895207,8.612552630279184,5.83371429619686,-7.199559695622581,-8.77692335232465,6.2381082782663455,4.2227415808968685,4.301770393211853,6.198254772262637,-7.735947077541182,-2.495631077202376,-7.1178297035897575
-4.273546384694989,2.990116718176625,3.368677680135563,-2.039027946903203,-7.942335150593809,6.289357924989025,-3.805252980694835,-7.1770107447662355,-9.332686459308364,3.209850439946168,3.1048887380301338,-8.702669862649694,-0.5644700528939902,-4.711328303385202,2.9051116638109487,-6.16064659111089,3.8259080181468073,-1.6236678415480434,6.167014656800932,-8.669406430537705
-3.126300139269834,-6.567034575490837,7.7890208548472,6.945134638730495,-5.3366511267961965,4.365006519906862,7.636737750909026,-0.291874002474372,1.599252314431766,-4.344045875643682,-6.584349833432188,8.329423191192912,7.964101022988031,3.807245832037018,-2.5205003875242205,-0.7709100935980557,5.477821422366616,8.095753175475458,6.567624104926175,5.016593739958358
-7.7318644373952585,0.5422153421057047,-9.375803116881753,6.735480150464419,-4.748823995329624,4.2993098289550025,-3.794994884065766,1.1764755451453022,-0.11132389880846016,-6.329171682759311,8.767182100202595,6.249637307327001,8.821470393545779,8.586620684889589,3.0457100023795682,9.129103275583724,-7.957031524667966,-7.0785550101285,-9.098240332456141,-4.026483786750546
-10.534126725593076,2.5665644307969973,-4.177282159883377,1.5953127605409076,9.32244854325943,-4.906630416591701,-3.0710773941066627,3.8851305074210276,-5.408913428582997,-8.12407883410286,-4.579593761050694,-7.255743839127145,8.001153813672813,6.139013631044393,0.2853127781354048,6.327885174984646,5.44639069253494,-5.061095627327363,7.037366327870627,0.9673129801442204
1.743935072047818,-5.766490783490349,-5.413613923574893,-1.8595579473781887,-1.157563245991089,5.423759059364438,-5.216152460781094,0.624740062841123,2.418904374460381,-8.102807085067184,1.8195886548454436,-7.20175426076192,-9.784118666852208,8.152300215087712,12.261735086799913,7.412626543066008,-5.258798982740608,-9.369015676615891,4.166526591961629,-0.6496853278300061
10.898137222176684,-4.103443978951254,-0.5627226523323816,-5.323405839645887,-5.985257396148433,-7.946161601058863,1.2362043914621093,-0.27193294841770627,-7.649213848922637,-6.0409721707467625,9.657582228808133,-5.462402640553054,-8.250685873414277,-0.4582957215976524,8.990412300810537,-4.718074770864275,2.7945785142297943,3.320750095655308,-5.467811654560996,3.2077819199506523
-2.6198365039550167,-5.335437315124997,5.814386541822458,-3.258545048161224,-3.9988764905598493,-0.458241538030548,-7.5786308320726,6.002467837081648,-9.608026350936443,11.534403933685363,4.591399905871806,-6.695123282950043,-10.86786560735045,8.107708656234799,4.690052105551825,3.643551354576105,6.5316384925788835,-8.318408271029314,-2.5734320080030457,-8.027096018249859
-4.281965721819456,-7.482067154056927,7.455733080559819,6.839675986326409,-4.4871855130258815,0.7705685835169338,7.98686324995264,1.1476563644549849,-0.6999544452833988,-6.180199551277807,-7.146298265621213,8.545368094140636,9.39514180055182,1.9792863006611245,-2.922820341875183,-2.589240595963105,5.214381077657025,9.069486322483613,7.024464579457999,5.483340649391995
9.87423541138429,-4.934070446939753,1.5181061398906126,-2.437207357779788,-3.8701437338467013,-8.949022803908633,2.2572177881768374,-2.60150155330226,-10.36498448832629,-4.326395212168837,8.781343428080746,-4.919092374522411,-7.9945675258911955,0.7264614880207564,11.195453110966652,-4.220904969478651,4.4323102777080425,4.67316650861914,-4.171314997451208,4.710085611564849
-3.580208880920118,-3.8385426195208643,4.497630329264714,-3.100207376100653,-2.2354848811758963,-0.6910142589884307,-9.16347998624346,4.5447584131230965,-7.610627558057598,10.862515451996158,4.9323065889546385,-5.342473965315483,-8.499302330015963,8.096574983526507,3.890811595772495,2.2786716431497602,4.6045280113092275,-8.94591116025345,-3.089624225692938,-7.870478210506125
6.980223668114771,1.8290860623447251,-1.8394922915728993,-10.148710158550456,-3.6658775068679765,-3.604861402029907,5.418962197470395,2.647140199379568,5.986045974871096,-0.8068193314034545,-8.580277299177292,4.34447529101646,6.649878008858275,-0.5138812928423531,4.619120863691317,-0.6767810264956822,0.07302549222667026,-0.7090539687237636,-9.665161882679485,-7.426368734413466
-2.963849795533971,3.160977791806749,2.3106180416369932,1.1276079822257719,-6.797738898456101,4.628890252483933,-2.78714640202525,-7.808684713573383,-7.95616945836026,1.1808332538919761,2.333615859239165,-8.97297419435413,0.6060312291280308,-6.469271399002899,1.6504560510206039,-6.700152907391453,2.6146678118781232,-3.3267660469128795,8.850220565156123,-8.215452751335231
9.805975521330026,-3.2203438494169845,-1.0510748223221822,-2.760239623557812,-4.259766703634237,-10.59795257460242,1.0597813782457743,0.06936523793788026,-9.374887262924316,-5.73998369202601,6.47127843810767,-6.055481514587058,-6.90829354984442,-0.21734554705187728,9.211771124711936,-4.957007375478509,4.48273766798026,5.626518817008499,-5.368557791541587,5.492398978897881
-1.634124659197016,-4.473705549570733,6.184341444758117,-2.3487894265418343,-5.03383809946903,0.24274451114564266,-7.709509522270361,7.397008775247203,-11.730003482390298,10.133337566773289,5.47916720013337,-7.706556828554672,-9.57983087839195,6.784980560928214,4.726786108309743,1.9283152977747982,6.791796345573353,-9.256843670003033,-2.1441176823613715,-6.94154502881512
-2.900955772096572,8.091875943699819,6.255254525697543,1.650849214729392,-5.662468670325774,-5.358793541353496,-7.84001685848805,6.891902602780655,2.4260303252007853,4.137255949529993,-10.49201197481408,9.72255632496149,5.469813024848634,-4.565538397972913,-6.828117953156381,-6.130750147058484,-3.6318672692631035,0.23622365894067993,-0.7744058256824105,-4.650320852661686
-1.6402779945565515,-7.855896561185727,8.478758775485309,9.125402458098248,-5.499389689447076,4.014003772091357,6.145828281145854,0.10147426998431786,0.5941725538410019,-4.471249068382979,-6.784234803905504,9.419009144412216,7.713597069041075,1.6747799134331456,-3.5381430786034653,-4.197339261076937,4.301727377988283,7.600539915431784,8.469218689459112,3.391575737238098
-8.731389667880986,3.0846208088099845,-4.374017490664438,-0.029157357361712266,8.073406742843343,-4.464581100958057,-0.28342264502050285,6.229360907654101,-6.843421045963591,-8.236406834523091,-3.4682075965567423,-6.156713924775277,7.964719283464041,9.0765168070567,1.3909905678773509,6.346023357088306,6.307036619243867,-4.151795767315431,7.014985119095385,0.5210164726660217
1.8240600723041558,-8.136821095806473,-4.188546199670413,-3.5211917683169807,-0.30547250241808044,3.9176527359261617,-6.366154029285268,0.5857961074639746,2.032125893563354,-6.377958081619548,2.500697062596674,-7.59357212309618,-8.794432387383482,7.201464411600215,9.232040912194426,5.3348909053284626,-2.992334340972425,-8.596097994467856,3.5678946144478907,-1.8325079666123765
-1.945262188300084,-2.7404581241660697,5.044471047108801,-2.9873694558756116,-5.289812317764576,1.458029118604014,-8.798687390550292,6.390252325305681,-9.139035557752925,9.003576865889332,3.99839718239246,-6.490762315517558,-8.805057127237026,6.284039885567203,4.7648272948268175,6.244785182786022,5.68916251854149,-9.077906537380533,-2.3634332139317573,-8.226914955811697
-2.228431327277733,-8.076233480815295,8.435857271177326,7.093422413348775,-2.375240114235523,3.4529233430477224,5.80958609851812,-0.5475234814409438,2.5667450098559814,-5.32623256721927,-7.3937155243204185,8.800312449373079,7.545530619836238,3.3344819208515153,-3.8235424657776034,-4.006234869786198,5.6835782699170005,7.784015819229343,8.260241318905,6.008431911034247
6.762820903017215,0.5927224247320064,-3.832407694203684,-8.321985359139743,-2.7649612370115326,-4.668164859937584,5.619183993634298,2.1032771374577415,8.106704733121058,-1.0655954496266464,-7.425944453521864,5.156773379030174,3.9886868950494128,0.5456380546430937,5.604306186433307,2.277495588318167,-0.40853312452694646,0.5909542531679111,-7.487194161442925,-7.939482610835502
-2.002527332263753,-6.519544650880946,5.456822575001849,-1.3257362659533065,-5.309529773600403,2.0973499412678946,-6.82617730491461,4.234671900492537,-7.873657931188378,9.620071429817493,4.989428329683407,-5.780729276144548,-9.41492417196116,7.016820391071302,5.315399724500345,4.988279273598104,4.049772844932552,-8.992752422969383,0.11236290615407407,-6.958127749115678
-6.301616246745064,0.30959432465348463,-9.547153849216606,7.2928929490563625,-4.026549666617523,1.3770043831250236,-3.119888057935888,-0.6976843279986564,2.186489248822233,-6.141611346826764,10.035816323141281,5.584645281047011,7.037601736142786,7.035817845157637,2.6303889138330847,8.604140517822179,-7.049160053655937,-5.6770681885799235,-10.0621561124919,-4.289457522455347
3.273145545493846,-8.633097712220836,-5.12723128967528,-3.0703208996178875,0.3590534418527176,6.083286863901169,-6.974570115343051,-0.025618937112671103,1.2339682331445554,-9.780780737833581,3.1297865965855456,-7.961260655517675,-7.090187284560036,9.805940435251289,10.403502332094885,5.705007450303963,-4.057665335611696,-9.479709534397033,3.1599981231763343,-0.7032952775648222
-2.1009448673382782,7.311702523960481,5.6690344735537455,2.4457671663537752,-6.623597456837395,-5.897418609330432,-7.172853312173434,8.337892980516834,0.18142600353253036,2.881874589185207,-10.21312869177963,9.42428809345072,7.166511836477559,-6.478961599587943,-6.176733891380909,-7.087292735284646,-4.526672943801194,-0.911532464203465,-2.2843328732685895,-5.527101801655495
-2.6610014789128793,2.295163869733501,2.906459280967465,1.867008827428171,-9.336686497030257,7.194570050258768,-3.4122400309588423,-6.115865962458209,-8.312652599030631,1.8671562889819955,4.031516498751352,-8.95237879187173,-0.2625040343949866,-5.170901035227443,2.6526682009783658,-6.645353199620066,3.4966933655709878,-1.7942126698923655,8.816244483752943,-6.85503708276346
-8.435036151648694,2.5356017865148024,-4.48571410936243,0.057417270454429944,7.81134575617034,-3.061210863022994,-3.0178762615023085,5.245824194151177,-5.442374756801261,-8.577812103769011,-4.313587596662981,-6.891645065040395,9.46701911318356,6.771392037780775,3.0869867415812564,4.3952224416090875,6.373236412145454,-7.924238182449367,8.497500132935382,2.261342205883529
5.217439513710603,1.8869783166112537,-2.3259382512770275,-7.940541337643523,-2.8662764014627222,-4.483379738401374,6.207996056883594,1.7862561269178787,7.957079250196499,-0.5660537866687504,-7.781988901548552,5.6034878827555055,4.510590452171988,-0.12406130432200291,5.4393390852976395,-0.5239148069987116,3.8320395067225275,-0.7726721563890329,-9.900958040336722,-8.898283029320998
-7.734529833008437,0.3028558039445346,-8.951836182677551,8.690695894959916,-4.533435637862219,2.7434370278095845,-4.279679104860624,-0.7975909744376597,2.718980626050688,-6.289460524870166,9.16683949949632,4.5738643857698325,11.72563673361156,6.82321897633008,1.529151650615629,8.853321536748396,-7.629936993217332,-5.122410696401412,-7.287845714019976,-2.9872357292740004
-3.752025914271443,-5.727182749301623,7.429951690786851,-2.600643255974963,-3.067527629680577,0.8384500224382302,-8.04949092303308,5.830346372875753,-10.041671097328319,8.609148058913311,6.417339383851157,-5.1528989548469415,-9.526553372721875,4.588151048136212,3.7787433014394547,3.355143472159696,6.601940187506679,-9.102829098880793,-3.916433139896097,-7.6528226443759815
-3.5763798440716323,-5.028218269338241,5.22749626545724,-3.7637332763720517,-3.8302927460260854,0.12043959648669034,-7.482341456537045,4.41662788713348,-8.32199691667992,9.693465412165697,4.715936135899986,-6.214700666999026,-9.709262777024508,5.494360420187338,2.660884332950564,6.385717793506562,4.792134229008642,-8.615867068505082,-1.8198456940942338,-4.153563621926922
-4.490634524360951,-7.264059884251912,9.222110472877121,7.404635894017799,-3.948099618710115,3.34733276122103,7.56157392518043,-0.4181890729366071,0.24423630611325997,-5.234767324842001,-10.810152028353365,6.858362425487999,7.194761888907822,3.610235140288709,-3.926247525340586,-3.8338874950527595,5.33659935806098,6.324294553261488,5.670484417858773,5.23591861708313
1.5613498152859782,-7.1759703694711385,-5.24435296815844,-3.7585882630113514,-0.1992270327027772,4.554725192701617,-5.340211855923593,0.7472800611261837,0.12248464845025309,-9.748556397935701,3.345006441076139,-7.570683057393851,-9.163372402603798,9.439771638318563,10.096031170773783,5.916408076284726,-4.505234811224228,-6.624187858173814,5.423560194040716,-0.21809207442617762
-9.433192348535876,2.8916360456617394,-4.310159314319714,0.7879931756013274,6.844231134122727,-4.828086984551954,-1.2307680687163018,4.912353637038071,-5.053168897696526,-9.451736195658391,-5.170797712620603,-6.538857133893519,9.272502701472511,4.287541935786628,3.1900957653192363,6.8860103033780184,5.880635450674878,-7.60811674584432,6.999562729612848,1.7529701638433253
-2.7762818099666244,-7.851047949567413,8.336645648680136,8.483601384542284,-4.377722507580826,3.272370383719013,6.30854270642421,1.4492867416015358,0.12466287856067981,-4.341415364682756,-9.213803205719882,7.532858649300052,8.619467238712632,1.529146332111086,-4.792412721675486,-2.9527308323175423,2.8226554229583174,6.643401644999681,8.498322603808779,5.39272565954674
5.3381455475825765,6.982772854767893,-3.7178385468940407,-6.855259875046624,-3.9347681128488996,-2.1837623134686526,8.510606111781073,6.209906804420071,-8.777408866048315,-0.5067504024641271,-2.5227032068944304,-6.302599947369783,-7.6551403529754625,-2.667724400893831,9.528062116155207,-4.479926374932783,-0.6138468526439462,3.143740484540009,-2.8387623547996315,9.225486050228339
6.850782803591326,-6.372785573861078,-3.305363358347996,-1.8703444764116988,-4.088657193564232,-10.186905071357376,2.6439107095780576,0.24291450075739604,-8.349491579386221,-3.2175393141315025,7.875396566308059,-6.088601492761539,-6.274327343803621,0.5913879834357265,9.813744890333359,-2.9813403810892187,3.00488882525592,4.332534334939083,-4.8291576926454045,3.8893891153236932
-1.556060989139505,9.301410293400146,4.027441461587664,2.3346732091468336,-8.023353398471931,-6.7715498874994235,-8.871557747280471,7.115406058226164,1.893762723425245,2.2796025104232696,-10.137035021824913,9.491041944381001,6.808709208005836,-6.780892927360435,-5.097792814993287,-7.198084651145825,-2.9456979402825088,0.9223229945164422,-2.0073269370014883,-2.4001063034296495
-4.61143190852109,1.1757364771958718,4.032132418066006,0.7317002809792217,-7.692955512104632,7.242537638906089,-3.528214782172963,-6.3444110886542235,-8.13997073908658,1.9638547780774767,4.950384716109063,-9.047413476153011,-0.3759351074954079,-5.967218519911177,2.175991001734718,-5.295123397949455,3.413703809103767,-3.063765870788884,9.05437781586151,-7.3467482234526384
2.690566607002057,-8.192416821213843,-4.09812280770604,-2.225890633323468,-1.2211495165170456,5.873982998856844,-6.969256922117418,0.0780774885761859,2.4585075468300723,-8.914018784631612,1.5643657684648309,-6.365301121963377,-7.984358349657792,6.927769466489188,10.471714726447084,5.831692223648149,-3.4822346832923565,-6.849310796227094,2.3129868330126717,-1.9063911276355197
-7.721939004673516,-0.967654827782227,-9.240076340873872,8.924645272391805,-5.967739359083522,3.3379194407603796,-3.5327355266822966,-0.31670436006204805,0.34634928195759274,-6.072300040723245,8.25827153699855,5.852580182471684,7.894624457624583,8.959400701586192,4.295827321610002,7.576727898760515,-7.6959420965869345,-6.807084656499115,-8.05450004799145,-4.7586517938199275
8.538920812027122,-4.312273846137809,0.7841952625164998,-6.190711823544699,-4.955788021782136,-6.94474482171249,2.7746915953961278,0.7296841028743799,-7.797530696368735,-4.410001890068044,8.962001879424696,-4.49070014282335,-6.563061061422779,-0.5329567650661439,9.885068004578274,-5.747256134076769,3.4555252526840667,4.063901414475084,-6.037873111424959,4.282014930312262
6.757645834214701,0.9460697369321736,-2.455782011862624,-9.114835569928966,-3.5982553198708938,-4.532295488071698,5.028071196476753,1.989208188969179,7.602546129824707,0.3221245344781122,-6.817355769001437,4.242865671942958,3.4475699396312303,4.218354521450566,7.165202569364356,0.5985867521761133,-0.2985471939510892,-1.5627717945309725,-10.035037894894614,-6.578315521037522
-2.3887776466281325,3.5034081159946044,0.6542999047947293,1.0309904898186617,-7.540340094269457,5.355252489174076,-2.7223411100187382,-6.381148688508707,-6.113160467298719,-0.35937720513189886,4.9204016045204,-10.06240151796895,-1.3752905484544236,-5.997039639606233,3.1809350495264637,-5.475204750335127,5.540719050181496,-0.8433999852849092,7.769217754030196,-6.119416424814018
-0.8954863539941031,9.467820429712301,4.395722200937453,2.937256852229089,-5.69015670222663,-8.107717408412938,-8.240927686786153,8.024695657809602,1.7247367315041837,5.537158369232529,-9.738365701116479,9.523773496711428,6.475780991724566,-5.7376387388530095,-7.459775742753189,-7.7719606855256185,-2.3206500775842733,-0.35183271567357055,-2.3524919766139925,-6.328807309642876
7.82076380043369,2.061324016510212,-4.60642677630497,-9.621606301555678,-2.046311611264137,-3.112124337815597,4.699883622213823,2.501255691292217,8.03640369364533,-0.27546555075851936,-7.31594625302664,4.379740834737652,6.084499310643498,1.248648297390656,4.441404763538582,-0.7365109636130533,-1.5243621058498307,0.5776374832133846,-8.62886287316541,-8.672241955263148
-3.287526859727531,-7.562503973428687,7.739547727024849,6.222001157220394,-4.378028965721848,2.843379602951518,6.9191369977319175,0.4331018543044759,2.008922207612806,-4.161889339420203,-7.841117535336135,7.731026745680587,8.860770021064805,3.0545769607027653,-2.980819991095381,-1.9729430981871736,5.945649731811428,6.689794014565998,6.6913443779525394,4.817250191673678
3.4899005288750735,-7.658347403259312,-4.849357358561534,-4.641686276542249,-0.7751621863511742,7.745595268004017,-5.72916589486813,0.26240978908851925,2.1703736880078353,-9.082083749548648,1.3378826657686367,-5.766237610576464,-8.473206617182655,8.995323997000323,8.337274634212937,7.471454894263981,-3.2430218711994767,-8.599478557239625,4.686485383925074,-1.6945209635931802
1.455054401936553,-7.96982590443945,-5.928175582383728,-2.20122075370796,-2.7097451939976307,4.4750753965945105,-8.082112365911339,0.1986190754813395,1.6979709169689778,-9.39768795878641,1.1083193433581902,-7.7617512796908095,-8.234598276747835,8.42715881335818,9.628998983027332,5.282698276204999,-3.7266618737615045,-6.743279682556258,4.270826330635921,-1.6093639434244533
-3.9833229056118613,-5.842001941776581,5.685890485002914,-3.0246819641198006,-5.395474024379353,1.1928975568332312,-7.4137890033042195,6.054485326821821,-7.368736573733379,8.557506997809975,5.863599964225516,-6.0396595977926255,-10.223043938497646,7.194484889962642,5.01616103150935,3.633652564831319,5.24324634986099,-8.237895282734128,-3.1036921771371317,-7.097597477209607
5.624134322715885,8.683018371171372,-5.146013410964791,-8.21671663436728,-7.212353551498349,-2.161500604789957,7.002340410343422,7.7200050413473305,-9.810043693840713,0.3853470456133262,-3.5376445548886295,-5.93040607115631,-8.284044259761554,-3.9067562624419816,9.457772706064139,-4.396448686090206,-0.2288684152600885,1.9733099321940397,-3.02153113279029,8.347804106705595
6.942161239508957,3.8567960847278018,-3.0632311633187603,-8.749754031662604,-1.8842302894324092,-4.857168537766138,3.4826680113150608,4.463860838380535,7.790215787575464,-0.7982845330508075,-8.80731940632961,4.712592010854911,5.760160841865411,0.13104959055502885,5.279068013540792,-0.4596039047452512,0.7106337340586526,-2.5684298750496515,-8.23967001060494,-6.926347678536307
-3.8458727403542228,1.309394527724967,3.117980511691322,0.3091368301247464,-8.360045504573836,6.346357246083937,-2.0637977988020717,-5.007868631607915,-10.42185085894389,1.2850656506843898,4.401291504815243,-9.066307184339635,0.2004032036558344,-6.607684701005477,2.220915762035452,-7.0294389874464605,4.09574909316842,-0.5615659192920142,8.047719539946563,-8.275616364635376
-3.760737047243194,10.45805073227158,4.557727657835533,3.0904655155288596,-6.536901844773566,-6.423356374122163,-8.268560476403806,7.771231475516018,2.6650229947317197,5.49060408605334,-9.391788944382482,10.107200800828398,6.559117121721209,-4.313100570985004,-7.0398929579172576,-4.530969370020508,-3.955313091453589,-0.9356464694732909,-1.232995212246896,-4.856468853514042
-1.6685540740640261,8.361662148895931,4.193695403013321,0.08362895299520101,-7.331933510400347,-9.303988919904903,-10.422230580121735,8.083937571643,2.8081003935150077,4.586909117705874,-10.555286257213163,9.350485687097907,6.645250276917867,-6.91158247562702,-4.860102354090837,-5.454547512355652,-4.1361193146389095,0.522014471639288,-1.1527168192101327,-6.217152064463452
2.497500157781146,-7.7489646431519015,-5.165661713371845,-4.635388825798745,-0.5289502683595868,4.1387164564982175,-5.911180157391498,0.02124055218998344,2.5274341526790454,-9.37303724508991,1.821449251681675,-5.857646821965874,-8.363910111210291,9.293866702249444,9.781908251299713,4.632374839122115,-3.1509359365456047,-7.4340889258587195,2.66797740166664,-1.4410305988821743
-2.844819226254489,-5.367913011523773,4.50239500134259,-2.7109016244446265,-4.464007551270783,1.990113037807512,-6.82246040702438,7.378168809253486,-9.206351354320756,10.875889062977965,4.9159790068284925,-5.248090307524279,-11.348316050058646,6.54436386846287,2.1524589355064334,4.313005874877993,5.865760927596828,-9.040075516549289,-3.8811230578705147,-6.836500340201472
10.764891045136457,-6.390837240113882,-2.1228482586295914,-5.13533574731199,-5.843622829574944,-8.876034988804763,1.8305821791483634,-0.16610658044660967,-7.817490798025441,-5.118405576430547,8.940407131078716,-3.697439387457349,-7.557765056189199,0.5260780611075744,9.471191169683035,-4.234796440929202,1.8712217605412989,3.5868800614490044,-5.638516835059548,3.675402163177421
2.733257081810906,-7.745439499526822,-3.6456074539337755,-0.7376090940659368,-0.06309929321501795,5.6554307205295,-6.1896748278861,-0.07198436590763868,3.028932289692994,-9.698305191551349,2.196119747028749,-6.538319624373084,-9.200752333105942,7.605245197182565,9.635615165108856,6.106942990473838,-3.407484147096017,-8.580158026311489,4.9054818290561855,-2.0737239064198176
7.412204171468074,3.178444300984963,-2.3506589776696853,-8.340647198624794,-4.7506248915949945,-4.849199448429098,4.740904201568585,2.579893122279328,7.831646280446653,-0.5717555360095998,-5.024541421067399,2.934669488818561,3.225754702516824,1.557920784909535,5.042921044503025,0.19197979701776607,1.0385396099238826,-0.1650749376501104,-10.998843285502035,-8.398889357991074
2.920627217648067,-8.576078498159697,-2.9451630439092362,-2.41151260289231,-1.2478774549054836,5.846907695202524,-7.782759589731126,0.6933415797529034,0.8189198690587782,-10.42366203144358,0.6285378518108753,-5.476829151264244,-9.328231533987198,10.511438454983166,8.77683919843889,4.460589004736274,-5.024249056481246,-6.8107460998653835,3.5287623523064697,-1.745237421698574
5.837302863790382,2.2535108338381025,-3.684136543971622,-7.14143239186399,-3.3803570127431497,-3.3304745326663863,5.429114721394955,3.1196470139433017,7.286577858538098,0.5157744334935461,-8.717865209122241,4.5881429319934615,3.6681311782016377,1.4294878089059202,5.61233324086415,1.5523668892024776,-1.1103173058018978,-2.0500668086828204,-8.668935038543953,-7.506854203736603
-1.4425229334635963,10.183581718643994,6.0220378272656285,2.621879571530375,-7.046745271468124,-6.733395906842624,-7.631818790127653,6.506587244511467,2.390973543737077,3.768112743593548,-9.559565291149134,10.676648905847184,6.839951884028339,-5.706781238278328,-7.723356796837907,-5.585656236904103,-3.2696709596681703,2.6583833559502175,-1.6688778621106861,-3.9562668683752222
-3.2783399728400484,8.074383027089457,5.46935367815985,1.7793435451679285,-7.144142032461881,-8.8839719576827,-8.202909726426784,6.084264520645231,2.082232865130504,4.4388284938791,-8.2276515182453,8.089376644120774,3.6293406601876104,-5.569368241680782,-4.562989474347134,-5.0929634499918865,-3.70549572553462,0.0034924470127098983,-0.5539770305203748,-5.14896339574363
-0.5433501558018246,0.8868295918310118,3.08993608767952,-0.08302671068885814,-10.101426598600638,6.5042755354856014,-5.04157139898624,-6.431057690035732,-9.149727920810266,2.9364002731007863,2.0437021020817117,-8.759798255797104,0.339941616265414,-4.441235342431646,2.47170463315787,-7.844916006663616,2.601255435833454,-3.5571005276563676,9.212413927655344,-5.7726590948654355
7.191163154984502,2.1307955633247735,-5.12657239155307,-9.419109227516731,-3.9638938877032217,-3.6112844909569017,3.1098921430839717,3.9028150101517385,7.642151792635092,-0.5181484201004507,-7.20747344289413,3.476819490556228,5.672056945470645,0.858469305371742,4.522758058444029,0.44935942064321377,1.9463304464416893,-0.7243502593431761,-8.568639899977665,-8.36280206669621
8.475247705903461,2.9988542567781984,-3.9993252098259036,-7.526583990918356,-2.5738178422324536,-3.2272808664493517,3.691963338887618,2.3377007236324676,8.03064159548192,-0.7442963259085019,-6.669157902999115,2.735121664350563,3.72143744327171,1.4064150628723575,4.927799185284316,-0.751136687409926,-1.3134001315345156,-1.429633788030826,-9.544372573118862,-7.18869247818217
-10.230876009713333,3.4075813958497294,-4.017548212229122,0.7919147223932191,5.421925093598125,-5.008950155127554,-2.2519468380448866,4.047764084329695,-5.97727769200735,-9.034104947716791,-4.2529567365752206,-8.142900716204867,8.910226827111174,7.528622376494127,2.949003627156296,8.238200412983366,7.168003992596086,-5.032109310095107,9.721318662620861,0.28764284003708374
8.514414879809879,3.6024181108760036,-3.2789215772298115,-9.18027838460446,-4.753181458269713,-3.53389706883125,5.161882486465459,2.426972566063622,5.546753846264501,0.7130123978155567,-7.417891859389072,3.8852712477830655,6.072859360761237,2.750182547872681,2.617432029603329,0.3101755772098864,-0.9719926231704656,-0.9500691260300667,-9.363690262743518,-7.206444933693361
-3.1451213821765873,-9.033531497003024,7.020592192677564,8.03340654774773,-3.9694623146355106,3.3899638306060016,7.495278653708681,1.0176312476377485,0.5386602927199269,-6.079982210731757,-9.698186621435733,9.798977292926118,9.139660193516354,1.269516578326881,-3.0636522711947056,-3.115854818850449,4.245121104241745,7.533187351236603,8.122997632270325,6.415686442623951
-2.253052388494062,1.9915135909426012,2.4586836217404135,0.005651022050446097,-8.15711225697538,5.97639202949064,-4.612392773782722,-5.790510664220143,-8.555766620645084,1.630261863673225,4.918938540781621,-9.92867400793799,-0.06091337913991829,-4.809595513695544,2.7710302232456607,-6.427873690874027,1.2983162914302548,-2.2485856892512768,6.90740383726343,-8.470531688079006
-2.6314360500466303,2.338826773196871,2.687500410808007,1.0702665501231785,-7.53538435422237,6.477169748626818,-3.1594790981715994,-4.592978989241555,-8.178246369472006,4.158159079621816,2.894516878493933,-7.992053913940862,-0.5488124739369746,-5.116518349300778,3.635932337427097,-7.0234486118046435,3.9067190395235953,-1.3548319715374109,8.024328876422782,-5.580197657532488
1.1396895754765233,-8.687047714491065,-4.896478436754673,-1.480863799712593,0.07141551301036508,5.946523949914672,-7.539224916722737,0.08840811688429576,2.1499913861425854,-8.895455516021448,0.3071034545480207,-7.4798353742740415,-8.763045904443127,9.514001654583856,7.116512840391241,6.005822986849363,-3.7646758466536343,-7.1969457313561085,4.377518114480575,-0.6143788063991679
8.919504794117389,-6.328387248332031,0.3032047118621627,-2.098622772479805,-4.780165972404707,-8.575414075845625,2.8870324720705796,0.24502251192183916,-8.963500253956498,-5.350499920989163,5.883655646912498,-6.320612893324581,-7.492406707287238,0.8864778929739676,9.609881019860639,-5.6779202886881395,2.5517255061641415,5.889198135083831,-3.8888919537214015,5.627762694104651
8.280896103292527,-5.529906845895141,0.14589582441295587,-3.4708287132955866,-5.893381435704946,-9.279629060418443,1.6046709440381846,-0.5948343443815822,-8.837740355867137,-4.977522587956983,9.54745571417975,-4.020700310409492,-5.920274264233498,-0.7058549899390412,8.750510247292691,-5.076864640381876,3.2923625818313047,4.623569144150986,-6.422983566818968,4.52280900296912
6.775392194630274,3.4095603128241043,-2.6755340393997633,-8.747955174133235,-4.326315492801684,-4.845983229685199,6.0123085055432295,3.3432633273891814,7.037585747453391,0.16389800086387785,-7.678338701808592,3.977786239597556,5.650912500627551,0.48404570147720016,5.07558707958111,-0.0026270085126392506,-0.04479460524533185,-0.7800944225614839,-7.622550961439836,-8.596469592741053
-1.829057182751125,-5.320475018480295,6.294248129626971,-4.267799623336069,-4.489448796643802,1.9660222823863083,-6.496225415793779,7.4459489409999176,-8.811872370203577,11.083838526524604,5.251591159485177,-4.554101286746658,-9.911414404970076,7.016459942900958,5.6122592412621986,4.3867157322385415,5.643795921263089,-7.23024354011189,-2.963688593044611,-9.003511092003567
6.7726542830174505,-0.27933701712122616,-2.9770041170913033,-9.574385170634141,-5.390616684478556,-2.74314360973251,3.5101057817193446,2.412480373220505,9.21069724271511,-1.9649172947855271,-9.140713315831729,4.534201934022238,6.365188336348317,-0.34879776634203785,5.827033335928398,0.45691146724950693,-1.6045038960524387,-0.6506782949217876,-8.615011585275917,-8.153957033389936
1.4510718618126075,-8.591167390112938,-3.853288433690761,-1.9512006290000223,-1.1094666895040495,7.156779891181307,-7.3451301565560545,0.9776073913038437,1.2424305564819564,-7.351613839392749,4.143412391196884,-7.356174114037517,-9.24852527620299,9.837298632046469,8.925510011701672,6.122535744396983,-3.8823361959901765,-9.966230876069979,3.6708227841489003,-1.886677899272147
6.3804757874763105,7.994171215789045,-4.91314327447612,-9.116761261555439,-7.655564935045717,-0.6403097176295766,7.187952828185059,8.058161956348988,-9.554167426914734,-1.9181731661667953,-2.6784904288096865,-5.387428372992282,-7.467174650534548,-3.470444785079462,9.227111281158631,-3.52428965189965,0.4965829004186841,3.42131384507154,-1.7453969662925302,9.00487004573883
-3.9954118040664337,1.8076683609740143,3.081101006704276,0.7250055214361643,-8.502966390105218,5.794622474246796,-2.0075488749760666,-7.1076090066822335,-8.932904361642985,1.3299897756910415,3.5875665294839845,-9.210633679502505,-1.128395423222266,-5.476700740194729,4.0941844571688435,-4.751169526408168,3.6887407887941888,-2.2236118667723432,10.945932803336223,-6.114656835480937
-2.2620452902719883,-7.446017592666574,8.22693267843163,9.222808526379549,-4.871122091823418,3.531354882318858,6.386693608451153,0.6998623262819244,0.6295177895056494,-7.124921032669282,-9.685651045123203,8.293945700736161,9.576560833794094,3.0102502496095283,-3.93977303392264,-4.458662261814117,5.303640837880426,7.375010048036442,8.384963903854906,5.987376075218194
-2.643214789725668,9.02897432292752,3.854980523145861,2.6214501177845912,-7.0005753397590516,-6.460577149368919,-9.72581993443811,6.886064615175293,2.744681592691947,3.7886184038291417,-7.861346262850546,8.998560857625284,6.873537541760322,-4.820626954561387,-7.78186638879102,-8.0927186149121,-5.4408114553793405,1.7577127360719393,-1.912957773050132,-1.617217910370909
1.948509198571885,-7.993876308083591,-2.422170453458828,-3.529535227952959,-1.4341470951461472,5.90790825946325,-7.2086738829088945,-0.1109919434840313,2.165744638491025,-9.403852149982557,2.057510179128818,-7.118849638702541,-10.213438449475177,9.299303956405904,11.06757373313843,6.186348593112659,-3.682460499285037,-7.353834964755462,2.4153300336964385,0.5055645329216325
7.312085236075458,7.897090577667463,-5.868272940512503,-7.423214627726806,-5.978461011549486,-2.9416500825081977,8.038261155418558,7.3218975312234456,-10.154388791689499,-0.1844787294347015,-3.165059406182192,-6.862392690169504,-6.31777586845126,-3.72157944171316,8.880261779187249,-5.58027183578597,-0.9422796009281833,4.670191697778309,-2.3496961923002866,11.18901685314353
-7.550451648206276,-0.3341451147355806,-9.235620507243972,7.674644483633339,-6.929149873718677,5.292623597614371,-3.610453479012379,0.7995076886787533,0.8762978369886842,-7.038027690214046,9.205768074342402,3.9032617050279796,11.067065329337087,6.662035010130579,0.9260332923745229,7.997225496075934,-6.942074234109232,-6.065833752354441,-10.331590017819702,-2.2390550239773734
-6.536393831553659,-0.2869079837038131,-9.886312154782901,7.905282556687556,-4.245053608242886,4.66247256562289,-4.3939222173809585,0.5002942105850999,1.2725630288015526,-7.295488896218282,9.41210972250409,4.036982609880196,7.020928527544384,8.263293416445233,1.5741248348909196,8.639765108083553,-8.24804493596996,-7.056742800280893,-9.140708523753576,-4.726494689749568
8.257483707961345,3.0415244623815236,-3.6770956927526584,-9.191689279993907,-3.4675313289199097,-2.922566449563158,5.989967873792779,3.9423224720443586,7.202781845019362,-0.6577077768882753,-6.937097276316196,5.332893522518871,6.154670441042741,1.1616661185585784,4.165320946662704,-1.1230244489577763,0.7272901019592959,-1.1069540534046622,-10.590296838552481,-7.797601849244639
-9.316721420890689,3.169627985168559,-2.8598651902299688,-0.10670604107227777,6.247570072877266,-5.497033136313636,-1.7486311422954224,6.333830692994382,-5.9918445323516565,-7.947858175024739,-3.9148830420892065,-6.731673721796523,9.524486366176053,5.501566394535758,2.092888680564953,7.417310980660128,5.433295032888591,-5.760586531224684,7.137987665433424,1.0131490460581485
-1.5578067877161141,3.1692766452737517,1.6445261324767368,0.5357611674850491,-8.122540459160984,7.402681413002507,-2.9470656592930906,-6.1000893817846285,-9.064147253527551,2.5383157588409064,2.6927010112156635,-7.972727602193021,-1.8053057191778512,-4.014675013869212,2.8582702797638357,-5.510091605628577,4.182595196341933,-1.91925866307845,9.288854250761212,-6.440526827992357
6.372223746570729,1.505182978306268,-3.127911815875581,-8.0317820154398,-3.3884723034411715,-4.530931519071714,5.242791195553367,3.1770603942056743,6.673588445336352,-1.3400224670612695,-6.9196191066724,4.030388209314008,6.804848273974406,1.7266732274545014,4.932712410901951,-0.13429367310311782,0.5180399802775998,-2.177569946070718,-10.404205663295723,-7.140781566324412
-3.9775718770879602,-6.702050565998109,8.647065506129334,8.929169813309558,-5.507723676929934,4.073850792580079,9.184066918832231,1.4600486991163872,1.4546604294432819,-4.46943651776556,-9.560019971307842,8.530132456533984,8.314817463916176,2.4022817620670502,-4.103440553230866,-2.321825267419745,3.5467098377941664,10.07585080373344,7.855897568790474,4.374203869365973
-1.7371026855573155,2.260183485356025,2.433776372181036,1.4287918581158021,-7.46185651926131,7.503615534470714,-3.8795999536679795,-5.655082554352047,-8.075397703428003,1.7130868520833025,3.0377988730715955,-8.325495818126111,-0.41258456756568707,-4.840607998926764,2.845033497669136,-8.354237036384731,4.9473488295279004,-5.02314670353662,6.750471707977081,-6.722251037599463
-3.0956347791815264,-7.308411460283756,9.392218490646785,8.851727271627652,-4.555681283008835,2.130278533448083,6.075333201494018,0.0996978476062389,2.289865640832411,-3.175553299463803,-7.487633446385672,8.802774001705565,8.259304336503268,3.0280850609261507,-4.816858397355109,-3.0897408730036924,3.637960515058528,8.223561736589913,7.682118639913812,7.54433287949859
-3.902534635641862,2.978821906245772,2.075169829974879,0.8543576706957182,-7.1408943192699645,8.83615417810572,-2.8331209954226733,-5.974695056892779,-9.52431833721302,1.9999937347760133,4.911059130173963,-9.712952178202462,-0.6442514853620303,-7.089774361557867,3.416503675599248,-6.265383294272431,3.1728465887870234,-1.2392789482819542,8.312822910347059,-7.3842252089049305
-8.313097416795385,0.2861917537028953,-8.187297032392392,6.443636067694602,-4.414961837357409,2.973773915360495,-3.652384086245091,0.8603544252305072,0.7460031480927718,-6.406497742895239,9.177817387736534,6.472972669010573,9.20873879141128,8.117130546290335,0.6870478551294197,8.058904957249181,-7.331480798622436,-6.042646178493173,-8.435922752200101,-1.726881584407079
0.26157012323045237,-6.459023332451853,-6.222190075551957,-2.644305552943007,-2.9564121355154773,5.383221423323631,-4.363146201028272,0.6453366597080274,0.9847977722759158,-9.10219523453913,2.168913910073213,-6.116887180410764,-10.065826503575236,9.570278018913998,6.6082490298884125,5.538062409965411,-4.395998458984131,-7.413230893801083,3.7072913829200065,-2.6025131790642595
2.6818317022791844,-8.035776469761306,-4.0077435470244485,-2.3086228380715044,-0.8714218487513385,3.617041569489188,-5.846034732859326,2.4972198076694747,1.4882521084838671,-9.799068843455366,2.5242455977401645,-6.277139315787598,-7.506232974877995,7.719842589157778,10.044020914066179,6.758369023580685,-4.049871153473132,-7.707870401950632,4.714118011841495,-0.32463474517952273
2.2579443827435517,-6.979421881240479,-5.417271794468217,-3.289124542165643,-1.2537966959832176,5.385804131104039,-4.724880561829037,0.8423798289973571,0.7368334203038178,-8.82448696716804,2.6491187865255514,-5.449368487732904,-7.118427453726036,7.962616553238798,8.501783150280849,4.910369103414605,-4.141744475639568,-7.580199345425987,4.671995046832239,-1.2729011488504958
7.929441702758957,9.751388594791102,-4.215267868605801,-7.545777813747166,-6.870563628832311,-0.6331756027834444,7.913650017505756,7.254411119242883,-10.528341443736313,0.5750770028288782,-1.2343209056612543,-5.476699958735774,-7.423977528990391,-3.421511422396812,9.85414900647679,-2.7997139144197685,-0.6072907122768268,3.0497885747449613,-2.9817823694406824,10.172478778524393
-3.494923669388294,9.518332643716166,4.10962121785566,1.1802968516783878,-6.986657551105828,-7.915351915695321,-9.391977061983193,6.125645022909855,3.987025367780565,4.196715107892637,-10.288035622076537,9.612176953974108,6.536524766317606,-5.9741873859677,-5.749333955814563,-5.574402092884019,-4.445656288419773,-0.08068960799992275,-1.636151324309329,-6.477338360774747
-0.49581037552612717,9.150821459281058,4.274557284915993,2.1578499898056402,-8.226753480680966,-7.851723631786598,-7.637913848691585,6.6666286365273075,0.975389252182236,4.698104308448195,-8.402605959420955,10.117150353904952,7.644900501814252,-6.510012875003937,-7.785311322599831,-4.830576150975837,-4.237834979651382,0.2442956161897099,-0.03290548530862725,-3.6191871866385013
-10.265232716846928,1.6241825918032229,-5.203127901772513,0.31782811513665976,9.312832527003835,-5.199032173267766,-3.2980893398515727,5.950967310603001,-3.7383349361325795,-9.106644127570735,-4.683525208442357,-6.259913624836518,10.215826794636511,5.642573445563113,1.3356253492102648,8.060630410026763,6.87250961112459,-6.262467371844057,7.2930467101421055,1.7812235693050602
-2.768521411281236,-8.768578156612879,8.165763077211015,7.499189822501111,-4.570703936966331,3.221662473327182,6.625609146918935,1.0132694746501243,0.8581186616323724,-5.62347760315228,-8.476131360864484,7.368289988589866,9.92562067777068,4.125929931639682,-2.66410998901237,-1.6904995104790437,5.317574916382671,8.123476358565599,6.236157144282663,5.335346997027337
4.818154020260623,7.150826985651134,-3.9883966919247027,-6.804958721077618,-5.48356474759596,-1.6439924464405231,5.111631893687234,8.000094254956444,-10.512909543399571,0.1149181926099796,-0.17159686014255549,-5.04908045953609,-9.230946701041518,-5.017206808279913,8.79388362813114,-4.7486819744597,1.0243591825003202,4.102642242868535,-2.5620231833902576,8.728898472776862
9.362105910235005,-4.169712879919058,-0.1633637653968793,-4.517288126451308,-3.8386879472364352,-9.345593253533693,3.877030871571898,1.2863088066455146,-8.010916917976884,-3.669336601057867,6.875150304881618,-4.545768484607953,-6.725776600528963,0.3954799339424241,10.205618569025066,-4.706131981921926,6.143577417667167,5.156206636622431,-4.310911739322677,4.093337161973189
-4.169442986629297,2.7792831012342947,3.0057203482915584,1.0800954852000018,-6.7160206632728325,4.972282821776512,-2.7247036492675174,-7.366254836150233,-8.32876184804388,1.3429021592434593,2.7373154409551375,-10.27814612839208,-1.2037490347909425,-5.4296555562077735,2.1307824175285406,-5.726373188999893,4.4588108430822375,-0.5771360210864611,9.100927258275767,-6.728903350000062
6.094203210220161,2.137587277134356,-2.274318406964568,-8.162230845886802,-3.1360430655785554,-3.3498579478117407,5.11544734948987,1.9505590847561574,7.434744965599301,-0.3636972597923369,-7.330599222352076,4.585083599381772,5.077365690321571,0.8481205502595954,8.577114882135518,0.7826992002202136,0.867804063592504,-1.6823881310354019,-9.942836292061973,-7.972972053860866
-3.2092888722701565,3.2752519101293727,1.1471521570822747,0.895814930672469,-7.525641982574708,5.257925136507891,-3.7882821695451376,-5.553712651517349,-12.1182678161342,3.1533119254665793,3.9049666127366973,-8.951515773725534,-0.17085811320914435,-7.192806977606597,3.437518764505949,-6.595261745316683,3.8508702174816403,-1.1776860887902982,9.496663648597288,-5.328343699990523
6.636295473780095,2.6958868819690958,-2.6042418720693012,-9.461132544016616,-2.998995445880241,-3.4439607907374907,5.637583807243534,2.5497295270272895,8.12549950668863,-0.5963077284395437,-7.704327343274545,4.523826172685589,5.752508441562853,-0.024020960534079983,6.852977207909099,-1.9837511132619836,-0.23015552209901435,-1.5434487035939086,-9.07926149603215,-6.265998932392533
-2.7226404939829583,10.505012265048274,4.788546293430213,1.6360837128226926,-7.49302985469221,-7.182579279764075,-9.22650457517724,7.493939137874191,2.1828742159140404,4.164497576074323,-9.151371944337601,10.588843318026228,7.59840695144976,-7.23811575488438,-8.917421790759942,-5.39758989169205,-5.282033839224667,0.2703632307520737,-2.531212653217045,-5.977397633619181
4.421154627828046,-6.639615578604647,-4.737755331849588,-3.284148381514794,-0.9715445222728688,5.4640173058385235,-4.889690581302851,0.47110493801627884,1.1166596383323217,-7.180551060444262,2.200205369548989,-5.820677850285273,-9.30719464773917,9.34082637281119,9.623750652634383,4.278297670233068,-1.8924495060719466,-6.755913258949775,3.28746521409715,-2.2992198656638285
7.890186758567955,10.764419726480323,-3.918515224319437,-7.4459222610314635,-5.343879406096854,-1.717531090915943,5.528224850717065,6.12964367764639,-10.99655465490171,0.620186077100461,-2.1714544152280553,-8.136136640725924,-7.157834432728021,-3.285957854391597,10.204867079651532,-3.162818962493886,-1.1028611614429749,1.830702537173575,-3.4468803367520575,8.810534233725562
-8.843380281717351,1.9597727083721155,-3.6637856471677948,-1.1802937087305903,8.83721993495978,-5.276388986405356,-2.228052371672143,5.078148285708539,-5.3837289908373025,-7.56547174185858,-3.6138804103994175,-6.931983533712715,9.357621196570456,6.563144844979952,2.2414754939224326,7.30449364551787,5.92521864913917,-5.763337479105082,7.484157355077914,0.3964356518913807
7.858511131956768,9.131719958488969,-3.2002607782896986,-6.895070108810463,-6.327231674626277,-0.6815506367275521,5.354739347266113,6.84758924649524,-12.943519564519423,0.6163757109187775,-2.2956519481327726,-4.446698575380932,-7.212500042720941,-2.1236006772258156,7.774597533577847,-2.4975553224252627,2.4816687792306493,4.824537477835451,-1.9370589437218315,9.605239330814149
10.8385092317048,-3.5789163018363346,-0.6746298622559801,-6.800738089866786,-4.515879846755767,-9.549963941038461,1.9415140675575535,0.5821196664086317,-8.09421239567855,-3.4367711681682467,8.611026859468442,-7.009532888583188,-7.443302290868834,2.0931449891004505,10.087225817014494,-4.791075001326126,3.80219688789143,5.64777192908034,-7.630361301237929,4.324802655326123
-1.801409075181596,-9.03040398255667,9.036131756819808,7.511826371466238,-3.551573826072129,2.4074268279088233,6.405696714364705,-0.594410677248103,-1.3455152698196244,-4.566620598125493,-9.922970482951717,7.7160976246320025,9.019656591239528,3.4087140015600386,-3.8839896669745797,-4.604311644154954,5.028608439060316,9.284461981911724,7.079490406636722,4.79419805874536
-2.756375005573347,8.332301880200523,3.638258826333186,1.692069391054777,-5.081940664301747,-6.239266732008937,-9.409506746418806,7.896105696854862,3.4216556714501776,5.086085238833678,-9.528679744163776,8.751260265534313,7.3470761296220255,-5.359732401012727,-5.468307435830256,-5.696738001249354,-2.8656024254899104,-0.04010657891581071,-0.04370556152335947,-3.9778175913467617
-2.607943621034452,-5.893512807927114,6.9122322577649875,-3.12824127300613,-4.538334634697093,-0.35623928024918805,-5.590115132741943,6.920653801466911,-7.544831242232606,9.432294029568665,3.7157124964297275,-4.072768986827041,-9.95065516553382,5.560428773076628,4.553948451435457,5.747264148823044,5.402356377633448,-7.240531797378818,-1.7476854905976789,-8.758999996899464
-6.7613915232086566,-1.9557985694346538,-9.26673810136488,8.744744464787349,-2.967752931437707,2.768679715986165,-3.441319873859263,-1.4025023690061487,-1.4577506174474308,-5.458136513707759,9.386132261643102,6.6811691570207135,7.416575942314034,8.416449148081728,3.8268174167655555,8.8571903088196,-7.953568453370561,-6.071786670792746,-10.666335678915152,-2.137820449024365
-8.846246973003147,0.33967676279792247,-4.547218565056129,-0.5196405540998397,8.269679679645295,-5.817515849788195,-1.8304761081120466,4.9004878305079815,-5.583186161705279,-9.176796097124887,-4.843955995791316,-7.855841314700604,8.974020487425292,6.733510219879707,1.8974571800831308,8.949851899771401,5.758840090540241,-4.738413198482723,7.209052795967953,-1.2397329382864215
-4.0249083630619324,2.413517373436103,2.916112658545255,0.25017116315409266,-8.733931397063605,6.848454778412892,-4.086506525394981,-5.959453964820077,-8.070262822162118,2.4948893335656432,4.432300584010852,-8.582325009936158,0.5246893261043228,-5.628725522084342,2.1312027373058022,-6.903849583535892,3.2950692293724253,-1.53362074736834,9.081382329328886,-6.552823254365833
7.948541395008347,7.372475907268533,-4.491901745612696,-7.502761066091627,-4.725386333032357,-0.5460941035026092,5.39853289767666,7.649151762381157,-10.546511960859691,-1.273976204519261,-2.5805162525572047,-6.308744156541213,-7.081097492973837,-2.0954829088587723,7.384987448375118,-3.1839802853768395,-0.800885750903584,4.689464586917556,-3.3501385334178684,8.384312636395936
6.672530868695103,8.527369981055447,-4.074665468686914,-9.29415909674962,-5.43322998975003,-1.4655528789571182,5.238649081916666,5.763392448866932,-9.948510935829624,-0.0181311404995064,-2.069045302346814,-5.641254525331956,-8.705469027146663,-3.682517184793555,9.391519108864733,-3.885911439936184,-1.2961600369252295,3.5876869001799845,-3.797566415920981,9.702777950880945
-9.178797138678378,2.5842082475739474,-3.807153095704432,0.352874886774695,6.837801680167865,-4.974585692888852,-1.628893792669929,5.2398723922168875,-5.639867445603705,-7.322544027454769,-4.55862349660619,-6.548248348096721,9.891250580777006,6.083031451268027,2.8825383976760213,7.332827167439459,7.31081133154589,-6.526323383865579,9.134534547087762,0.6832569436659492
-11.18414425133846,1.6956749490661978,-1.2716245332081262,0.7809237195064964,10.068617447127613,-4.185056977004165,-2.5341847002958815,4.7292515741869305,-4.835600509927243,-8.022895599951104,-4.782312957432973,-8.285567425499119,11.8817142342402,6.021257918945533,2.34233623702585,7.542546267659658,5.830712948671262,-6.1458699145738,9.138127255915975,0.6622963586265902
-3.8294308300733926,10.845744894052675,5.819318956949388,1.5039940318360272,-8.592761720242148,-5.526237219110534,-8.952867601888629,8.561339227472164,0.42787257606980855,3.562076532967136,-9.583066414365767,9.445177637004628,6.198787344529192,-5.130367854086979,-7.431121085240582,-6.474289287952617,-3.7948595090973467,1.0095674667035062,-0.6494847490687954,-5.300059287877031
-0.7566699474228638,-5.195289587416078,4.73448379824302,-1.5367674121708812,-4.885607822065008,0.24609777054934545,-8.946903087534722,7.784881101677786,-9.798467713614272,9.796188212715995,6.357515708473588,-5.603969436313455,-9.949211969520144,4.607562710809265,3.3274220411850592,4.767943698862269,4.638232863731918,-8.315747505319425,-2.1489420202994056,-6.720115923697304
3.5140232805357776,-6.872099305857454,-5.364128677152852,-3.748075527175404,0.7977927115489225,4.758012347917542,-7.1598748674287656,1.4220033106369618,2.186844253526764,-10.008917322136444,2.367522013433385,-7.615270209894447,-7.598146741871805,10.0390817099398,9.84464686031313,6.5296080235762375,-2.1465364916652128,-8.046871392484096,2.502786404822336,-0.7474762123756662
2.194234513136015,-7.152100052150768,-3.3086761470903525,-4.919652468110771,-1.4853006104245772,5.914802920139746,-4.806445400405945,-0.2072136792339726,-0.028261328801024277,-8.45128029963391,1.5155346492031372,-7.779184185344532,-9.323313530007633,8.793185387410817,8.707895996952974,3.962380905230152,-3.0106584196454547,-6.771682678593599,4.336182521582643,-2.3346357956327894
-3.8046742017150876,4.077866096112668,2.243613843711132,-0.38452296057949265,-8.633422363733647,9.189815904372267,-3.972115567056851,-6.594726263473841,-9.376601849534397,1.6692384803333815,2.769811171044395,-9.525030338236746,1.3174560741839503,-5.155795180562534,1.792290509289012,-6.857017324833879,3.26722736194769,-2.212353605754451,10.065051446297007,-7.398463913101018
2.4942568648035173,-7.450787961489376,-4.149226844600909,-2.9983741862746696,-1.0429355215446718,5.915612580934448,-6.999883056414756,-0.7311900587177458,0.45974882340963874,-10.671262850103755,0.9336143458082871,-6.430055019450041,-9.591755655786294,9.491325209297763,9.34735441024375,4.199442748891167,-3.2527490323108967,-7.235759074280612,2.690797855408284,-0.7767585823129814
8.007646626101266,-5.536829107304308,1.2011914622890687,-3.840555761036112,-5.4520302320665115,-10.081213497883066,2.894780202309109,1.0479907457948605,-8.952569673518038,-1.9517569143316686,8.989470082788714,-5.452243256293452,-7.917808606274883,-1.1858290990877807,10.048430402692384,-5.647671614683398,5.116454702100997,6.69870410949221,-4.614182572654779,3.385330799280296
-6.971379414966688,0.5232769869282724,-11.223546469358137,8.279387288105053,-5.2928964813599775,2.4916804291442656,-2.414926147512775,-0.2523187170812027,0.12782865774754315,-6.227215949484365,10.07728230158959,5.361007881212164,9.956349376953035,8.427522670517066,-0.22021174350972794,7.908017736955326,-8.791992058313308,-5.600981798187673,-11.720271278163352,-0.9443836760169906
-3.9796598843704407,1.603533458337763,2.121740355585642,0.22900106594968472,-7.529929394654709,6.928437725919457,-5.485473129383269,-6.186335154456107,-8.866241922321294,1.4892923475118787,3.4904012599389467,-9.477933296045821,1.0064607636212002,-7.044964483503976,2.6591387695493487,-5.004335321842442,5.235416070347276,-1.4143561462134717,9.271424458690365,-5.5949463686780465
-2.4910001049150816,-4.207259378429167,4.633182382418367,-5.249838975078797,-4.035192477454662,1.3459359437318683,-5.117295365652336,6.2020344909476055,-7.689247409146489,9.542266088424372,5.742122607518234,-4.358429527567018,-12.013550475653588,6.7228448266683625,6.272733607029709,4.86217758002909,7.075979896951762,-9.148319114847634,-2.862732923278261,-7.6490941071088185
-3.8134684610990717,-9.343659594102908,9.176934947079522,7.941310672781494,-4.280638160826375,2.2452768701084374,5.149373440509262,1.1575305063028072,0.6571141320703546,-5.310224009503911,-8.427427913069865,9.65509093676092,8.434386155059586,4.63270753693185,-1.9504391535943528,-1.3125375817294374,3.4446508110487857,8.535376190049572,7.309962996308973,3.9341242057929433
-2.420428202840032,-9.48540042673047,9.397039957566033,5.534805701913916,-6.572492024573203,2.7007021776276945,6.631307846843669,2.4292798351166356,0.6506343302797248,-5.409507789566956,-7.558363395897211,7.0734163385986,8.147776302613014,1.4625828875099993,-3.1368136621505727,-3.1456448335961857,3.7148456559553704,8.107245835589282,7.900278138461989,6.772964929491611
-3.4629324928027083,-3.2985791366731787,6.479409091841906,-1.1346116512710454,-6.626895703817548,1.04932488444829,-5.262909166628539,5.690675479642637,-8.73448054973922,10.033250423600684,4.88609956704819,-6.337758301369285,-10.227372751719354,5.681807834670309,5.3660034271529025,5.0412213931161824,5.676035165822216,-7.710535958428076,-3.095041262318014,-8.456822627850306
7.442373568849374,1.5098268335926193,-3.9728578510384454,-7.4837919860562705,-3.8318627594406838,-3.120973863320586,4.476935237984802,1.5680639118544977,8.678065277601528,-0.052469112228517356,-5.302478243866776,3.2493143648093543,6.038273893538429,-0.08600001464707607,5.5766901667642985,0.8524185163509794,-1.6174785284566053,-1.6541121070706157,-10.054827199160718,-8.544128758429032
8.732236789412337,-5.183880665939856,0.6649836496839616,-4.390094382230542,-5.127051423073734,-9.613774429668243,1.422141399791319,-0.8804250374854842,-10.583441788577183,-4.357592599046693,7.5966120127360215,-4.24248344742588,-8.54949865023448,-0.7530283494966181,11.525916302870764,-6.098504086867841,3.206177696021448,4.0165483237489825,-6.595676632932988,6.11163795532487
-0.9907021295850778,2.111365807280674,2.482107355459065,0.3042137571646316,-8.865715204212911,4.864555202448301,-3.5991464185821256,-7.5551953857140255,-9.218669050439049,3.9336296733278213,3.0419421405149407,-9.47346941581481,1.148509551794903,-5.189793204075334,3.1959399961312935,-6.875073853588251,3.5868767869880873,-3.22530359617708,9.580644783624098,-8.991072773694231
-10.579898490534392,3.1402916901470683,-4.825944479660643,0.6044777700353754,7.964893062700305,-5.493509359678585,-1.4036942932540957,4.842401146922909,-6.512671533226589,-5.659028813789162,-4.692138124753783,-8.993183335071926,7.751854357130072,4.895130902915609,3.4942207462489856,7.750864463345942,6.472154339772635,-6.638621288116528,7.571829722742635,0.41591373470534576
7.346933975872975,3.1515819107696412,-3.0691738514561053,-8.66309533423224,-4.048722364824137,-3.415042134422578,5.076714945600555,3.0186248160023244,8.125081269871785,0.7870203645901719,-7.342951158487379,3.6158972239867415,6.099307758332118,-0.1406543862789924,4.337930218351934,0.21175919200788396,0.9710532554264604,-2.694230856333003,-9.874434946104847,-8.44825529235357
-2.5152685345926433,9.852776902649964,4.721708194775666,1.8742800307495893,-5.960550708163502,-7.170384137464598,-8.570935442564107,7.645220721694717,1.354209781221127,5.153493905457432,-9.763269870779359,8.642451883747041,7.185362659578839,-6.651685768225514,-6.335319498488859,-6.341028799575527,-2.8292595749776677,0.96982686552471,-1.3861265859028291,-3.3576508968388743
-3.414929923915369,8.360519789549501,4.044217542184609,3.3476077771115493,-9.015301405129966,-3.742361059615953,-7.782270947569959,7.5467618296278625,1.9674062342478893,4.447005630778566,-9.067187685704614,10.043412629189943,7.204457282011884,-5.6636371051792285,-6.560839076165314,-6.483183086584836,-4.110063421161927,1.6288987295118218,-0.7675429048768233,-7.115805830703442
-2.2272568476062915,0.6025782579753534,2.1400138595706855,0.6611528404585203,-9.022344736524731,6.014488509090986,-3.312816500411691,-5.260334836223105,-10.142946550159529,1.2428006675774665,2.820026263518604,-12.089623173320156,0.3835729563031287,-4.535366750212749,3.9200990155048796,-7.3834377963409095,2.567056713529177,-2.2436875263975673,9.563873461301156,-7.094730668769751
-3.854384509153522,-7.036432828376462,7.898703366496077,7.255380706270725,-5.927578399052506,3.6912388400861667,6.848701248508469,0.7888241720658025,1.3078282556002017,-7.021079195724558,-8.84479804539636,7.774335972855603,6.836078646363656,0.9133161080466372,-3.527300144064433,-2.3217884206860404,5.8012219688313,7.39491731584617,8.474944322923939,6.234052955228144
0.6387578168756032,-5.47501201396528,9.398970609433793,-3.2191398546370023,-4.973775261632899,1.180994038042815,-7.763576834597759,6.4429837557273215,-9.829064314141885,9.498986129946912,6.730477620294827,-6.082747660747708,-9.74796187078807,6.784487173813993,5.307808506270003,2.924918648630314,6.009930985556349,-8.787246104559955,-2.6640475338027088,-6.622668639735029
-10.557231197280261,2.4034662901936343,-3.0517274498121196,0.6816660456990749,8.413346052880335,-4.080732462546637,-2.154058527104671,5.289692546080046,-8.79961579034515,-8.910051997266955,-3.4410680331489947,-7.1659687220370545,8.127725655134348,5.120954639513521,3.671441022937615,7.9776750772949265,6.898856135805375,-7.9948127842371735,7.690729926533923,0.5067338305630078
-8.148567534531786,-0.5551004338756809,-8.455527097453077,9.863785129381132,-5.629572119742538,4.327293831737321,-5.935455895937483,-0.7928289775360731,-0.024572869321181856,-7.655419578930181,7.808104165503592,5.915655379360088,8.575911133555921,8.275952406158085,2.6484722623432155,8.703101693634869,-7.572386782811236,-6.149875037859365,-10.282447610094984,-2.4355792039139166
-2.9002443118698356,-3.615482201242315,3.8621376192281507,-3.0143891592932026,-5.812141007877057,0.3773678617314451,-7.480335589533952,5.685695237173287,-9.061248378517192,8.640595082381532,7.7368066527518335,-4.158224365155201,-11.051623477784235,7.891345320400249,3.7376813864794904,4.709330834151458,5.362132973821998,-9.178855606572158,-1.8468330855084005,-7.556732278920748
-3.898835882674649,-7.659832553523379,8.113403829453922,7.714437223006274,-3.962961880260243,4.038928766074175,7.632654475090401,1.9421631288864074,0.8315690986619335,-5.596385819631111,-8.525705566698239,7.066537852630724,8.012890434318166,3.3594166241772943,-3.9450717819090064,-3.053026366410556,3.841751348683019,8.151559529239158,7.192345101352396,4.858000345858423
-7.795151832416547,-0.503347042278971,-9.846986248539956,8.481379497284465,-6.321658013178306,4.531385263746368,-4.431200776341241,1.1232639089943577,-0.3357930105282829,-5.63407075894324,10.06363716310567,5.886858539228188,7.795550309483991,8.146095198151052,0.7749433914873134,8.184721445366149,-7.200736858006284,-5.283640824546353,-9.080271279248807,-4.468199960657555
-4.028933970342285,4.5858080545999735,3.6719203500174866,0.6257681051673915,-8.596872810148566,6.199021648993736,-3.720194340822298,-6.318125653551741,-7.92927092227014,3.786512964149421,3.750667157499657,-10.513871909432282,-0.303864874650574,-5.653175280652525,1.8733337028922221,-7.691612822007549,5.915881974422347,-1.9626795480429977,7.901466641054343,-6.432977546722422
-2.387519328630604,-7.273758797487759,5.157970816102161,8.830675850889886,-5.867601556332773,2.6919889423001933,6.17385133923425,1.5114342666412224,1.2324396093126793,-4.27011362767167,-7.322091133803499,8.19724236327966,8.424283802324199,1.5712754296431128,-3.970430985845008,-2.12034828407195,5.356323064133469,8.666004615495964,7.227311723645818,6.508003049096172
8.479985986167431,-4.851668883332343,-1.2506052103757355,-4.6449509499713475,-4.385333158023513,-7.447611885586268,2.292090550057711,1.7082487804439366,-8.750101683309296,-4.81415495974271,9.704674241933768,-4.7717445645871335,-7.744824152058252,0.2596266649515582,9.420414332304404,-7.147928765941288,4.378684107383189,6.327326362216279,-3.4093070901597313,4.986470664432455
-1.7815680794157704,9.066232014005621,5.372518913443681,1.8924531038321497,-6.80099200083518,-8.878310277808055,-7.922000081933529,7.670011391396696,3.020310344723828,1.2651961777272196,-7.499935409303223,9.258607415084713,7.757035632745952,-6.793123713560008,-5.750726750795418,-7.38532536610498,-4.53892410150505,2.4091599865115434,-1.5517820279210317,-3.9579843228594385
-8.958313731288898,-1.6167485900152059,-8.861266942919155,9.193138112802707,-6.3955527191175445,4.331959773379381,-3.728236636724959,1.4931657626308619,0.8639852253479764,-8.825188806977408,9.239725172975133,6.562800285893561,7.8962328122000685,7.508582039645523,1.781866072670724,5.537970820593853,-6.558802383524133,-6.98171843151427,-8.589718789316441,-3.5800945208829216
-1.4138529892565839,1.3077859850511255,4.203378099986,1.0802054547036555,-7.910934648765236,7.712674543381275,-4.151375091569562,-5.315465277811991,-9.561272638642578,0.3429081840544985,2.553530957738715,-9.101221588539651,-0.7036071740090382,-3.860008372851592,4.09273926162864,-5.179232253867205,3.9435333417267318,-2.0074314566942926,7.5408879204904125,-6.253797606922644
-7.473124434845445,-0.8433850828447639,-8.322063338736344,7.96927696662944,-4.297863684327354,2.7730349808868398,-4.415605363709217,0.4855286537419124,0.947034230409278,-5.8230838541226255,9.12304680198143,3.6662966834518937,8.357204947695394,8.69036547569679,1.660623496978596,8.191101297947787,-7.243773453055672,-6.792315978876019,-10.63825744003214,-3.654024504260207
-2.752923822442879,3.677855592385648,1.2237112484571913,2.1691278323701177,-8.366235961027504,5.971729909471386,-5.1845879873274425,-5.563109018582288,-9.355668364146256,1.9885643465193437,2.6504754958342853,-9.9873394556939,-0.24472008036911785,-5.570677601419448,2.2339034818131873,-8.046852380587392,6.547254507345927,-3.628697321326766,8.91605878167723,-9.021608945504177
5.912823004414303,7.431881977495901,-6.1899567920790695,-7.412936890737905,-4.89764262088056,0.1440545641151072,5.571986053674897,6.344448507346965,-12.540941875340653,-0.07862078503957065,-0.7506681559622486,-6.169611652778114,-5.459247834782696,-3.5042914077169645,9.005186362538941,-4.899044440166489,0.6630327800426019,2.081059383050861,-2.0337099974009756,10.160069830654626
5.28827923530001,7.849348278875828,-3.7964343307719326,-8.350699361278757,-3.1396218971103917,-2.22095058092035,7.365225612517744,6.821810648245725,-10.947593578261467,0.31776029470638445,-1.0026865526369195,-4.637334215519716,-6.040427542671274,-0.3024502819923409,9.108708282005981,-4.199033533410283,0.8286867616622136,3.7941662274970644,-1.8014418225618907,8.138477358053493
-8.364330484134932,0.09201396324350661,-9.968918923323045,7.926099000304205,-6.334441579984913,3.029907457923103,-3.9594838580167426,0.9416483675919116,1.1574865001209635,-7.501303014441504,10.475890799334715,5.712959507444286,8.988372348461269,7.887364655167836,1.4402421289994827,8.65528704021106,-7.754561523033027,-7.827238442962651,-9.634215059135336,-3.748340355138302
-9.338552912285103,2.34542982356605,-3.829368731104501,0.6606256479583574,8.591823974685196,-5.089182417419302,-0.6993824283907379,6.08148540776764,-5.010664661037155,-8.40579002051407,-3.5476498466051,-6.461306833118728,9.654753118657409,7.061968968026647,1.6498212287907412,6.343248633012649,5.372191993578214,-5.292460132212362,6.27487097302831,1.1816022274210072
7.511677975721582,0.02525852177607435,-3.566328504779728,-8.93467285420087,-5.144824419304037,-4.424599398121055,5.401781096909522,2.9818611761792253,7.846043185233858,-0.24935396282899103,-7.515487493285042,5.5077583073182135,5.339130154041597,-0.2326691624288253,7.0494735639656305,0.2462521946166606,-0.13459714315518612,-2.702581351124026,-9.09570324416005,-7.959343465108287
-2.5752774217000667,7.803269928435865,3.9880427284259423,2.020568355257146,-7.740040556435223,-7.264665137505772,-7.83203494742157,6.746631045975555,2.8579923469293176,3.0317447012632908,-9.058505936168668,10.839765663897786,4.177208315881146,-6.550113041904954,-5.7864285286774475,-6.534955188974316,-3.5440092674379366,-0.10885655407106332,-1.2745098396847854,-4.331094431431241
-9.773726309018038,-0.26549837738501436,-4.544168273955356,-0.31953512643781007,9.536200572315902,-4.617527477801043,-2.6254830626163725,6.1769864905928,-5.406204435637793,-8.422834944716888,-5.407642449496631,-7.765587968823051,7.7688557469059365,6.208868864442529,2.7459608571891447,8.973304467278401,6.458496705920125,-8.976164515951393,8.113821957671247,-0.6631715178545188
-1.4131118013675694,-7.977714940542633,8.371670214530512,8.757169676681382,-4.932088248820683,4.6936861683911255,6.885272214408809,-1.248770237896112,1.7705819812695933,-4.250227368871157,-7.186612037771471,6.033336780521275,7.345371181995561,2.0733243119085896,-4.060525546586378,-1.273885975852844,4.507345739581154,7.905644256422372,8.293736795618125,6.166812585041859
9.79243818615356,2.238069977785324,-3.6128256550497384,-9.525819663093404,-3.656446749165685,-2.8813723274182843,5.79570162129474,1.261865162664045,7.49825951317083,-0.10899788595186949,-7.0210575466394305,4.2714444022644384,5.758124941870051,0.4165800584641247,6.977249031409578,0.8685400302672444,-0.8902711994252908,-2.5242826809457632,-10.538539215225002,-7.164201489237382
7.499898058270206,2.9455878561027315,-3.814340688756557,-8.497102052249135,-4.70772657138269,-2.2078999369616703,3.957848849943967,3.8799969146536526,7.510647890543665,-0.3537024860036924,-8.103079632124667,3.24890031329187,3.4709405847326473,0.17021979279746557,5.095434745875298,0.08779110611669894,1.465035900923145,-1.8949370926258569,-10.37357822938527,-9.284886246136624
-9.133541129916448,2.473600239261725,-4.822489746376497,-1.5099630684212078,8.142968691250402,-4.038318525398683,-1.207388046200962,5.167729419700239,-4.945189116949816,-8.487615935801998,-5.63469518475501,-8.196468240143355,8.390784517866782,6.001754304922264,3.519057808715235,8.186516027529104,6.67857455374124,-6.548881535356465,6.470527799689417,1.198915975379038
-1.3214921647161595,-4.798826113598124,8.011179702597456,-3.5688497915437587,-5.436014261218305,0.7866913559688385,-7.264108075856037,6.813908346416017,-9.28394995046857,11.105832968825244,7.411812348441401,-6.0648303962848935,-8.639847237343634,5.252731498471421,5.212368418134259,5.62741976937921,6.288844213908793,-8.534670054188487,-5.784934370356579,-8.324345953149535
-0.8150973444647345,-3.7876737615117992,6.248136402377376,-0.8795530708679207,-5.934345084092206,-0.5496369663986929,-7.265298600393812,8.297977724001914,-8.711326033274672,9.554493488801064,4.002985029821338,-5.0797567840461735,-8.936381403198599,7.0983037704965914,3.507926204104981,3.8734365924467413,4.132284683313944,-8.435234463557258,-3.911092758393049,-8.860035314746694
9.26814931980777,-6.481607944064822,0.6123254023023881,-3.8013215147751773,-3.3013196989095595,-9.26210054550226,0.45288910107615066,-0.30486572472944473,-9.17035489811863,-3.684167409834172,6.09504417481968,-5.167582669711617,-6.588427342382232,-0.872432679730259,9.787637092028861,-5.785931078919836,2.7131380148971815,4.823972456443034,-5.957941112619017,5.247945284173524
-1.125317773083955,2.657284621377917,3.0951793112650394,0.3939059970694628,-9.737835120785519,7.673479330938818,-2.6759844614791213,-5.558855766827721,-9.36644260724714,2.4149149635033775,4.44504903423348,-8.048084736486171,1.230387270633062,-5.406263271007602,1.595202552764626,-6.357013122228429,4.075332157898628,-1.556263298670948,10.088491634058116,-7.3447316291369145
-0.08344715162544958,-5.0427838288592195,6.733506233976131,-1.708926796677087,-4.989803709983587,-0.15394625005716045,-6.927778203729914,4.250863217168406,-8.796893203272504,9.982777396325751,5.174943489107983,-7.569137312502299,-8.29537970132394,6.412766723045857,5.568298994714084,4.320107110639302,4.5453949520281505,-8.249926045063033,-3.046472555442767,-8.860380267488765
5.795682923278803,7.9526754912268025,-4.323311537082852,-6.690287089490741,-4.018031828095506,-1.5912345495864968,4.973805897758618,6.690768494813472,-10.04494604947915,0.7204849284545236,-2.659793160195098,-6.327006109227545,-7.092016515467536,-2.308787739887883,8.2366000330797,-4.869158413535891,3.6599306361552064,4.843683414992269,-2.994411714181152,10.304672929950055
6.011591400237049,8.485235949291996,-3.802842693938958,-8.432750155224266,-5.85345789420938,-1.9986075824520961,5.723564759341803,7.388435190371715,-7.553269161640735,-0.5287538653538678,-1.9699225696858471,-5.609541729960626,-8.290047087684638,-2.1494607684040146,6.487308704943947,-4.067000529963571,1.1941261711872844,3.7662848695149225,-3.5482469112644117,9.876398408857979
-2.2898341594548377,-6.828037919630372,9.446462873523302,7.934614409628577,-3.4638008669157365,3.578034890036308,8.057973733364598,-0.5159035711991864,0.9412978147869477,-4.8796305894553,-9.074464489687507,8.523899380830272,6.51827846768999,2.0078448197050305,-5.218491991923794,-1.4571819907839676,4.287564083459492,10.109089233867854,8.544678411821842,6.045609130503501
-3.0786243512170848,-7.933249604624889,7.293876785477614,7.035589269058233,-4.3984141243877835,3.2415989609222056,6.262501521632487,3.0414004731686317,1.324049092505665,-4.310512917169624,-8.30391305167694,8.164460349417809,7.577261153740915,3.4395789109894874,-3.3298040831250293,-2.7934307588162257,4.679724879559956,7.9240383176460885,10.679916552458117,4.930891639657754
-10.696573441463077,4.83329486461011,-5.774403490585716,-0.6287614753700478,8.16803034578941,-5.379288354818285,-2.8964869959513253,4.153094931365706,-6.414690767666789,-8.747123498244203,-2.2530418522072155,-6.697636958361702,9.776853536238985,6.669383937116481,3.7819375281906904,4.62924750116077,5.768983516834061,-4.96146339912857,7.2794441470502225,2.549318003182626
2.1698796043982345,-7.925882776069915,-3.475054963583017,-1.1855169787902387,-1.4586535570293235,5.94292372839565,-5.5068392465298714,0.7566910391915069,1.924246645156937,-8.328309327240323,2.6331459907094237,-7.827179948581468,-7.829812075905137,9.865001582333408,8.549354557312606,6.2058847977768234,-3.2243956237215174,-8.255871539451682,4.757638578009149,1.1669223694113877
9.040439467888472,-5.496129784454354,0.5412699033089223,-4.033828730857131,-3.675487717898726,-9.55328252599464,1.5261793085791315,-0.5299800833188433,-6.925486176969187,-4.201899783040835,6.18155550988003,-5.728971200114633,-7.0052365256996625,1.6344548868016395,10.741707798101913,-6.080612406251906,5.861066701690023,5.201231941772873,-4.000919309077062,3.409318474837289
-3.7028344548092305,9.933440301808323,5.64046115427108,1.3025494748640871,-5.4871618910869415,-7.1301561078749,-8.549634127356153,7.583844754269924,1.887991493393628,4.972259829080691,-8.794821393531738,7.6496650700017055,7.953193058886589,-7.415709774470152,-5.33095445151633,-5.20520466610374,-5.006121571024444,0.08431434469017246,-2.466804295643621,-4.390338226327897
-3.8810987659841065,7.40072473032158,6.1110491637217095,1.763846006788866,-7.548699929811186,-5.840204905879871,-9.443943296372874,9.14953262904564,2.700226106203445,3.6735401477752063,-7.431001900818448,8.792482120236548,7.390948188017743,-5.453925206027985,-5.06175936645919,-4.770398606204471,-3.883150991743479,-0.2582892377014262,-0.9011274842185688,-4.853132565791268
-2.0791562058212754,-5.25351341228613,7.189694822069967,-2.355250388885885,-3.5696042346391192,1.1858401108728571,-4.246109294116279,5.0160158500700565,-10.219590480841099,9.344648531308884,3.8769071203728798,-7.518148639322545,-10.89087231172592,5.387039663665054,3.1825287750022833,5.098362311265158,4.9192178726335785,-8.698621540190672,-1.9364526546136125,-8.448941334278832
-3.7035749418638284,-7.158920864381103,9.72238997198617,6.307180256239096,-6.339449255021541,5.539677242616028,6.167121216134279,1.3569090276795566,-0.09891927349750973,-4.67299187253825,-7.177883769180493,8.244111330639463,9.749219220281043,2.335284555524267,-3.482286652061362,-2.7844021564693664,4.984075222910885,8.170152461114151,6.457313458347255,5.910026083348038
-1.3460338708977906,9.024519189217909,3.6583701851801504,2.435273158204003,-6.6805674955778,-7.480326470434742,-8.76852567164599,6.938209318636943,2.1358175801154236,4.823582230441955,-8.0022932979386,8.160381544413037,8.781886190664702,-7.705305585956979,-6.515285750893571,-5.743592596446748,-3.634163273074213,-0.12757088717583653,-1.5692218775149605,-4.668418130697994
-3.052417106280897,-8.343387569862626,7.1162467095076956,5.9964101966883785,-6.378235432765751,3.868725663154112,3.8541622956479893,0.4375363050257659,-0.17264171812524853,-5.445113717978431,-9.994376193818217,8.348203253807153,6.735199749106709,3.794434686174628,-3.8411698666148184,-3.111421531158703,4.522887433959994,8.186446251912114,7.778742862798488,5.170400368419845
5.94627110929373,2.0000115584791076,-2.5590509109436947,-8.687291153715632,-4.85404641188422,-3.0380156203396176,3.87731630776981,4.545674275496475,9.289096313944789,0.04839592959455363,-6.247108376464192,4.329687094583281,5.981138466712965,2.703264246692,5.664842280885534,-0.3792752442264688,-1.2499653705372342,-1.5323131585505019,-8.668194280555785,-6.896538032566282
5.838173863444369,7.749433298660632,-5.22517651129258,-7.442484404776973,-4.7936907665940955,-0.9643069332711074,7.399022377892043,7.416141270909369,-9.382276208725248,0.3710367900081679,-0.964229217431926,-7.135073426717517,-8.496273621304354,-1.6607969148943498,6.39775825615418,-3.6761192894102392,1.5480873944753906,3.9671185123617914,-3.1324190238648177,9.565063331234514
-1.6732490072327337,1.2424182271263466,3.633201489294547,0.3616761552829889,-9.426073287044915,7.285348556864396,-2.6556311654895084,-6.707708440106452,-8.46388662022579,-0.4672256309045135,2.230690947099049,-8.375834490974148,0.018191891787703862,-7.332297822490089,2.204589627747004,-7.436071892425251,3.652793030576395,-2.6360440577968993,8.91353150367285,-7.31904716869271
6.387369229423325,10.08878526571683,-4.537872486202953,-7.818642263774734,-5.814355416825082,-2.542985770637207,6.207211585440206,7.631940966787306,-9.336727209424156,2.3853982304958716,-1.1873124673008604,-4.407706986905779,-7.536598407027368,-1.5696409714748456,11.256643363838455,-3.0048562286089457,-0.6168465805842589,3.5115741551263877,-2.4454736492089584,9.892139689669861
-2.669717671028262,-4.861594481676184,6.460190755566069,-2.7808390778780177,-3.690398848860192,0.4091148249944795,-7.042486813551622,5.998816724756743,-9.434877030295734,9.62407204292891,5.30123585603603,-6.190766934319598,-9.857798200946501,6.384902109710068,3.704851697845013,5.852858094791012,4.2559263045158975,-9.240077073788088,-0.05072180489099143,-8.720610164486637
-9.806210979637532,3.543802469871771,-5.33585534047703,-1.0420495368588667,9.248814449875022,-6.186089346245695,-3.611392554589954,6.979549958934064,-6.817854338041756,-8.276282405095971,-4.1358857490003675,-9.586202571537996,8.326636023683651,6.610820840767449,3.0223845117273305,8.332732487557857,5.685950223076857,-5.5560943801871225,7.161850901719484,-0.6236225780997611
9.7531004497925,-4.487740576472903,-1.438497194608276,-4.104279414975642,-4.037933088870245,-9.698551243903502,2.5059966219886967,0.859478241578299,-9.001018039230969,-4.202471238559512,9.54874179788905,-4.735565603435326,-6.9012782685010645,-1.1690241740901,10.384035093600863,-4.828744620378052,4.72645038181898,5.279270849877662,-7.063515620286003,2.8642061034089297
6.932501041914732,-4.341492598531222,-0.3588933116334204,-4.200088924802723,-4.617690505800848,-9.030591113890619,1.438567437694869,1.5296953391429946,-10.446655455309612,-3.9821957985906478,8.807438723209659,-5.96841394749393,-8.125837003453356,0.806229419721417,8.7221483281953,-5.765558510520558,4.3300199105773185,5.267133540113375,-7.044392787781112,6.311386116790706
-3.5902609506526475,9.630221735142586,5.232980094196485,1.6636232446267418,-6.553494168909152,-8.131223169661249,-7.91430073742911,7.138620779055714,1.4995772143451362,5.210460781757798,-10.29265380462671,7.989735746876327,5.092223642484532,-5.147207835088837,-7.643930008354271,-4.577115620946959,-5.997084548692968,2.1915850009347952,-1.1500821599550668,-4.272130307909554
-3.0985623799969617,9.863888225219346,4.996894322193149,1.2802600886800777,-5.9800273157180195,-6.572810072399338,-8.02546563779705,7.953151757422315,1.1933052239421034,3.6012705157239395,-8.841016508960688,10.008567308673351,6.627951222044287,-5.635890403125695,-5.085835760069562,-6.923481191767154,-3.368057759639208,0.2929359802108632,-1.5787808303849054,-3.076640344051971
3.975909246300921,-7.531365553077075,-2.324549985816435,-1.8586113720078994,-0.3965335883238944,6.072252375177793,-5.612727058616554,-1.6429838110733774,1.5694079830900933,-8.225833774415724,2.101999854554661,-7.994707373057745,-8.75137259087188,10.681816261322158,10.559532377025906,6.10594295296319,-2.9562753394745003,-8.413064740240374,1.9807889434164185,-2.1214161133375273
6.186418033936984,2.802545582010193,-3.839724064626094,-7.682120280503764,-3.0067958594799427,-3.992039506039959,4.465459539413617,2.2000331870636343,6.3248216549815215,-1.4131439263082304,-7.409897753513146,4.590155242689481,5.3642488759305875,0.9238108974312893,6.352410204812206,-0.06054616815124775,1.1579104157358289,-3.2229547650315267,-13.414017716736439,-7.558383432295831
-7.359624884701641,0.9977177497468792,-8.833226434302873,7.325098461878534,-2.645838194008,3.4447791504178737,-3.9131187048332867,1.3652858466117872,1.1836565327956652,-5.903682696550131,11.88387655389186,5.227535038967244,8.472217937266388,8.013125520565438,3.029515511802741,6.930950670271936,-10.195705850438115,-6.667458022237243,-10.729377180848527,-3.9182247322603514
5.059289695007794,6.487245137565514,-3.533425099143536,-8.341658383349078,-4.522035657479875,-0.7119877093762966,6.175684324012811,6.056898741185598,-9.350221839768912,-0.8030033945838349,-2.410243859955285,-6.537259528800549,-7.741193675266297,-2.0775042378568793,8.853153208026857,-3.979160052012591,-1.1498024951779218,4.612503762633399,-3.507812558342748,9.553159273577311
-7.1988665871995625,-1.0071068849570861,-8.041164251688599,7.206345739735029,-6.442200981814999,3.6312237584446923,-4.58318661262612,0.7226518943136042,-1.4694630142349374,-4.910454948006391,10.063985963331575,4.002179918059289,7.3112017074374975,9.568812912650502,1.220619672723744,7.603299851729711,-10.496202053110892,-6.43112095721865,-9.323173836624992,-2.7779002879652275
-2.5802885005972342,1.739387646521495,3.1065405391172316,1.3828767846357386,-8.386507783193462,7.250662415968797,-3.876914894114625,-5.598637139913991,-8.271894854874978,2.716486730495322,3.6691315629869496,-10.708211573059929,-0.3700518866562007,-4.874927172156513,5.352268113929225,-6.853392191432253,4.27459244043746,-2.821345631468655,7.7606327304855895,-7.925896980657497
-10.089900271426432,3.511673873600343,-3.004614158816066,0.9470891229097456,10.04061193277211,-5.002785508224006,-1.3661849796412213,4.130634519377499,-3.288715566191593,-8.796946724633251,-4.513186869885469,-7.122324145928154,7.949057188207123,5.43297054244069,2.1443708473189447,6.063415875703411,5.2881236177190525,-4.3196357108316645,8.586835113440925,1.7127490150407318
-3.752428529399206,-5.742995414164851,8.61192183226103,6.329824490776099,-5.094315945739833,1.9961140244547473,7.935385362578423,0.4436849691891306,1.0854950518647515,-5.633627326973147,-8.753331953644528,6.034060977785483,8.606535746257176,3.9612103980945435,-4.135371760391138,-4.561037622745453,5.322429620142617,6.2959638499452915,8.961261421250605,4.693115794197856
-2.034203800527002,2.988236031981246,1.9533112422022256,1.375752388201719,-9.080243987297742,6.683665255287949,-2.9325571285849277,-5.806717012509802,-9.85953618032419,3.0153533803292003,3.6379818083311832,-8.925248010503726,1.7709621726588674,-4.352563947266634,4.0235852145200415,-6.319991490050699,4.612689882959829,-2.051696499424936,7.525275306956276,-6.9468373245750925
3.779778791699998,7.724470843135199,-2.7155731325367167,-7.231743604012593,-5.937502624902674,-1.4109079290596465,5.804130749027861,7.363372398462563,-8.320849565632153,1.1834448541761915,-1.1309856313316673,-6.050728702969113,-6.852754260381505,-4.934573523300494,8.605840596259494,-2.9522299397609455,1.116233648915074,4.7302636681192975,-2.432577263204426,9.239916675335332
6.948467618628824,7.334903393024769,-3.955894451915421,-10.018950597002842,-4.494745387737693,-0.636935706305767,6.365753162731175,5.687030723771108,-8.651588211041423,-0.45131733480947567,-2.1051333871250084,-3.2457997342258635,-8.306329097435572,-2.5054866095009407,9.420286340333002,-3.1457691667048104,0.6578129774218333,4.436767739792756,-2.45546736147358,9.383723295643154
-6.899784061990812,-0.9004102125020773,-9.004883960987662,7.938655623335934,-3.5039863582158275,2.376010038739722,-3.138172180649949,0.12185296025968279,0.7759001088559292,-6.4867647826486685,8.54601945079706,5.488557501315619,8.727330609161962,8.137787256959705,2.042504721914565,9.23547925007457,-7.306641342914241,-7.130966073444897,-8.226681721198469,-4.679729811844567
-9.055893345345062,2.680349297622851,-3.4618768353233196,0.3508279943428976,6.6346669322359375,-5.363417302370462,-0.1758198847736574,4.451698636083806,-5.742337704271884,-9.002022566733329,-4.291986165042776,-7.358697086244209,9.08069454900952,6.359721003578605,3.4416227453154877,6.378270637565396,5.733101055099388,-6.494321453891419,8.30682687988815,-0.00637635889402044
7.65804312310875,8.30394316906238,-3.4792450024370694,-6.1841782551991376,-4.0966115759305515,-0.8065132754796703,6.833512384261844,7.8310059556572265,-10.261014823258712,0.15984460181899457,-2.5540970916189627,-5.890883566324313,-7.969326531995277,-3.8830019415491055,8.994940580898849,-3.8599222102854727,0.8780471552192963,2.4380585646097908,-2.84076274652142,9.56719329459671
-10.284095046961182,2.449551891396299,-4.100369041743156,-0.07575778895034319,7.820090169643464,-4.734915315801501,-3.5025166406792003,6.148194243392978,-4.791453890525354,-9.703273389487276,-6.47404821467704,-7.7526464010613125,8.351286585424338,8.742699489979113,3.211332095182743,5.621622154572899,5.383786033081346,-6.321811258552267,8.104863524097654,-0.5279040219974089
-2.1384806590811904,-5.013294001372886,6.045751768835462,-3.9406701145698255,-4.81276545081227,-1.2661655519552046,-7.917579153973262,5.733002098729702,-7.899107079214165,9.697812268636982,6.239818499808706,-4.676551264203122,-8.831387563703851,6.779738416475238,4.1490095561331275,3.599355352406188,6.165350985098231,-6.839359583096663,-2.488579389464129,-5.765359661071283
-2.186029908867969,8.866683541899652,4.173842334359859,0.37846661667393655,-6.366027084581553,-7.412810432937858,-10.008244592346298,4.451260702217054,1.9947853298135394,5.9337031525906525,-7.927050899536081,8.941100786653614,6.0466407556466555,-5.284443530359453,-7.361886095046279,-6.030117903111858,-3.1490748624245555,1.7220618565290648,-1.461253703637638,-4.379090946216127
2.142599180005587,-6.790512814935044,-5.020989989885403,-1.3932982024684148,0.1631243483995708,6.28706353087216,-6.136041603696246,0.8645460535673647,1.1413988092535008,-8.215436086579333,3.8003779323526876,-5.518906966274984,-9.428570610101819,9.33912806233977,8.01949911773254,6.740337273504897,-3.457121203670048,-9.916374059404486,2.5228766863307737,-1.4800890219517402
-9.827584633745374,3.2307829996470456,-4.041769875144276,0.8907414251234946,8.321022636493144,-4.532187589969609,-2.5515250854549105,4.289736386788114,-4.478539385508156,-8.539798184809634,-3.9199361996252775,-7.081969682006431,9.492679820865105,5.554597611258681,2.5324738903075867,8.215204616457488,7.2464092371465565,-6.792358113305967,9.81086395175544,1.1000865320066304
3.118465423371161,-6.4889874244135815,-5.073381129859362,-1.3173203330206702,0.2915983935373232,5.837815725108066,-5.92692649445677,0.8387465393881397,0.9865883069845917,-9.040960266435963,-0.0014865065804139377,-5.713061880751234,-10.260461362736269,10.481130573495665,8.982520567524737,5.956279980398045,-4.535458522617092,-8.334596593794398,5.103191875391174,-3.6847587817430525
5.3666236493286155,7.461259968710306,-4.808911410775222,-9.610601356564851,-4.722885051384536,-1.234823924512711,6.370783301123736,5.814555127963487,-8.221000707547525,-0.2884106864981576,-1.1181535122079445,-7.0124051958301195,-7.7932178429463805,-2.956322115688857,9.185269296303693,-3.3812928163482705,0.8703349269160949,2.9298587218705947,-2.5300353469744605,9.54939933789949
-3.7171994325633086,-6.215353181744662,8.368697445276394,9.61795837015273,-6.581846882184271,2.677550734457832,4.797165452777399,-0.1054062219025873,-0.23519413853916793,-4.847644555220375,-7.871118472801628,7.2650248394389285,5.780561585930027,4.139722018497512,-3.5051688950623423,-4.132098678047921,4.794044358474875,8.146650369574717,7.419052020302381,5.746041932793982
-3.1031512918296524,-3.912559412170532,6.189256942126231,-4.936310645466371,-3.2135678807246055,0.07887670014872994,-8.036008963242802,5.640873747044073,-8.236750401077195,9.680468321188243,5.992962310640318,-7.365175735845211,-10.631944027958687,6.193231496775148,6.035034169611048,4.466330822405989,6.5106291973805455,-8.480551796533875,-3.314344066552116,-7.929343233611847
-9.495717225143814,2.649455339030968,-2.4072976626629425,-0.5418970769861552,7.889384472097505,-7.350225022043764,-0.057578746163829075,4.040554527840902,-5.097125825928376,-8.561809633146005,-4.302971908507979,-5.965712270049036,10.265215507155094,6.413901261230331,3.3231531478389957,7.758103340481397,7.090972961912917,-6.73151520176561,8.92657052421597,1.897344703960398
3.2465296830435584,-8.055064225552659,-5.656122989754039,-2.764607898461121,-0.9660356444364616,6.251838855414771,-5.056929785468317,0.22527358699973846,3.703794692035113,-8.846757001064754,1.8044705320218668,-8.201084885356998,-8.961627660610578,8.64132379965553,10.272945457772657,6.630430586396075,-5.087093738165204,-7.874303333461285,4.3561917019721905,0.3310812341798597
-2.2414478053282156,-8.386280835827359,10.177287210313924,6.5507899606582285,-6.186795364025034,4.151232998762666,5.752800363760796,1.0967789185397114,0.27077041328440843,-6.4755624491436565,-8.214938308020354,9.209231054038836,9.011498146572174,2.893821908091284,-2.107135885990879,-4.075327092440959,4.193659248499782,8.338010139781751,7.611313658485234,5.350687586675919
8.067001908244196,4.656379537739582,-2.4996424131570363,-7.701353650926835,-1.8062748779417321,-3.1190703001228326,4.404896245254401,3.783806943726275,9.198095088648415,-1.0356661394732227,-8.329684163573996,4.403751776890779,6.047199839269611,2.023635000051487,3.9951759989036217,1.7875179943511366,-0.18650834175696884,-1.7142446297175873,-10.394271825105916,-5.143842624196823
-2.4914955038961812,-7.4563145400580515,8.424652957629739,6.220352240311622,-5.111704182858155,3.8229363441420525,6.2216725783375075,2.0063419931196327,0.9766665909869182,-6.041090500076374,-9.457116601714139,7.787136659136365,7.484132695162021,2.9983509550870453,-3.9375418377887157,-3.6312008335016595,5.5721832949997,8.09040816767944,7.039001419875053,5.615152725887496
7.508094527617759,6.901857279702175,-3.4793683822653034,-7.2351449500599605,-4.9990151108308565,-2.3231435026097254,3.9683134288937207,7.561571962011348,-10.013457067686105,-0.35172454141012477,-0.887834573308954,-5.602763328739828,-8.921887706094143,-5.179148861023663,7.729230813117219,-1.1429290648181087,1.0985892088000955,4.248991519878568,-2.909068879599925,9.18824871447178
-3.074013472689531,2.961489507998979,1.3618159107319385,1.700443784501021,-8.977513355636898,7.491305271356307,-4.7337032779554455,-5.238213885568907,-8.86266197888195,1.0365011681478906,4.242643617926174,-10.258605113248208,0.9914162034307483,-5.744195971421963,1.1824086825593347,-7.495087660381108,3.3883400533620356,-0.897104050240674,9.635743405263915,-5.6257197047579925
-2.438543876130785,-4.030816357613034,6.236872407564782,-2.862701843965812,-4.655953555618682,0.39670312384577383,-7.8706272982265375,6.51162971893968,-7.198381213591121,10.908840703679905,4.188330049987712,-4.736483317909679,-10.20771615914588,6.909961584242273,3.230931544905132,4.722123274693752,5.739130116615821,-10.003711757237845,-2.222418262770358,-6.33668380165909
-2.8812239818343084,-5.083627863819662,6.654665446778626,-2.5440034042025563,-5.3691757163921565,1.5769596027448336,-7.096002170865148,4.328231296442666,-9.437913608865314,9.233610058358682,5.372037697092092,-4.136407573812556,-9.651386351388323,5.468456679198057,4.357777681259506,4.228055613365866,5.750165173252456,-7.938539278282578,-1.6214547818906093,-7.706905305167432
6.96391599131197,1.7738973378864666,-3.4502420332796855,-10.135552426839086,-3.8565925830073535,-1.9994532856142029,3.981038504284563,2.510425123115212,6.043114377259289,-0.18163940862997013,-7.343633396282592,4.32859810422567,4.998873922115806,0.9327860326174704,5.921243832791893,-0.15290467430080845,0.7696284591952138,-1.2341968153744598,-8.368190178022335,-7.165177362758857
6.6036857995714255,1.871458840602151,-2.9038989273912077,-9.306061719990097,-3.6278276827891394,-5.047870980433186,6.806453509317877,1.4034401967948595,7.422502147536322,-0.5881825326031083,-5.69542694687717,2.940049963527159,7.1994051078167,1.9827207724919478,5.836438923514467,-1.1087217597301406,1.0257978296779553,-2.172666255248808,-8.224956211919684,-8.813233489241645
-4.059814287872592,-8.73624255561074,7.429375944398304,8.205855096422104,-5.583913016793966,2.166652075648636,7.058179223685678,1.43198662246148,1.5556035499659313,-4.650354670718168,-8.891056224079326,8.020417575535122,8.133494134036285,1.742870486991357,-4.324029153119978,-3.6965301168644866,6.555695934076868,7.529461104829994,8.97459527668906,5.128850407672679
7.633237141721478,7.245486282706318,-3.79122954033243,-7.542276278554986,-6.430451267154153,-1.8716543460967712,6.4729320002755015,7.261293399288828,-8.58060536853905,1.756403246383569,-2.5078648090253317,-5.446575271417905,-6.928444344901578,-1.7313491061282436,9.576684375567515,-3.245027957992564,1.042354966849953,4.734148012239816,-3.6551222446984886,9.628440446925483
6.73872375780181,-5.003005852320042,-0.037846031766762024,-3.2583587529203033,-2.292287077037214,-9.642314703509651,1.3349985559376565,-1.113337336794213,-8.772346357968614,-3.947716456449269,7.6196623249704905,-4.430079440934763,-6.636718481356363,-0.16771310480384888,8.810594361467889,-5.640758885254714,1.012955650435027,5.4681793707723845,-5.220907831404571,4.752805963326678
-7.674037551863488,0.4703099284095833,-9.969602131690356,8.137443010717192,-4.112989788534167,6.363355888123481,-2.957742288809709,-0.44670517447429237,0.5104459048428898,-6.756324997873313,7.596049382661157,5.172566275520854,9.522807913105527,6.62231488947618,3.006482227272295,8.925259521546673,-8.964383280932648,-6.221872388954943,-7.497132414148206,-2.7598455712288468
-2.071298863345003,-4.971302398064631,6.692338812925791,-2.7135260700561954,-4.960261563601308,-0.04244588466021104,-7.630211183124231,6.278198879537561,-7.9099907847203195,10.591087709350493,4.950705362866235,-5.741841802013815,-8.927055065574654,7.47482346424081,4.078314022820821,4.3592116358801345,5.616531167555307,-9.668814438215598,-3.0242949401500554,-6.938032411024276
-2.404996519100874,8.9516930002988,3.885914247361425,1.692494607073958,-8.572584005346656,-6.978449220070696,-9.826918863786927,6.219933598282932,2.2021943860176543,5.553453842265508,-8.669993508081639,7.827696439616709,5.659224679438098,-4.812446598446261,-7.345988049396297,-6.556542952928348,-3.3651030417846934,-0.47321582221887803,-1.2557241210117254,-5.509442690957366
7.6908297763926345,3.236426132238385,-1.1885899526586305,-7.77312902316566,-3.8371421615730332,-4.38676931240772,4.027833714042261,2.1584466041471564,8.399488480040292,-0.29870405117518317,-8.931764652076145,3.828994275369466,6.093248525789369,1.577206306363984,5.987988215103991,0.2588336373450779,2.0810873222487407,-1.2131365690046378,-9.877640262988795,-8.757926501267471
-4.44404528556913,-5.741197192372282,5.477875103654602,-2.0428673880956865,-3.5091567005683295,1.177958105871503,-6.357412603649041,5.879790202359021,-7.307055456865041,9.746527174642418,5.502759433359904,-6.291279002578963,-9.205107179891524,5.888029752483769,5.113578254150411,3.44799422010374,4.32649067899072,-7.8316802101916885,-2.91922964369756,-8.136510225650534
-3.485070876030083,10.067927924806161,3.6904799473961583,4.605551748778122,-6.386309290270381,-6.695273469581073,-9.696685536817224,8.023832794907694,1.4466624086264017,4.28346137056627,-7.028225575815156,9.302137143515235,7.7981261422941115,-6.456394211560364,-6.398489146354949,-4.561109167295814,-4.542122198597013,2.3075771906416858,-0.6533476917022097,-4.737883971933429
9.353079286863563,-4.048025130054146,0.3536548801231184,-6.918634747442722,-5.6160303855433735,-11.449641967885388,2.366651920253271,0.2940681140449912,-8.687200016389495,-5.385998982982387,8.839461724453065,-4.492499690192023,-8.357251625380696,-1.6769829958976115,9.712877395985076,-3.367112296156632,5.142453690316215,5.795796667022403,-5.977245791732083,5.451169631725777
-3.9103062441820713,-7.536607628706683,8.12307593177173,9.774941500969268,-5.003695410373145,3.534899266900952,7.28821278882364,2.0285940978520975,0.8262991486775086,-5.324081668676968,-6.113916107502758,7.844554883752267,7.566671038838128,2.0161801571713407,-4.946207381732742,-2.194192755509619,2.1710451803039614,7.936482358146622,7.536867851030961,7.837476109383925
-1.6929523621141656,1.0763399271527128,2.280326684286276,0.1353299593706503,-7.446209200284635,5.477270560879746,-3.683271326224766,-6.955564295952533,-8.711155985519579,1.6010668320769075,3.016041532905254,-9.881539997074956,2.277903998825732,-5.88698413216063,1.8624505899052106,-5.929237850744205,3.6752300926263635,-3.6805270048557244,10.966096109937157,-7.602060062666783
-2.2992511595998533,1.7141254865880495,3.8818597117109075,1.513998586110839,-7.278674807187092,7.970100082291925,-3.1667235999133236,-4.788637387885422,-8.80685759711808,1.5988002757402282,3.5446833263622843,-9.692087189578993,-0.27753015610492293,-3.83819564767102,3.199751173692665,-6.417932944067264,4.207029016975754,0.714561442747895,7.60287558613503,-8.09461962879641
7.194621958956689,3.6595742917237466,-3.7243443463961654,-7.826741682691258,-3.572864767834574,-3.050655652383135,5.015631440783318,1.1464444173064507,6.6201329926657575,-0.45316005694349126,-9.295394160875134,5.096106847659655,6.087256938626091,1.5527145042677153,4.298209586333298,1.2560508661563297,2.4918672273582394,-1.302102805383034,-8.981082086666861,-7.640432805337867
6.687581812095595,3.337665122149972,-2.87252593901733,-8.916163304100827,-2.388895598730814,-3.70857786930499,4.624897204317062,2.7723720779385213,6.8096609566280595,-0.4781161072746227,-6.211354903835475,4.709864059836075,5.246764398736881,1.0637766702242561,5.750210627497572,0.6256785557769999,1.0638954185296345,-1.781044494650987,-9.166835871007983,-7.362231718985632
-7.078648544676711,-0.969450764663949,-9.519214166794,7.155382766428335,-4.002049897103908,2.4134653326400533,-3.213814218879953,0.05726239529388333,0.81973321506673,-6.15515498208933,8.629867883632324,5.713023580763178,10.320313395638195,7.118452222720261,3.1298097194955474,9.93558233395012,-9.046304947989654,-7.535397356707648,-8.793493321617476,-4.040800907501586
8.445142718745137,-4.378362314513935,1.2512505935759128,-5.209349479959847,-2.5908823840837254,-9.390812087294474,1.2162652946594226,0.8113352447854135,-9.41687945325526,-4.508807391299265,7.761039475120996,-6.025500118525452,-6.378105525773634,-0.49724619734292647,8.276357290032768,-4.607834445554058,2.2371285970938164,4.079132133899092,-4.054642915174691,3.3679870730269794
-2.3083485857828525,-3.581828251595416,7.3221951544656445,-2.5670572751043688,-3.931154172305737,0.7495632137268833,-5.4060246512646986,4.564743596723028,-8.369335452188688,9.802763363199126,6.258175791997741,-6.869540246741451,-11.633230259924488,6.466051585194875,4.418377369170948,6.069742770267396,4.155044887393828,-7.364413198601472,-0.4632710650874259,-8.060383697019883
-0.7264893440082703,2.517036623824737,1.7011617719295744,0.4452013638706748,-5.097509085139782,5.136693569059566,-4.0549378400947,-7.6823209444955465,-9.059733306027336,0.6151678348699692,3.4425362140120312,-11.618338581461636,0.8594818310702704,-4.247739239573266,2.5195121861255387,-6.647801426975873,3.6553475313180077,-2.0843823987642267,8.69643018776826,-6.481464164649441
2.584619508251142,-7.123425087544766,-3.8014380807324075,-2.4811857379320763,-0.37235932635335445,7.15082492725208,-5.438421151704159,-0.7649667306377086,3.210854229953302,-7.430377182111758,5.302953772540851,-7.713011559493768,-8.456086127144134,6.895612041877679,9.865789817870397,5.619746664162449,-1.9842788217076335,-8.821172689890904,1.9954774922758758,-1.6682138659104928
0.9498943258633399,-8.607240972072153,-4.740706355641642,-1.6343842831068494,-2.3979463911361227,2.871363629749704,-6.457683215241804,0.836429568183153,3.0485531269796793,-9.534153107685444,1.739470430912764,-5.435616791998423,-10.56870983998983,8.589189969883657,9.503064551416244,6.617165683614256,-4.417531309723469,-8.01211670816648,1.196333176830148,-1.8551985375418214
7.330974650632843,2.3333584583106615,-2.205038866156679,-10.041300297728077,-3.2439643468391797,-5.1674807242604075,3.753761686760473,1.5384922944809492,8.526197386978449,-0.6211117303564077,-7.621618325826943,3.158162756730448,4.91600747640506,0.46207864808081345,5.802798613945437,-1.1151792080437988,1.7844509528449575,-3.1247600824531023,-10.298137297574659,-6.164970950167815
6.686779073107738,6.968964957883562,-4.484607763855973,-7.737226832986168,-5.268099106452419,-3.283459406039521,6.815441699399379,7.98734004304626,-9.93824262684248,2.5894123348353077,-2.334715043339606,-5.918930953972264,-7.997759559453553,-3.3238841832184582,8.529469265284094,-4.942751904189767,-0.17073586136915297,3.96275848212948,-1.498835870352123,11.637884927792127
-2.602316961381021,-10.072776445595517,10.086724429943244,7.717353094389745,-3.4808724527469774,2.313710838209451,6.848303938196809,1.1892121619600344,1.4106978801746834,-5.396745549590683,-7.664729434874427,9.046510477837733,7.357184849374833,2.904273377955009,-5.1072664162483346,-2.3133054886834246,6.473776120867278,6.697769151302848,7.650347224874403,6.47799221806659
9.084732114800728,-6.852877496208123,-1.1252853221667063,-3.187507785990662,-2.359172462450206,-8.8950956478663,3.294369957891304,-0.10217484400597979,-9.056971135680817,-3.336091687648306,9.828095008512545,-3.9076654931949304,-8.168465633560357,-0.277903684763985,9.99053376668831,-5.41857253327752,3.8305684915331675,6.052969118243298,-4.244439368196867,6.2501971244587144
-8.52762626038374,3.044296047384542,-4.383423539890149,0.020016331352647104,5.997741365577307,-4.78973537864025,-1.442726208259021,5.244522189922345,-8.397342861460109,-9.726038248513952,-4.953061924573301,-6.483915321730866,8.883291952494446,5.99218379931716,3.3033206668124264,6.402969428451456,6.683676543676286,-5.793856717439392,8.228734702637468,0.6048044072273582
-10.442084657681912,2.200554449097271,-3.7092977766406827,-0.02324987173062365,9.423757861338455,-4.796749564295498,-0.9374376166510038,5.120418125436823,-4.367748206421428,-8.062874046850986,-4.191550456336179,-6.788857343878931,7.639514420560497,6.66932331142465,2.627870395672091,6.927219843573152,7.179903308794362,-7.518814848174085,7.428684074367123,1.8145635870925474
-2.453396672348284,-4.173019358908515,8.863540843918878,-4.628170165031699,-3.599282418678257,-0.05769563898893282,-7.201433896804478,5.796059496002132,-8.93730538420234,9.727273602957617,4.310724240655357,-4.996505933188585,-11.683701168726552,6.848993081925024,3.810611024417772,3.4092184670122934,5.627790304317609,-10.07605805202467,-2.7909716073949125,-9.10549571730896
-3.6361038165032245,-9.031163279936665,8.79154128088405,7.3336733135268295,-4.534655239227093,2.3052367204963993,6.831154534349817,-0.21308196476573138,-0.23471982257645385,-5.405868413078244,-6.396126228922301,8.729140527615028,9.085553647534399,4.0791061788085035,0.3834279567848875,-2.974219440188348,5.939514500534644,8.954840453453484,8.737760988609871,7.371750535192658
6.366242184007092,7.987967113618865,-3.6647608146893695,-7.386320148003499,-5.8711295723090196,-1.9444298971755274,7.740418608035261,7.773967074842303,-9.034011328433387,1.441050636885384,-1.1258357563996202,-4.629455111449223,-9.182037815396605,-3.0435426999314137,8.675475616436058,-1.858257268685086,1.3034579666706225,3.4299339871103762,-2.3546137938849143,9.603322987868454
-7.887526132497554,2.259077509148146,-4.216043897519823,-0.8421920190604124,7.521735246658062,-6.246744481191416,-1.3635303588544008,3.65497627751454,-4.820303673977329,-7.832323106523892,-5.866175346908562,-5.225755648591572,9.107562341266682,6.912105612733209,1.9094099286656974,8.051590922227474,7.199834987704357,-6.3672072212839605,9.853102429047917,0.8309094732259517
-7.391665197303433,1.0657977997310706,-9.851820798432763,9.081318597602468,-6.456415253026079,2.3454978541415743,-5.5728198731435965,0.12651512288642403,0.8879443695992504,-6.188809397262939,9.453575908178307,4.575103136410563,8.599737986870567,6.399100339947227,3.321228551353953,8.133858627564333,-8.719036078005301,-4.491402423173013,-10.337700755338469,-4.618980498766682
7.766433583230281,1.9246634415889186,-5.358861071894607,-9.224048092284262,-4.084698436740707,-3.8092625266550733,5.210679923739205,4.736825838119103,7.8677840533676235,-0.7724332859174753,-7.867336894238059,4.389280511367613,4.38740721198955,1.3457425101359801,5.87015593542302,0.08559799086230299,0.9121985216446629,-1.0154320234804726,-11.26351414736454,-7.2053013017385075
-2.865735603800031,1.8419789237109006,4.271712900857164,2.512510197993124,-10.216198121659898,7.2503726165504965,-2.7257352614877086,-5.726644589611809,-9.842610661996416,1.5737633016062953,2.8030125820679537,-10.088507452601705,-0.9681038626815561,-5.584873317675791,1.4006540968839278,-6.712805974128308,2.5701730729495553,-2.058476712197848,8.055180213791798,-6.9590007692055975
-8.194207498848401,4.562342789637999,-5.48430292991731,-1.0584692919924843,7.347605817627174,-5.483885213512099,-2.092910929872655,4.664045218054933,-5.2047277770354965,-8.425106412678925,-4.927805736902888,-8.951123031907482,7.601084341472762,5.613168937975764,2.42099569340075,6.299544344443819,5.58263507148587,-7.39958621076487,7.725360618251223,-0.28624649004960134
-1.9264059597922711,4.660230335231333,2.7219529740205743,-0.10160177714506224,-8.005534151401836,7.645079069283906,-2.963401134692548,-3.5265169195391692,-9.899834737999388,2.070090343684135,5.1002051902638526,-8.182084184424346,-1.7082167605387606,-5.473442116081222,4.3879765740376975,-3.622028429501033,4.5225506458001385,-2.6331563676857357,7.7253966222973,-5.030837759549286
9.155100282618855,-4.161626511055019,-0.7228122764405801,-6.178880065307706,-3.832321253075267,-8.27442663160135,2.6376609243564726,-0.5866500308907837,-10.105437073186282,-3.9325731834874493,8.30679667226775,-5.3345548143188815,-5.2796392151817475,-1.157744888630071,11.48804610333948,-5.127110664899352,1.6071404712466972,5.0531896522552096,-4.2877530435525655,4.19927193943222
8.81509837548965,-4.768713555180401,-0.8589502263917113,-2.76590557111507,-5.136937353169763,-9.58724049717067,1.876326267143192,-0.3003709230965381,-8.247929205557277,-4.743728480004415,9.559242249874147,-6.02723727279072,-6.932725088232831,-0.9867307837613392,10.13398186474348,-5.174844296746762,3.2876489034190937,6.420867273077874,-5.90159099120711,5.150842129855191
8.241328261798834,2.216306998332239,-3.1744972080582743,-10.075618656394962,-1.932486569984653,-2.3058039157473824,4.391438348385951,2.3464535702409366,8.773859212946224,1.426768953407914,-6.654354825422613,6.436698411856501,4.293349643276031,0.4061571208911344,4.230402481037872,0.3176725769372942,0.6302601374442518,-1.6011307563009938,-8.682358836994798,-6.609842854919247
-7.402658976831357,3.6679437070227126,-4.473481042898605,0.7423548172362546,8.269679544177036,-4.6226042417624065,-1.6550002147223017,6.3006654163462095,-5.078416345516105,-8.522490501638428,-3.1627803647416215,-6.542289213832039,8.715431626180518,6.476430193774454,2.5744661068421033,7.438438796749825,5.486746949220418,-7.0197660419031624,6.852609583317117,-0.6051384484840621
0.41142754604984066,-4.271145983801071,6.188427707591413,-5.07022783888412,-2.991545672306029,-0.4912880076436328,-8.18495440400425,5.712587315992946,-7.092575334704291,10.510978718676105,5.287057876092888,-5.717394305677731,-10.489943350399058,6.4488822586620325,4.2104836217304795,5.5489132565011,6.392585056157864,-8.025129583112548,-3.1930329866606497,-6.940796515107279
-2.2175471523562913,1.960643759183169,1.6648991278997012,0.7531410536645303,-7.032993196500221,8.314127047238307,-2.7889659937578504,-6.240455365234819,-8.914713239504785,1.8294527230902082,2.5253438971462208,-9.643596043232334,-1.0929656516028732,-5.59416172214428,4.539560918785317,-5.689812197116819,2.89563557781279,-2.337722143631535,7.900223462979952,-7.312094885257345
6.729924627338769,2.0773943160599555,-4.50591790807261,-8.350786733851644,-1.320481580657376,-2.714836320004427,3.727838304820745,3.886770012595739,7.427575305592281,0.8187834846665456,-6.801438679069603,1.321754178988166,4.211621339382921,2.169929174225315,5.571000871236238,-1.1478440204200357,-0.1789329278539311,-3.3554162529183884,-9.579990752644493,-5.631481734118147
10.411935494519561,-5.117434587974119,0.6605791858208007,-4.375670212827453,-4.269233227285479,-9.623695249259658,2.9577426394476456,1.4865687412868083,-8.171776767809071,-3.505134113982415,9.088351156568804,-4.657506264325842,-8.241388717385806,1.4900267249677606,11.517419908910439,-5.392774173083359,3.07201303290139,5.844803959489726,-4.6964362849685015,4.362380903484173
-3.691428952315248,-5.24147427537526,5.576655555269554,-4.619218318950713,-4.286782238663917,2.6600107810019313,-4.514610278184739,6.141095402167043,-7.392305851337062,9.969833369938883,5.94377858070136,-6.367835020443791,-9.69448073210535,6.84670727370311,3.558687148076012,4.5026490609267595,5.3669768147214265,-7.692703647987668,-3.896717600742228,-7.734161018105057
-8.917809318361897,-1.1761981190504447,-11.334028217657579,8.08512732287411,-5.4228379485807086,2.283857796094325,-3.8339019033797337,0.7653310544089544,3.0274035190755377,-7.814794309052672,10.551073598591694,6.4757580282373635,8.010886091907082,8.099782963139006,1.5003663268840872,8.623173280881074,-6.721018945557059,-5.474736518985782,-8.586845848555798,-3.9237027046893553
-2.157014250796892,-7.670875010181135,8.330811085844282,8.3029022437948,-5.3730432385991564,2.9129745988799267,7.014611266154781,1.0726202949232229,2.5017878404978653,-4.469128769134948,-7.509130815549254,7.894810513001466,8.883115819976215,2.339421372663713,-2.9370264278264706,-3.9321015547513425,5.558554969635379,8.232809896313334,9.724241549000222,7.989809300822234
6.278932541379291,6.417677467521885,-4.196396278412699,-7.281751293287504,-4.99740391011828,-0.2366784774707873,6.239794260226536,5.827325151696001,-8.804226958600507,1.6510353977333314,-0.7535353641681908,-5.721477461442886,-6.558306601449765,0.1812139060807727,8.97334639269086,-4.8476780518300195,-0.21047261468482958,4.685855178207607,-4.332212263312183,9.605044729331285
7.058090499974943,8.860397065529803,-2.8829777644349024,-7.932487244898953,-5.963252314637063,-2.2049469811419407,4.85279640184811,8.206465365634724,-10.03566842730616,-1.0313942420695583,-2.478271312734655,-6.4248172470179465,-7.559668168311217,-2.1802287208567552,8.510204528654802,-5.788474874368545,0.1866320997084023,3.90418527780636,-2.952328183349642,8.808180487943513
-1.9155957591491768,1.7980496849861716,2.4674378488841135,1.0256801983238741,-7.650397945023717,5.80643125423897,-4.1985891186907764,-7.922564354375875,-8.14473487929994,1.4762403969945206,4.017608886028941,-8.24598491286655,0.46173130835956566,-5.583054971990309,3.0973772850729318,-6.449477816049944,5.064919759927265,-1.954454676450462,8.190198755155777,-6.201732060190385
-2.5862993324668544,9.355438103014965,4.916569635558121,2.8003529329767556,-6.866625299273363,-5.42657551611863,-9.102984589873966,10.043692082088322,2.6479675826291817,3.304293999504626,-10.659202612145064,9.880669458483071,6.425390030682585,-5.039217292342385,-5.890263031284443,-6.404738715588197,-4.76194885887765,-1.0197185920411074,-1.8076145792247063,-3.319018401715689
-7.988280639487163,2.0480558595237883,-3.531099145886306,0.4658328009781044,8.524982884143007,-5.276731076338123,-0.5109581411637714,3.221319287239428,-5.845166924968635,-8.012471070651193,-3.7477461297752956,-5.422815224305149,9.792178440052748,5.876865965981115,3.9679463737390743,6.715170059976901,7.004328920774128,-4.45807634385829,9.066124076654525,0.8926152218371373
-2.405331284350121,-8.153907065423954,7.234869638603105,7.505179572249225,-3.6130521519159595,4.325611251317636,5.916015569268741,-0.17906920438719554,0.16183184677055673,-5.631431832722878,-7.691497860577238,7.839313656162412,7.255096931529466,3.766292212726027,-3.0789783115811518,-2.5803928550158415,2.7941281432735208,5.517940328354257,6.304182703857938,5.116967491545701
6.544215303157835,3.261826348892385,-2.727651368886253,-8.438921820241864,-2.464346145968258,-4.035118397312448,4.405066050287618,2.8466114684625596,6.71464388043713,-0.3287695529607658,-9.327045494187812,5.311850278888109,5.2623383389039144,0.7046510474861618,4.584969986796099,-0.3586671023313727,1.1429162984122951,-0.9014406540914472,-10.197155412396558,-8.688211132761545
-11.039081552456178,3.7187750527183976,-4.591002082078918,-0.8135323018229761,8.037504706214381,-4.5811824889788655,-1.6284174756939767,4.368363605088595,-5.930125981359439,-9.593444150801602,-4.429650843354509,-5.700553040409002,8.589690109207584,7.021821846047792,4.123476467934662,6.841193284717389,5.886868284926926,-4.097405961216788,9.295523381779502,-0.8855596874993386
-7.374264728031267,0.3562945543020982,-7.604899768136409,7.4155892388469535,-6.102752996801986,2.355017726154599,-5.1023469785267,1.7380177813151994,2.48284488188963,-5.98269431154063,10.61298750097632,5.636614847802527,8.694867183583018,7.563509389499213,1.6476085848441369,6.889683144153303,-7.96589519535427,-6.12067666183114,-8.350093497711363,-3.399869888296103
10.695768738953756,-4.7203678954950705,0.13689212288382313,-1.8502873435209057,-4.056842159502149,-9.970447214268928,1.9092096227215882,-1.0818518444533385,-7.714487934984517,-3.8525089977310554,9.289731869303964,-3.9957782581111814,-7.516313339103071,-1.1556976464576292,9.661295970903968,-6.0316556405585295,3.6076678235265964,6.36448918740904,-5.415388766201174,4.71432206214493
-3.648677607914526,2.237220436882094,2.8805202676308923,0.08305464341899504,-7.616998946383884,7.426536020039047,-3.048108637999815,-5.244495187445334,-10.089088382617796,2.7506875678570344,2.855641786725453,-10.609179374085763,0.7739773001720017,-4.25421093384226,3.3914692945650073,-6.491867396127627,4.128908588150827,-2.1288661559219717,7.608648878599296,-8.49220126202505
-1.4039539110095143,1.61411872050635,2.3441765890697996,1.1448443951564409,-7.033251908169273,6.56082126594584,-3.6668446597144366,-5.582489485999936,-10.310367996049846,3.425263413588266,2.672151143737964,-11.586832845002181,0.2519281745082006,-3.7716257936656756,3.489908938522608,-5.761580876896538,3.860140524356434,-2.417670571260429,7.189690405141574,-9.508967374984321
5.403777029286763,1.9582684081614476,-5.508872990746282,-8.697211020369279,-3.5086699811867255,-1.9055378172938064,4.7127583276547345,3.795174556546643,8.32809193306559,-0.9909496937661819,-9.017075828026005,4.53989804275171,3.723598955192585,2.520751024059569,5.257281497054397,1.0710893387992313,-0.025557846492517855,-1.180328846428016,-9.282268607783408,-7.8872155781448345
8.305240467412148,-5.469371354237893,-0.21895585890780606,-3.58017145900023,-3.3539328105977386,-9.726045424287452,3.526391296866561,0.9921915432027235,-8.466331143056271,-4.2734215859711515,8.484438561201616,-4.02171103599417,-5.878522898416264,1.1240019339349039,9.754335914089017,-4.603927404771378,4.786257454739623,4.608676271657958,-5.565665973870311,4.58036363525067
4.620215121017583,9.479012630846622,-3.564521371638057,-7.30997197878642,-3.7653779615517897,-0.8970829594693012,6.760663607912422,7.456902850929185,-10.344435524370562,0.18645692704092262,-2.367292703147169,-5.602410690010877,-9.938623350381441,-2.8186570043598924,8.73645682446676,-3.8721450962516597,0.5955705188074656,2.6268152549381156,-0.7981379557928379,9.332874192931614
7.326890471843424,6.7976600137079295,-2.939720653043957,-8.749114039498338,-5.335224172774328,-0.7500526133198565,5.700799881611433,7.385096345823781,-10.276048726101514,0.9200947104894922,-1.416462768539783,-5.501336116156128,-6.044342693184365,-2.585390429559139,8.167842212124096,-3.6218052603826574,0.29991364978766166,4.140698750528768,-0.20289867580662557,9.806493547130211
-3.3784517537895025,-4.463936394172251,6.960720275607464,-4.041578410028267,-3.453219195261304,-0.9165594746111083,-7.75962895922039,5.785931078883186,-9.145210839056514,9.172678258459154,7.315969868241261,-6.8765704583554506,-7.448335935056038,6.746355348827734,4.229202014264335,5.056383714207413,7.955334682970866,-9.51269996924964,-3.9511033480509363,-8.437485006069327
9.279893987110054,-6.4694259577465205,0.9618010068605614,-3.3551056833907977,-3.746242230110145,-10.075283905078168,1.4176468346598068,0.2771799190231355,-9.664923385248265,-3.9921777525904325,6.004405116566353,-5.696306743067145,-5.305349092749047,0.22854103354702554,9.879802746743007,-3.1736680340986343,1.1067573293161361,4.417081191786243,-5.648422291899395,5.4226782052425815
-2.097086199506541,-6.95375847004558,4.7450683678305055,-2.248966460081376,-3.3441284006033345,-0.05656504036655152,-7.425543852675881,6.338658867983097,-7.81576952474588,7.710061460339498,4.558855138954771,-6.358265749166427,-9.186417460291903,8.807659052818178,3.9091411501426254,3.1731658987157583,5.8276750109202125,-7.198111175777482,-2.7226713081350464,-8.589267354651698
-8.893827466712311,1.810946583098321,-4.079994548545777,0.2030028294466346,7.801904527886152,-4.111097250285567,-1.5748680562731816,6.018875155770844,-5.73848048046518,-7.134901583702884,-4.371456526006185,-7.746764124057903,10.771273427893682,4.337429844327223,1.9293364049035422,6.802183951923961,8.581747811038854,-4.461739938132772,9.345108113441754,0.4561861759366822
-6.60792905880494,0.4304361258911974,-9.503101797248812,7.988212365195923,-4.314242899084478,4.52301585000821,-3.6394642787285805,-0.06777043065419269,-0.058660414219952495,-7.748116153901684,10.057962227334695,6.080634990861848,9.367342356390445,7.76788756220092,3.364934322113453,7.953366205877517,-7.274880721754404,-6.119085646606639,-9.703804986468578,-2.9008630774169513
-0.4339367504274847,8.325098310108753,6.375842639393351,2.17108046740338,-7.531045194765719,-7.363995427330268,-9.15867506483033,7.7476888619006195,2.5451357228996754,3.58775155198233,-9.612664706344933,11.54046740185175,8.376395986109147,-5.316894116760444,-6.325497177689788,-6.211878476213062,-3.301637168078829,-0.5276639325536483,-1.6184761645810304,-5.844001269916751
-1.923175523530781,2.9024412648404425,4.034140161857507,1.0174243164981913,-8.699825184831024,6.786209672272314,-2.545744413245548,-8.261815358352129,-9.472527908343944,3.2009162623464418,3.0394188357521315,-8.122134861011467,1.6566049853454328,-5.535613611530192,2.334916503299997,-6.800030294049805,6.483369254050754,-0.390868627056008,8.859990746541428,-7.8577346687005445
-2.032839853696531,9.519756287364949,5.700088743726981,4.732829722851809,-6.487211223972503,-7.389073218983445,-8.863902068828004,5.554447010609585,1.3275871037751175,3.7521691178078047,-10.112398512018544,9.550551915273608,5.826432883626235,-4.6321871191100055,-6.363293590939791,-6.341210124069938,-4.2430498573221636,0.6503193165037364,-0.5360013624900505,-5.0425474117500615
-1.5845070767666583,-4.843286968885971,6.792468384125756,-3.6895838064189013,-3.67781765802736,0.7761002270284967,-7.457466952200885,5.682215778987408,-8.571880993304442,9.289861087078387,6.103038421935711,-6.420969917332733,-8.29659356150057,7.774439072578063,3.2456033870978382,4.6498476302490275,4.77475031238272,-8.845754528506804,-0.8282579614697503,-7.990190226613205
-6.686410952098789,-1.0626185211450134,-9.391618002101335,7.885942092854939,-5.830001743689127,3.610609871025407,-4.303424235991597,1.0567642534064534,-0.13598597602873874,-4.583870276647637,8.49535989669911,5.721958804422727,9.58183814167185,7.325906578352862,2.810468219654653,7.208301102661919,-6.778032259779049,-6.066193486651337,-9.69186562975812,-3.792575157162147
2.557843620380274,-7.016070843353289,-5.427168118007669,-2.385807279824457,-1.7105552331537317,5.065236501331778,-6.821899985148927,-0.7815461636269925,3.9730627802578113,-7.7396526836116415,4.071264540173027,-7.8124125458097335,-8.627714390383517,7.684203119862571,8.616945784294122,5.2498199789126465,-2.668140610091025,-8.442787397974081,4.753039863937154,-0.5928292356194551
-5.177278545550337,-8.561850984313836,9.287818169203428,8.870547605631886,-4.155609082479704,3.754313121324261,6.217917954495668,1.8789307869032341,0.8792897902020136,-3.358505210003842,-8.236389958058764,9.287323242802664,8.882475225084468,3.397472431669518,-5.2308955044878065,-2.0866189461990716,4.391605598495635,7.498278704616651,6.258815444124433,5.591923783184293
-2.109974500447471,9.661482067901062,4.156692373928728,3.5471564472307646,-8.105392854153612,-8.344484473485767,-8.613875938076038,8.370621218110857,3.706227926322044,3.7025672930519686,-8.509629280652655,9.359688573739179,6.476225516067616,-4.869557848947805,-5.7111777774445684,-7.908301959915573,-2.4386147910833498,1.8752199867922088,-1.9866623286672147,-3.7796136626017525
-2.516895688221509,-4.128874193434825,7.3905046696906584,-2.2624600298458506,-3.3412519154589955,-0.16494829390176546,-7.409286479628381,5.103923682957041,-8.895099902490726,10.752959623824651,5.552879306658376,-3.418827206166782,-9.696151290338236,6.368920449676418,4.243329796392559,3.9423346679598112,5.36757032134132,-7.391318938206546,-2.716714760986775,-8.476078539380877
-7.3325510546098265,-0.6580195441052217,-9.865319394609765,8.882271880669428,-3.650958091367217,2.977900965717831,-4.106377185121642,0.9015034566701,-0.42272998283398233,-6.079757834741762,9.943578527113326,6.18288667563992,6.853226128781317,7.135191738744035,1.0797363233982358,8.537371654871547,-7.749405379193625,-4.583632344171114,-9.590419702157313,-3.9909658830439265
-3.147255505528279,-7.565430023694993,8.102872924047618,7.1186348145317035,-4.927861599282266,3.241352342822936,5.163002742447008,1.0379942460432183,2.161545505829456,-5.582087975579871,-9.375199626756643,7.792899091080107,7.293748331142312,1.3236873201434198,-3.080235717293365,-3.7260905448978603,3.8943994105515127,8.095632579436932,6.208553889940012,3.8559412669013513
-7.038399868012627,4.024136086849359,-3.700304608873152,1.0388083162920323,6.514527614211067,-2.490782085622943,-2.3825561514878957,4.990525356961614,-7.279969977355988,-7.974114498683246,-5.311315098801748,-6.673918493353883,8.049678613926922,5.084663656357995,1.8637136284458526,7.654999837839878,4.791950565113466,-7.017410493302861,8.514453351064034,3.389324713187327
-4.6263797470731856,-9.140208869847868,9.067306157259239,8.422760905532197,-4.052303229844763,4.3084575809908126,7.58557832403912,-1.0245739768376838,1.0434235270495957,-5.692562381560525,-8.885368889872451,8.504729791275238,6.278065663370857,0.9109205395930393,-2.585831434944269,-2.5280224902358843,4.655846233276298,7.062291794328406,8.48555811988447,6.277813809212953
-7.261773249986607,0.043035998372862566,-9.597066515437833,8.080213951535889,-1.7261009339284041,2.992270549048206,-3.2556541169617055,-0.24800439605766467,1.229438161906196,-6.5411445645450765,8.981174072561442,7.321554999422616,9.96716379446812,8.033293655952205,-0.3462123597222644,8.076475477209765,-5.527122394556526,-6.311004418256804,-7.992236649735581,-2.0514509827821117
7.191231669595781,2.5570874038045353,-3.274340053840398,-7.730615338307797,-3.136684812664265,-1.4189901198951058,6.798592546645953,2.830799009718188,3.9075993030671614,0.6811309693662528,-8.14849142022102,3.4634118226288924,4.817255697348582,0.7789009045753187,6.031613409196614,-1.6835238518384106,-0.62306415815172,-1.1060210786315912,-8.868673434704789,-7.200629815197899
-6.409563284225676,0.2001151407557088,-8.044578066507658,8.47513604458548,-5.981516986712933,1.9173173323018338,-5.317290727270709,1.0634122583146894,2.122802409952601,-4.453548748103078,10.234797887614413,6.665495044757277,8.209962498630098,6.740131191809119,2.8080789086392555,8.855165452701735,-8.122705584620718,-5.692971270984105,-8.772268739331034,-2.209576524881151
-2.7231632250883906,2.725973447640893,2.6819265935856285,1.3915952951450832,-8.409681315076174,7.269029093689616,-3.7289854678917314,-4.446270829966449,-9.103783442178274,4.158581475290514,3.9032988279365135,-9.881920592031094,-0.6575868102740544,-6.912973070098935,1.9120135237928408,-7.39227772906416,4.213574782461497,-2.7914584450494395,8.921526827289188,-5.967602754703449
-3.642470248644709,-7.325499970744025,7.524593167226891,8.390776319738816,-3.942125912859763,5.596704838884767,6.826483801243967,1.8281104344953403,0.12218119061634752,-4.621574809355728,-8.517835852569599,8.060175917908534,8.182876804812404,2.309724272116189,-3.1564590824839924,-3.391103677460203,4.139382452370949,9.018869850553815,7.917142127128757,5.944577189352754
10.416141882201318,-5.454949825396149,0.5218905285320026,-4.330861753956201,-2.3630334806155853,-8.519972545331042,3.4368434942815624,-0.5308293101110085,-7.912288862432792,-4.739648140662462,8.275352543265925,-3.5737145160410937,-8.144877614931957,-0.0076970631433389,10.151014340730741,-4.638890188969182,2.9919264550241067,7.3186564073824325,-6.542181005492267,6.02321236086966
-9.770672932211278,3.6350787598858934,-4.088808623944822,0.43259836457368495,8.943074752530581,-5.586058266832425,-2.433453193440176,6.769892465316303,-4.439443795271754,-7.669729484733413,-3.4176946486017252,-6.315998766608846,10.611728860026526,6.206315893165496,3.2453374974093894,5.978298875160343,5.24848085139105,-7.469417822114324,9.125243553315705,-1.7656953137077358
-2.4029075937121047,-8.81373125837282,8.174754275873353,8.562129853890614,-5.193868240700495,4.028421374369155,5.753398283297476,0.05285262563905313,-1.0018142877806915,-3.8502301127183047,-9.27481582551643,8.691501749191627,7.008414116473226,3.9794130634051808,-1.0126214544108856,-4.702338567437119,3.434357143245974,8.715337062854768,8.25477140866816,6.374432771912668
-8.617675936746076,-2.5945228152675357,-9.111769946281903,8.795313397830274,-4.562333558912936,1.3008839693252732,-4.116627908288255,-1.816987336494865,2.3039066945197777,-7.388965471607545,10.64709616475107,6.448526110906437,7.889388478747721,6.763762057285231,2.3083697926080404,7.593160663279264,-8.127665316803402,-6.563170342424014,-10.876612636254873,-5.723861403859171
-9.466541163818786,1.316132618959978,-3.5473888143403256,1.137553484155105,7.022987908256076,-3.7416720861737414,-3.3525123644173505,7.228346915231927,-5.835297120651034,-8.314784806597249,-6.097004514210309,-6.8377103213892205,8.822435224569652,6.076245487188845,2.104994053156096,6.482647285226541,7.2039681575196015,-6.237791687281334,9.39193234631633,0.260362483518091
-7.217575071151797,-0.36777677584289376,-10.528810381831342,7.064877894150615,-4.115047853544344,3.2699039425985235,-3.904290722819005,-0.022529618766136295,0.6290167413848412,-5.25599909500132,9.056448473423146,4.161591753920723,9.533630606823955,7.691670344688258,1.9893954417544788,10.045063006861845,-8.250710516312116,-5.79115907849837,-10.274377713087565,-3.7130628370856726
-3.5137108710131817,-8.863604748280375,7.007710090964641,8.039506414186643,-4.516663123326075,2.032283940615968,5.598565497588129,2.2652385051434107,-0.28468494639643127,-4.992155278057164,-8.327722943449997,8.450678630128596,7.152253490610178,2.752112623005466,-3.050681601680109,-2.7856277015175626,4.598187435367401,8.286814519645652,9.933498817353158,8.158808693923582
-1.1189900740354368,9.572096434550184,4.650231456071482,0.6613334515905724,-7.944740854226643,-7.1853342976306145,-9.447839958795294,7.136551612513257,2.0789501597612827,4.69114431027764,-9.658808892143043,9.884698687066088,6.713327230818556,-7.728684352788348,-7.302836049676742,-6.475997358652939,-5.124849883650353,1.0950573626409619,0.16965120518601218,-2.9566553443418444
-8.758960568194636,0.6024578873061925,-9.722030821489165,8.969766752099673,-6.294889919230912,1.9876759113810762,-4.541653301378265,0.4803244692243008,0.29312432032723756,-5.643856545576039,10.418587173549087,6.102234008467647,10.40876647094465,8.312373638008317,0.7411028658815353,9.800861214000674,-8.835306194567607,-5.169924251931525,-7.521720005234133,-3.0367053740043137
-11.551204947655561,2.671371373068659,-5.39238317138687,-1.0368896923652764,7.964163930657998,-3.737891429148946,-1.4211347758173476,5.12925376799809,-5.443567079634653,-9.174030696628607,-4.7489543550973226,-6.348198209449114,7.208592528406966,6.75546164157136,2.279568063089617,8.25476887862392,7.034534995214374,-7.9416828347850235,7.269599206572338,-0.06868284962760973
-7.172852649256362,0.7413024237719928,-9.991460230888586,5.2721520517587015,-4.301177182262628,2.0301249971356645,-5.783117276334192,-2.4309655014279246,1.7481864470633341,-6.174293439084492,9.16603617457892,6.891680830185052,9.427303514306855,9.512847051274893,0.565264104054706,8.402934076508371,-9.846863333909624,-6.3097250834725624,-9.344070075555917,-2.866779747471642
-8.662419684337516,0.7240917051133007,-9.127920513617529,7.76638031428148,-6.729075061465125,4.694857882134728,-4.993458442667838,-0.1899175858134894,1.2925500979415963,-7.499468818106145,7.898182777038029,3.378708884521626,9.51097578418942,7.351360763826653,4.885269668695033,7.443129634831461,-9.15160098239053,-6.645735721902497,-8.85231956665075,-3.9635967235200242
7.2844190724782365,1.4793035088270479,-2.7551624394179943,-8.777598646122643,-4.7688825735526565,-1.2554070032592666,5.068553733478406,2.5978888737049575,9.159459378228354,1.2861141126255935,-7.7534645035478515,4.612293230894661,4.227698154335008,1.0783512006219136,5.220281045331351,0.06073896090946887,0.787417066276892,-0.8893511840009479,-9.253974808818137,-9.052914086763076
-10.459309298374574,2.043966044760365,-4.418635940700664,-0.08919450903990189,6.663955032117882,-4.926950424985233,-0.5450378886227285,5.246514143177736,-3.88271554536623,-7.126403617547215,-3.4272358944767847,-6.700888412283026,8.6164534350969,6.926207363651599,2.276404520704437,5.546691052286892,6.565445592085251,-7.3996674522142545,6.889038741609172,0.7870687863088021
6.436722724527249,7.654634432814575,-3.9270127036777316,-8.840848441923834,-5.357286558236815,-2.2470908223610713,6.8022042406140635,7.3846218841070765,-9.573275345700463,1.8900759912415415,-1.6894978867900114,-4.801116787731966,-5.551183189240762,-1.9410795026323933,10.01136377670523,-3.8426295751053954,0.6054554904351191,2.7421028858736145,-2.2284935514497057,9.710101832033056
-1.0622197386990173,9.210840904709896,5.671723375696736,0.48760931090376003,-6.612576925282012,-5.99047879765251,-8.756043767360586,8.389003290564055,1.5050117847638034,5.570798996106489,-7.289411990464701,9.035358482800227,6.203350294607664,-4.299833309316776,-4.783928510127275,-6.854769830084592,-4.3353419579051025,0.21334402378425005,-2.7055501381919624,-5.0940691425233595
10.439645516397228,-4.767716341742472,0.2894150621982901,-2.801212169444006,-4.399334400375137,-8.508073091876941,2.875147793529929,-1.2328890289921821,-7.497441397370384,-5.847372495338465,9.082684368810924,-6.725835223566184,-6.500865770023865,1.6509700837014334,9.500030425661803,-5.415250212623137,4.053150947434421,4.902995850611807,-3.428970416409185,4.756519221695887
6.254873529984892,2.6341930777348526,-5.543343389249378,-8.246299284458342,-3.1200105111240743,-2.7487874336786,4.197076714591713,3.0601962621282977,9.168208697067698,0.8580681515302451,-7.637287780460527,4.404215375189459,6.326612117072382,-0.2752580638722497,5.096267856414196,1.2114823828245713,1.4298571293246476,-1.0799158551791033,-10.997449870448717,-7.892081693175073
2.0010879072366183,-6.465937076644129,-3.7355609457590755,-2.405944737830764,-1.2177225949293193,6.073580343129228,-6.130257036932562,0.7424943781980173,1.3513593521228715,-9.253560719979586,1.1609392454767526,-6.624525136260406,-9.509969003923255,7.863664294904673,9.571301809346576,6.380686738186881,-3.124850881584014,-8.477683289447421,4.092713377079893,-0.6461525529343098
4.261367517734442,-8.573296791551973,-3.9674008616852414,-3.334745311922775,-0.45271310946624477,5.722667005276025,-6.648011265877115,0.7725610531433065,3.652639487027593,-9.261895537327344,2.8706549801769485,-7.882790484125334,-9.655404517112418,9.450117022947044,10.796756690027152,6.523560311114881,-4.220782647055741,-8.047266314448967,2.43425279627342,-0.5924347988526063
6.6376489930942375,10.306423798801333,-2.636617187747821,-6.533438588027924,-5.633298019422586,-2.0580484520605022,5.579490366870868,6.726337940430179,-11.913739822546711,-0.5099732913402863,-2.2121330930842635,-5.7332019649802355,-7.470942543579052,-2.8852457033018304,8.843268705807425,-4.1173844459276525,-1.5875462083981982,3.4850705695017625,-3.6998585901011256,9.901708402697817
-8.128685077596534,-0.2204831851645933,-10.376449584512981,8.17656323292526,-6.512905556068162,2.1303982646097683,-3.0948672299349056,1.0051509438341104,0.5423288214787265,-7.320675198566412,8.364289003765162,5.129388221280977,9.434497322929074,8.8247926998973,1.4614678407397332,7.283992274477551,-7.9623063210952765,-6.903877722242945,-9.613706860650442,-2.168117294297675
0.5058565910026644,-5.715184559505927,-4.115781397025018,-2.229761003678791,0.07294945491476224,4.682356770299973,-5.533052457797577,0.017047677373438985,2.6950621524573437,-11.19821916595154,2.051802737787497,-7.192338182038132,-8.266705189660254,9.447754932434869,8.60501476666916,5.455773098153178,-4.018389985089916,-8.94319994718753,4.526644225695264,-1.566157325655419
-7.513671421962525,0.5269453405053193,-8.608789444556738,10.341336718958784,-5.139697023285786,2.3094229864132614,-3.5196948628953715,-0.40091960358332723,2.4161663553021286,-6.586128928434691,8.826116187417181,5.031340746071173,9.508396254755423,7.73880002532149,1.31633275609132,10.102836618085865,-9.08631979962336,-6.044776677584102,-8.44314807017901,-5.1247284951517855
8.24993009991838,2.9251667181506877,-2.464271305151879,-9.039229130755041,-4.437189034381186,-4.574648626094287,4.95104115050194,1.7113562025760283,9.59291792049308,-1.863344077854454,-7.334454962021464,5.8317504516736856,5.814790731601758,1.4012176638817044,4.450859952129325,-1.505857261279889,1.2247066965574676,0.05696760794593869,-9.930467455596268,-8.981232967750262
-9.868446976931224,1.7750507205205164,-3.3498846750407787,-1.0022165692527416,7.157408549346465,-3.861242160817691,0.10830750243468068,5.5043179090274545,-4.3175795378729065,-8.706250120868123,-5.542645127812323,-6.163402636301328,9.163242370121525,6.234076145168583,2.4256996721033586,8.391422382335454,5.087708504554816,-7.042379401169941,6.843073463039128,0.8718178009488412
10.706047725069627,-6.088255208415601,-0.6761891255975191,-5.898302829973056,-2.7929034611775023,-9.508551195518145,1.75287779156123,0.001097782266516155,-8.334189146569889,-4.079707311751646,10.813201932890163,-4.754826298256777,-7.567347987344619,-0.7723015319726864,9.320250129795205,-6.66073149439983,3.482575155609158,6.015860412783268,-5.860612720775243,3.7569469159530797
-3.304784713622519,1.8666604106193567,3.1800955980423007,-0.3249736263943961,-9.651478257111288,8.432047913879098,-3.0048999629646387,-6.53383907699728,-9.187974378606658,2.323723221880993,4.52462468645907,-10.42421871275789,0.6080076919513024,-5.976788672251479,2.714474563676373,-6.351978552435266,3.8120761889966475,-1.52972617568668,9.221686333850284,-8.757750326452312
-1.5551958595595479,9.66567737950412,4.324609591587755,2.7321389044339996,-7.652452405688842,-7.1169282000159555,-9.323691304465115,7.405397054885026,4.336958801537684,2.294186363329161,-8.902049923709438,7.785481172050234,6.176920950219002,-4.664267189467111,-6.2992206367625245,-7.40965458086063,-4.630458850069214,1.174726381579433,-2.0914662588748216,-3.9589586064571862
-2.1943110592457984,-6.298790489334656,6.597089422357197,-1.171386332714542,-4.229902415627607,0.5612362041896928,-7.799675949188375,6.94245131963236,-9.334819899642632,11.584134652609594,7.378255133647505,-5.768935570654764,-9.901072745604598,7.339888377338241,5.231945379179669,3.7741516297603317,4.898851800582213,-9.841454400001489,-2.4216204907804904,-7.015990926040515
7.506166961014258,2.739873623398337,-4.905211967120864,-9.260244395417953,-3.9734356396933688,-2.4460140071887038,3.9811224426716514,3.5474894468530955,7.7426331345631505,-0.7328696118757756,-7.35922111210071,3.8737393722070568,4.786663724245283,-0.47924195440018935,5.171389391763331,-0.6040562188609117,-0.06132440170919795,-1.0323065702389675,-8.832985512327587,-7.609976955491583
-8.294122613249623,2.710346070387875,-4.047484233003762,0.7370467251807764,8.423847468751452,-3.9837166313857093,-0.5008726502220429,5.418025830866335,-5.132303964789242,-8.246290821138007,-3.715840385075351,-6.720403617048448,8.59334456452917,7.359034712115582,4.184191310563513,5.921658859120935,6.08346268972286,-6.957293255724519,7.540208503313484,1.1893610480483354
-1.28056604965572,-3.4993974206145104,5.943904632247732,-3.162800271085075,-3.612278150810109,0.3265326015253498,-7.186622132531972,6.442703379505609,-7.7238020440942075,7.960057769640144,6.1596410358220925,-6.259410427168278,-9.182099946663572,7.086160261451511,5.745061938071501,5.93359700844095,6.771978596329211,-7.075436646151954,-2.5393064442986013,-7.650433722460566
-9.077399886958684,1.2250531556760065,-4.757546909104709,0.6262896239578997,8.140390426561773,-4.574312530549673,-0.11591812144333269,5.837058770090307,-4.165150484424729,-8.36572041395341,-5.0121866192090785,-6.833440414134253,7.789201233132323,7.720702548060787,3.4584662067439393,7.949724300382636,7.309384740210394,-8.288655236802509,8.439317921142216,-0.5238009459913586
-3.9572115234689944,6.81548017157824,5.079893286281433,1.4711154595881208,-7.900860008281983,-6.171753145976593,-8.594527042864812,6.759444284761975,0.7419958361932812,5.033908884201054,-8.93810893612529,9.299021179460503,8.495489812056102,-6.823302552760629,-7.889025826782726,-7.023817872812568,-3.9607411571647435,0.7384680819674491,-1.6023356850140151,-3.8233617995248643
1.2520647686305746,-7.011442777411756,-4.236174371160193,-3.2518872437619124,-1.35943410517126,6.399687225019562,-6.52421692970202,0.19659752424315927,4.018227965321392,-10.494674382483968,0.2990543064541078,-5.805927861455563,-9.377611201588513,8.659473217324045,8.531484283360072,5.908146821561709,-2.309186504436245,-7.2444292612542025,4.546884042130115,-2.6131771810006184
-2.217798055588393,4.136260207755066,2.522038800317312,0.8456447434807546,-6.176107866076348,5.518448794407413,-2.3931635053845417,-5.198772194090433,-8.33017982973094,3.1096067144974677,3.831862202804268,-10.251172917042144,1.3364344572061875,-4.337242284328346,4.008769709682285,-6.468169337580934,3.102560248435993,-2.0739308198776407,9.676829792302525,-6.22522932722017
-2.4737901701067777,-4.239788829532061,7.873900003586256,-2.1973853857582184,-5.095374924234563,2.03234098072869,-7.481030538052225,4.808236593031387,-8.681028485670057,11.175907933156047,5.610135435998073,-6.013164504986766,-8.252346012825098,4.877873722042255,2.851547762899571,2.964296889852915,5.79805512019897,-8.352613838203068,-1.2879490618347713,-7.439143732360636
-7.81713384465429,4.097989327237987,-2.978454525663799,1.593836778579878,8.204713751000881,-4.386052447188796,-2.4731171056125865,5.403288227016685,-4.094502446197026,-9.049825214911031,-5.066414371188926,-6.678085315896214,8.367290843127462,6.8115553123587596,2.2148156042614273,9.14765141935707,4.783765440021234,-5.014864036059549,7.086330741491453,-1.0091378962710094
-8.148347435885551,-1.032058096537022,-9.49014745350003,7.27359712227913,-5.241830749989094,3.594499608643107,-3.4174367389656535,-0.4964696428694131,0.44650021391684835,-5.228577884719215,9.888092673025113,7.577721506570833,9.97010700502531,9.040840077112914,0.5701310257659005,9.201345052095757,-8.28325676065852,-6.631324555155345,-8.92743888125671,-2.548181850123229
-3.2616219148701546,2.027133160985466,3.6271436770051633,-0.2955434485505606,-7.1064778475729815,7.040349875535768,-3.066677936538211,-6.526363595482969,-9.81432197315113,3.279851694633157,3.304549956292174,-10.07917849801674,0.16172409810581084,-5.277062363323298,1.872630681469549,-7.077542914107083,3.200722688143262,-1.4200127693824034,7.848637206734801,-9.005348974838189
6.69632963371687,8.647416173952184,-2.199976459134092,-6.723334715428805,-4.8745363680435085,-0.3892020078847893,5.2786442221858,5.7123464127865855,-9.703858738732356,0.28362676120185387,-2.195689990537678,-4.7319911207576855,-9.46555623977758,-3.7824688279852445,8.37323853337277,-5.172243144684355,1.8705434421366265,2.701177909240233,-3.315748009721806,10.343621412224348
2.8757180630906922,-6.152004461872012,-3.789487189085926,-2.5246737143278897,-1.7596686523205727,4.991298464211222,-4.8197897366554745,1.721024173978211,1.6101809409287957,-9.024988998346771,1.2462826630350003,-5.416760680986725,-8.033551316602631,10.918928181530415,8.434317584311449,5.789939063311004,-3.6762786940070145,-7.400068182146551,3.468992892695505,-2.0699112156616737
-8.792354713570646,3.195299169269183,-2.409951956527655,-0.4936180670098689,6.720215335750604,-5.084185193830545,-2.1398418389933167,4.268727054090904,-5.503885843655347,-9.072006949628726,-6.0409762250814705,-7.216750945713672,7.457577880147603,6.3940556628992615,2.0120403719678146,8.540843277895407,7.6773076052501565,-5.589217449267378,6.300153787816236,2.2920408371920535
-2.6672055216317396,8.587405058250901,3.6277744609679337,0.31831301207496265,-6.0564566071893555,-6.806791626087543,-10.128288656377064,6.028444143435087,1.6865155355740473,5.830473081210302,-9.847901465447556,7.89505409012178,6.403109751922491,-6.025941356182147,-9.06038729879956,-6.3862046694491355,-4.146089671017924,1.1913349974581755,0.48785646778766,-3.048852166491404
