-7.164655317620204,-0.5222174024261867,-8.861733853917597,7.924649751354548,-4.268458916353819,1.3455012330690015,-4.19965194119097,2.123515521364411,0.16713813146529244,-6.906749186982646,8.943731216841197,4.287850331333647,6.581698055055531,7.665960610029362,2.0938590003033593,8.384979631923683,-8.375028520909497,-6.037301880766708,-8.072612750238475,-3.6838395706639293,-2.800536783297629,-4.854144849410169,7.1540969427953645,-1.4529065875849645,-5.009453545421563,0.9528554501938534,-6.843158058568788,5.051361608351972,-8.488569959191667,8.272064874668251,3.6758450821937485,-5.658939961424295,-10.273432398858734,6.511508976717901,4.119251899943993,3.6037433121559497,5.380152631754578,-9.752208270333048,-1.4397130711131467,-9.03858915435737
-1.5987665931078987,2.1180795859192756,-2.8557941810149856,-1.6921241921314176,8.427826961049421,-2.150038081866719,8.991498754516453,7.541862386800026,-7.675559717372165,-10.502136187203908,-7.617165191456867,-9.86316471675849,-8.47465909964149,2.1183845134100183,-9.542483630705432,-3.575383044615034,7.182122172854146,-9.698801417358645,7.668619077941107,-4.9383984003883015,-6.349831526057072,4.151610068575012,2.686990377885145,8.481962987020458,4.077293528593535,5.740415148522008,-5.582850114615728,-5.515996602900141,5.347800474052297,7.234488137249898,10.014966243160178,-0.6446042465801534,-3.306927408424118,6.515498871810419,-3.5817441223932835,8.617678448421538,7.896610550187251,0.907721790448226,5.837474229540995,6.005203616646218
6.383946813906419,1.481016411434126,-3.495864275254493,-8.29586006623589,-3.616429502093326,-4.238992725237438,4.086034275569392,1.618107079726801,7.51957494989666,0.519319717749896,-7.612378018877842,5.124309999219352,6.671102310064141,0.6375254323529581,5.232770346035856,2.04710478835031,1.8989999996198268,-3.1215841586413604,-9.10446914905719,-7.841611467794215,-8.544963175406552,1.9832294577905532,-4.552488750514138,-0.5046568919995532,7.579400932323426,-4.198831250213487,-2.973542712436286,4.4884088709016545,-7.213049080668992,-7.453283980011768,-2.9339408422934987,-7.102647685783698,8.296003682038238,6.6156294935712365,4.142557137586725,7.837822551318273,5.375899595507176,-7.887421394265724,6.736053707136069,0.860064288625479
-8.112325120018555,0.5994020413191891,-8.138787301063187,7.913863320213833,-5.164999074909523,3.750588720193524,-5.122714047911356,0.6245134783039132,1.486091558687747,-5.62268068107183,7.454939852788707,4.7413011974133505,7.911715578460316,7.996433962962188,2.4387441559896863,9.934195107908316,-8.725115439329683,-6.57791524992631,-7.945782202910492,-3.1968164462044077,-0.9588026950223856,-4.2842913615122455,5.4176335643253175,-4.1980618209060205,-5.932822055311314,1.515973497923443,-5.992918677417739,7.893301756467176,-7.6658817940813435,10.900577309545332,4.864879053279463,-7.182102186060408,-9.039478325110398,6.726909321336082,4.244591251293236,4.967514841452737,5.74859241617712,-7.235290105464631,-1.5356998442975915,-7.1383984571570585
6.927464662981575,3.0315954384378783,-3.109521512717423,-7.6983942086427355,-2.4888846766213923,-3.1893304994596976,4.88385629213959,2.9652604093903965,8.233385408175819,-0.5005308588895497,-7.608723563556255,5.461522865287142,6.731817152692992,-0.2820089932434957,5.42936475083179,-0.8127825061574199,0.14368512115380927,-1.0466634230936864,-8.822179093575627,-7.954297903745256,-11.284756620988118,1.7631626446994288,-2.8163807082733,-2.569012598740875,9.338756630203859,-4.492925426377959,-0.47616545775738417,4.912453583980013,-7.485442114190455,-8.030039161917642,-2.930317817686298,-5.85085244940649,7.931261563363425,6.249168666750986,2.1352388614285456,6.609945339564984,7.028830109162142,-7.466131133544446,6.957363539217944,-0.3171807951593715
7.393070789388624,-2.4452450274809965,-3.2733679474031456,-10.223150115377607,1.9204027676708693,-10.011938358109987,-0.5866498592208981,1.1822934839900008,-4.127058787868535,0.1076697992682325,-9.363714158631604,-8.808434283651305,5.051951949968922,-4.315360730621276,-8.527814332816702,1.1916299398563237,3.401555315484646,-4.8538055989187825,2.8498652646702345,-8.550552650656554,-10.446995239028258,-0.16937491352825884,1.5946064842127643,4.005323231807493,3.4904638568119664,10.65890509953447,1.0118821987320343,-3.5477077389398652,5.165868765733671,-5.164744996038506,0.6023510302670216,-8.252430558941624,-8.163116789679941,9.494526276846644,6.2669044846526845,4.503574302309096,0.33689396036528896,-7.178230259069181,-5.957390243130926,-4.804633054420467
-3.104858917096242,10.388724221369138,2.504204622249406,5.110918217600726,-5.823570382085219,-6.656870679146787,-8.893221757252297,7.60907699035636,2.543422663243514,4.806667141870966,-9.032705648080503,9.487777724495135,6.45151439570111,-5.904491070087989,-6.558408936210669,-5.198139706064259,-3.321598418528384,-2.445260002019523,-0.7051988506279242,-3.9806810013203866,2.2183491380016926,-7.598641240048049,-3.0329943093096237,-1.725236672003308,-1.6514779834828897,6.110571514984808,-6.978181091374092,-1.094929396516698,1.2215741526508848,-8.208598273217286,3.1040220834048533,-6.076432106156877,-7.973872353446413,9.493889032181624,8.671159066268235,6.599869507003162,-3.1073150913049044,-7.292266390058748,4.87357390171778,-0.4886462780069093
8.512417769021797,-4.393600435511409,-1.003185383491958,-8.126154092417845,1.6247770145177096,-11.261785852609822,-0.5431770085002745,0.7727127772782784,-5.568263992359782,1.9039335501770236,-9.787918012026434,-9.469824042911073,6.477892975387213,-3.2676413849329435,-7.212333120013437,0.35830971874512396,5.872639530358792,-6.212254044035128,1.3928897634460453,-9.001919228562778,-7.523708807776067,1.583059157569706,2.026081564801239,4.031311988134352,4.055508617280028,9.812853524659154,0.401845968871868,-2.881332015583659,5.614555650143106,-4.4903808176675115,-1.1483001082675923,-7.898609973238983,-8.83726791061925,9.346639325898703,6.843593194309926,4.1453821426226645,-0.17438969109156055,-8.264111389900016,-7.840938807796086,-4.321462440262152
3.197637348385317,-9.680736563827056,-8.06105125419002,7.609571798091117,2.8614230001894323,-9.221050165559127,-6.83889060567814,1.7796855747003177,-9.674921633295968,-5.357928639328667,2.307477517807822,4.19681393526655,5.387243698705888,-4.905328694372944,5.28633105979206,-5.2105703312884915,-4.272981329658933,4.054618901581737,3.1742731957387145,6.772966203033352,1.3836721760933857,0.34037848178369035,-8.444908217492243,-1.9184045628741697,-4.712026532527566,-5.1922713429188425,8.473298468045595,-2.114879426602693,9.160032130988256,2.778347632703815,4.388912489351107,-1.1987809322006893,2.1268665697503346,-0.3739615988453412,-6.169720474142624,3.8363081302153494,-3.8811405389829714,-9.814598384616273,2.722832696414752,-7.309009803522147
-0.9915031592759087,3.759637965329928,2.024276917520478,-0.3564659553509075,-8.387750348079424,6.601403287526557,-3.238251756612882,-7.046173081533094,-8.438102295382519,2.0831869187647363,3.2108920801297853,-10.380284076860901,0.05697618288693407,-6.28698574786881,2.9618945030725854,-6.427232734680261,4.0804620455256595,-0.499050664317398,8.602155055035118,-6.244983249955652,-2.949085582019128,-7.968773877086672,8.374713095620022,7.487960658451568,-4.561399737968672,2.24036015546461,4.879103620579351,1.7583136254635225,1.4911353997013883,-4.417318349188164,-7.982972625325543,8.711539786519822,8.72179016928375,3.449658504420314,-4.078945000368099,-4.112760304901413,4.130544330652517,7.924821089508887,7.499807358170057,3.720820585814601
1.2277819883215861,-6.304244850665041,-6.161739506978532,7.9214792593828065,1.9638851457338737,-10.923258765526406,-8.791855938399529,5.180471014294529,-10.887772761361639,-7.792106729516372,0.2724553012561438,2.6397232008925915,3.0545317648975217,-4.425703298123565,3.633092100678683,-6.62834252982482,-3.200144723799992,4.87405376468067,3.9953825310259186,6.529959910581288,2.892101066380192,1.2166417021661626,-8.037500532884668,-3.038245616168919,-5.2505967544115,-6.970584817300169,8.894823885928794,-1.4228222385830398,8.691176622911154,2.1516594963539575,7.19571206901473,0.024037790403486997,0.20023132071123384,-1.8020301800769774,-4.876882321419384,4.076038579969032,-5.598617274255464,-11.772956842806458,2.5137298072682137,-6.05303555286266
7.166067855778013,2.267902773332252,-3.818302535127045,-7.680716235010372,-4.848874319769195,-3.1509193778212055,4.207941901054305,1.989015978590165,10.330230027210426,-0.1366507620075536,-6.994849536572822,5.402672525128562,3.7943510270194016,2.9778358605119566,2.910386420596145,-0.8928544827507057,-0.004375085539018775,-0.8674562678585019,-9.272899198976608,-8.008986200832304,-9.38341363089304,1.7501852017530402,-5.21011277295764,0.8979254456301166,8.845035591058044,-3.429661041865442,-2.5823586361026143,5.803837981161896,-5.707743418532282,-7.269926818230658,-3.1830081650464974,-6.564364855695455,8.254422890185474,7.1233397698966,3.3149796534650355,6.7447714016681735,4.74564286450286,-6.5571317229610795,9.366593785147765,1.9333319970460523
-7.968543777200145,0.9094627140218203,-10.43972567664867,9.314317034829212,-4.66990670240441,2.913893097201467,-3.7856521135800922,0.2940956577452745,2.15448848328331,-7.3795900169604725,8.629173316144573,6.538959359294771,8.194443896099923,8.797080085884566,3.6574355592304117,8.035689673520702,-7.548787632386304,-7.234035032956954,-8.340720923721431,-3.2939693987479455,-1.7534159240501441,-5.218591436557477,4.913666767471416,-2.3616814013787093,-6.44471295873184,0.536571170922435,-6.240333634084777,6.235837350953831,-6.560644481614771,10.76284788459212,4.7909969976075715,-5.998372989465113,-9.936928360072388,4.727051805750555,3.19674796046799,4.019382453839887,3.3891864308629778,-8.47161349706655,-3.079757273767588,-9.35551271080898
5.913891271133431,-2.833843880237115,-1.8974492213250473,-9.9740939480168,0.37883140227139966,-7.216765372214207,-0.8743931834532641,1.8285187536499188,-3.1423730331446365,2.210602025375483,-8.372753650029733,-11.36592458318043,6.2214818015125095,-5.876785898948669,-9.204883411529552,-0.1011492958888599,4.734486622976036,-5.642169160920657,2.437159004777015,-8.15930827014341,-8.791655927997166,0.9600153559659304,-0.14634224520983186,2.0238057106003304,4.484948615158477,9.495698638577768,-0.7559203992723929,-2.4593111601620294,6.628524572924898,-5.443071660121644,-1.4289375988039636,-6.421332722357565,-9.332408093856568,9.648654248758568,6.110666859112988,3.606372013345619,-0.3096151259312008,-6.420819171290549,-6.9421873654511606,-4.987500950771628
9.754839134943197,10.167939829010118,8.993257747690299,-2.2438976516009825,-10.739513815516709,7.497501164016249,-2.2820078534186625,10.085017380501307,9.345729470035693,7.9288463500827655,-3.108219424288203,-3.0239973282607426,7.0548077578943245,-3.674553575558037,-6.937932755902366,0.6011823946422921,9.907850986626677,3.97256766021496,1.4143681903470664,-8.859247799453225,2.9753569643969002,8.79596950124725,-6.743414166424838,0.8488224073298973,7.134946389235539,5.133024436267268,4.125984378949847,4.010321054932036,-2.797232995459664,-4.0663812915166115,6.31713478224232,6.262509924927324,6.237582181389933,8.112600100123823,0.4917965784156289,0.12761462228328363,6.919653838730642,3.6193652050547573,3.1689280101009314,5.749226280667625
-9.399501687899992,1.2317042561827365,-9.816527593508255,7.578584148960019,-6.589787955029635,4.991387173676631,-5.055259065421468,0.45980990426186613,1.8468259094060335,-5.881193956486362,9.33203824329898,3.8009906089348746,7.980253995516499,8.084347346595496,1.170825506234706,8.640844160461102,-7.548406550146468,-5.117839865816994,-10.321633579601922,-1.2967473297557586,-1.4589748616562288,-4.574733518191146,7.664286766115229,-0.49952569412824044,-5.820029907309254,0.6286590206736161,-9.559947160378076,6.23659114772882,-8.143592884479443,9.698576616567587,4.790361814934838,-8.075200885504877,-9.516023974116184,7.764663053012007,3.5461284212189113,5.020203289842892,3.857262620298864,-8.061893901625679,-3.2240677268592046,-8.44503676010032
-3.4581141438775873,10.76164932611388,5.572070400488486,1.736614396721786,-5.744007043968326,-7.986403105687581,-9.662841918163684,6.714933192259003,1.4933225268001604,3.104893913160656,-8.365227046988625,9.139342642870055,7.001357784365315,-6.323569152848157,-8.184103956406505,-6.061852444539902,-5.827410116229022,0.4264945865592886,-2.729414665990496,-2.1881411968083535,3.1484206166223117,-7.1043689956876825,-2.8934003516409685,-3.5190791115919016,-0.33512093698918755,5.9033296615789865,-5.742504275499136,1.5570422683790004,2.580783480020652,-8.782268082775023,0.49600960180047027,-7.549563821533633,-8.821677073890134,9.071083119343317,8.182436936817263,8.579623637907643,-2.391330561279014,-7.444439399479839,3.756697391526882,-1.4091590951091248
4.269336139335083,6.124834351190462,-3.4778448079159467,-6.9365709335287775,-7.0589182077873165,-1.0081316199783656,7.69063882593958,9.102470653085506,-9.529734629516309,0.7217486461037897,-3.784964364652564,-3.4580912425894055,-8.178182866422464,-4.181167730352482,8.60298794381076,-2.0242679453994645,2.5838584824108706,4.185787857379401,-1.729323779810465,9.478845703104719,8.211150425824039,-3.4876104127044263,-0.6771573625086791,-2.4469030302927246,-3.004648782681564,-8.648224788952136,4.02026143585229,2.2859264977629685,-9.145668337964524,-5.235864833684202,6.3010478820766025,-2.964079931230296,-7.541784567093988,0.9240920626530003,8.971753714702531,-3.6206289288579563,2.7425933563021587,4.040673172957008,-5.4557555511057565,4.032551271275555
-5.128982610651374,3.046071089207144,-1.2416826440550965,3.0109345679580986,6.937209888297847,-2.2924487267887446,7.3255899248538725,7.557305105958824,-7.785332269818031,-6.311985242405863,-8.339987840512455,-9.846592980279022,-8.153874509986736,2.5278586755395533,-7.520988297134645,-2.980293248638432,7.815444582060871,-10.752523167319772,7.424684867022768,-3.3430632252056935,-7.869096482557692,4.829764382826577,2.8515285588919665,5.955440738400084,4.518614974165676,5.588108569917323,-4.273889260525976,-5.430082836672236,3.3709536972866223,5.693116877304844,8.988265407052127,-2.526537767082177,-3.3827473329779036,5.596429570320374,-2.6607537421023038,8.96347147096082,7.353923244419394,-0.7983749646739907,7.397747489340336,5.226748896007534
1.7011105338637242,3.1855751974360613,3.8073363776194395,-5.42326554800065,9.171880804202006,3.5210246103215646,1.2192248074193415,2.2135376437651435,-2.7109282400503467,-6.403791551324595,-2.12990784287778,4.703921756609001,-8.700099265172536,-8.221940919686347,-7.777767423945735,-10.133813508608428,8.581958237731353,4.247529050658536,-0.11672667748478394,-9.047341400424397,0.5615326852674336,0.23336354802248582,-6.8603974593249095,-3.4569624072412566,-3.143233877965898,1.203521299652371,3.1512258348942233,-9.558952144079253,-2.953357423742826,1.9508860444233094,1.532015449423712,7.175148784596292,3.371612967962198,-7.360700969809395,-8.6182637089986,1.8726962214210978,-9.126049111609634,0.5689580474962346,9.54882467409831,0.7745312847458194
-2.7525816024277683,8.714447931923441,6.544015425801108,3.5991285993027953,-4.660846957703136,-7.039154803675998,-8.542703267888916,5.8068803660779125,3.49923466098245,2.993672004652974,-9.371534550321321,8.300894515607041,6.059985989269739,-6.590480217484178,-6.971375916533805,-6.871032506080303,-4.463423935734323,1.3284625444250644,-2.4659624202202055,-3.9548757690252945,3.4550170467531482,-7.723319151472559,-4.875025920043239,-2.9032877593064166,0.3011248927014296,5.897626858813631,-6.537738651440404,0.7685654194602722,0.7459992274044265,-8.389632235157098,2.559504345730534,-6.897325997393054,-9.53755393874164,8.09102982278321,9.847457997837097,7.396927464818283,-4.545032363561382,-7.588171016320837,1.5976335116410687,-1.7815678558651726
-1.5049179165532973,2.963946294360264,-1.3679590843834952,0.8960758639684229,7.055266148790112,-1.4541466407200645,9.059986737217857,9.622244014086299,-5.692187019089527,-8.381340212167123,-7.5834918343433975,-10.611074073269524,-8.562134651928151,3.7930844019378043,-8.878791297515331,-4.196999866081166,6.61510989909117,-9.490431369890613,8.60811191885062,-4.688295859541875,-8.314132926320253,3.782014315359394,4.080451834096793,9.12253199068122,6.650518951765749,6.130594110923543,-3.7177162789763925,-7.501233599102415,4.658854259727933,5.021610008014859,10.28336159713376,-1.7092336989025556,-2.3334486241987076,4.682048396385633,-2.3332418702499864,6.2081179162892886,6.916226854692455,-1.5267640417115902,2.9958188523716758,5.474985880061154
6.454693161967994,-2.581269085828881,-2.7996440547114556,-8.291127472336987,3.4215387334574445,-10.53534115838384,-0.09324144108972687,1.4063823577093535,-0.9146015682679343,0.7395343911483292,-10.015979794722448,-8.437113939183158,6.251747353991304,-3.259238128506491,-6.5012782586391396,0.17829676479236678,4.5080119915907995,-4.957369295301156,2.833097524407865,-8.605897295730616,-9.326667095387867,-0.28781397357760363,1.5377992873174717,2.388490212709757,3.7519807708795603,8.231486422058836,0.7181613239327418,-4.049453520088078,3.8910485813850015,-5.786623764402562,-1.4541685215462605,-8.63641003807185,-9.7365273820615,8.870212181990942,5.243748687507707,3.0449355977249093,-0.6371641252305018,-5.497885471730019,-6.293307364234227,-4.505639432667426
3.3089420987069667,-8.09924252446162,-7.124813382770957,8.615616457854633,3.7608264520906647,-10.112030471553606,-8.21375009075646,3.8921002871513153,-8.980525501640624,-6.9115461787986625,0.6693020512380745,1.6202574331341038,2.261216277685458,-6.653925482856354,4.928209423262608,-5.49892119866484,-3.7750276423535736,4.920771838737502,2.1224815108188944,8.537715396572313,4.450451757703478,2.9842788497571195,-7.443087412199258,-2.6751620538332666,-3.081223343358606,-5.801173968331308,8.5890021160159,-2.739557021434651,8.363802370456566,1.8606673265575853,5.7408530826149695,-1.5491134317809345,2.019175357955426,-1.6667494908058307,-7.027301298904471,5.66620944012675,-3.204234434196774,-9.139367581824427,3.185109499878587,-6.98874605901328
0.9477748790777054,3.9268489881335573,2.2922707824578765,-4.002195253125933,8.599539526230041,5.111734841907358,-0.8261910593655231,2.5708360876569385,-0.8610918486479626,-4.4258493506131025,-3.077266852325463,6.072240524711759,-10.98508911036073,-7.767753255068205,-9.273342960725644,-8.149024264579511,5.088718509695598,3.015027469673174,1.2307273903770202,-10.473882910824932,0.6467414740241473,-1.230891747415829,-6.281259998153596,0.09081538861881411,-1.7366984409737005,3.7515353378053473,2.209523836566074,-9.454096060402017,-1.7209054586228505,2.077767854002395,0.6600715526397563,8.313601040344128,4.042209526666289,-8.320223023817988,-8.930005829040926,3.130218048181134,-9.713667328796955,1.7948776388607983,9.099675572768412,0.9829154368000104
-3.521301998312918,7.359429456332553,5.463049420190016,2.046487651129136,-8.169588090892324,-8.175188365339563,-9.174112455926139,8.992544440788096,1.7627088835005709,2.6583086028028027,-9.834053178169896,9.125473473492216,3.951966173066864,-5.807512652952289,-6.594435186066666,-5.635703438117905,-2.0661990458639004,1.6216936621925147,-1.6299883177125158,-5.281943104780831,4.81041769769745,-7.150904352944675,-4.143177737382691,-2.6968882212361693,-0.6805155548914256,5.55915881593633,-6.580186363713042,-0.2621701729681596,1.8155381070248513,-9.61441651673381,1.438051255351602,-6.483087298562273,-8.953945357715265,10.481703733649354,6.661670853098175,7.259453814251684,-2.6616394240349575,-10.119947952280471,3.341972936162789,-1.5683909912037646
-1.2807913989753235,2.9480472468746104,2.1649736292987063,0.7956534419827235,-7.1555503115920995,4.713864345435546,-3.8724294400045043,-4.88657239342131,-9.696365569998239,3.3639674241962467,4.966031056205462,-9.733772536931829,-0.3266781389033807,-5.757443370190876,5.568070300190432,-4.638246972966927,3.9441457338560584,-2.8734466256096614,8.851640810315953,-7.00575419046337,-4.422031716604184,-7.650488305972958,9.816276690382987,5.7474303864031455,-4.01458348055964,4.57447889073836,5.78388665892995,2.798191990180303,-0.0973254953282161,-4.721871520130563,-8.444717328545646,7.63731880190393,7.391062073508563,3.360604626327379,-2.3705987212945367,-3.0802307073239708,3.159145363732514,8.345375365685932,8.16374284471304,5.380795905766049
7.916456651572634,2.7558737105888214,-2.066032083228518,-9.267617832126916,-3.9674110821604187,-3.4008715181067624,3.5625125956718797,2.9780813709045106,6.025324438572683,0.4912530376671955,-7.561477714668,3.744002840556136,4.381327360042827,0.9909649217707375,6.107603309863634,0.4236509060253755,-0.2508813596385794,-2.2952193054566425,-8.834718758798449,-8.56451886474894,-9.311506512185812,2.8519628677998856,-3.4008182467467276,1.029684253475928,6.888366541654536,-6.925314742282988,-2.359788820515758,6.9125511786931595,-3.401862590080172,-6.629224667858253,-4.397952309485329,-8.55768933690474,6.25091394519962,5.548369429738928,2.4700015000591096,8.729837204810314,6.941246997524736,-6.041193743287663,6.961335198858414,-0.17393471993187626
-2.230693666388656,4.330949512219192,-0.4600253558183393,1.9304102850415241,8.477493699995817,-2.18064441462267,7.997373511828753,8.01012691058296,-6.8301474138706135,-8.773044280872963,-8.213452045069436,-9.95000336498302,-6.0035837849512586,5.427680121039064,-7.160084649253678,-1.825428426627517,8.316808868666957,-9.556938619393655,6.164460046739529,-4.127504254011422,-7.8473883662822885,2.8946979258505605,2.8754621911446936,5.983319186987728,4.839062516534075,5.074845722620825,-4.440347418944571,-6.260005681866409,4.659441561414349,4.496183922474626,8.62208400656395,-1.2894028400914204,-3.117080477991223,6.089108967624333,-3.1742279033080747,8.417314620960818,7.515898624981766,-2.095016524394443,5.417816273903032,4.671350399213288
7.575171566318357,7.312740043877154,7.672245669808904,-4.448184702881032,-9.846702159429652,11.017996623590811,-3.0332731093528853,9.147070717667178,10.584326117116307,7.809276967647298,-4.259762873407424,-2.444394098129692,5.8668236479125575,-3.9292156668800007,-6.36670435203802,2.2411387924410935,8.102919859700863,3.730760805435997,0.452009921030616,-7.831144945044125,3.083923984292359,10.43072501551516,-8.368506770711875,0.51345625673115,6.870148910308919,5.826422370736921,3.7790020971318223,2.5301683415011014,-3.02997968121263,-3.6696905455112514,6.4312291727130715,5.6904718799316365,6.756172981730929,7.277306652913111,-0.16790164311654943,-0.8253530727818106,6.935989565512818,2.098141224823687,4.161622007516269,5.970157292048353
1.8580200815138437,4.6062398998163,1.4949555230967124,-3.973678383804849,8.099442064126134,5.199260736279776,2.994344559432305,2.057445590343823,-0.5247275524077151,-6.273867527829228,-4.399965573312449,7.174292681683053,-9.404315213848546,-7.041877248700337,-7.927924856719568,-9.713238763418556,7.934328039982812,4.746701349909292,-1.8113282390358596,-6.530331475567284,1.1391780183161797,-1.814281823426415,-6.3356761603379015,-1.5540467521534835,-0.6115978421265933,0.906389954925719,6.304288041563405,-9.268403973930985,-1.7693025412893848,3.9046966462875297,-0.1332741715683907,7.014854938171165,2.6710417385602727,-7.626777084502524,-8.316765904198682,2.7131188839513576,-9.979147987493059,1.2645476774355633,9.380838282392293,0.7119200281670357
-1.910263814555288,2.899504772785613,0.8323754588562615,1.9126265753244065,8.560040388255164,-2.474016730935852,10.238308046801173,8.39063712777172,-7.4553107149003015,-6.518983147206413,-8.974308665366769,-7.156593943569591,-7.683185862801788,3.024694178654533,-10.943259714914197,-2.843722924876409,5.347195633769889,-9.177266726915263,8.223002354301103,-5.500583369762117,-6.898648035493869,3.1231436924251246,3.712006472366582,7.615262950495864,4.682357478224161,7.276906919172191,-3.734016107423643,-7.255898162930039,6.799408454571468,4.600868301325757,10.085799935661091,-2.5705111526607682,-4.046862991702201,4.3940782050402145,-3.2331687147802737,8.964873276219862,8.227186868059656,0.05591705689404103,5.295108502933984,4.647664202822838
-4.04423787058511,7.134276094290557,5.352590865089432,0.0900194758821482,-7.251946244089193,-6.442796406236986,-8.653152219806096,7.748967779682875,2.24459009066503,5.440317369234302,-10.540626494822748,8.721201904781354,5.876193370737612,-4.923025974571867,-5.463102067462924,-5.880684483612815,-2.731661473919318,-0.6829122347316234,0.30612448439345186,-2.652178574326903,2.9726798916933364,-5.4283238781881025,-5.813730236973411,-3.197211270388818,-1.6139037763412327,6.424998551617616,-7.056665096434951,1.042183917609718,3.2188275212375634,-8.375788845516047,2.4346480616902677,-7.577390867154919,-9.545819106419774,10.227329650363332,10.09198966539652,6.128927442951677,-4.325634162298478,-10.072365592983699,2.613808111558699,0.7144689619317504
0.9090509409613057,5.304439088811556,2.428250886253398,-5.119992440419996,10.473345008662074,6.113606992142659,1.660823193008846,1.3453070118272368,-2.577631186739958,-3.71731624761558,-1.6078814993966088,5.0933428516172565,-7.3702453004350295,-7.219647117915535,-10.187146533596065,-9.46105505328849,7.114682258225519,4.159555824349588,0.7334797995982123,-8.999605699644329,-1.49919479677557,0.0717590986164085,-7.0429471107255495,1.1005391082262848,-1.0866849305768982,1.7916055087040896,3.9147267561370818,-8.363509009476104,-1.8740505600072974,2.394954382696234,0.4831760232402193,5.02683892317378,4.490962036600951,-10.177373848039428,-9.030748146017318,1.2526750109322784,-9.970624930399087,1.6413943530571597,7.60781129458294,-1.2649936851216608
7.10556468730266,1.9142246847188655,-1.0803646508962417,-9.491939347725003,-2.7754232716188727,-3.889134576346201,3.5054873778759985,2.853963670259332,8.393348235914031,0.3648080783046651,-6.045849970578897,7.210142034394999,5.466215176093546,0.5624517775645372,5.872217925886112,-0.39030102311867676,1.3806227174921113,-2.7463439291947296,-7.123282922717659,-6.986123365358398,-11.05542030406148,2.0191793229606363,-2.8967993343595273,1.347757879465511,6.879091851289896,-4.301129566589552,-3.73968141194933,5.021686905389927,-4.311989848064345,-9.011917533527122,-5.711893240862652,-6.6293594585423525,7.989234180215982,6.791965957354175,1.7827486979904092,6.656574914101256,4.052439217106047,-6.098654111227801,7.690275031522957,-0.40153983242705693
-2.5973044026784233,1.3363736120696295,0.8251954503441152,-0.37422729129163734,7.621642569554776,-0.48312665889899775,9.546512912553947,6.852756315660677,-6.212964980117917,-8.84850345178249,-9.672090810026098,-10.393826080987234,-8.137521496756733,4.92655337416469,-8.76505687402145,-3.7341326017387817,6.082339548428891,-8.438670504075247,7.191691403279668,-3.5735697315504837,-7.524864582497293,2.336169745379336,3.6655268344407146,7.60677001847884,4.392829354591372,6.518077669589601,-4.135118844745854,-7.520407117967443,4.691497171331123,4.232601992929618,9.896129474612424,-0.4175186944703304,-4.355253421612812,5.656887284651412,-2.51545066114512,9.431503495795761,6.422065276039359,-2.5223501821646375,4.430369390707414,6.281728511653098
-0.8671824629163811,10.024103217540956,3.9517284910503774,4.225605489285041,-5.897861704159676,-7.204940976784569,-11.337733471509583,9.614465488089445,0.6327277681005796,2.516052808964017,-8.56573968207431,11.83794944957916,8.033125634518953,-5.189308666382117,-5.768746314192701,-5.478494244151016,-3.1562265510224803,0.7763200566141331,-1.2568985232058092,-4.238010323938684,1.4830933055809137,-7.490797863825937,-5.850063843491022,-2.771102760920916,-1.867191422810198,4.5999299106445015,-5.8266302056793275,1.6766910546168319,2.766607983243163,-10.641492349223222,1.161268901458429,-5.648746338265954,-9.68145553383272,8.753077595069641,9.862692760515738,5.1996025074655865,-3.802349110386627,-9.380583214790526,3.0832928862919236,-0.8771681910654361
6.5388985807376505,-3.8173847135719536,-1.043736963841394,-8.621728518748156,-0.3267540045827928,-9.51003873295287,-2.6686116049112045,-0.20209295278534034,-4.856203363726898,1.9663341223049065,-8.365832674612133,-8.558900281643949,5.272686414745682,-3.167899433940394,-7.3824141582597385,0.182658076649588,5.130575836103922,-7.406322774717409,1.3050753652403642,-8.695990549263913,-12.059591251573007,1.267736951372814,-0.5599766675089397,3.43543616322927,5.12074267892414,8.973348546138308,1.3265552917254435,-2.7976731962501473,5.594762424539432,-5.005114589950214,-0.12333880022292121,-8.198858533747018,-8.448287963322707,6.863994219205766,6.81808750726358,2.3420750349045876,-1.8467296192013665,-5.820293390237201,-5.132119000829176,-5.93330876514528
2.689876036774179,5.489597678534755,2.592842452300128,-5.703012788714665,9.210932974501427,4.175295215393194,2.6667998303150195,1.9875557530144214,-1.9084027099629755,-6.44127867071387,-2.4613294138949993,3.9826999273405495,-9.269693314524169,-7.098455463363672,-9.829622271539309,-8.228844022602885,6.834336240928907,2.601913491696254,1.0287639220601967,-8.966787361054289,0.3393880436031267,-0.10477011034144262,-6.146777927875351,-0.9511050993104042,-3.000092948612533,4.008351562547051,3.6581221675535147,-8.618863073308711,-3.8407239429862043,1.5388304386292933,0.7201817982909173,5.126112712069627,3.5125764923192713,-8.072488255757028,-9.456656829501016,1.4373179564587162,-9.223667373385261,2.8318730773035625,9.152622352311836,1.9673166064398269
8.218750842350929,8.776195318819285,-1.7771708141824403,-8.428335720652921,-4.739414497101873,-0.11932471889360197,5.463961985477865,6.729021553081858,-8.123052627540936,-0.7601528042356244,-2.992909969680131,-4.029862216945883,-6.405929428345905,-2.8155763279436714,8.812483323604557,-3.9744658651898774,0.6577613086763736,5.640186135305106,-2.4888418262720444,11.60260092166618,8.351003913201993,-4.984034837820986,-0.42808854981620564,-5.06757534682694,-4.456273845460303,-8.844931751248906,2.715516859549967,2.2240326435217863,-8.505957505276653,-3.276933911588155,8.23141196563205,-3.5307065862079567,-4.703653272587468,0.3201403365272105,8.720350066760433,-5.70769959254716,3.724645251322734,5.6888903418249965,-4.548823985767635,5.024524653467233
6.79766673610196,3.8898614737980095,-2.2109204382094454,-8.621307993848728,-5.059089420506012,-4.7222258229050045,4.6072468283458345,3.087472396425544,7.369632032200476,-1.0358710809682479,-8.200914314412612,4.241501784215953,2.832938620264884,0.12421732262021523,4.79229275364387,1.0834151222397355,-0.35915705428904776,-1.2687114909978014,-9.2650747141871,-6.544254954473149,-8.108838879301166,2.670705256480692,-4.188365119662909,-0.492419279531634,7.910266256056079,-5.448188771346101,-1.2387141299291744,5.531332588346178,-4.832235499022535,-7.201118091987972,-2.342101820324462,-6.650910861512354,9.693416818247114,5.810747407454124,3.8530821137914852,8.4907209609302,7.081857507925282,-6.17452898108776,7.1828218058086675,-0.6076835995524625
8.986372761027347,9.399234587814387,8.236889879418232,-2.054647020789468,-11.402071698434641,8.771276640447027,-2.8137536835366093,8.370473103265814,10.00528935281497,6.861072870898183,-3.41340768389248,-2.5188220315626246,8.129139746728292,-3.9006406024957507,-8.565063555841274,1.3614178311782743,6.554235637513068,2.4678750309670523,0.5182768727887284,-9.064179602354818,1.7550937295671103,8.759009178554159,-8.604272358855193,1.9084287921155092,6.869316892167212,2.5846047019366907,3.5793964468961033,2.9249506217146317,-3.6951446028977104,-3.4178206333576475,5.7390654907850545,5.049671292365732,7.78769988155932,9.414751881738514,0.7637201398586017,-2.4232296779064333,4.850914076938489,3.046727146191508,3.795038139890052,5.5885782347828235
6.5070376972957025,9.805637029654665,-4.116906360516782,-7.112114532382745,-4.745550956688524,-1.2664021801302652,6.367220039493575,6.291182459405475,-12.142619461796762,-0.8969046551127133,-2.0420840861361196,-4.4604211031626875,-7.705820715677719,-3.7667222908455895,7.967208636296954,-2.879135531075415,1.7341696012979275,5.123814899771015,-2.121258252655651,7.960028908036274,8.897271655998452,-3.0170498546030418,1.0669206097629347,-5.519937021899333,-4.358780635649919,-8.899162620248307,1.429128216571717,-2.2556235568316185,-8.871600929983781,-5.21482897288821,7.381475980248391,-5.56344254659131,-7.23577847283035,-0.2200275885444257,8.829019183290013,-5.379104099404069,1.6852875777148169,5.543431371942429,-8.103524533493164,4.274836891803572
-2.501317438358022,8.688675076049819,4.4755436303427105,2.185263037014907,-7.87298589073322,-7.895988420265925,-10.226870310467222,5.723251810994993,0.8050175426436963,4.320914062725038,-10.481097629575835,9.911811507470983,6.683566564760998,-7.72172199987253,-5.708525071636298,-5.521111157339614,-4.9090178156440984,0.9153201755397489,-2.2175978645668843,-4.077746819290826,0.9725594874926242,-9.00322923949374,-4.539924218908606,-2.796492080401002,-1.2762800092738846,4.519488669637713,-6.406423418963943,0.5539835208529665,1.8033983471183128,-8.888490715000831,1.4807818375745336,-5.41779961153801,-9.87514147684919,9.465271042153384,10.494531754451149,6.6488550550781165,-4.110248843597417,-8.574854766535301,4.720748181289394,-2.619925050469646
8.689404955644784,-4.32026363908442,-1.3169397069885018,-8.436522779823022,0.9543765497780896,-8.655690984019497,-0.10482786256285881,0.006073846394193949,-2.2128739472417918,3.63101578776999,-8.784959860407241,-8.822632802284025,6.781797439453463,-4.3461837977934135,-7.345982359040842,0.5444067829918354,4.823859375733836,-5.9929286220647215,0.07651712166453173,-9.39032363024963,-8.044539285120555,2.3582895330023206,-0.13067825309364112,2.9314466849400707,5.6202090038505474,8.996826563355938,1.0022551432585214,-3.574660236755241,7.094125883799422,-5.865805714427139,-2.325148214654931,-8.15133320421187,-9.396779031790413,9.196644397065173,7.295436570448601,2.988834557316224,-3.1903767233360316,-7.0342217066118105,-7.259537705276378,-5.278889217766005
1.6519958661114384,3.0741257452059836,2.8763536528547,-3.6560709524369384,7.561215780643973,5.847371132137395,0.9627762389392891,3.687530410974283,-2.5108429104799876,-6.8581679343238,-2.9094931423128063,5.743998277134624,-9.04119328859466,-8.814035325788911,-10.704580229684856,-9.497747927522163,7.625655670695736,4.538943969706795,1.0556029182186495,-8.416771988397388,-2.012578935888042,0.6661018538955485,-6.340767287688942,-1.0407791047396289,-1.262814919945947,3.5806455514129913,2.678853033202673,-7.9173681712310415,-1.9556114433287908,1.8616159229767277,-0.17051330056675765,7.74654084716495,2.465047868135005,-5.854852356234954,-8.430441551144197,3.23000380322613,-8.029268465617411,2.072078503045463,8.876016682414464,1.4268950944094576
-6.260085482556756,0.5710862825953994,-10.02629469567781,9.364827359139362,-5.123915405547139,2.0147426650302314,-3.937819837477253,1.8395296247019182,1.099445636930518,-6.290389025159673,11.028904199994026,4.071301620167864,7.504379717231011,6.280700537586143,2.3306477627017577,8.60397782757746,-6.687413591681834,-5.836867674480326,-9.499611381268542,-3.4915985118566057,-2.1087467877494013,-6.2447806378502495,9.285081827373482,-2.3450624480263027,-4.171301498229796,1.46908564744355,-6.472104519918142,5.903386129578363,-9.140228262645284,10.33718941833205,5.8306062264645995,-6.83557646840596,-8.470522046160688,6.602580605419665,4.866966239219974,5.972064248499666,5.447295754883749,-8.202154958334077,-2.020658190608431,-8.407479893297458
-3.5902541634610126,10.067438981531225,4.600323682371446,2.6546703813133563,-6.851308815020809,-6.850353453780201,-7.900043950660013,6.80747818728133,2.118421011805159,3.6991762672158663,-10.022806341516267,9.089024919771246,6.8709865876421485,-6.231966408097954,-5.107744530284467,-7.226517105150828,-4.1020267849706045,0.05539757437058235,0.08587825719604769,-3.978862419527587,3.2689024339162245,-8.695683159996134,-3.890056763426378,-1.783132338502729,-0.7963163263838564,6.768999602925624,-6.5238128069331776,1.6940362084578124,4.1471895008601,-9.433830306039704,1.7053945166279947,-5.136133049136469,-7.119395994563697,8.454850717913398,8.89245384439533,5.886162353468714,-5.252175127566864,-8.96520966635652,2.68051976349107,-1.9647476903121015
-2.2544896962375165,2.2828674296187588,3.517705422657297,0.4930995304155139,-8.849189087520553,5.238028263017409,-2.601220219566262,-6.2572397158089075,-8.973624810394206,2.863661779464352,3.0738810052478334,-11.042642669917006,0.3116418682008385,-5.162122943960945,2.6406067420286248,-5.038933841824002,1.3325881943279634,-1.145236436089469,9.525753425098916,-6.792810339379676,-6.5145745284639265,-6.44664079191795,7.467438254935371,7.039095089236231,-5.011760110486956,3.6070989553355552,6.9838720462168675,1.9968567863085434,1.4088650771986453,-4.91002697777784,-7.7220219848244245,6.8535614432442875,7.257334336447586,3.5574893691401916,-2.382194692297305,-2.2920090913023614,4.00469681574826,8.85269733099524,6.580484032821988,6.674870727014749
4.4223870806632375,-9.576071256469277,-6.411755845269101,8.801739461836995,2.0334313765929686,-8.57777575681176,-5.771732104418073,3.613390730547418,-10.132358055353624,-5.806856163988071,1.816744647709624,1.3190729989356798,3.036489633960898,-5.909213277527917,4.640290118464634,-5.448676530357789,-3.577182129085647,4.066615342899402,3.7271871993687817,8.63951043135229,2.304585896791832,-0.03088295643754191,-8.106501423610686,-2.674339599846593,-3.525019860245131,-6.349402084796861,8.922255920024815,-4.285748745931645,9.21591473975409,2.8733171482686215,5.4327931568521715,-1.2695296164873346,0.3076016343499308,0.2646207761686697,-7.20256528963982,4.553047728378676,-2.3416078900478534,-9.861268294315744,1.948001474168978,-6.075779206406258
7.005468223150656,8.115847002975663,-1.383178028393956,-7.638256958168003,-5.992154219489828,1.2128311473881905,6.773921696164196,8.204736452019684,-9.268854406173695,0.8379570808490642,-1.1161258856719458,-6.65992835536146,-7.235163605764932,-4.5725578757776795,8.68383124183785,-4.261558816148183,0.7332826207160464,4.394505425241791,-2.2462620616489337,9.722938227168301,8.642120557055824,-5.225357572844397,0.8653662791021948,-2.914577126370207,-5.449973211077197,-10.793188685421992,1.4643972963932248,1.0987880466094808,-7.755540944817179,-5.351782595668943,8.472627073069413,-3.3743308535204646,-6.686791080935205,1.2105584907843543,10.711735652295113,-6.069093275997902,3.2527295246204937,5.267146784866199,-5.143115732130666,5.480655925675762
-8.010229320133734,0.19748759016856593,-10.084771689537869,8.12844404190734,-6.338230869244516,3.881321290675796,-2.000864672661009,3.1935692914661775,1.025373733532032,-5.514706748692272,7.611066882383683,7.005390793527879,9.566207336007889,7.4126135636017425,3.1951803765107116,8.183008623816994,-8.688175141976167,-5.605007826189604,-10.158808721619558,-2.471768620334765,-3.2824440181372028,-5.623074154345268,5.665060394630254,-2.1054334286120917,-4.998085167772093,-0.49407412120219907,-7.787195500440545,6.011897244400308,-9.68995961006897,8.586057622976002,7.556191720032732,-6.8862517731304385,-10.212600026300958,5.941991568297396,3.7157900691819012,5.201490100788849,6.373549884190964,-8.825061396849785,-4.067163715706896,-6.408178581648502
6.149741047841291,1.2982051206512373,-2.10735565326753,-9.864468899037355,-3.271058242044748,-4.112404774801383,6.209168491282963,1.9807246279663842,8.887616381732359,-0.370842842700649,-7.355920226999679,2.294587163108498,3.0127876191322303,1.0049780111226112,5.666249662507832,-1.2492859004499084,-0.6340368228364606,-0.8877070030028749,-8.928762984660967,-7.979912520521838,-8.591214565079241,1.5540059295554618,-4.068815295560436,1.8192914290777296,8.219651608461676,-4.8878429024355015,0.5136050466803335,3.7116806050122024,-4.62760632352544,-6.796415523616041,-4.529828868223185,-5.915943468065065,7.611933549640556,5.475675195720988,3.0530415462561042,8.227778476864946,7.194378050388536,-4.69897023533979,7.783733411244374,1.980456593485602
-2.171594960977548,8.602409162075855,4.152272612155608,1.540611496121111,-6.485175048772973,-7.301094074096209,-8.548552899739597,9.398923714144143,2.893424938295868,3.835428023753068,-8.387096191920007,8.990121670218334,4.610728280830582,-6.761304097351881,-8.234292576883844,-6.683423286972633,-3.8967367616196937,2.17156594492004,-1.0341722533935225,-4.394517724848026,3.066463475631079,-9.421258095967048,-3.921492471187071,-1.9018979402391991,-2.3571865614391223,6.847273271067202,-5.668027949338391,-0.13059914562856872,2.4810732433471347,-6.800298887795649,2.3327632930872615,-6.341296939953834,-9.158329039834653,8.127866375601874,10.142976478035433,5.311863136420354,-3.8361583793131944,-8.524215166637438,4.163640355989529,-0.8632880199210248
2.8545049952617307,-8.875478296307078,-6.667102762351578,6.4839059559915535,1.9145234225597816,-10.912354557353659,-8.612018461177223,3.4134342251946457,-11.502765937830583,-7.606246348922165,1.543640172168057,2.424726111988063,4.817092330330819,-4.310205854658157,3.7490573424984377,-6.042227937849062,-3.2900661334791637,3.482365845333324,0.9905152561118613,6.525133085830992,3.018209079504676,1.4605992910629617,-8.741245259556035,-1.3717372093363818,-6.1910923048493745,-6.2584692673764275,9.946847051193723,-3.299692892301933,6.640610651344951,2.7461273121524217,4.842703450516937,-0.08034256581684546,0.8382211328694251,-1.0113098269954612,-8.19744563538405,4.588605458051444,-5.631742743295813,-9.681922874901444,2.3973410197947915,-6.664294470558905
5.054111059253878,7.943452629063428,-3.9814509155680278,-6.905884074880773,-6.499447741631853,-1.0669743196729145,5.52049791110116,6.703506452798082,-13.496157616916287,2.307044623169224,-1.1012230041981883,-6.325191276523559,-8.727348341659336,-3.743345324806781,9.575073613069836,-5.428026285169821,0.23422801557298428,5.831021050366229,-3.8613542883819245,9.51602669318287,11.45225571409998,-4.332202453801944,0.07089393833316504,-3.4757973487556044,-4.70405544746035,-7.962629767605905,1.791956656697725,-1.9056011441587468,-9.361728078940674,-5.393805245144474,7.884123707135646,-5.467846245741183,-5.904679358370631,0.4843479322156463,9.97627456978741,-5.161839981102586,2.3838529392595778,3.0512170689086733,-5.134089108759223,5.35896817581085
6.499894394957984,9.298057969105436,-3.8607196503547767,-8.204464876000552,-4.907315951742502,-3.2360469550407216,6.123443269327683,7.080413975841414,-10.781316005683111,1.2720050629078927,-2.7140202543677043,-5.693716838949191,-7.309535428003375,-1.8942450104513224,8.847637643369533,-2.5997877654566848,1.07640783214445,4.183836734072699,-3.8169213606875756,8.001060793514865,9.355451300261409,-5.507050957395331,0.8642312095290017,-3.2365772855660295,-4.487801106887698,-10.419973976850613,2.7020222292052103,-0.9643689815579202,-9.728888897931078,-5.406486453482925,8.026816697393121,-4.0385698525899905,-7.107143428399067,-0.654163486876435,8.187394152166771,-4.606769985040148,2.6623063421889444,5.349909925732447,-5.601467736068647,5.402504191836629
1.971602538397625,5.227221799381846,2.9419627851804955,-3.7384340448060964,10.5920511272191,4.708064635446792,0.683671428914343,3.4644875637766797,0.43744105145292167,-2.9303753264110286,-3.2550579267497186,4.88288195979049,-10.741292560541432,-7.560494865446876,-10.154066091022461,-9.712057395328092,7.810341478382536,4.46313459773987,-2.3272447234205225,-6.473024488705583,-1.2546785848150899,-1.4914985082676904,-7.774884753564145,-1.9842503538045486,-2.9267116907183586,1.4445685198554274,0.23760096562143085,-8.963992412505297,-2.275682539655016,4.761605052176937,0.5490661692673139,6.633207804048299,1.9731576539054794,-6.8375879181706685,-8.139902162598844,2.345036944807267,-9.408757762818992,3.6128657195280853,8.420494701459988,-0.3772919972749089
3.5595467602891033,-9.497224614197531,-8.612820043330629,8.792065862958497,1.0450350007432803,-11.480241922238434,-6.94440692783516,2.2506086483855223,-10.67128579876002,-4.809465816560732,-0.6850595740498482,2.581617912446939,2.579527047578091,-5.754870650623226,3.3498391448330636,-6.413673347386915,-1.9820117123827146,5.192814226465199,3.577826725153482,6.847243033325023,3.441712794866003,2.299073727819022,-9.122803657983484,-2.3808479422933475,-3.9999103329576,-3.575409786034068,11.408102074850673,-2.0681857096830303,8.979570053229402,-0.04739541342628906,7.448508980209683,-0.6731417996169619,1.296980243539291,0.2914583607442996,-6.248582611354624,4.645495684798241,-2.7968597829567408,-9.897900716716896,1.8225221016428033,-4.64432255456047
-2.659450935700884,4.224732002350219,2.012371971467706,1.529816532902947,-8.3928203217903,5.703507949779831,-3.5832377138444107,-5.577924678394927,-7.83078732892821,3.2925528491105194,3.2565231626201165,-10.655492653475092,-0.07687773359185929,-6.651615249371396,2.6860696087724927,-6.854336703519929,4.5462449662060855,-4.4712282539036305,8.00099182864805,-7.97509942152205,-1.9915457265868044,-8.844373952589235,8.720529725220251,7.418658653199837,-3.798124918860506,3.795512785194127,6.465687735844697,0.5493493574011787,-1.2593309359897469,-4.915868526303561,-7.607454845352143,6.36944754659188,6.774666978938059,2.914359118837035,-2.8802624928181157,-4.006455817838842,3.9450488638367496,6.105716360481116,9.11899238911558,4.297636509784024
7.165633992294101,8.549154118743672,-3.0829826182222195,-8.611984361615287,-6.214936594099297,-1.234244773028969,5.66579690820181,7.649504627804205,-12.021869992142907,-0.27259850485527715,0.14497352840207123,-5.11835796258963,-7.43589898879535,-1.2624700362560841,6.522240459448949,-4.351252474373003,-0.02536073688006668,4.918730410908946,-1.851751589185884,8.569634945436588,10.246900220984772,-5.367668850814424,1.1566097434968767,-5.015076501786665,-4.426501711516808,-9.752428368285905,3.247317051163651,-0.46920075198894085,-9.012873504011969,-3.920259317604722,8.710576202359194,-4.321809579187381,-6.8909777813308715,-0.6291937097285705,9.363310336853264,-5.133222254562379,3.6923034241919552,5.085220658725914,-5.22804569918646,3.047073111665086
9.850881885600915,10.550022842619745,8.351792226182924,-3.852243559274402,-9.230470229797245,6.869351438430991,-1.7725028372756655,9.524176817505642,11.649623834295824,7.378737721289143,-3.9714846895252465,-2.3610778519967877,5.68064252557212,-3.5757340568614393,-6.507262390141378,0.16741675371328635,7.536349868787255,3.439025250731726,1.4661563803599915,-8.514024305966087,1.2492690843318743,10.09034925408957,-6.6594528711002905,0.4878907564969702,6.984478724682174,5.410213376316347,3.7497775301783793,2.860597972397036,-1.7739326206034982,-3.774655095443643,6.067932803874533,4.631215688748892,6.596586092466863,10.283376763512354,-1.2814940846619403,-0.22102338589770038,5.949567816981883,3.3197554049668576,2.542166609327653,6.09002964512662
-2.277290552684968,2.9259284661739446,3.1156369151120815,0.9944167786626135,-7.464361563796852,6.526721883911728,-3.38261359319433,-6.667370076248447,-9.768996384526671,3.1561084945269124,1.5075185353191527,-8.791483432288613,-0.3786797094600406,-6.220122673684362,3.165033292254405,-8.002281032251174,3.0027316901031167,-3.114432720502244,8.513201516549595,-8.053718805240823,-1.5775542933555609,-5.933513058690265,6.471878842823193,8.091109772385355,-3.982504006619313,3.742666123074685,5.686330510932623,0.8599206698307056,-0.15526308765756625,-5.583218213149795,-9.347909672549191,7.829526337431983,6.505559431961538,2.461894591237222,-4.4679858681257505,-2.8089921459553784,3.8396940164618973,8.23278554692608,8.823309213667129,7.1869578532571845
-1.4440536218529347,2.774435466148151,-2.138284776855258,0.4298603413734256,9.018282821274148,-4.384825134133648,7.871150281377039,10.080549735056383,-5.599587076529159,-7.12930342178041,-7.1181222709435845,-9.241579843794876,-8.420220023824937,4.041349342711954,-7.126262839933065,-2.794948470957345,7.06431652423587,-9.706908354483126,6.78769323924958,-4.894947111822573,-7.138229037152422,3.236787816286963,2.2249360481122555,6.521734804324558,4.2616578319833875,5.385890949210725,-2.667393157464763,-7.345704881633332,5.397130328425058,5.189812465991698,9.856998876689584,-1.457731059817081,-4.410741958068037,4.1305577265177345,-4.138602386177626,7.311909638022759,7.252340238805755,-1.1775392437447683,3.9543494004624127,5.215055918626201
3.483033345632869,-9.992117098017244,-7.222434463828863,9.057901800610477,1.683497907568535,-11.931620381786086,-6.691393365331166,4.004932324699448,-9.029371147996834,-8.527622618395421,2.4871315131789373,3.0646278687426665,2.5297862458317804,-6.217390976780807,5.190521608905924,-5.434816602569294,-3.0102650042270196,5.0057291252448515,2.8976159772513737,6.037684146137363,4.964398433314632,-0.09722156179579766,-7.714250669403465,-2.2690273467040503,-3.541596360213066,-3.7321171000390505,9.322822495632137,-1.607651200740039,9.605804813994776,2.557595753023006,4.829792595767792,-0.33172625059557953,0.23343169391271457,0.22217068737200107,-5.030684035898474,4.328000813162568,-6.005512800636525,-8.492029836313247,1.133146956577578,-8.003741189782062
5.870218379524535,8.274865246884865,-3.54251315749841,-8.058648372887534,-6.273367216893963,-2.5428122149553514,5.224698052924337,7.619851690676012,-10.38063186757982,-2.3633467985892147,-1.206921716426098,-5.59610507304955,-6.256019651925198,-2.8745741748364315,7.379520481940087,-5.765618000314877,-0.34365994947061496,3.4352717572099034,-1.7842487514139536,9.42677072212964,10.382634396940732,-6.289187139195351,0.9102345022281579,-3.261444650233688,-6.321424223881844,-7.939643211648573,2.2847451713642895,0.4456249684457359,-9.835321087428635,-3.1518237023457987,6.979465390094205,-4.376670168286606,-6.281495082266867,-1.1851122226209614,11.696382681634589,-4.927366089552472,4.096603558388596,3.705271511238595,-3.1295191171434418,3.339770032012102
9.061357417750875,-5.090932626100703,-1.810813120300753,-6.6261652517334575,2.381862539306134,-8.882941645638674,-1.1516124835219217,0.2070046397175188,-6.517305823497633,1.8536718916475294,-9.792235449948105,-9.95107063369762,6.431930184314154,-2.7338176915700867,-8.094347044329359,2.057945984572874,6.130473841084641,-4.787300891689858,2.3545067327405955,-7.781814967863498,-9.862070177226409,1.2933511716132657,0.6082998248883906,1.7266144949498063,4.499060003234001,9.224987559000802,2.6490762932448226,-3.105476292695169,7.483441362822295,-3.452067868399789,-1.1827909860897787,-8.874591576084725,-11.233211712891173,8.382024742893764,7.382355867998332,3.6173537367532576,-1.4451207859761617,-8.564388749930421,-6.417744297480906,-3.8986604795088082
-2.41529087466156,2.24770385626012,-1.1833692755175524,1.1486687961314075,7.86312578774084,-2.5850668221598125,9.240489319943551,6.567392712908937,-7.135474649387335,-9.272778518516109,-6.4162082397141535,-10.466288629694109,-8.166932404925516,2.619571721466651,-9.352630222942977,-5.061495765672469,7.567808574062767,-10.860107542718525,7.196380664923384,-3.895007308477024,-7.712105294633468,4.874769202676186,5.682058211711777,8.026965911667451,3.5813602540802583,7.558636267409557,-4.173197092048236,-4.340085723264826,4.506244810873774,7.418638808035836,9.809946069366198,0.9090818876926878,-2.8412390396395732,8.529927852630252,-2.744103142090874,9.462111270186458,8.868587480796302,-2.2078737426383994,5.986518201856701,4.798104140822844
-2.676319336839162,9.296866078686621,4.391187710044554,3.5805152599607246,-6.388652239513019,-6.145231807226129,-8.175446487968598,8.496996772984028,2.2033217935678824,2.8646196079650625,-9.18862216233131,8.746840149448056,6.120236134258679,-5.166853767679384,-5.125217584424352,-6.310638226195262,-3.606322128210282,2.1973435772799954,-1.120346447669117,-1.5737340818587664,2.802567540079134,-8.97088554611498,-3.4037654081911044,-2.291604749243388,0.41115243842346505,6.376700579130231,-6.14498034081658,-0.9396094680171332,1.6392681199548245,-9.921512199809346,1.5703735882240437,-6.00093912183356,-7.029063635943004,9.372382274889647,8.116757599456003,6.612549630549362,-2.711093129886936,-8.656340624191705,3.5506433635702197,-1.182261930478776
9.450842146351176,-3.788311931664744,-2.001568655678959,-8.37263833259825,2.947322544054618,-9.485204971189239,0.16636714279496712,-0.2247262703726287,-4.684387600566357,1.7326217994527484,-8.126577461256211,-11.45022316602375,6.119366766747388,-3.1626672982020425,-9.535763269356686,-0.019170559650727725,3.859203930780923,-8.01424292810053,2.1954966878846816,-8.589195820928499,-9.211319159587179,0.8799508772613109,-0.06669439101156893,4.5394540434100525,4.488532666321727,10.803472052312175,-1.3538922754648062,-4.375400191266955,6.590038700418303,-4.809919250436449,-2.293750973260244,-10.269502271798762,-8.759781459450485,9.904570548507358,6.962923101663346,3.423577931088044,-2.934031139344408,-6.5870951384797864,-8.186577750223679,-5.746726117272684
6.548571390130705,8.882366643228643,7.216907467843528,-4.55824640402415,-10.885599403180343,8.583608786757578,-2.161664162860159,10.229709970698542,9.058553693843725,6.735450754626259,-4.431303109114379,-2.3965398340910338,6.6042548953943845,-4.51281359443861,-5.620960182302114,0.5119301987780577,8.339568866869433,4.35000101358977,1.7199646479445514,-8.94990818693068,3.0551264780941425,10.33874734192367,-7.020344861082266,-0.0647238033067567,7.140730748037699,4.613575252082479,2.7084828787775947,4.010413231145229,-1.9180749351578976,-3.2517919248761094,5.806371338293819,7.266351166309153,9.247350926131519,7.9486035158666,0.9183626836509252,-2.2324840689468,4.707756851153512,3.090399644888823,3.032604482635679,7.9550554334444685
-2.970754971763031,3.07546732553286,3.831546905960456,0.5702650356562504,-8.276650558060988,7.393190217787739,-4.710269527710407,-4.662225242179486,-10.063633262012406,-0.10073055979446632,3.56135424536823,-7.969784719067312,0.8283142963192301,-4.718993953037608,2.944841570496112,-6.665048917171347,2.273845392456204,-4.524679331893438,8.930872113175553,-5.937031922739909,-2.8345392741667643,-7.106930048136205,10.077589911210797,7.8755539190606765,-4.963822546004508,2.381156115033515,8.366656566996404,1.6305640111429274,-0.3505901487992016,-6.334121849792203,-6.884880916953103,6.906873462658208,9.862195300768828,-0.09443365162535189,-1.7968089812360093,-2.528913696584818,4.637708000461662,7.76674676400978,9.632458333896375,6.30456977555368
-2.801564062506056,3.582930928794256,3.1340391533339567,0.7881831445306032,-8.230105896511942,7.051320421397048,-4.0527473891247325,-5.448090974694704,-10.260355730742589,1.406402353998355,4.162393332291673,-10.80112623479715,-1.3311473766638804,-5.4070068206120006,1.2069976537425269,-7.811474973952032,4.575348880555752,-2.4700783315949875,10.020086724443676,-8.45439545801759,-3.272625344627114,-7.330945021980459,7.323357435442348,8.578548972119243,-4.330488562530849,1.5903938339961459,6.306702207815717,1.4899729682478797,0.0029548935920717945,-6.64281908749978,-7.859485854434605,10.155558109349094,7.621377044108918,4.231270326750068,-3.9716930007874542,-2.8002628727368304,5.290636108280907,7.933791533080178,7.443992836421115,6.32363843850285
0.735766988701428,3.6512684595522535,5.189216739120167,-4.3051130195541685,9.486247644481155,5.082258414662281,0.27466264322720113,2.2852359480013495,-1.930241439322303,-5.385527801145735,-2.5635872859560043,4.2412792360520415,-10.91691864820863,-7.175822129456255,-9.611557752193615,-9.530439673897334,5.180415127543483,5.036239969777108,0.007492793662198349,-7.33524800166814,0.21964312273439096,-2.0465215380789514,-6.306963637120544,-1.9321005175854888,-2.99276241728607,2.817050202490051,4.360381934105555,-7.600580385602769,-1.8856026889599597,2.48697015482553,-0.15281714931715917,6.225293237323217,2.904139448672224,-5.8327874987832615,-6.7654859199664665,2.031904257162273,-11.464787273839262,1.1846376293569603,9.708558941370287,3.5817608481766494
-3.173770458378169,3.4777593310780923,-2.8089149315812785,0.7886371200594001,9.196530454852617,-3.397530497807135,10.722856757519953,8.541489490305446,-6.401817769060498,-8.189096480868715,-8.57775413438825,-8.384183584561429,-7.095842183059256,4.033525535434625,-7.964534983297497,-5.097683604225993,8.364451326133555,-9.633919106548783,7.314415301204818,-3.6130622810073043,-6.626988680023003,2.886980357024058,1.6583575932817682,9.797715039361629,3.182078802585359,4.972008254188262,-4.316064551975711,-6.406229397076935,4.472276955684693,6.7527736572645525,10.712186277613968,-1.7658140946802696,-2.828128143832733,5.50599702522479,-3.6812899869140616,6.916909569882446,7.469179473867784,-0.654283738751593,4.863494077506041,2.8257792997880777
-0.8092402484763697,10.085829280433208,4.830514427493125,2.9144802647082155,-7.912151094678809,-6.482182543329138,-7.0290214069029,7.1054770201063295,1.1746663062450908,3.5093626673278484,-10.677943151426339,8.613435135112182,6.278344717418407,-7.158784805613119,-6.347882321908385,-5.429632629144677,-4.822911320956166,2.0144125562865263,-0.8503075386300905,-3.144836610415104,1.5792233405954528,-6.355597559892547,-5.24904092969095,-1.7825156332896572,-0.7067609758657494,6.2567704478450565,-7.182118962457658,-0.6103810740043721,2.4455195954942344,-10.019339749824246,2.6141033301278895,-7.956655332714416,-7.850793927627741,7.745187430298158,9.86494059917071,6.793577895975222,-4.6044964349621615,-7.464531152787595,3.9451027935766936,-1.7357919814007112
-3.0620110505858396,4.310670809715316,-0.6865263186313721,2.8847292489467815,8.826225752505739,-3.449823693050477,8.415636692280513,9.131468186165232,-7.218029041174595,-8.054897338232813,-8.341192501604128,-10.565389059633766,-6.724621052733207,3.0715694320071174,-9.403798055395788,-3.6993804736775977,6.389268526547225,-7.319575384683613,7.349726945154297,-4.9535969269871645,-8.112040558825306,1.915295032215274,2.716260586689124,6.802380927602251,4.78943225823765,4.10334451279274,-4.386064884562812,-4.7525378181720495,5.066436194049494,5.36201259829474,9.789636115103642,-1.8118951979575566,-0.36780514338804515,5.19541728561925,-4.3872224981625,8.636604686298734,7.3637882746995365,-0.8578234861454778,5.773183206061334,7.046383567203442
9.123014718962853,10.97645737773593,7.916036854735268,-2.7809915126960925,-9.45204334348561,9.530806896069228,-2.5279021868309144,9.43667290264846,6.764573505729989,6.788657192624807,-3.038295128508925,-3.024187864308813,7.1995710456224495,-4.190465471258049,-7.469547264011833,2.107511247435105,7.677836793369965,4.213561227362552,1.7095750225534574,-8.908269641623253,2.4558297909410243,8.866129164617288,-6.676527820360362,-0.9483526673681586,7.207855935367267,4.562600695426188,5.05327015811603,4.189724751454078,-1.8551634854928374,-3.573472066220254,6.735526110466031,5.870334703353549,8.362352255126961,7.908640641827425,-1.5029775027113508,-0.18446127472290083,6.419379983979571,1.3926528968424898,3.1542351864336817,4.685264948544664
-3.6704054283560934,2.4663840978614684,2.742258354968746,1.4121251827129169,-7.556871557639642,6.875590322003046,-3.4640487851881123,-5.549172896926845,-10.043083394534708,3.5133746830146935,1.504120351682178,-8.212833939270848,0.19667563756045797,-4.467504681769647,3.2672962424816103,-6.166637008989369,4.3730092380758405,-1.4562387849014733,8.40576894814745,-6.2147819865538985,-4.263143602573614,-7.735860148514344,9.329842289843533,8.541804647235509,-4.380378597435487,2.8062884827278443,7.241151782393022,0.43464999287049366,2.34442064086904,-5.24762507949063,-9.677570338087977,6.749631691049982,8.052004780146195,2.8018544167914126,-1.2497474940748905,-4.054307845361008,4.558575776708719,6.882783791969486,7.249073632088942,7.281482947221814
-2.3245957237152575,0.6190134248914192,-2.1458336301418326,1.8873202205115185,8.58491592510817,-2.0882562487420837,9.220154473487087,7.2817145402926355,-6.55125577603713,-8.283824505658524,-7.553443836754288,-7.447154016488689,-8.588882963659044,5.330774626653029,-9.436641913695958,-3.131887200379416,7.0753788389209245,-9.660426836458669,6.283711199916011,-4.985519496437892,-6.732798892103029,3.092128266694104,2.8963828559125737,8.305298604118438,6.085623969465435,7.041388076594948,-3.786879102176146,-7.088941087555537,4.226519880510753,4.998115900215601,8.575837270586721,-1.7490504999158136,-3.2870549865108583,6.727484849329535,-3.762890786500072,8.709402349442978,6.903611268420066,-2.8239768898837845,6.1068621874102655,5.78633956633864
3.55370615537229,-7.626668237947839,-7.400612057472958,7.446157249761187,1.693172222573713,-10.023082928353439,-9.863540219601164,3.0886115210430156,-8.114854124892476,-7.679808938886731,0.39118219386195907,2.6542862906574682,3.6513871164473652,-4.311416452646427,5.423902266128342,-6.5030288389576585,-2.9922143063176856,6.363578136574719,3.5023210886544174,7.462877893227335,2.6806152673717083,1.586281890503095,-6.8901864637317445,-2.3174749703825652,-5.944227402395217,-5.5762488067042995,10.669490633937906,-1.8133021863136967,7.959993181785344,2.068756986698558,7.084825251367404,1.7151544599260988,2.8012668155452145,1.2929454978226511,-6.453846484805276,3.9488732078562028,-4.54089792468207,-9.47510742939467,4.340465698268613,-5.291899672390604
7.224553147443335,-4.457619695379401,-3.6345772543002113,-8.859006227940567,1.4155484127023383,-8.677644887908757,-0.9882788972731602,0.6195818422693127,-4.3531651807566165,2.293442902818944,-8.745192182022501,-10.640001700587561,6.169936503449855,-1.5687831544268203,-8.77490970068226,0.5191780915450463,5.229027058175436,-6.2502550399997485,4.0485921674233625,-8.256214891256766,-7.455220504683531,0.6327198366073694,1.2729583215198614,2.171376521037151,3.9557329991554764,9.926389119499552,0.7537044236574968,-2.942883474583226,6.280402182328649,-5.9197759017626,-2.0269402625996937,-7.580929487005986,-11.451450497094187,9.545575535064106,6.607722311174936,4.76906598934632,-1.404319925643848,-7.198093878291547,-7.580609184879942,-5.517925509705013
-8.970292134170505,0.7066929448394257,-9.072602059456635,8.91946232304164,-6.717162545589714,3.56193654587743,-4.953543718129307,0.004037171004854401,1.4685704855019763,-6.211817283233546,8.540152575511854,5.5089296234067096,7.25844351604014,9.046814404451272,1.752715556725451,9.556034644717661,-8.756681646057652,-6.603918740023678,-9.859641008427086,-2.6172194530416375,-2.9358853635388353,-3.928423932106906,6.192297785369298,-4.840896766019833,-4.951623874038851,-0.3251865511978784,-7.14761277682241,4.8535318794063045,-7.583012025689968,9.646662871657318,5.267299391174409,-5.369794231528969,-8.92565072345209,6.28912981732703,3.3659465774030526,2.8061737447076176,4.739357176683734,-9.136319211966153,-2.7236279761222506,-8.027765690635434
-8.187384702860067,1.1899203392209372,-9.569281986508697,8.463960555069175,-5.757506445186771,2.2535140606775137,-3.077573171758898,-0.04224640665116969,0.08038249936121589,-6.946094231516489,10.090645627008593,4.87361860601868,8.672323899681619,7.911574758840072,0.04065069021140344,6.966358295088817,-7.893872069714047,-6.817372112769792,-8.03872931050882,-2.5265862804841683,-1.507285539854922,-2.7532475772094847,6.491660855295406,-2.216051540224375,-4.965710782848416,3.3062915760336935,-5.197881848068728,6.055820049598587,-8.122400896499391,11.097036331375152,5.29775588111904,-6.6823104401162565,-9.015567906521069,6.387667815180352,4.320141326597604,3.7458720177517817,3.707734785355518,-8.282964555439092,-1.9257233876203474,-7.908425558573447
-7.737153178908821,-1.0092727170711093,-9.729659959685064,8.530461963139109,-4.476058628753535,2.352615620654011,-4.253483851160525,1.47569342832646,1.4306057045995342,-4.227845850140917,10.5718207290327,6.64694953578223,7.402110280827981,8.660407360186397,1.9048927745247917,7.886502896924085,-8.06213461842908,-5.135131217005612,-8.594622630785029,-4.371867186076773,-1.483995292617739,-5.210606906598046,6.791433302002875,-3.168283533605348,-4.60017605798801,1.6201646382054793,-8.221709220320644,7.989134689357728,-10.33007319569908,9.14007104875549,5.8151072758748885,-5.441372202881242,-9.990033378099657,6.25183786609514,4.54769696227996,4.349073883362067,6.81858819165382,-7.67975785108659,-1.9578610781089127,-8.648775532867823
8.148603088779826,-3.4769249057715808,-3.7137954944200318,-7.052432101302544,2.1705080430793573,-9.025751624119563,-3.3448136324647955,0.8149984370354717,-4.510378660909975,1.1981695263258745,-8.635759722654727,-8.538176190848436,6.888835930385555,-1.758296257006999,-8.481088260996147,-0.008788855673219242,5.474663325158023,-6.305581469291052,3.184978738083547,-8.815251548256335,-7.667995572181091,-0.3040667703872303,2.944686081702747,4.777895385566555,4.4270735281378855,10.66321204017644,-0.07442109448470124,-2.5275840429437357,5.727745563917302,-5.8687948732669994,-4.753389773566177,-8.699585819225291,-9.213922623005557,10.583284719594719,6.756227442395509,4.9223942565915495,-2.27488265893613,-6.87139256811453,-5.817223464049693,-7.459816521377366
7.4400919765258395,-3.940821440688324,-1.9133842643678676,-7.767144430378455,2.2603769912443674,-7.2074450925753535,-0.520993083974234,-0.3393321548045707,-4.202534955265888,2.058222005585596,-8.122826364130763,-9.449800620443416,6.042943379497782,-4.167381167941332,-6.9113769548981745,3.7930723866350626,5.177280077968278,-5.231624495541189,1.9099766630650414,-9.57433562012048,-8.532129637427316,0.6552809148001515,-1.5728517108636937,4.358626745704251,4.937791050790346,9.590937139354295,-0.09596989806840278,-3.1355764306819887,6.355119847790108,-4.1820336010318035,-0.15257854138378857,-7.135601139321336,-7.487392068072452,8.416126111109781,6.146180896476901,4.280666288915598,-2.600031970452388,-7.152128670955306,-6.3960295650716485,-4.094299681728244
8.583972257875079,8.23524518682578,7.9457393286045885,-3.696215222620436,-8.906309802033448,6.963602273679231,-0.046708479884887355,8.397229179126933,10.109052913631011,7.08441497040767,-3.84020687555869,-2.888088799238859,7.375541430670269,-3.526585608323583,-8.068056134447477,0.17352524623374554,8.182183372205813,3.16559941537301,2.65403434717095,-8.04945594073713,1.5214731863435138,9.310307178082224,-7.702782778816586,0.07854357526966937,6.472132033839507,4.001441244486769,4.706921731069571,4.2350247831090995,-2.962514522145097,-4.125540297395033,6.141662352994862,5.993136788851973,7.858551210309554,8.707971036977353,-1.3449149960084585,-0.10123629216525085,4.4600841799947375,3.6348558190110096,4.807004102004351,5.305074491080324
-3.0346048765465543,2.065952889747069,3.4185896138450946,-0.5132856694098438,-8.293077224571316,6.020115407835142,-3.11105751718014,-6.486421823690844,-9.719742872845117,1.6045622881327588,5.587330069685761,-10.085143057562266,-0.799144052298167,-4.886650926885276,2.7599311387660412,-7.927905350766643,6.0502510972517864,-2.6177720195758996,8.35673032077334,-7.0897457651720375,-1.4485562097859905,-9.410274901707215,8.769858214991796,9.634059229413246,-4.7124387649572395,1.9643469413801002,5.726047151063665,1.3108987617460375,1.9238154827599911,-5.502290026407027,-7.311292846449584,6.508946332019645,6.564642773671554,2.1792284567804097,-1.7813754571527238,-2.946933868233013,4.808924772971407,8.22028479462507,8.850936467889078,4.987290224614623
9.742612095226832,8.75578133873636,8.228154239520917,-1.9281874243800323,-9.863354553596587,8.267044278458624,-2.1916578533809394,8.560411757499361,11.94128230000831,6.863987449268121,-2.7459638370960615,-0.614052090442424,6.839151140843978,-3.2931300884396784,-6.5076665842451185,-0.47615710149167323,7.1711224709674575,3.9694444004037326,0.9763098631787022,-6.16488978619104,2.063571595288777,11.75200599915339,-7.674711091405064,2.278793467883669,8.053885935506454,5.3786642508552855,3.428550863171711,4.626598860145874,-1.1174635425236459,-4.272990608770271,5.847826294203655,5.955505354723528,8.961557976608512,9.120162258130515,1.6745279676898754,0.3439486042282617,6.005222936113335,3.4232226546259352,5.109496079566608,5.668735146134155
-7.37492623902632,-0.5164895250687589,-11.216904271161095,9.63082023663073,-6.052080332455719,2.6591676777099345,-3.4074339671357774,-0.7951975050604703,-0.5593041913875505,-8.426858472190123,10.112689508196809,4.957470222495969,11.717248923757113,6.9021919429221015,1.0365485527927811,7.872091730176933,-7.987015303823121,-6.550546090402407,-8.483122007786728,-4.471981774723367,-3.6080459246739407,-6.37123410393119,4.351176015101392,-3.3830024856032708,-4.682290118645606,0.22248463568178645,-5.938109703317585,7.27196982468893,-8.843790113849085,7.943817618818382,4.878190277878095,-6.625507763233613,-10.54669261980601,5.611509665198437,3.4836839812275358,4.193601744921987,4.789865834903358,-8.3107844566926,-2.4703167132096864,-8.593263896679895
0.6761871546285704,3.287307139794384,2.722665311972822,-4.272995977022742,8.637069276036813,6.676406100445134,0.47082825600138867,1.1795793144367834,-0.7991959917418829,-4.113377706131905,-2.8505693054362826,4.554778586746655,-11.6127890415779,-6.4578256674175645,-8.211386249643235,-9.625312273369694,7.168784158649872,3.846480005078862,1.1122068230328443,-9.081235089934196,-0.787743991683273,-1.2472908234526652,-6.2258013153574225,-1.2668375615432672,-1.8298371485897147,1.4363948355031635,4.18676984776327,-9.547964911780348,-1.3201577580740504,5.6563123115660705,-0.8106108822126242,7.472181723637741,3.0422689941229812,-4.710429903448576,-8.869278979476503,3.0970770416443982,-9.242905469656236,1.6151128555214238,9.560078596365996,1.6028799579726247
-1.5129308036056102,8.520529545037009,3.0832969375683503,1.5450545229748194,-5.37886740051696,-6.029887851162454,-9.186979891043869,6.974265211180274,1.700665183646793,6.23819953948175,-9.206374661852397,9.828238690430956,7.679136270040278,-5.5144286274079635,-6.622542801678691,-6.528259652016302,-3.9867564002233093,0.4579063961349157,-0.6334700835207053,-4.123471310231862,2.969697971663169,-7.290839367067745,-4.078471838979547,-4.670963818658274,0.0377273590432009,6.050007703758266,-5.008514246973154,-2.6115666099214567,3.9366660820215773,-9.210581373755218,3.259079854766283,-7.629423453379701,-8.08619423523184,7.92429518189301,8.688871700795382,8.081978316196007,-4.0984070172959335,-7.829124846692599,4.554728260931892,-0.7012682372353685
-6.500712674855533,3.7203899092917108,0.9865004858704891,1.304721966381807,-8.16299000924227,8.823422728205102,-2.5874412190426637,-6.774234387487889,-9.886560731260033,3.3205865445641223,2.075416139744237,-9.477363485524169,0.11074070273594802,-5.813310564745917,3.256969792637423,-6.323111559391495,4.276155504841064,-2.126317421625968,9.152281179751938,-7.15621592414854,-3.8380998662111443,-7.726528314951623,7.779485805867236,6.766410462888768,-5.17731744841464,3.0802577599477377,6.379669310372129,2.0203950593525777,0.09454748457928586,-4.966102255516146,-8.019916929938196,7.335686871600469,8.082101929473152,3.664750560642673,-3.032897962142586,-2.789224578719474,3.8137852464621207,9.91106405025642,7.093372114979845,3.929727456604999
2.105102257178173,-7.319779761974673,-6.975918349128004,7.640260247817381,3.021585561391511,-9.90489110851232,-7.581610606639067,3.931974966231915,-10.681711402348009,-6.398988406967826,2.324148892593347,2.881436810114254,3.4891340788832395,-6.344081545369091,5.264982110791115,-4.243112666314227,-3.846328377063744,7.139456754551346,4.099283290081578,7.691397195019729,3.8028687421130023,2.350098975915655,-9.12214705068231,-2.451076340350305,-4.312762260988164,-5.520343195720889,9.925006364492878,-0.9063512062307859,7.419162015776361,2.568348219573952,5.075640774979024,-1.7342471477069505,2.3170098730476925,-0.17537991846196907,-6.047560826886322,3.4622686870565795,-4.570056280219075,-8.417086882188801,2.910267254922817,-6.428602653803608
7.625064220944559,1.2923321440043605,-4.37596043212241,-7.575919738074717,-1.879704523964669,-3.1030384212985784,5.698580719055925,2.5053011096602797,6.406580665438847,0.05647012185757039,-7.038825757963902,4.336564298340143,4.973325514232838,2.187754529971023,4.433610565663746,-0.8978686516028429,-0.5534499191205464,-1.3642066701931808,-10.579510477227355,-8.526413640649155,-10.077171848492513,2.4675998929416503,-5.200254824877443,0.2586188153313233,9.398633129186537,-4.878664044705738,-0.2510203944860856,6.445020956737899,-4.646301642919696,-8.385715960787255,-4.1824705534792,-6.0117744825566515,8.202282437347428,4.279886839820875,3.1600791843114298,6.298143173819385,5.111300309791906,-6.268374874283496,7.756055092246086,-0.6252307680026163
-0.2367629026058684,9.903323250478213,5.2136232572325145,0.6968652674023961,-8.167934808614808,-6.587394111134094,-8.692806558867769,6.709400350490387,2.1632829344762357,5.750078483964504,-8.892907639533652,8.257188533487147,6.537343988865492,-6.558184267287038,-6.751200572266549,-6.745525468560967,-4.3928007234132505,-0.7600067393286376,-1.4887543086758752,-4.736024832886471,-0.6923907955546782,-5.1571507624574995,-3.068337375078965,-3.049063859051162,-0.8597812659186821,4.531864880542711,-4.31080147902194,2.181977463045344,2.0049851054873744,-8.0474611014147,2.3261838169626903,-7.9262429651301005,-9.110791509258068,9.109638711838624,8.858092942747742,5.949293684894186,-3.999124174041701,-8.127436217737783,3.7369190207406207,-2.257555191604574
2.0874004464211353,-8.757992396110938,-5.306869082524179,9.132992390169631,2.3370384102441655,-12.052704120888123,-5.459436594989349,3.2501038205038704,-10.211335381096951,-7.306198897504142,1.3510428245308317,4.224486543024794,3.989853063178524,-6.440675975137817,3.9310895488094557,-3.2244725268397962,-3.267415403564654,4.757303729033737,2.0510402153605924,7.490402515704311,4.183276063049311,2.240759712519239,-8.385305507047066,-2.284431655447793,-3.0242932097168795,-4.049324840246859,8.676048352855592,-4.684050571286262,8.137703610626502,3.4213406466936904,4.807001578959706,0.0439523399810641,1.274378626654103,-0.045359801390522744,-6.639836531158822,5.7395533028581,-4.236583870550121,-10.392697557535675,3.826908071737077,-7.721974007850726
6.149385702793953,-4.187082142438898,-2.0773198923087848,-7.716245492196101,1.6622567366109202,-8.28954086352428,0.19754359686263667,1.057274036221809,-4.202793107408607,1.9462119166003116,-9.537640181156094,-11.427378951643389,7.587496058012986,-2.398664339881065,-8.675117192789365,1.8726818203685245,4.809891193759446,-5.791348452721759,3.481385111948258,-8.07291134173505,-7.630989734711946,0.27499113232016975,2.5038756434824654,1.9707951301316098,5.839449003762848,7.251932370351295,-0.7741850853102441,-3.2429044026857614,5.503278469230965,-4.658103594661079,-1.1789206657265667,-9.621774981281735,-10.608914746563416,9.485090342366924,6.053269458422338,5.260517980835129,-2.012888267147388,-5.815362355476254,-6.428407477271171,-5.59630309388078
6.651892356617912,8.196919475413617,-3.6964366252219305,-8.300719270616185,-6.0793269148135405,-1.1754915634952217,6.989234428146334,7.087448868832736,-9.573689460255393,0.1770313734185459,-1.5532539121190323,-5.75828877326262,-7.584720073958035,-0.5496561151100146,9.16982837705781,-2.8906444011538523,0.8138360401954194,3.7975623546064967,-1.4334187391224524,9.144477883992874,10.304000447784775,-5.298561081559166,-1.015002401296331,-3.6170375954284144,-5.407858468552755,-8.726620827892736,0.9971280235066202,-0.2654275658956231,-10.402154671524954,-1.6029037058650415,6.51135815971676,-5.198948446264148,-5.958798283845525,0.825441114138286,10.56435120438515,-5.476122957991467,4.793799894454574,6.145783397376533,-5.03494950249153,4.804907729963784
1.753269945712628,5.429885443002583,2.807920271486714,-6.269633372220289,7.540539152135825,3.690292762056006,-0.2069158290221107,2.499845300751611,0.33011709328024996,-4.249603635951263,-4.008777271965508,4.462546443620827,-10.21142090670369,-7.289333022868589,-7.508692423712936,-9.652824333071452,8.647988971288335,6.177068146022702,-0.8664302845422208,-8.418961408041278,-0.52830186505447,-0.4680745987008003,-6.894141698581522,-0.43878955385123397,-3.5787365924453125,1.7823798657482177,3.031047690425111,-8.2238352973986,-0.3124626437898348,1.2281730866537857,-0.5893172425855024,4.863390250539107,2.0640036250260363,-8.51023675530545,-9.109922447055732,2.6200199714846812,-9.000319549330001,1.4169120951493432,9.274541908911305,1.623557724611523
2.0134016088382585,3.9881328529388522,2.68866747619376,-4.322832319772209,8.61888694672523,6.969792290700477,0.7015526755231485,1.1665320531468173,-0.01958289311112349,-5.614442043263957,-2.094116318858039,5.832309815373453,-9.770692277949937,-8.65154395438437,-9.128130086543335,-10.355285059952816,7.085493917683242,4.845938654060132,1.2012566479385025,-9.13116590292426,-0.41814110165928103,-1.0553756686139675,-6.262223224292208,-2.8447753915513596,-2.9585679891774976,0.6249854029756943,1.2635684766877715,-9.754357598471197,-0.8368650946446881,2.86479879121736,0.12772104520156,8.476682827794928,3.5574705135623197,-6.263735346974399,-9.061649517171205,2.2110572085172304,-10.780900738898982,1.114422059427873,8.524081414400099,1.8542025050345006
-2.7356765149542768,9.3816516350145,5.553463462461351,1.1699907332603872,-5.386938622191749,-7.1512331943185155,-8.859695050984447,6.57631123635088,-0.40194002540876594,5.045496952281958,-8.851466216991518,9.116869486121672,6.715843533233308,-5.237278568730377,-7.926046512744531,-6.860962480277618,-3.120890461187418,-0.7591607905244921,-1.067541694991056,-5.531999000662566,2.703487876881116,-7.245764269256647,-5.772238845201146,-1.5080237796689946,-1.6131918924573299,4.893266790845892,-5.805955159601863,1.4333261177009478,0.8324695582624528,-9.009311895752074,2.5797135383593393,-5.896411918991026,-8.522526585017184,8.610682905983344,8.485050440842468,6.254090845375596,-4.979863628518194,-10.967908203366928,4.121220334400805,-0.2930152841217778
-3.089845925606701,8.402900880809693,4.546934629614513,1.7336677619189822,-5.762793415621315,-6.6936934235319,-9.569959495544538,9.213963600654486,2.0716085663843984,4.930291231889806,-10.196536621528711,9.76131267098441,6.959962807151631,-7.64286707853063,-4.348225545397348,-5.041265342008776,-4.312350456955233,-0.6071411078110982,-1.0135380133541332,-4.088719496624765,2.5927268430108192,-7.018545390765073,-3.650866039989711,-1.2254574347343594,-0.31049711053063445,4.6538637289503315,-4.6439615041203535,1.92530333176052,5.000348111752935,-10.194485778839644,2.3937790511790413,-8.671616229443156,-8.1458189839152,8.429510446899894,11.23608645631614,5.39333199231064,-5.596907654499848,-8.517821460574842,1.709172759026,-0.445850670700663
-2.7723343208283313,1.8846610551077383,3.3271002983931215,-0.597778605757078,-6.735385463055366,6.474631850579767,-3.338870528509115,-5.711071638721343,-8.593809124060531,0.40887456381310194,4.375373817389913,-9.365089593066603,-0.3934002185729889,-6.219751446987154,2.569402726132152,-7.8114131065106625,5.541022153036345,-0.7791417488459076,9.186299975710629,-7.472979533422226,-3.375780966932225,-6.97246386901425,10.251699265073206,6.976390328022875,-5.9587534883202125,4.747321694278851,4.557305416439867,0.09548542373660074,0.3461536746092765,-6.723387649795997,-7.025795581075418,8.801220429571634,7.433567916051291,3.941643264643107,-1.7701117506221598,-3.128979156036846,4.06844539983678,10.20180722679402,8.462890307386502,5.85383557012133
-3.036330970402651,1.8211047134654024,2.857695752440167,0.17714422398419316,-7.954407765169846,7.809676822229546,-6.110230386369892,-5.777849902402224,-9.6446842178026,2.2782811317492255,2.654817799095449,-8.471982433136002,1.1551417840259042,-4.901732347498598,3.696681525999096,-7.258291887072344,3.19913100736003,-1.5128568731717724,7.966870631966078,-5.8039460704220485,-3.5022640502758615,-7.2286351853275965,10.593121884826346,6.840563713551542,-4.772405694852105,4.253864085320887,7.295721392900849,0.7762009217498889,0.07628112959827527,-5.396090114536018,-6.690086877730652,7.665209302706587,8.086476835750073,2.2352426745419343,-2.5138556142299993,-2.8602834701631257,3.515679766646559,6.973381085016548,5.743122918746839,4.76618950802686
2.843696560526429,-9.36070019519378,-5.619220933451235,9.655467098723124,1.9019820291772016,-9.706722064070062,-9.479417826308854,2.85564866605208,-9.388328345074632,-6.4289824313922495,0.46700793812201613,3.563660445377417,2.59201445350746,-5.793078524507189,4.666819229468843,-7.222555335433121,-3.566355551622568,5.279803637986173,2.422173295303217,6.505135165918678,2.701863405191417,0.8871220931722714,-8.120620865587776,-2.5166811807975455,-6.796466962599291,-4.46732676094604,9.170212210701953,-0.20508233119625796,6.649282564643559,1.7554580111909264,5.693317092249707,0.46596731178987727,-0.41268963484431986,-0.9787461757388283,-5.503820083465266,3.500918358797564,-3.014526374806657,-9.967564270219997,2.01007271680146,-5.847542154069502
6.700239641456795,8.64764714650866,-3.290637728208515,-8.070076657808373,-4.447294709654888,-1.3919957299089558,5.89537230408514,7.033958283081146,-11.606926421851167,0.03270422737277667,-0.9633434171497516,-5.218060768446165,-6.082028480345158,-3.510671485943145,9.3455072413037,-2.7432011832791234,2.7186694431547305,4.205144669021196,-3.7715951312781435,10.283570407774496,11.114673254810679,-5.286902793719339,0.7860516564541257,-2.753705748435687,-3.2861245684804943,-9.136702530435768,1.4928129213847907,-0.027699083436355548,-8.511824521122582,-3.518848191176042,8.499262767332114,-5.588670153201129,-6.54672290202577,0.6491402732940811,10.092619138626494,-5.995081684308317,3.261304913400382,6.180213082986818,-6.63026692889648,2.4711489498460324
8.586823941060288,-1.5672342259567882,-2.6980401014143363,-7.588830840114361,2.071122185823204,-7.727357577625197,-1.3405925413034048,0.6330137293932072,-4.60994360685837,1.892032451420478,-6.885678199102203,-9.2222251098184,5.597300560586107,-3.950684398667861,-6.2061447396492575,-0.4143893028819916,6.0634580211713125,-6.363270779321765,1.1911167797968327,-7.687851099822819,-9.597110443391378,1.052518270601853,1.3119853730481736,3.2948632749766005,4.2536779905100435,10.203225145755399,-0.596539362424177,-5.9949607922392145,6.610616068494181,-4.417764469921046,-1.8306498299012488,-9.902025135129726,-11.529563430526192,9.304711641767476,8.368388375974071,3.7809267054429805,-2.1822764984061487,-6.558481441078928,-4.692054034669509,-4.243237810054961
8.62319333997498,8.829994872700636,8.634526716909948,-1.9550225430486068,-9.721119039734223,7.773726257573866,-0.6757465766271648,9.36650024908173,7.831563163014075,4.9248943592675145,-3.8131249831478122,-3.1275192268391985,7.45379555973359,-4.437178205738381,-6.476959293783143,0.757623721204912,10.475016293488924,4.870911591318104,2.7485203019751285,-8.032422355465563,3.122505473098277,9.892727079686406,-5.728728327835793,0.2940309820184616,6.1499720981983135,2.8167508298301493,5.608625939469875,4.528186153893045,-2.265920125563155,-2.6385152724185508,4.535488165844317,5.843666678351809,7.105376541987042,9.007086284336442,-0.4657922478821259,-1.171047849770798,4.755554928338396,4.148696691827324,3.29680545135095,5.363835904400209
10.133449450187957,7.858640640061532,7.935697338544908,-3.102482273069584,-9.075830041661607,8.614534942891702,-1.5444822801883105,7.488879677006153,10.13743402241715,6.842363294515466,-3.9953611409978658,-3.046608648055372,6.116904667520064,-2.16227213839876,-8.383383644540563,0.08182622138423179,10.2035876358847,4.561342314498114,1.0757608700448789,-6.809873810295977,2.7470046503794046,10.033737094059685,-6.972757678167103,0.831831264489229,8.05315393985656,7.011345407980045,3.7454220082326883,3.885634491593982,-4.0470701631756105,-4.180060501531151,8.050110009115091,7.186752896018273,6.797778627726747,8.294852415650713,-1.0695903983662378,-0.9387934505543143,6.115344731949221,2.5048240127348502,2.994737755775649,6.405694153459912
-7.232379902493986,-1.4857605279855866,-9.507928108842533,9.246497781484308,-4.875923296524308,3.753536055703387,-4.084526793457914,-0.6284514249856288,0.8108615228194825,-5.993863446456805,8.736004835829728,5.266945222365623,7.8505155892978005,9.015791926117071,1.6635438186336684,9.890240245588519,-6.701402108420702,-6.1613887163388394,-10.10390295433659,-5.57929126246805,-3.698491279237151,-5.946854189420742,7.9532198105000935,-2.749108878901268,-3.991705282160397,-1.3664993457701562,-8.379481929722008,6.931019391527082,-8.222213014021998,9.590533453324749,6.00973774453327,-4.389888563180737,-10.110600121065003,6.378598371754752,4.329743795683648,6.97225299609374,3.326050669299889,-7.835883950529384,-2.945487677873611,-7.115847083313226
6.170913649654521,-4.590077979990995,-1.5905938995764983,-7.092198891713148,1.8049617522911272,-8.540072858574918,0.35683910530317475,0.16871583035221727,-5.668136391751126,1.8029618251774204,-9.967196187116219,-8.864414744814717,7.000039825281093,-3.4778379623440223,-6.754681203995862,1.0990035770473954,6.123188640861237,-6.09137182707373,3.2377316812085795,-7.773048419449447,-8.326180931871285,2.304881194451486,1.1404766221275415,2.141635805966665,3.411372143453766,10.644977749244514,0.6833146420593539,-1.8708485528548562,3.874171704173603,-3.6726878869720734,-1.481708921307906,-8.784393368035852,-10.257792971839441,10.152539307443647,7.333138587527342,2.77710209683452,-1.656019673789532,-5.827999267902614,-6.693248620652372,-3.887301736681155
2.1498351604181374,3.7623909125475925,1.9394551278823802,-3.563353219103707,8.443914778510555,4.422261596011618,0.027253360164377183,2.9134268554738774,-2.2544918678817094,-5.080421898279639,-2.9000494928672342,5.340482829201293,-9.050491725685236,-7.921367561755896,-9.821374741451487,-11.044968587376044,7.2118413095878156,3.9161581469824456,-1.2269962483744874,-7.980764324827434,0.6883001749515325,0.5813235005584925,-8.071100020224087,-1.6838283162558745,-1.0688800996541037,3.913042995567354,1.8846093641944581,-7.715596875326533,-3.857843989705194,3.6654828774046715,-0.21903116060358807,8.692620089410195,2.7098414161236066,-7.0512021851317455,-8.722017681195252,1.3113354094034189,-11.232246459926223,2.225665818509977,9.793067175852508,2.117061060358683
-3.7203695523335316,9.745050247264846,4.654151904064536,1.0192302645440872,-7.28666350407805,-6.193791136319246,-8.732433303520777,7.907935895971187,3.998740819379661,2.5972099442098573,-7.971097539115327,9.502552980763099,5.750068767685308,-7.083531412173467,-6.552621046635021,-5.410259691006864,-4.042704261186779,2.0062835628921047,-2.8122753172092443,-4.187506143885216,0.9846644500344708,-6.846490904334195,-3.2702196391983365,-3.093524927807219,-3.4828141722864148,5.9024673746567675,-5.569785805099296,0.6889835232339302,3.084073569063004,-10.142045425249094,2.831113143479216,-5.397010013776195,-10.477555724300927,9.297362570985644,8.808460830483515,6.086424289227575,-3.5600481329942504,-8.533786283985874,3.0089524510815258,-1.1627977077199485
2.632423935821712,5.846294542257594,3.8721367773657565,-5.503031821012155,9.04808010591569,3.3094930315323294,0.2210649947259431,1.123528200724318,-2.2350292066337207,-4.881426319765388,-3.3254583761402814,4.669060453997403,-10.003024672128351,-6.1790745103097935,-6.916191657214142,-9.636120133439787,7.445285882717102,3.2318792250438277,0.25112788660301255,-8.519766848907713,-0.8787873607531504,1.47102268142701,-7.892031844791301,-3.7757943699285135,-1.29507506590353,1.9493735500911884,2.0558764380989536,-6.362260804118467,-1.7775211348878799,2.4586842167792504,-0.6452064681259446,7.575584672598131,1.441020003184551,-7.257412897343207,-8.6257240217892,3.061877395823248,-9.612205125961673,1.0223003817403686,9.72526697416069,-0.14217000668154234
-3.121634997693188,9.375789653404423,3.4961526289074394,2.081729389717255,-6.912857181795731,-7.088226450548486,-8.96686526807494,5.441673870001064,1.4735753271232142,4.254296457062024,-9.42845372208655,8.370521902313929,7.914560656873136,-6.619392634648978,-5.394043455331251,-5.904715441059639,-4.561382450653048,2.270439525254269,-2.5547364589141655,-3.2562630224291595,3.237640212490568,-7.880742996035808,-2.7646417292313084,-2.922809648725119,-0.5899066863794236,5.963841066631494,-6.140833098303354,1.0954970414320147,2.6417800977930628,-10.819523718838227,3.455237280906919,-8.252009514289844,-7.666421935952752,10.10441588189425,8.221674231275989,5.7571326743746365,-5.013429285018523,-8.261478750161057,3.376626246057396,-0.4172895929386332
6.166555649454535,7.27330436896521,-1.9882915518768431,-7.919233448772231,-6.363321074338348,-2.1736701413496244,6.487065919591974,7.967942836905078,-11.196784234526707,2.0626060544937643,-1.3431046429688038,-5.091387817615982,-7.69988219714978,-3.2284376045763152,8.709910940322981,-2.518145390548935,0.367883847413952,4.827429396396266,-3.1612554757666924,9.63128218273153,8.445025554602802,-3.7478258509431797,-0.8887771228714059,-4.3074132479259335,-4.618150524905393,-9.616212440583114,2.913782449040874,-0.2630773001594135,-7.576500444459141,-5.245545801397939,8.334695189275783,-5.984548175973152,-6.681129775644071,-0.22689452142550928,9.557947037513536,-3.9704196032664676,2.7883690770624687,5.818907464192351,-6.016209032826799,4.677012172397565
6.831640818711155,4.474435547532858,-4.854393564457794,-7.994882515915289,-4.354955423870147,-3.832112177205481,4.275020734187315,1.947715152933006,8.31547906176277,0.8349420991889436,-7.138101419987304,4.368277740671994,4.2292604732387025,1.7423692172143759,7.575693230820519,-0.5047826965072777,0.07867300828801543,-2.0102687638100054,-9.981031699612517,-10.587471013806296,-8.966380900409602,1.8826560489209947,-5.323143497265266,0.9246037730266051,7.069311693479923,-5.352824470906258,-0.32589914809882625,3.7018069728364598,-6.9566349247653125,-8.191095613861803,-3.055483577714271,-8.349915972651875,9.001642783688638,6.743407131250031,0.6089146465161495,8.227713141661576,6.95004741782447,-6.580384395535308,9.103526332097564,1.9233004126378592
-2.856247939092417,1.9362739524268653,2.7076865571543505,-0.0141642007989502,-9.222198672129274,7.185169039567532,-2.955668152305646,-6.457226792094527,-7.81684586496875,1.5574282772697237,3.248512691720111,-9.00775443909718,0.10943558104228326,-5.3852867670150975,0.3830173375699326,-6.495964035162196,1.9915588245780598,-3.4862436449881224,7.399277235979185,-8.292164270613961,-3.7275268386270826,-8.217022190733704,9.158147569828381,7.769174881754315,-6.742241874514874,3.2829755582303877,6.662699250607745,0.775449715736289,0.5321255902134268,-4.97264405659391,-7.373345046246435,6.369435171603799,7.764044104626959,4.170365243523088,-1.8027428707280297,-2.164871579971002,5.055938261360464,9.596839947453631,9.659576486909012,5.468430929105624
-3.753644878112931,0.8652349717912877,2.7210209793573377,1.9777715721668423,-7.268399957315776,6.624137616059151,-1.8374090023897869,-6.838691182849488,-11.102329830702745,-0.36424243043612536,2.3700962962499323,-8.851618678180648,-0.3929415174817663,-5.009125854183939,4.549739191772975,-7.612768382477977,4.29725449384521,-1.7263300013335297,7.873861786261587,-5.895370191835052,-3.4663800345443065,-8.114282556101228,10.605485583989228,8.069553809986337,-3.91587689601139,4.554573852205419,5.693970004565101,2.353837329042926,0.09111745212245925,-5.707577571329264,-8.40994461619015,7.322250324121579,8.830517575923771,2.9292398006104152,-3.710628593643099,-2.3413034745919603,4.243931140018442,7.614134828686866,7.79041237020389,6.060971272818693
-1.006840570956722,9.088380908618097,6.2684943817993934,0.5930682257258406,-8.583009630506425,-6.935657292172565,-8.454262307696704,7.2908281674046105,-0.04514186517570096,4.072331516408121,-10.892779614588804,10.067869592069924,7.015451062105284,-6.6930975727618325,-6.8773675731946815,-7.391123324820275,-3.9778342380824174,1.4502709531459956,-2.346825673493229,-3.671370680521317,1.706800276075149,-8.002995619221506,-4.264137389250195,-3.70800545654554,-1.4322496210064626,4.505641335271425,-4.041799223916416,0.31995232024396114,1.148565869248264,-8.857011834865823,2.0385689883379365,-6.810487125787393,-8.084801440250985,9.735218455113971,8.78213951388066,5.592128721684541,-4.182776313684231,-10.348478884607907,2.169469468044585,0.1699241422365516
5.347582743468366,8.378029317621607,-4.041979800837512,-7.053774627552637,-3.9580378643045755,-4.063420983163407,6.471362791645493,5.47887772817924,-7.419168804046414,-0.25317848224487494,-0.9054066951990478,-5.59316065018029,-8.405777234045402,-4.169749619104867,10.443873251351144,-2.5800032994065845,2.319396522244886,4.115832513061255,-2.43948833116812,9.168450088763926,8.961863695727214,-6.006241015970085,0.02898030877206116,-4.771680398550805,-3.8612811902864452,-9.092250833929135,2.4789687232736592,1.7287104042674561,-9.008142924765805,-3.6703437124143425,10.216827183418657,-3.9021451173655044,-5.948932859720694,-0.5176330099692392,9.942652137779811,-6.477170861799933,3.9416253490819866,5.506852484188192,-5.223863994995826,5.591521760480052
-1.2037188158984211,9.03528996983108,5.321831807523065,1.662902927347276,-6.555460838662828,-7.0102526476436315,-8.741331791643292,7.918679940935617,1.204079551630703,6.2538388316063696,-10.594327495583652,8.184008430452154,7.806963689508503,-4.961555092471541,-5.7393808388058325,-5.703564293667044,-3.92740191365616,-0.4021257388410743,-1.2852950689639588,-4.852578907551273,3.212177627865341,-7.357180168461301,-4.9826042260881485,-2.9941489757791593,-0.4656688613836562,5.139794675056298,-6.8287447523992375,0.5283759797641449,2.0932579483495726,-9.577934920971174,1.6798587324104437,-6.357467588896534,-10.147052481791734,7.5702469706901105,8.59419644023875,5.954499810617374,-3.596817050934582,-6.5712015029227695,4.542320153445157,-1.3568886551714001
10.177848680415071,9.444402097117624,5.8910096663787925,-1.7133325677859181,-10.963172682684634,9.425544012428494,-0.5347990354155472,9.662988978254601,9.81608044066175,8.15905989719119,-4.606649832419014,-1.5046157682590162,8.185756733294173,-1.9014772993359688,-7.7159253523378535,1.5445413141547717,7.761606284154155,2.9166739157979618,1.7602511741932785,-7.979014309788491,3.4451460125053806,9.454900552491056,-7.332371131466531,0.5780973096129199,6.685632587122651,4.092302510068158,5.056413485677913,3.500726638461077,-1.6277004091552112,-3.520850534041838,4.639692084081337,6.732646585421405,7.8639261946962025,8.687739659640712,0.08497125083574605,-0.9097415616478598,7.312116345448123,2.8976990268324676,3.1559313848186994,6.373322074810028
0.16424279696491684,4.3816514910455995,2.476325021504614,-5.022640436324505,8.916173523284456,4.834771108921988,1.0601651694387209,2.2324303005490163,-3.233681458925645,-2.7133306057127418,-2.648566097906758,5.594489554924514,-10.052121338199944,-8.552701884419296,-8.92891142859477,-8.896147042979571,8.411020557674878,6.150774871115272,0.9604989857367199,-9.809845710399928,-0.6281006384731461,-0.19474746443431923,-6.9362482542121295,-1.3667938319862758,-4.175041556145712,3.2312149620276345,0.8264177785464168,-10.666409328706443,-3.522418491762221,2.4196643605159274,-1.5600001835771056,6.069404589701614,4.322817674688445,-6.853671811396831,-8.155078073293343,1.6121427798765677,-9.523609813724793,1.5796450191578966,8.009334357592762,1.4584064533997214
7.952022618318473,-1.395896174036844,-1.6585072555577076,-8.927633949208891,1.9172216564782052,-8.476840182644905,-1.8633586862558722,1.3470420389568831,-2.9236860012291914,0.959192559755069,-10.10931356880352,-8.092563719668373,6.097774900286674,-3.7781955851938407,-6.576516703928229,1.0217194378219274,5.494264969468294,-4.558996821614433,3.65344475957456,-8.375873608947419,-6.992039189075142,2.210482584789957,-1.1715960176884792,1.7184806065309506,2.2665348548109914,9.192326594525937,-0.8852112322761576,-4.355188939914755,6.994292042156945,-6.338184034493596,-1.0908358448564652,-8.307195930674267,-9.575374419242994,9.383746975538276,4.487320699828357,3.1099296060762684,-0.2779402464572136,-7.730984684092766,-5.204648333014079,-6.4019644484865
8.168396412971704,9.504509651000337,9.56441594713371,-3.9906304407907625,-10.713645910410403,8.555202634474977,-1.400715065748679,9.280898875410532,8.961622362997378,6.734128786895183,-3.726764021786657,-1.1641028743223218,6.541780700648711,-1.2231605517037933,-4.649453630537834,2.465280878747085,9.34557881777718,5.928584039969616,1.11110803678789,-8.889074536574864,1.7741724745794114,8.798134198995182,-7.0765183729561505,0.6664235114024785,7.7483012772402144,4.802941002902289,4.0734693480769755,5.786005488592075,-2.190125107965813,-3.2056543181053114,6.378013046257061,4.58667919511554,5.527563901132564,10.347621041337943,-0.30497429801246456,-0.5864254504079401,6.211566820712752,3.5496815938852304,4.71619968248848,7.690271921602024
6.3497288098464955,8.433431088838883,-5.23012182381702,-7.816329516955563,-6.027912484720919,-2.106259036433687,6.492979937582938,6.664159792437655,-8.478819394529511,1.4030079278023757,-0.4699516430823807,-6.052753986075697,-8.565191488245667,-3.165666642539325,8.707845711964119,-4.14476452200826,-0.7999220117996391,4.018861208635484,-3.1314774026665937,10.123988691457233,9.914051950363703,-3.8635542780699996,-1.3143254340323283,-3.5813754959709745,-5.03065581868432,-10.482675263720429,1.7626844426492267,1.122285444711848,-9.342743328570698,-2.8616160553086587,8.714196234853409,-5.602852665641129,-5.942054129269129,0.23445197766554643,8.78044969376531,-3.300091934189476,3.7021897712040484,5.251188498559842,-6.102781790057622,5.743865239844929
1.519666917634028,3.872657173336006,3.0611758854082156,-5.0710069948582035,9.467481066083709,5.436285219234401,3.2573359132043382,2.053440660188893,-3.0564162262197128,-5.549273900408369,-2.0334865055931117,4.384277019157073,-11.194257826859863,-8.430364876149746,-9.61331307731426,-10.268093501585254,7.326688194336583,3.994134906393754,0.27318182256530166,-8.489176621905559,0.39038227090514843,-1.0228353784123527,-7.665574963608432,-1.8659861504864725,-3.6481725011028283,4.1052176010273085,2.844372765138878,-9.889326694889574,-2.885391869752636,0.06673433104465731,1.497078396673571,8.466344867980677,3.281414536538997,-6.421849162308,-9.856301828917063,1.653415668865795,-11.167069938355295,1.5544435396956742,9.865640233365085,1.1262689288152348
2.956915010265904,4.874193563726948,2.7182114863666014,-5.142567746061815,10.138177806672338,4.78645848580218,1.0961411039847684,1.6359346982629255,-1.6694444323647089,-5.684335060779623,-1.5188349707487703,5.8739823615427795,-9.886899066705656,-7.8680152729144055,-8.987772991325727,-9.19096419249273,6.152275500910978,2.172383059215492,-1.314224084694524,-8.171834277645,-0.9055156953808442,0.2887734460068828,-6.76511573770045,0.5506065597880803,-2.5913995702816797,2.457718759745887,2.413011261183091,-8.654141746824289,-1.441996578473532,3.1254792732118233,-1.9680710978643048,7.629658434239312,2.1629944900978617,-7.051080636787684,-7.899295865154066,1.7286246557112728,-8.313825781682514,1.3621257259180324,10.975542201417266,1.5781613833113421
6.645184749810094,6.842352078895318,-4.654847071361806,-8.39826429807019,-5.0466526658045,-1.099544412542106,5.517193013786992,6.047402179512508,-9.579373984290351,0.0330859857611536,0.5054359504233172,-5.521240134022316,-5.788439825626069,-4.41808017003178,7.284981138688678,-4.6560264921104295,1.5649422163207887,5.81648076759709,-3.5095874063667543,8.975075624659656,8.079964988629722,-6.775993930611104,0.6633818156243396,-3.7594135007024443,-4.292702129776773,-10.662317590072725,3.8312433614265977,-0.4497762734722429,-8.436798550183738,-5.881632120512496,7.974792529713038,-4.917387730421968,-6.7750273401222305,-0.05629625121211418,10.207531574260788,-6.289415025802953,3.640083553557232,5.346149990054628,-5.0155764359569455,4.636672189556373
6.278249745828694,7.679309548943841,-5.953789996169597,-7.778371332211786,-5.139504818508294,-1.9703376183557761,5.205658369565133,6.334005205345218,-9.096769773240622,2.1874708245982206,-0.26934659611898737,-6.902189795415946,-6.74806534277564,-3.910858947736731,8.275927015741608,-3.9979169575561793,1.0818793847227528,5.019632554352595,-2.8254390236939084,9.35457091341119,9.713209642078017,-4.396359543968475,1.121195824606239,-5.266805779173806,-4.283162772646618,-10.330285428800522,2.140344400534534,-0.17259482310353072,-9.017174428902916,-5.226813603378303,6.678027926125646,-7.303199713375455,-7.233282712440379,-0.6419459002816783,9.037071417408187,-3.8363461069383304,2.5832727613222612,6.649226388713154,-3.62340537588275,2.6134265054478103
-3.5177523071289585,7.051660436525743,4.989528883527795,0.40836691257867686,-6.784282991709962,-7.143557809358196,-8.159184981197814,7.021477416008839,1.6928524485170842,4.893322260209205,-9.253252084999833,9.714353000422664,7.118120405816962,-7.288789909641583,-5.606711975871006,-5.7194410089177214,-4.931838269385743,0.251048158970556,-1.4004069147853164,-4.309913980440894,2.5709178610161247,-5.778756005127979,-3.0753403016228082,-3.984982327557572,-0.25653032535323184,7.032452547395683,-5.6197158361436035,1.3756691934581995,3.860561822941615,-8.047282199493063,2.4002056336704953,-5.544429052169416,-8.554080307197518,9.001613788351621,8.961226425777454,7.731360321161329,-4.726153282474588,-6.514189995194206,4.184524653983509,-2.5962563000099146
0.973260675008026,3.6196889800402734,2.274196809702235,-6.118481701444351,8.785977001179619,5.6519653877572,1.8610173925322862,1.4822850384463426,-1.3877536729125148,-3.6877803947607593,-4.400613472320001,4.998086228914852,-9.425633936595943,-7.668531849824884,-8.22931376554755,-10.683249983282463,6.103393019422732,4.75519853029647,-2.21874747934851,-7.2315489459466935,0.2821356585685598,0.21135515531667382,-7.0052522545594,-0.813128578527088,-3.2021928822033177,1.9024970185780103,2.738211957630409,-9.99266922911602,-2.2896408394363146,1.372991085491461,0.33137598143676456,8.871647128153723,1.9172069937615421,-6.7638715746473315,-10.206586110036552,2.015431546035895,-8.767824617428117,1.2848830236791309,9.547014967267614,1.8653669161943374
2.088776179115821,-8.31108203595722,-6.4479249516922055,8.455568009671326,3.63474832407626,-11.119531396448988,-7.632808822744047,2.623092562572949,-9.46875494305204,-6.35250678529698,-0.012243595900608417,2.9367516112197767,3.5508682535215863,-5.491209300044673,4.023962586219112,-4.597031420289025,-2.7602875609525137,4.40019798965878,2.1406048433017943,5.722549233045918,3.185711966208352,-0.05698821043913327,-8.027076185209115,-1.4288471473868898,-5.0494124166517755,-5.656411412958493,11.458055868676057,-0.628343687477146,7.076333232986853,2.761785701004233,6.224904313181051,0.25640228483002003,3.3527511402399695,-0.0624162312033012,-5.857905368408093,5.137704600376522,-3.194633035135217,-8.576781477066818,3.447530704454996,-8.016486217252929
-2.5468323254775984,10.117588010214844,4.754106484890141,2.12347144540261,-7.243239403365126,-6.937055216997014,-8.530525987743951,5.613354522842077,0.6741148127584626,4.904715649943624,-9.417444675956009,9.214213706887207,6.667286749073829,-5.405636081072806,-6.9032603361673495,-7.110214528333636,-3.719309885711564,-0.4832441449702748,-0.9528468714432133,-5.878000800277002,3.2662135317732335,-6.73752530454612,-3.901077294981761,-1.6900721501806522,0.7868741288032961,6.717889292878404,-7.847398588164451,-0.994888198463469,1.223472799545171,-9.044900695389211,2.6685560584978893,-7.315261339407636,-8.512201375817332,8.222327812713344,8.70112285849924,4.761285865480999,-4.830957862643491,-9.398242325488656,2.7087872772658046,-0.14330832860013354
10.223392359748612,7.945000719004292,8.901576195767753,-3.155439768022241,-7.912789792671011,8.629817980419844,-0.175938515513671,8.571769032412265,8.023870859460787,6.82592965214609,-3.8483387006614493,-2.808777109977908,7.781040856612105,-3.8715134646848766,-8.691582228044755,1.6888372283600042,7.840558424068462,3.558998551822941,2.954354605326654,-6.28365840046354,1.7246510988905843,10.378863632717104,-7.750594185692164,0.07972006837613205,6.941686023660555,3.0910286746876037,4.03537004363907,4.337847066688353,-3.481178720916035,-3.040371403273024,5.751142892475053,5.565056068724602,7.867949489710181,6.722129061156899,1.1335270089215626,-0.37184326365037074,6.955189655729593,4.287409141384459,4.679490987511208,5.103880095993709
8.931118660529906,9.197117431643484,7.116852784523731,-1.954276150210522,-11.39093261634062,8.750609332352191,0.329275660171787,10.013646918692475,9.94669878782216,6.162762434398518,-2.341960105455425,-0.9213273333592062,6.17914340744157,-4.136323138689324,-5.355489021351462,2.9321726274837614,7.458409448125331,2.916885163774883,1.2574366453651291,-10.227564154027146,2.319189694192819,10.98682051611525,-8.636956711505269,0.4937000122498224,6.965690733563794,6.4553183038380055,3.3705229577723093,5.568674767490769,-3.407632046416124,-3.3569873093760028,6.439168727932971,6.063995227069316,6.550917802548099,8.58790647244732,-0.2136872852661551,-0.6594403310641459,7.438626320711223,3.54680884304853,4.68297649706127,5.524254870109758
4.407611770455747,-5.18051465177675,-5.335972697319869,8.896750718449448,0.8160848415667816,-11.00228122917845,-7.6103789583141355,1.5719592342415507,-9.283329071784406,-8.91876086241104,2.1269091728963385,3.516203641920266,3.1658221355222005,-6.2629861072092865,2.3450580167281445,-4.020322970869737,-2.1563046418599314,4.578340337156785,3.654587545678302,6.593576789673155,3.4407476902731133,2.1253112656295414,-7.571419718864276,-1.3047143254019837,-4.177071970660156,-5.092122515379733,8.69879212717149,-2.616550886988713,8.650982500267284,1.1209460010311392,7.002033374245765,-0.2284018639106914,0.7194717881192918,-1.2483703004041888,-5.420772458390722,4.434400951426788,-2.795787527953064,-10.776756321896846,2.3312822950814938,-6.550007569986435
-1.3172305619087679,4.351064396308729,0.43477096912108415,-4.594464337889215,8.720141852072667,5.299976203776243,0.415062671176084,3.8039296939790104,-0.7598358782137671,-6.557674241628365,-3.1648927844491106,6.684107353471257,-10.409762132804417,-7.731439514887086,-7.675819583710168,-9.726019569683375,8.232191620303038,3.163157584986855,-3.4041372683996145,-6.814787470539343,0.2710525423941224,-0.026000309054221238,-7.6289253931049705,-2.3363196317374033,-0.8794687923163909,2.5602092684485926,2.584416960015116,-8.872993142444946,-0.9992421774582751,3.2408865413372965,-0.41192002578340436,5.726308962646392,3.761926394206686,-7.665279469005635,-9.77100198961017,4.16413475100038,-8.597368042409416,2.101197552149763,7.566207767561902,3.2987496182846625
8.485788682552709,-1.0897084701513977,-2.5479949575056176,-8.098900943157643,1.3012818640731398,-9.724568671457305,-1.6986304647445842,0.9369575053473839,-3.9141263508381554,2.2274355505731114,-9.325631174351933,-8.32686542019573,6.481447903935554,-3.2054890600087034,-8.385777928936822,-1.1041100104818413,6.860286239908702,-6.382634075550468,1.5321423730927117,-8.710588928451614,-9.244754363161642,2.2656050672657333,0.484555329110959,5.381981595365776,4.585523879106413,11.574069838221948,1.219936247454627,-3.179833121330319,7.48157202861156,-3.461125180818216,-0.585892501701189,-6.113278363382989,-9.991377843644472,8.258054617596772,6.043371668432164,5.671757311957515,-0.37018109062850746,-7.059375498063471,-9.225910434172144,-5.200987073086816
2.6220527189978293,-8.867901582066281,-7.465088564120784,7.964123887629228,1.9030533658700703,-10.207935494779967,-9.269288777668732,1.6519235643506163,-10.187284798271191,-7.185935076146557,0.7776389270548952,3.7292821559643556,2.5167228481691937,-5.727021234607009,3.3900561188472222,-3.731072440900715,-4.291746184964614,4.558847392895142,2.2688691918304134,6.243886669678656,3.1768994126448136,1.2639378568264195,-8.585965033813359,-2.929159930365641,-5.415766197358762,-4.718481494692168,11.515403837639626,-3.0128867838980105,8.234894327276873,2.667721476965968,6.564855828965558,0.7495348225999133,1.7434903897458423,-0.18946669973782132,-6.529590443687556,3.684081952121471,-4.481398412134669,-10.798269502788605,2.3155899280258883,-5.350932787386452
-2.573886228085269,9.087160226213838,4.713075827229796,1.822926695142472,-5.687919694044205,-6.963827553125158,-9.957873885019179,6.929993059528974,2.200994951674651,5.390666340217959,-8.985215429135117,8.547661764492842,9.134042732687327,-5.488442475456497,-5.088109917858973,-6.483624236508553,-3.381795896103796,1.334597137163162,-0.1429049154034292,-3.118048890660936,3.109254894520568,-7.525209518153272,-4.728853071251699,-2.3401556238019685,0.054527756681788775,5.480798527083666,-4.94135239111842,1.737305513758412,0.9319704581674301,-9.907912449396324,2.01052197912343,-6.281904858064974,-9.22353515406146,10.32991342393381,9.736707523009638,6.207394010569961,-5.3436341404011145,-9.36237353629983,3.965669780524944,-3.3295457513628093
1.0698585004946988,-7.30844862841498,-7.722944486526962,7.73456325513585,2.7262421944697945,-8.355155541522873,-9.050501424576197,2.8235517965666883,-8.516349693068472,-6.32012509237458,1.6458471463833313,2.7867722180776964,2.6600156601254534,-5.682449243169234,3.3856896696077428,-6.929587875737906,-4.002504595578241,6.284116301944913,3.0518314465047904,8.358759123456935,3.3312787602363865,0.601464337121469,-6.848885630206428,-2.43335779814343,-3.7341138139380936,-6.1885353035389,10.498967384663416,-1.0691562311205933,8.130698247898803,1.8158504341354753,5.850217242120356,0.664033009342086,1.7726477124637154,0.4514366144850426,-5.082894336386205,3.800595651858185,-5.5396283721430235,-9.551219472743165,2.5797027592734887,-5.671939998702871
7.887659820018431,3.950604398427666,-4.408393125336913,-7.139391710717828,-3.496442506950375,-3.503396464015889,4.194574870215503,1.3666314076792663,8.73198336745113,-1.3313078581986169,-8.387921756971567,5.256822054346854,3.3327175256662223,-0.2980538592782416,5.401209355583139,0.16919635629266694,0.9393912356088054,-1.7509781262252606,-6.961247796476407,-8.070064018899744,-9.602202438368037,1.9312215564617308,-3.588973561952395,0.786375055340831,9.35490753305532,-6.5034396814627184,-2.0383368776431072,5.5577263816701175,-4.836979155573015,-8.453853145619602,-3.662546972192537,-7.584538147845712,10.151858479169817,7.155035694267768,1.3231473431432974,6.354108755637601,5.026519787875385,-5.590628851382755,6.566452203382089,0.4558205041049334
-3.1388299474970847,2.6837616769687385,2.534458366350921,2.695648033026562,-7.619298557996798,7.2365017648739105,-5.227667735135562,-6.634271846120048,-9.671159976228417,1.0317776649568289,2.7514065713323026,-11.4763663753845,-1.0339920386957084,-4.595991093276292,2.7605411161958155,-7.019073838174505,3.8133434273966116,-1.0979023952881009,8.738810295610476,-6.709206986149097,-4.025277821383087,-8.349159525934938,8.847849250634932,9.439440775956733,-3.411392586182014,3.7825089901397186,6.495877764185036,2.505085587616418,1.387689890165253,-7.4566162043616275,-9.191875491737237,8.282455484424466,6.221393577715636,1.7644401407084973,-3.91921912268396,-3.271974413992616,4.2316833691785805,7.653084771884716,8.56703600254266,5.332287051701942
5.844939673800119,7.704170877331747,-3.9544308939129227,-7.567291570427738,-6.1940159910642345,0.018270647090890213,4.884064838140462,7.65948658180399,-9.218836385499602,-0.5447057092820624,-2.6755143823022385,-4.5406695764152385,-8.593553407343059,-3.854360512678008,9.745503040710132,-3.5012001260458714,-1.4213312327617822,5.80743832245707,-3.257418711194086,9.032884364512798,9.504730151168587,-4.339277286488644,1.9060744091391768,-5.642501953070304,-3.477237903524702,-8.519251358859268,2.05412176872382,0.8408541593934525,-8.036150957363667,-5.809033500254776,9.915084225213905,-6.767524439798693,-8.23741883941431,-0.47273246807283553,11.637949595399071,-5.467151199523378,3.410777058066761,6.664470910478914,-5.54756726271748,3.3858902593065157
2.141855192031151,2.3423080624575308,3.713975315998889,-6.239744215829443,8.68329751814462,6.000627206186261,-0.5468710414137559,2.0857060244684047,-0.9802280757170145,-4.581210709632465,-2.8103604271964056,5.652685721625581,-10.322954183009172,-5.745751334528677,-10.69056501245678,-8.023353209291823,7.298706217003661,4.690266418964823,0.2780225993302443,-7.4876881835167275,-0.9787042582223244,-0.8168342738774683,-7.987552268858527,-1.6214627412519622,-1.7073863172440882,2.9241302364010333,3.093307362347137,-10.849009545989245,-3.069921639891304,1.8549488249171993,-1.2474427616416046,6.293863422662684,3.1751518127484104,-5.3275229375929785,-9.541689381200399,1.7195211291206143,-10.069246232812118,2.052978012555376,10.028312718857695,1.4229746498276103
9.914510025068402,7.4631545957830845,7.508444555808459,-1.2971856205816419,-10.42196050201772,8.50945708834433,-3.1416059682677986,10.48612979638634,7.359651335933668,5.417378528560583,-3.0602050977715827,-0.37798374839493776,6.732122345612222,-3.708422708737272,-5.701865506495162,1.425473063864386,8.349877303838955,3.4351423121137667,-0.1655745556976851,-7.823528352464409,2.2082277119139198,9.363230822972584,-8.200134490831909,-0.5339378060186954,8.165838359065807,5.697036003493135,3.6131986636147437,3.6172021064958066,-3.6638250222191,-3.191343071135875,6.218218879226179,6.570168872910882,7.6999165016955375,7.957109430595491,-0.9385121226246647,-0.9658072619419272,7.093789111982955,2.2735943007047315,3.628975225405717,4.78146285335081
-1.9560522371267037,1.815233948016459,4.653866871138655,-0.0848974228015198,-9.076593901990456,7.25571972527281,-3.5046102691329595,-5.942777385741981,-8.957183373412404,0.727466664957398,5.1646461659251335,-8.774701215553769,1.600811117252736,-5.998415385151665,3.319979352904169,-6.315302957665479,4.946757388250828,-1.105044942159633,8.927650577692805,-8.767532248923386,-1.3990110919071408,-7.17454214149808,7.885435324180114,7.953329205886313,-6.352260994149411,4.255033988154624,4.873232259745165,0.8831817399521644,0.8374660167256791,-4.124114470008873,-8.03139996744764,8.579278032679085,7.980194234817056,2.6298431945210767,-3.1339269286776887,-3.204866428599157,2.8325433343233524,7.173881705354915,7.986503326414044,5.348389913663757
1.304601189705081,4.279176989382198,2.2973153702592466,-5.463012485389175,8.52939493675067,3.8041584541133355,0.4792680882081679,2.132519298567467,-1.6333003400071595,-5.665761485361325,-2.3853368723345634,4.967915837138999,-9.497431596226702,-8.423137574795248,-8.387074605054938,-9.720270053872182,8.717765916958802,3.8481658335093067,-0.6112074797480191,-7.449728300637743,0.644167695791633,0.3890290958026442,-4.760374568785726,-0.6610814918365059,-2.096891800897246,1.7873560456425124,2.5680447341531973,-7.609903314130227,-3.8947140104929443,1.6981901978256326,-0.15626157193180837,6.297481354219705,2.765100647536752,-4.935076920024895,-8.886718091621363,3.260034129289257,-11.127970639163298,0.6130743561508016,9.737288438121153,3.1775119960624694
-9.631590484800421,0.05757004390899112,-9.39492732271403,9.322599416218186,-4.465345274519295,4.584674881252331,-4.463142706127951,1.5395107545238347,0.4052892077609378,-5.525314827697187,7.932934162760478,5.7377917665884794,6.805290889837873,7.629409522611221,2.398353570099616,7.916516149231239,-9.280587587717577,-5.234224282321162,-9.198917011636164,-3.9829640317653845,-2.1845582850560827,-1.9363502225764937,7.728253032820133,-1.7023597979403737,-3.9457634872600207,1.0204069357421168,-9.577597788835163,5.364959268617663,-8.989561539607058,7.862846667962813,4.287479595717714,-8.006522840239185,-9.927881493225325,7.127994539945498,5.243921395576672,4.994927822898989,4.462010592520345,-10.451172123838152,-4.587554128516049,-8.951601386751904
2.311911290248939,-7.73008630302804,-6.6073148274681275,8.727395061230995,1.6216938433245764,-8.44410691698825,-8.039902850828659,3.964580934119298,-8.703361824152685,-5.668714656155059,1.3355041957335194,4.6572508602364096,4.780885854024298,-5.001012576814108,3.513938024889137,-4.6719675191001135,-3.529287254834236,2.581826967956139,3.454656004647387,7.101118859899167,4.3086756175043055,0.6160784092211251,-9.632214305817458,-2.4770030794008195,-4.315775258760045,-5.02637418703276,9.480919778734316,-3.206772460871118,7.702013966567344,2.274366690440843,6.968934811600408,0.432067226134456,1.2600805707819869,1.574238752800044,-6.364047920254119,5.00682902911627,-4.551474084772167,-7.88252815634292,2.996305693956968,-6.341372183968348
7.035196757414184,8.28272658052828,6.206433007095855,-1.5179960411510005,-9.267771425429228,8.314730737069727,-0.3269330528929233,8.261940303470118,8.452418486420502,5.126395829045458,-3.3366684635880737,-3.1083867142707686,7.038429043612961,-2.6589834962997694,-5.239294310778729,1.1068788976764332,9.107332919486975,3.0167456874557987,3.0845967447948315,-8.222620684883996,2.380429485851516,9.394223929822038,-5.999070696855764,0.5661869703579246,8.308396015972733,5.169330495062971,3.7199054366893556,4.979150241041777,-2.4648607810295156,-5.089142175557367,5.198011725760892,6.351094622615251,8.248904273989702,9.904231599635832,-1.550365480362046,0.055985742842713085,6.455551241510499,3.294947750550066,5.048664650187776,6.571387365213522
-1.2972536376663497,9.275536659432177,4.270601696981898,2.116558151282983,-8.655862424049591,-6.4714567817952755,-9.867699264818082,5.970852629655169,0.4999410486462845,5.2741399309108346,-10.21757350777674,10.931924753156386,6.113051352956138,-7.460575744027423,-7.4800250958066465,-5.0960981829243845,-4.071053318745913,-0.05315866384584367,-1.2010814013048976,-3.673634459871616,3.3544567103500507,-5.761623557066237,-4.516875675084723,-3.998810820208204,-1.2920654767825566,5.963799734443159,-6.9702832830434165,-0.6724621466228103,2.192079258790735,-9.119644097170497,2.1836940334403527,-7.348012860954239,-8.929368854500177,8.053477600798361,10.202839072615975,7.203196297052974,-5.753912478770681,-8.976068580064732,2.1881312751530584,-1.8469740596148712
1.8214623017838507,-8.167612414528339,-8.783455937621998,5.925460879595983,4.298676185068059,-9.198369579404067,-7.849559899480546,3.6337080300000975,-9.752427399326445,-5.786488315098501,0.34223159526774416,4.024518779927433,3.2666464579897267,-6.561471769247142,5.5205674860137695,-5.700694989965408,-2.4745843670057446,5.044740828731963,4.626242813353352,5.943089121362035,2.067499044496417,0.46047647570512285,-7.993209092923776,-1.104215543033124,-3.102859028200241,-7.430175732856768,9.70991825627145,-5.350999117179814,8.635962897327301,3.740941934840465,5.8559817961407825,0.1367234395985964,1.6117165854674214,-0.934088042363968,-5.66343445871763,4.217634303576849,-3.4542610418932655,-9.627307605890154,2.0484228116550978,-7.993651082724531
-1.786337754811594,2.590672648667751,-0.4280782629549727,-0.2671174214196439,9.242970245870309,-0.9794353842603025,9.413577536277453,7.389772012489325,-6.757708697147384,-8.03653268160145,-7.414795660258386,-9.279021504242252,-8.148665814875688,3.8630954436782288,-8.641136113999133,-4.001368433391201,7.654983129542671,-9.224444444142376,7.579911313700986,-3.246039124347969,-7.359222915222831,4.530123940479325,1.6216696708617984,7.4718507925798106,5.04408370616202,4.486882552422922,-3.929886488254733,-7.41043609898848,4.162711142288669,5.60720922817999,9.77959617377281,-3.075675018802931,-1.702994809530508,5.705677454202118,-1.2589501643791314,8.915226967591211,7.739060214763232,-2.2739837202522653,3.8356110647166646,5.710013604110814
-7.839737356516041,-1.499327954982451,-9.42036856808705,9.298508660796982,-4.1391102832886935,4.652455012998763,-4.068663722010774,1.747460218070474,0.7409013604176231,-4.831325806919565,9.369835807849048,6.209887841026568,10.265091195593639,7.70311937997177,2.1763885637658764,9.726348125668636,-8.363153122891672,-7.401235034123257,-6.95244716720433,-3.9631578490718495,-2.0676981552728164,-3.417012695070955,5.966256279307387,-3.872801379350344,-4.1275725094775515,-0.9391547347474198,-7.4694215773726675,6.2889782793962015,-8.778939023229748,8.1942877888246,7.03907334213716,-5.922148215367376,-8.458405539766211,6.049192318916237,3.2571348952615793,4.849324281074907,5.209619807390695,-9.69686842330955,-1.3609011703270517,-8.3048890323914
-4.73501487670922,-0.45066818628338456,-9.904695033076147,8.513480416453488,-5.406461702092674,3.6494898277261663,-5.085855665949082,0.16260782149278194,2.219787821227272,-6.3599721809206144,9.533288342031055,5.977915071939602,9.960640460601443,6.241322296363542,2.5425236280591372,8.169345561220572,-8.063512063649771,-5.020392581854719,-10.289640873201083,-4.506037826177803,-4.161884165924166,-5.122178306285859,7.905182527417405,-2.9855206546016837,-5.721434701907171,0.36824291858992275,-8.66937720399537,4.918753513349634,-8.12016821614087,8.563865405704316,6.557529691136449,-6.096806660146888,-9.803962953583426,6.0308556014887875,4.909994715496066,5.3633032485967576,5.760461285631086,-7.954317859410544,-3.042775099034973,-7.1404158025883575
-2.90184925233808,1.786728337701102,-0.4967410036926988,1.1379676609318292,8.948419284203949,-2.8609041653055223,8.472781673066978,7.943919000549425,-5.11763749497756,-7.044614584360124,-6.873084659421636,-9.12982614507304,-7.128964612042899,2.4781995984398923,-9.289997305381181,-3.0960888884239095,6.779345352340657,-9.197054905797136,7.268834842802626,-3.5388762201011756,-8.727666957633073,3.9465876133815536,1.6580343537362936,6.772122231900975,2.990551870991096,6.203219050051518,-6.144083117705902,-6.057075885553367,6.370742643799939,6.667030904325793,9.861991197849227,-0.21319833636837449,-2.2321925867747754,4.665515895553067,-3.058822743208489,10.574838012665445,6.07561620221792,-2.800243332234362,5.632330003171487,4.86680431373056
-3.9461571211935254,1.649797373795253,-1.2937116746954485,-0.0633354315934368,8.787623440116462,-0.863421304555761,8.01999282967004,7.960646662623509,-6.092428273614548,-8.947360231064652,-9.562864948532688,-10.273389009145895,-8.745977136431227,4.2936394239647155,-8.156647733096916,-5.172383143655572,6.510369861372311,-10.034816493467238,8.244064935495963,-4.070591324230379,-8.71414186659741,3.1579453846813617,2.20031153640229,7.911807845932601,5.186341822239954,6.270101250388415,-4.5690737942101345,-6.587209448595886,4.883325806403049,4.353784888059395,9.748811218369788,-2.324900517565843,-4.212468504929067,7.946141792876421,-2.8726255889525243,8.628249770349592,6.797127046264448,-0.6898969938509478,3.8551210966229332,4.778153189750833
-3.613769788903256,2.375824294247094,5.767289728989947,-0.8538626612300242,-8.664743738441253,5.293358759292128,-3.459634837687898,-7.4723208208977825,-9.29324819173834,-0.1322362962539223,4.168907901930299,-8.445898164974903,-0.14208245607783898,-5.605214503116943,2.7400485774576855,-6.331760744675146,3.7805851750828916,-1.497176121558558,9.967638908185636,-8.063652339572318,-3.4880014717691266,-6.828910126263474,7.0722033175122245,5.576065785774048,-4.614851492798409,3.696027331754072,5.622143816070726,0.5253651778687919,-0.16718075462076953,-6.029879421335401,-7.4444488232774155,6.763816672068895,7.74283828183326,1.756692977950507,-4.674693154927201,-2.1456303330000113,3.999288355231249,8.130645279472299,6.2336526055013355,4.855571463396
9.076034789130189,-3.432711276726885,-2.0251879836631494,-7.87760346728885,1.5832602651034664,-10.097163689273176,-1.6312507265533194,1.519567474107488,-5.101994337318514,0.039746386553188406,-9.421756324509198,-7.797795922865963,3.657160774790925,-3.0845174449282537,-6.783574881636072,-1.378631232118714,5.186538145771134,-6.823036694615679,1.4506314023731188,-8.69546890782666,-10.089513466760016,-0.579208071788853,0.7534706806601257,4.975737090499818,5.279569991901086,10.527574356289048,1.1232694044427505,-4.238384153854298,6.214556124490233,-3.4856607138161815,-0.3922341181054867,-8.236321365786296,-8.972938637496956,11.715842258727655,7.559045627400463,3.6043247646763117,-1.8949781179792,-7.588264995174532,-4.524223198631982,-3.39127231126455
7.436124142393241,9.738346298693525,9.424011441187606,-4.083544464796344,-9.872018546153926,7.501853278671469,-1.0057874219766791,8.97474544851784,9.14226047490493,6.649133302068728,-3.390858725840017,-2.0690124673633563,7.253660194376793,-3.5009380717929934,-6.037654185826013,0.8740533943106803,10.423870270756545,2.6858011822809402,-0.32469504638235036,-9.865150693193202,0.22055641469096,10.474246816905517,-6.646951995986879,1.57436953905033,6.490823223853585,5.560833809829589,3.9971388820546663,4.216268178898045,-2.184554080255289,-4.8844448657725765,8.77447224497476,7.53414819785897,6.809740417606714,7.17407299340608,0.13894381541406509,0.21258433732603432,7.031518839043814,1.8305577039869771,4.324824488353234,4.386838364307231
0.8021714919628314,3.672889953270441,1.2780822593144556,-3.3651327159844255,11.518647729935646,4.314488896264597,0.2702873229387416,1.9615681283470379,-1.522952703615616,-6.180910320183731,-3.3390248879588995,6.1718194632254,-9.58474959293761,-6.408161161732695,-8.715179306703444,-10.274341222393517,6.533197703500386,4.321569251154956,-1.6391126942146028,-9.295636519890577,-1.3598830510290787,-0.014760196574871043,-6.902202617222234,-0.1405253841475924,-2.9263256949991674,-0.1403983069095185,2.5711678985496604,-7.44636477416529,-2.47317829052197,1.1451050711518573,-1.5615514246049924,8.327698737689934,2.3664358609369893,-5.199516130714876,-7.93453160314012,2.078816849721627,-8.302636944855923,0.7916144722059961,7.357267716054153,0.6427381641731346
-0.04878991162777435,2.605644748160368,3.7876295342506916,-2.754819076066636,11.632690624945898,5.69339303514999,2.5445962621720755,2.6958746287259796,-1.3059893658539898,-4.934379186185323,-2.9863560709956323,5.763998764716517,-10.232727308769606,-7.825989641448867,-10.257913442529334,-8.71049728455569,6.150114139073644,4.106902178080687,-0.016032324611114812,-7.457425355610157,0.6038260401520812,-0.7438561095367426,-6.049898822410008,-1.8095922783527438,-4.000779025062754,2.8473112347858893,3.0003611242170174,-8.080596301659975,-2.533036420342177,0.9140349485673152,-0.02890561276246892,8.016377388506172,3.6499074411753276,-6.888056031266242,-10.252184279904586,1.8223686092223896,-8.992534927316195,0.05035447339498589,8.486359913742316,1.5479057364940019
-6.811790331677368,0.20141439324924887,-8.862073943748985,8.082049592137556,-3.048909518759613,1.7712496687218737,-3.626126803995884,0.46638505474499636,1.7474859929301858,-7.146764766914358,7.648019952894636,5.659479483320484,9.071209323502387,9.386146418000624,0.6876375298966162,9.592178467179055,-5.862735594934488,-6.458107639139572,-10.386396441282464,-3.900367751108084,-2.2124492388389787,-4.009231489515168,5.9833554532005415,-1.309734931980872,-5.495842121260447,-0.8852834890078303,-6.07480507621743,3.7693185838745955,-8.7131168952773,12.855419861218394,5.432851832973216,-7.1464540200128015,-9.946955121314746,6.258427780477148,4.29779681730546,5.242406342979367,4.386295765351175,-6.831558910081399,-2.5855711447419294,-6.955824763095602
7.274402031049343,-3.3356297700448216,-3.4628720486630105,-7.141801474393363,1.495508274557857,-9.159197500689112,-0.06786651057663906,0.7811811777761222,-5.086714085610177,1.753644973081748,-10.2461763607324,-9.145055335899226,7.448948933994964,-3.9711654640470737,-8.991160748404397,0.4941151370157615,4.632071445228311,-5.651834175651168,2.7782130369897056,-10.436736929053179,-8.276516148969304,-0.5425758715922895,0.7903544816374399,2.0892156945257017,3.9698696596689356,11.21099952886868,0.6452744868195668,-2.63618213822149,6.054665249576816,-3.9633414001035616,-0.803193223743826,-8.176416228467856,-8.38582922252617,9.409473747402773,9.004750982461823,4.880015694686398,-2.960481809454293,-6.710663307566067,-6.4741815470876105,-4.950645200996057
6.297689707235019,6.406711062220383,-3.186656458429547,-8.297153430147905,-2.7509817418724727,-2.0272054195657425,5.925101986252068,6.339835440872499,-8.583080868334214,-0.1578297429134376,-2.376694090789917,-4.850888780664852,-8.983045588739529,-2.6225860256784936,10.639593794851242,-2.969333526749806,1.0137107511272472,4.93043939481104,-1.0176999237386017,10.64553561443832,9.688615621115247,-4.060462682856715,-0.9409648076174008,-3.206140212917285,-5.308746083634396,-9.629283471540973,-0.8912754955453006,0.45501012394469226,-9.614296986108567,-3.315925500063308,8.555510329938478,-4.084666291958927,-8.185699102848076,0.8274412427108935,11.818865426575341,-4.394736269838097,4.233059956809861,5.401989982969286,-5.771917900717371,5.3255193449387
4.448250309910201,-7.9008044413551275,-5.506996318884466,9.64771911117855,1.2067225132642208,-8.877667633607821,-9.494039651982906,3.6949379139475003,-9.970086213590445,-5.5408887686079655,2.146927300316564,4.407687304388267,3.3376530895348298,-5.006245134066853,4.305355298327262,-5.316213991171902,-2.049427864562203,6.4927179220386595,2.850998783242087,7.222104612894304,3.233913070779641,-0.24552637522776344,-8.462940221050156,-1.0459797377632263,-5.445728521397302,-3.005663670117027,10.632337404638294,-1.736547356118583,8.401774389518689,1.7055658236102325,5.630997318608266,1.4941409724256012,0.9235483533536483,0.9114856333260777,-7.472180433476168,3.2508838927550956,-2.483168085596568,-9.525517817611249,2.370946031149016,-5.095045584860059
-7.89711307857823,-0.0942301756121943,-9.58687332706193,7.729189502256447,-5.513512165721452,3.718135790938526,-2.455172565398317,1.5724623952257757,-0.32235974907984244,-5.013707838082586,9.073534053673244,6.1033894823678825,7.883763499236572,8.03852692242698,2.2717227591186093,6.952879908542682,-7.62188279261742,-4.73440774377878,-9.270102167470867,-2.1332252539066996,-2.416147699662767,-3.723434833475465,4.3561802170874895,-0.4461556868147505,-2.885851561009428,0.5692961589112908,-9.153604527148564,6.331967983386284,-9.952912673478341,10.182592269567834,5.85646110509743,-6.967089538318577,-8.768590633913574,7.114803271902855,5.112970214240907,4.5890010644886425,4.009882866805208,-7.541234693107055,-3.1010568282503383,-9.072398952690074
8.584994677847403,1.9142873985044804,-5.248285437796605,-9.489117432901121,-2.0510526996419998,-4.987413483076533,4.591644848692775,2.785293320444475,7.231280607558719,-0.9992230965981287,-7.535865946997763,3.7027334025251717,3.7936424751700177,1.440575894333381,6.492710181536193,0.745484445941236,-0.3550788797499299,-2.700407548206684,-9.775805347272875,-6.274379950338247,-8.72581820730577,3.432172902069842,-2.8230234266879712,0.5921803858126427,8.271938026135437,-4.351848520374533,-2.3385076435054257,3.6965597594946527,-4.701039755543228,-7.222663697674916,-5.32320288108067,-5.953652772504011,10.27471876023965,6.160161389531218,1.8500729454667235,7.552230477281111,5.522907569781589,-6.885328932235685,8.284364037071098,-0.8168846367168814
-2.8811551886517943,3.359414788492221,3.402942294868419,1.513059304181124,-8.489405852014531,7.320597149435628,-2.4752992350885643,-6.374401803684449,-9.697985532678775,3.1606064670816023,2.896841503294342,-9.038766924328401,0.18343885546575867,-7.311650112525801,4.032049875667578,-9.270525049447539,1.834626695291711,-1.7379629945085802,9.261670973412805,-7.887160974957671,-3.030850888691585,-10.261959620966223,9.200847830041855,7.796512554673216,-4.886810299030683,3.2205224028213517,6.83769818021735,1.0751147084913861,-1.281043935611091,-2.9666219474684437,-6.937143824453564,6.659370497111706,7.663223912790018,2.4259949553093185,-2.1405546125170227,-5.1750774430665505,4.020105312974999,6.181568755714039,7.456632969474008,5.1250100240675724
-2.7121874083334663,2.4111201883568074,-1.5287370112048948,0.3998562897750998,10.265211526235914,-1.760139202148229,9.755161551922999,9.118955747114603,-5.16065470501212,-7.188009590523787,-7.396021862934925,-9.430419046255363,-8.701912082761735,2.835983476545186,-7.6939697690656415,-3.7315423717293426,5.537626468323271,-11.627593382890286,8.436997470560197,-5.348840728202802,-8.32294216488631,5.162821230245335,1.3702823022674953,8.080850272936539,6.523397708126477,8.183448895438143,-4.806756833090622,-6.463246017231465,4.615911159795581,6.118744490659152,11.108374406923327,-3.1469589360413464,-1.9116814881190956,5.332761581750704,-1.8154281149114517,9.930566413480326,6.7611235377391825,-1.5309005042350063,5.910184099263085,6.07417847564083
2.779716057248427,4.731833665250374,3.034694248527012,-4.902720081716871,10.008059712035429,5.891344733031039,-0.06935474688963494,3.144841740630977,-2.2150450531704227,-5.904935983929094,-3.034190630525196,6.148535451849747,-9.402724902565211,-7.3962155250708586,-8.727505505565263,-8.717765934930236,6.99506046269368,4.70504595299246,-1.1762056142285309,-7.3923091360344415,0.6893028501706355,0.16857201017829226,-5.784933770105598,-0.8581013750103947,-0.8564623967099168,0.04538817706566789,3.555618974918037,-7.1184622774012345,-3.129643182429434,1.7834684559222231,1.349044184575557,6.203057484287162,2.507148319803448,-6.57136293867361,-9.387576262144464,3.7234100661198712,-10.260575911424743,2.076144973175946,9.089087291495657,3.1733716299260504
-8.428522290093067,-0.10732893480956844,-9.174877098288595,11.104581596635736,-5.0085461836828635,2.120266957594957,-3.4927677607173946,-1.673279613990152,0.8422488042613271,-6.286885607194298,10.186292938236383,6.476278716650138,8.286409212376066,7.745932993923042,1.1918787456110316,7.309422145654641,-7.920255179580975,-7.353928300213695,-9.510081122361102,-4.4885673446339505,-1.6767710199200998,-2.771589265255594,5.273162200235257,-4.7179519490257835,-4.506196691602452,0.8696194591227281,-6.96285619374745,5.59761909984645,-8.709626425230017,10.105249142550948,6.485326278577986,-7.9807351396348345,-10.258497096559415,6.523037363037745,3.219170772341607,6.311312992587046,4.789997053490177,-8.560399652325476,-2.2746633322722567,-8.2739035982993
-7.413808085698664,-0.8001721971060296,-7.619883005232428,8.33073451330168,-7.527748415107019,3.5898014998358607,-4.113935875029093,0.32643386743776837,0.5655862210798934,-5.495864472882771,10.511380333844553,5.7857096294809445,8.450667644145623,7.855209803743805,1.9775991927993306,7.635054660597498,-7.651221310390374,-5.6203004277566295,-7.555012982012566,-2.2380436044462377,-2.9121291238004896,-3.7527209900131178,5.623796799944117,-2.1690013651873645,-4.897924005012492,-0.16933156021061468,-6.901470157807343,3.3693724869266544,-10.259962700809812,9.560246848236062,5.5273371525679895,-6.3950051394747405,-11.468993956245551,5.491336726958176,4.528356204189737,5.161925131448109,5.409183816122973,-7.362273184281204,-2.433288405655313,-8.430074463455618
7.510068292462143,-5.494454536073759,-2.3016233864328837,-7.93973543377754,1.8767893166278347,-8.174175426097458,-2.6405028906441044,0.6144093898188712,-5.191832765435863,0.6086348232617302,-9.462294000781904,-8.551214194735037,6.752957818052326,-3.4837095942705023,-7.604261346506023,1.3747616457257035,6.083000307032239,-6.236349463289766,1.840313140716027,-10.009534860723637,-9.395776910210209,-1.1086962990755571,2.8797721195882446,1.8934798730974218,5.6308075297664475,11.335147797142682,0.5422083745518942,-3.6408847975619874,4.5813586393189905,-5.087955096407291,0.38339346198174806,-8.079619743532412,-9.464636924232012,10.565091502734166,7.415892958699834,3.7716109740941977,-1.6046852760410062,-7.302178636014393,-7.432299792941865,-5.201440665966753
-1.7683732776326244,8.501072561726737,4.4112789208880825,0.9788203093322198,-9.44196084994658,-7.0711373558761155,-6.4257123350230945,8.108127203396727,2.003039855129781,3.898560726712641,-9.565844221271904,9.945316158415096,5.468040000699591,-4.638896091765605,-5.648119340416743,-5.613724077223389,-3.4766794019995184,0.5147452903387472,-0.6882383911908653,-3.583603062297783,1.883017183506566,-7.783724559856064,-4.05525073403365,-1.1237429826309786,-2.117707391313181,4.235993962107833,-5.841763515596289,0.3355764701282506,2.021633041611258,-8.827038547691545,1.9276947833939613,-5.0996540876520875,-10.299872118770924,8.14921372028642,9.20938590134214,4.524758151175054,-4.083579020964658,-6.385087554144303,3.7055470185390993,-0.9662492194892895
-1.8882494649199304,5.2333880677168985,0.6943781508275828,0.5143858862057437,-7.781924000768335,6.089949758545476,-2.7348767135711594,-7.136362462663228,-9.03064950868808,1.295786959266477,4.770718319800421,-10.344607924478483,-0.11001263030089586,-4.5243954585440855,1.875417149096134,-6.443921363136599,1.9962204183627181,-3.3532265326183266,9.116731050625493,-8.240278626616368,-3.7232459108186213,-7.237443173140281,7.914686224424326,8.369629140835976,-4.625504658210824,3.635364032608083,7.58540960276285,1.4238392946033127,2.1318588575894735,-4.251691898953143,-8.661397073716472,9.237463234087805,8.272227164169554,2.2673494368048557,-2.941018483705103,-1.9034816833565193,4.97415867164701,9.76459803160294,8.828259043201168,6.120670950554639
6.82976733170233,2.697693478581551,-4.30941250864295,-7.440399371776138,-4.4146282825040695,-2.3674860719156694,4.358516605778415,2.953148437861584,7.24929030063583,-1.5716969279290427,-9.352875468839267,3.2095715858674394,4.891792119122027,1.4374231302188092,6.429722912374484,-0.569845532509034,-0.4273041766272925,-2.89189441883172,-9.011553847213992,-6.458976944804568,-8.105086018309027,3.4381409734228456,-3.074337061205867,1.8690376030033973,8.48341093993867,-4.368025740998329,-2.1131254011394054,3.748979400006216,-6.107885590667127,-8.469560841958796,-4.144185569223336,-4.849288400064518,8.675230214442529,7.341251035313983,2.2329978886321538,7.117535917989122,4.7444339007588425,-7.010926835155855,8.37816136116331,0.7944050187071473
10.572691019875984,7.517139280403365,7.992796350333644,-2.5420482279037393,-7.766829825583903,9.479030389306233,-1.900074728453233,8.388140110093643,10.27459219558831,6.5268301521268475,-3.894282070743311,-3.6678219172206106,7.591991285561337,-3.1728647511269688,-7.851765127936321,2.1676483620386438,9.277841291458401,4.660620186279557,1.0225447090371678,-7.877513713298187,2.36352340284872,9.652906597331034,-7.027816417103674,1.6230360210711177,8.622412077263034,3.633511677615232,4.9257166368123,5.240825052490221,-2.961354648957263,-3.6197160109123563,6.68122477687329,5.352301276909316,6.959490084073747,9.015621289981034,-0.26897425961269433,1.0058254530062998,7.2708760201852645,4.142950457535774,6.019142148323525,5.825121106430908
10.111410423107575,-4.23483066186786,-4.196887513834119,-6.829071484254296,0.8389461876632314,-9.142288725866338,-2.0436731223636806,0.814779552221488,-5.640801027291404,1.7427578136692508,-9.863927540707492,-9.02276849462961,7.077702584301979,-2.5551071725755214,-7.007743204800156,0.3358325256965634,4.9645523604065795,-5.213460767273569,2.34636170050182,-8.366360482238784,-8.568620611180984,-0.40612296665955827,2.242313526296562,2.499241449407869,4.646008290423301,9.472522141320114,0.9787501199260259,-3.2016888702042414,5.8537999485045775,-3.134600858621644,-4.423917195091963,-7.188197992687734,-8.57276972649989,7.417151660756057,7.64888562796137,4.977951567433499,-1.259177621833547,-8.093201042264504,-6.188606429014053,-3.9879451807061654
-3.1476639937738686,3.811808839211536,-1.0486997671688385,1.321644017323166,8.819883013170138,-2.151768084311044,8.336943992051431,6.932971393919537,-6.237945974572958,-9.578888259444904,-6.5908842674938946,-11.011998570760886,-5.77413847383741,3.9621605958544217,-8.506900125894873,-4.1607536433447,7.554427251741736,-9.738836296004505,6.589843846246667,-3.521081337492213,-6.967393978373228,5.174604508230715,3.116698009258461,6.598172582328445,2.6216315399170815,6.28065233698792,-4.133845394118166,-4.525279309294978,4.89645441588622,6.511187088459526,10.58727924577914,-1.234238340783961,-1.7156944923270416,4.710049906714078,-4.160295528707092,8.334585681514625,4.9941886471671655,-1.4596990427676,4.357838263421736,5.413070815321381
-1.6607667408474656,6.767396794213717,4.033178541462805,2.1844533762202047,-5.679548234724409,-7.372012040782152,-10.714880462677884,7.94323436146484,1.3869378460385464,2.9717848968305476,-10.212655503797174,9.213671685584037,6.044108151470223,-7.958783843533546,-5.466434458970856,-5.057034761652601,-3.2636331494697397,-0.6425570377800593,-1.5625911611052032,-4.181938511268619,2.8358522840095,-6.541782298241082,-4.891280828074133,-2.5907675777126054,-0.42131991104403943,7.159341550007039,-5.302017817008083,1.0737454556477515,1.9321180051702107,-7.660532600396541,2.5606598339882636,-7.4506054364277405,-7.295598170169219,9.675614017605694,8.869596640362705,5.688453994929978,-3.611149071391825,-7.5833729246047366,3.881952795874344,-0.8856414517650881
0.31047239046803476,4.172012042949086,3.3592578683024845,-4.890713173505104,7.313546937076499,6.183474011068176,1.9263580300273229,2.1038556957761796,-2.502731749654763,-4.960355619693823,-2.51955760193336,5.92693402504699,-8.849908063004097,-6.627870884549829,-10.820806849059924,-9.490067167641742,8.102312500831772,3.149525484962509,0.7027441589281778,-6.232939171841695,1.0235718217958074,0.13102582271452812,-6.983468829162544,-1.0413322114926677,-3.375999960773154,1.5358912964525735,1.9910695348414051,-9.031947230593163,-2.8999249728988667,2.778798270904791,0.940551996479012,6.4200692808951825,3.3224737253159518,-7.157280448189343,-8.398462558334222,3.5345581623381315,-8.54853799832535,2.3858157447623034,9.218590457428146,0.08927028449805063
2.300691008366413,-8.289936192464548,-7.0335297733539415,6.477830839509988,1.1252557357377673,-9.108174453255177,-8.351259831781768,3.2957402641890226,-9.663845272578415,-6.470788922831307,2.1212548486470935,2.739208138785332,3.609477913595636,-4.759586017269156,5.229436205952222,-6.667935849478871,-3.2371868184676473,6.645904048759,2.893537461787671,7.4679629118478505,3.932653440592052,0.3407022223111711,-6.292679914438175,-2.1461831418424255,-4.1764498321720644,-6.7822345104288635,10.254755893262224,-1.6316351652856547,9.465122431264332,2.3115073056409043,4.908567741234527,-0.6294971326704913,1.0330994575198829,-1.2684926417540954,-4.804980220273117,5.776740168161773,-4.580344452322939,-9.906440593455118,1.0939640048240447,-5.761825156555417
7.996494370321538,3.88838549183698,-3.3286552304679944,-8.100730024445822,-4.461129132011936,-3.2040681033093468,5.921657810731805,2.161726015617372,6.882811422062244,-0.45821255773731684,-7.8347772849579655,4.91404346553032,4.762441446390906,2.943983566992639,4.1296675011301645,1.1296467135075494,-0.3101926406682215,-3.245162367413031,-9.25374230876923,-8.096779446147794,-10.481025654168347,1.0468313335603443,-3.7212411657449227,1.1472507149178741,8.736282971608304,-4.9574487681832355,-1.3134939660696712,5.0838086384831165,-6.853760933197922,-9.881295788647584,-4.408139470709318,-6.936227541285986,9.444935725358226,6.919711815063087,3.273208145967419,7.148929090677175,4.692789367872151,-5.85652768521326,8.376349283061725,-1.601686624164672
6.350588819979013,-4.7119707058092,-2.9403246941396666,-7.772872619041701,2.4439757896119936,-10.852067578046393,-0.03534211719366076,0.7345124386213264,-4.2658611759017635,2.405277057413061,-7.643889681101688,-8.949394424609615,5.095274230484126,-2.983279684703966,-6.606655723815823,1.3299085980126342,6.065695436062525,-6.193610605402206,1.0899842187627105,-7.703542944300711,-10.180602436225778,1.320103647788143,1.5059917908967644,2.2809050932331014,4.409363384469078,9.715719456370245,-0.2888077072972034,-4.9225505752851335,5.864504618327169,-4.518322364278671,0.14047577776577436,-9.212864444782541,-8.424488957909738,8.105898814632067,5.375000210545347,3.6186216771646853,-2.7618501223243253,-7.8927294059615285,-4.926928830763505,-5.446789673064036
-2.7804338042965853,2.4485872744024206,2.1210496244078496,0.6345057720930026,-9.453767327781577,7.063242790779698,-5.905884042642862,-6.295399147880172,-9.784853863168294,2.8341468065214723,5.306598307478954,-9.999295590193235,1.632587095127051,-5.7862007766716514,1.9373292850599075,-4.766767787714551,4.3395312067833265,-2.2608545513794374,9.421777249833339,-6.975366081949968,-3.2478923869363476,-9.056964402496215,8.22333562840999,8.17004249107809,-4.963938871383698,4.1020066818139655,6.728099027891107,0.2258799139038401,-0.7261603907119945,-5.320132681921135,-8.662173091986602,8.28063696868822,7.290223484503878,2.046636819710482,-2.1663344614310738,-2.8676055391188844,3.816386511977495,7.959847007786562,9.12063972830403,5.891297605427199
3.0626764712318266,-9.306342780179644,-7.116896956025101,6.915897825910413,2.0887357704110134,-10.408391172521435,-7.199785994698102,3.942762359917805,-10.821516886639994,-6.786146317048503,1.6131923665800867,3.6625956336898353,2.311007665246467,-6.607017338833599,5.097851988529079,-4.352305101779029,-3.699953635688694,5.695965686887161,0.0274474510589533,8.312022860592796,2.995313040729688,1.5079486275089207,-8.447022367104118,-1.2499764569438234,-5.756684270321025,-3.645746805811493,9.856482015994024,-1.515381290746634,7.511726540213352,1.3145533220488872,6.8267368363690695,0.36415021329317265,2.899701150835999,-0.3434224438384197,-6.514371622938024,5.837130541870408,-2.47265858668544,-9.504333495005195,2.1566884212862507,-5.647255649069472
7.516196204583307,3.163013515390885,-2.9901582407014318,-9.763430953886182,-3.1296859368946697,-3.0704225923636477,3.521457160571102,1.966828456804007,8.432750826088098,-0.7902090319069046,-6.018967779597508,4.766025020524475,4.729069784148679,1.2153383509989923,5.4827269917289385,-0.8524783859538951,-0.457931610537745,-0.7477897390195085,-8.646344168076,-7.238389990580952,-7.856098191941514,2.1864349892640065,-2.038609612402336,-0.7295072952600965,7.1386439151533665,-6.774114299171751,-2.238136853114223,4.60730043403152,-4.8980994099129,-8.21651086180369,-5.397944312743776,-7.168300493345729,8.222491025763775,4.3864253443264465,1.6871284031951004,6.658398173140267,7.5070665578032365,-6.077148106321931,8.513348723747056,-0.711790658836198
-2.5406367934275265,8.165857494007508,5.2130066494693015,0.18730319200662082,-7.239256863603733,-6.579002254084204,-8.654493240313506,10.0165565794792,2.372100259432083,3.1573969590788984,-9.683774361173024,7.621950709773435,6.568253066711675,-6.586273843435236,-5.448110380297826,-6.881450077526859,-4.031921056604492,-0.14042920875964615,0.3777517246956461,-4.496659962157073,4.069614937926792,-6.395971024840897,-3.6750403019602507,-2.3040299868086462,-0.484803017443029,3.775846648514663,-6.285407750983563,1.1298467394565541,1.7993941937667444,-10.47618159240362,2.0984925874512967,-4.885412009998679,-7.4520764247596905,8.915706735700635,10.264089938549274,5.80143994196117,-5.611596203359306,-8.971023708001876,5.247549298751335,-1.4709432070372772
-1.7841532253968595,2.5312995722231633,2.3675523942708194,0.16993990108364287,-6.322489974595997,7.060640190389442,-3.0346474789201983,-6.107014168420648,-8.914447555459525,3.216483474324251,3.300432575617954,-11.125180966963608,1.1099158202133967,-4.973382883798849,3.0114356210740403,-6.041918178352384,3.4480105417551457,-2.244600491134992,8.60289952087478,-7.8410693741510515,-1.9895001958898273,-9.142788202606019,10.854754537384224,8.424149276826094,-6.619142980399239,2.9755145911926504,6.175898088120761,1.4959028609313592,-0.3963667036195909,-5.130928838622749,-8.259064042004661,7.206696796493095,7.131608911795376,3.5808337921677165,-4.915986719068579,-2.537929571650731,5.316623884282912,7.723646860713126,7.794101325027342,6.761005916849857
-2.016938859993595,2.8629078894760824,3.190423217888921,0.03090806235383936,-8.066105714552847,5.889188411569802,-5.731530800531315,-5.271325223424531,-10.686886150594239,1.9250453285472529,3.884289366294689,-9.341680405579822,-0.04121790761263017,-5.198873020761267,3.3744228779741596,-5.777706604148186,5.552196101433583,-2.0310989224910463,8.798648619752392,-8.15631008243023,-2.7427266550954927,-7.0631464720476504,8.30156918128963,8.091399571803656,-5.13368363924623,3.8706735727725037,7.257046318054061,2.0026440987197325,0.71085589326143,-6.202922333608018,-8.749857696523836,8.539472482951263,10.457173449006834,2.3213083739332774,-2.763566500637846,-3.5718610652261855,3.545146533155687,7.2658893354741805,5.659256508599674,6.950945980060228
9.23515480884332,8.157980595582156,9.633842976161205,-2.064697423315878,-10.379095931061581,8.646967075784257,-2.290103413681754,10.837209218574188,10.895275526256265,7.7564127919100505,-2.5543655909537084,-2.1462494790889943,7.7862459975119345,-2.4368353749646916,-6.6158886617940675,1.2071291064843488,9.656752084644516,4.567093899095453,0.6457626815862456,-10.2432994958561,2.1246164713863473,7.704162822860086,-8.189337031375068,-0.5076939099256491,6.978819127618981,5.63581049924763,4.977994360635621,4.558422399549393,-2.1776699995430913,-3.4720426583414867,3.6903931183493484,6.212465575590733,5.54498765043207,8.773950526800968,-1.86626017010094,-0.15011264160670718,6.51367335535509,1.881520667238991,5.001053505667287,6.422475558673767
2.640444552966623,3.0826474125042855,3.6821608998701967,-6.179058208154338,8.796990245889965,5.343088734649725,1.0571150930859006,2.7583282457421516,-2.834203827097947,-5.865382174472506,-2.398728048475899,5.8538103513397575,-9.49231737434202,-6.731489448203362,-10.73715509813622,-9.651621903967458,8.93189545344633,5.356626016594194,0.11711474675404909,-8.198683760335474,0.8671331306866155,-0.10142306472707996,-8.053402966406924,-0.32720456818441035,-2.8959487263747636,3.076690211062507,1.0859002286085768,-7.494900472458902,-2.782644086272695,1.4078619820635498,-0.6257800614690204,6.792947726452739,3.168102915951631,-5.423165822031741,-8.518482435513995,0.6774687664037913,-10.699512301336474,4.4730464178853655,8.939993624162078,2.4602736715280646
7.979332061295086,1.6065633257339575,-3.8522952192133735,-7.230286633609673,-4.052083605556464,-5.36606522142005,4.528820343979944,2.672561034189906,8.94262342089999,-0.5413650745852536,-8.029697392674258,5.309951889691105,5.336491204839059,0.47552126982420806,6.574341159632838,0.06957369180461409,0.45758255431931927,-1.2712712414173535,-10.562285836534693,-8.369825236312249,-9.367833684432533,2.5335445302509285,-2.4404519956568707,0.3888196760210597,9.006233401158262,-5.0047600624466515,-0.7360530555412832,5.508550527434127,-5.410616204779091,-8.47368489238316,-5.159409568015603,-6.268658534783601,8.553748312315081,5.660415631107135,3.774536901020541,6.178995777859555,5.650945642549857,-5.24088007349975,8.16670291071981,0.7389859106602567
2.1753280023811516,4.57047423436774,5.3351572923619575,-3.3429585571569547,9.140775388736495,5.38676905082285,0.8262651946970814,1.9635150863319266,-2.9114095794797867,-5.853641812443979,-0.8195750418190468,3.9528908380088024,-10.367622940188522,-7.772265866820778,-9.140356454317516,-8.801698133889637,6.640090972106083,4.518533554596812,0.6258620228932299,-6.776684442998469,-0.4351942983001934,0.08077884451427775,-7.682096223940885,-2.0446830605128703,-3.203638710743073,2.271257272284679,1.8426537409929313,-10.614613363363905,-2.8937529300517264,0.7886145385037746,1.3899182752478958,6.572273762523171,4.159188706017029,-7.233378948406378,-9.783562877942003,4.023909535482232,-9.381070206059825,3.6024209113815617,8.338081902265936,1.0645532579511472
6.905641396986792,0.9407770998889604,-3.576829124230252,-9.034142147798091,-3.48115379959786,-4.119930439797699,4.675468917736373,2.4177693714965973,7.4127554632270165,-0.4753391707979835,-7.5675921389169565,5.026069783511538,5.095057938208114,0.8756586022669219,5.238536154003994,-0.8387521895531777,0.09474549407321003,0.5819790802442233,-10.404296225813964,-8.12082779401322,-9.758904949535006,2.481036613031209,-4.044119687351861,0.45065392451505604,6.441154377130065,-3.976983944490496,-1.159758739645209,3.8681511847978385,-7.693113963119952,-9.437473949565542,-4.447637403151761,-4.195282356229137,9.137210011825733,4.354817942106882,1.978419625307526,7.375999367481373,6.327125092280387,-7.583347682589706,7.716189741822495,0.06920570070247334
-3.76936238822533,8.397924720158844,4.264682455904165,1.655454587184498,-5.597983396147502,-6.322418532550822,-9.949785713573043,7.570027693930708,2.5205219833609607,5.301600594442175,-8.007769427515578,8.383102851412017,5.837995304798097,-7.010795645349093,-6.597520514964969,-5.865551428484989,-2.9278206242201437,0.4191776090022345,-1.680947150412529,-4.023659203790421,1.401914992817567,-5.1205840652643895,-5.764768056413695,-2.4880225552304416,1.1450059035703588,5.710319072420271,-6.1965633918343,-0.07275665453819463,1.667899695478442,-7.698143270923515,-0.06096487330074041,-5.056083824957844,-10.122925292744554,8.711058415832252,8.883396241192525,6.756500232099941,-5.505848968416334,-7.5843850537903785,5.7089701535299895,-2.5601241298007835
1.2315976192559106,7.294570938912933,2.228003790609447,-4.716196129754203,11.502110388529921,4.2736576040769005,1.5425418914994184,4.110325647278275,-2.5594774323480234,-5.354640431998412,-3.364912360609309,3.6390268463201902,-8.142764281716257,-8.26395152833154,-9.956192835386837,-9.62985784169102,8.038043085374252,4.1860507246083545,-1.308189723683859,-7.634166942064917,0.6449122000852192,-0.5543291722914437,-6.7707235306653555,-0.30709107685831993,-2.2090905585659724,3.925193467334353,1.9442381452625637,-9.874833270319902,-3.4115444875549215,2.278351857594744,0.06522923296807218,5.804160914193631,3.2706299002930863,-6.1759572710854505,-10.054116606784433,2.3272141377454267,-8.902288060598583,0.6260923595933445,8.488626306585688,2.597667126451377
1.0605629807713661,4.826184224382635,4.41923770699218,-3.794347347909657,11.062702798096588,6.119013309651852,1.8251598019146282,2.703033750043037,-0.3778965683709703,-7.2584023213053825,-3.360603468237718,3.298441162326671,-9.049032595018783,-8.421311067272573,-6.0602940172269015,-9.703349751791379,7.215574845102668,3.670890653412808,-1.0053546563973725,-9.28983867081127,-1.4478319076043282,-2.710057586661672,-5.990500298996258,-1.7476137817685204,-0.0962770860098845,1.0728617769770836,4.178187537507821,-7.521660469207589,-1.2307045409700943,2.751995624750244,-0.275480553617648,8.405864520703728,2.3824094895412187,-6.470603862925685,-8.63237299801353,1.9569687014302932,-9.191726816883259,2.4573498770622773,7.873776619060175,1.9696037446334302
0.9200150227824168,3.2625058592777796,3.8894357528521635,-4.097188332629648,7.569265205254526,3.7934127406320504,-1.6819478313233525,0.8687881184032851,-1.921375012464575,-6.101235850324543,-3.7122130230284553,6.547492366863159,-8.683316903366816,-8.373215377622277,-8.28640952516243,-7.970551100716423,7.727760171805901,4.372084670642369,0.5817996594649095,-7.273798807022557,-1.3807767612207642,-0.7194968383276534,-7.088031682859242,-0.1704935313134608,-2.6103273628379564,1.564816989734486,3.728555091824515,-8.83424878862734,-0.39596535683893475,1.6549567914782717,-0.4561107578642458,8.25176456119427,1.894772261117879,-5.421619100445518,-9.796080434175975,3.458609127337346,-11.31282481563284,1.7606414654575777,7.435074339114323,3.4357587945290673
2.7007625643130413,-8.12068877409781,-5.567887879459816,8.816927615226273,2.15665737430797,-8.114733861210754,-7.097583501336788,2.831854262963766,-11.279116676809563,-7.198852773446598,1.3880245658819756,4.435104324485291,4.3983628733540305,-6.609159785907804,3.804429093003906,-6.432660919938511,-4.830805248394091,4.302009356407165,3.359270225238315,7.755862644773876,2.203903739385192,0.5568961473221916,-9.906327818761584,-2.4313317305343336,-5.428091548336229,-3.4571757542064807,9.870019894698506,-2.309491250121567,7.199818675997815,1.1281022997510286,4.528354293887538,-0.569399092468293,0.839174810502877,-1.148817966468716,-5.718045516596765,4.963307897644966,-4.843185148484612,-7.578528403105607,1.1627165516272646,-6.399622512886758
7.11682157313374,-2.5846115382551798,-3.2806396307711037,-7.799340040637182,1.7671085661748385,-8.490553426924842,0.5201290803395355,0.2733716029518598,-2.8525001167103934,3.3041461499415274,-9.639980385912521,-9.259618806418842,5.957661093243728,-3.1016283856183797,-8.662265402212373,1.222400973425278,3.349577169447445,-6.380674300825823,2.411647465310437,-6.993253369696701,-9.511610145929753,1.0549443024655374,0.7317183177518991,3.693716930436466,4.897412423410601,10.347250977290415,-0.22462794913068418,-4.554895435333417,6.2708522144274355,-5.071082993797776,-1.1902477140373062,-8.113597432890591,-8.251077601036124,10.039538936948503,6.038592737470148,2.7744618841164037,-0.11356000696015567,-8.11677327055743,-7.323761994269329,-4.349897216385977
8.079225261102065,-3.327824979267906,-2.263716249378227,-7.12028464563739,0.29937329085425657,-10.774076950380268,-0.2621750597118988,2.293466992059148,-2.5764303406332303,0.5922549936701433,-9.792868836621384,-10.732251479460622,5.901399586806047,-1.6733390767253802,-7.471681530520704,0.07099112147229952,5.944956818383427,-6.478631539872608,4.050787881261862,-8.285765727883167,-9.368159819587746,1.213941866158571,1.7519885924131762,4.344573270113391,4.311857768195066,10.603098111944409,0.4272185779239029,-4.152250562148776,5.126912366369838,-5.6803384183915195,-1.962265584776392,-7.315165751394598,-8.786275529904811,8.011756637616553,4.973211490029183,2.80719096607755,-2.5976773199617518,-6.837379309160093,-5.6983956235695645,-5.54285889560776
7.8904642109101575,9.640148423967803,8.347735247183431,-1.8447918356942454,-9.42884769318299,8.431634188513195,-1.7386054767472177,11.658151396748979,10.807345815816568,7.555694207442425,-4.032558265159871,-1.7599128786080604,7.849568148210045,-3.242733211169938,-7.361525189664708,2.920536016891514,8.969303710969639,5.934525963889274,1.5883708886646324,-8.302123476710163,3.6842846580298594,10.102263960163032,-7.06489706076023,-0.8337711583678591,8.207679243694935,4.32206197212818,3.492523610831386,3.559132834337014,-2.371143140909594,-5.663539388285823,5.9763777668444655,7.182546884692995,6.0957775022620675,8.437690012064014,-0.4045514430520777,-0.3733672257216414,7.62105583972541,1.3487894320102947,4.804967883325684,5.437925119944808
8.486980255323493,-2.4430801581354102,-3.8479279330000846,-6.839283658466125,1.068785354437436,-9.877059029929915,-1.2871620300563382,1.6614691001421145,-4.536242655582098,1.1531135670425077,-9.813954158662549,-11.04772788393159,5.60984744924168,-4.035770720427841,-7.727959077458196,1.1090584713696798,5.953746962905444,-4.426828952516554,3.491785333676625,-8.821647415043017,-8.947294175874132,0.5945365371415409,-1.338350250519757,1.5313384930543876,4.354539997302117,9.344145154109883,0.8383320202290727,-3.077228911639233,4.133031393274337,-4.064758240300986,-1.0419843794335142,-7.807499191510052,-8.42611954404926,9.110085320770532,7.965190647224198,3.030083667980914,-2.7666792320868216,-6.1053414084475435,-7.240026691883458,-4.733509472089124
9.559913479722127,6.544235348244632,8.297052319494187,-1.9656086172397915,-8.852977574426376,7.767101527174094,-0.39722661167697737,8.799381620828697,9.10830229067266,6.626866889990569,-5.247411509340617,-0.7283258405406361,7.070751247495214,-2.5742415182158194,-5.5654338245135495,0.1680850348940205,9.93922273088722,4.424010177048782,0.3603215373144093,-7.6076192932431255,1.277176649115328,11.407535370063904,-6.384532950347423,0.2954444850836999,8.81226505677629,3.233384710380551,3.190973519785319,3.797261958001814,-0.5744922941793789,-5.198646015583538,4.479917167829599,4.757882379085347,8.247662240807676,7.670618780590571,0.06776131285014345,0.7931585354184764,5.807818951377591,3.203425220063359,4.5745526927637625,5.485176996761805
-2.7023524400088665,2.1927519576007457,5.136521546679259,0.9687361038593124,-8.729062504418032,5.054510198354569,-1.6106652578294312,-6.432908177231218,-8.440268049343125,2.6738561540713826,3.0884567134152787,-8.995790646056722,-0.3622771207659975,-6.4605108580806565,4.06792050070121,-6.67086079972237,4.3372675956519755,-1.8543720801074808,9.372531734789979,-8.80611805128176,-3.7639635103112,-8.055004732684644,7.662393692669766,7.9757939156360065,-3.6542743681009906,4.544865576029878,6.005239238814434,1.3959820944471542,1.0386550716102285,-4.541698087787437,-9.016079716954659,9.7648954273315,8.934881327613052,3.6146784891578,-2.015944122125589,-2.481672565480798,3.4918001543538155,7.803232467496436,6.09067509024043,6.0125834268515606
-2.922173294406382,4.680569021369545,0.032856309265572814,1.1210320904023718,9.341967941592387,-2.099660754470918,8.85548164656466,8.60562276736086,-6.327069204531258,-6.676085550059134,-8.677143372719962,-9.126766061705764,-8.893867277915609,2.8669713347937584,-10.362316894977916,-3.209012289351675,6.365040308343831,-8.451171766467164,6.702665044395571,-4.214679846502701,-9.047202221551121,4.519648612150947,1.9167107836782291,6.116601574389681,5.131934355606534,4.811325987172859,-6.450433248942895,-5.154074669602371,4.451563029961168,4.39220672688249,8.84751102933706,-2.4686980588431475,-1.415410993850359,3.8652914547572976,-4.522835476688968,9.59554950695703,6.718522241281725,-1.1921667144882861,4.526496025762093,7.111427638515634
-4.072231929624004,7.834826463690542,6.074966235450336,1.625867394982889,-5.4263517151087255,-6.958340252334464,-10.680225529593868,8.215590515230424,1.4324079171085677,4.860140369437953,-9.56309924654387,7.8550788152970155,6.813147581379004,-3.5569946442816778,-5.870514197343528,-6.389427555936787,-2.839811738852348,0.705797097847868,-1.151565396894891,-5.267042368198264,2.4709059202371884,-6.1746793705422185,-4.993169181395661,-1.2482673128792183,-0.9703063398044065,4.815749716321732,-5.008892279912561,-0.0021054674660367367,2.6078062647269578,-9.362750377858582,2.0910708944988627,-6.095957321919879,-8.408071082704403,6.982178964614928,8.191396921396795,7.097356947120037,-4.039861205434134,-8.570289022643744,2.326086514985663,-2.2766864464838212
-2.741086750945291,2.2176948818715534,2.9319987177651052,0.30097746402751957,-7.067686705226132,5.732183758091503,-3.771370213382565,-7.6743950136699155,-9.531371560794815,0.13822336605820684,4.297603759404775,-8.901739654437298,1.0260313397100962,-5.441212015866773,2.0235854034789056,-7.31301205193612,5.348926817269841,-0.8296159701894552,8.85715493168546,-7.765215151160462,-1.8100495562963193,-8.425032736573028,8.722721573667163,8.898744373018078,-5.677505945361515,4.028904506320692,6.865004799868188,1.064499689757686,-0.40042203201298643,-5.887393942094242,-7.848493571031357,6.520978364185147,8.139105002284857,3.2030801295270224,-2.234184006216885,-4.414165582207005,5.835360874566062,9.637568693231477,8.15188005301594,4.559462335727816
7.27635572939586,3.3769069403906338,-1.769061332353962,-7.999596044968774,-3.8635253376213754,-2.118998529936717,2.4001449104813997,1.3289149255973893,8.42588907519492,-0.5415931405078888,-7.0026014301098005,4.329303266891841,5.786646666941822,0.4111411303967345,5.989829685170911,0.8703264554953993,1.6752071915711142,0.5643746618196919,-9.24751902161571,-7.568260373286732,-10.894588750439164,2.1967968241371834,-3.905962452480079,1.2217333755704114,7.54032835443223,-4.217815397273668,-1.7939632562507863,4.933854655746211,-5.175142721034295,-8.851558175676983,-4.634008189817305,-8.480360160710026,8.34599883952357,5.682439445139613,2.1520941408593903,7.8460848663443965,6.7320734907728,-6.036404317636956,8.84659516024903,1.3624067641433792
-1.6877878838276672,1.6350794818258585,3.758320966556748,1.0497936452461785,-7.676483834884762,6.449316108304706,-4.214223504811693,-4.807636961134595,-9.431234449458197,1.406923787190975,3.47115016896584,-9.475221288724935,-0.7889639607338286,-6.034955990248153,2.28542373428294,-5.667391115293323,2.932792194049431,-4.021060931747305,6.767505211828536,-8.719961251755851,-1.8171347761467185,-7.714322975704167,8.99512145237846,8.083274794740948,-4.7849835273045676,3.1248996240322717,7.388970433842458,1.250012146301887,1.9921090463835436,-4.5421242367011,-8.755740917363044,7.4471811351965975,7.2808963368123285,3.879577167416075,-3.624455131971539,-3.8142813045464146,4.838891618531608,7.845038092679039,8.03629699787751,7.48732482104632
7.55833998057388,7.644498876716511,9.400198506110282,-2.7316261070912957,-10.2900894639535,8.434289100215615,-0.3556958246995454,10.111836166232942,9.71090569749391,7.698075166773608,-3.930849803111337,-1.9959323706650698,7.243758661488184,-3.6616211425020007,-5.8567711824468685,1.4973073553673983,7.842380452108661,4.449470319022113,1.648470468166603,-7.44505665566953,2.195937620368367,10.612817315852423,-7.259728246135677,1.09047273387528,7.090989922608596,4.428118300985136,4.542367343115485,3.7179082859974417,-0.6043942808567353,-3.561718127931106,6.212146595724473,7.022168670342466,6.860765961625558,9.187825870362445,1.1220831938822893,1.283859951523542,5.525094047986926,1.7765453614175581,3.429182905951519,5.634222872749273
-7.944728544016781,-2.1678389771127535,-8.144487652167854,7.411363078559403,-5.6788938307377155,2.847379819042918,-3.4935417528843926,0.344090012734114,1.4822725115727633,-7.642400256018117,8.649306184860437,5.386659394900757,10.687866123942488,7.782734470139217,3.043221839883334,8.476039869246652,-8.713808596399177,-6.327067175731536,-9.26387393381812,-2.889747645773974,-0.8518429386338049,-4.213338516835761,7.761827861780344,-3.8297232037578994,-4.7959403150664155,0.129619128957303,-6.867070909629895,5.684981229901381,-7.779214189370388,8.806737020377904,5.487926359254429,-5.338828458304295,-11.954860432568562,8.430859876426885,3.8539949920724674,2.555103447143574,5.583500832295701,-8.485663497345042,-2.9125798086870405,-6.69142769657074
-2.905208146860826,4.330287018212221,1.1491521231524096,2.478897727413692,-8.555668928075297,6.326570655773016,-3.3895598815796864,-6.966708704803612,-9.25682617020703,1.0802325984939822,2.850223705866462,-9.181357471142306,-0.659704329317896,-6.238278731046723,1.5306645584425886,-7.01660209986151,5.1303567917732416,-3.1112267140922203,8.002966509547448,-7.0556591705986,-3.5494694127943562,-5.502375141838568,8.331344400895,7.88200541383699,-3.897398660897566,4.124258786546431,6.577731585581697,0.9428887453032458,2.617040103499386,-5.262714457305233,-8.579634748310497,7.298466170772516,6.2815579405598525,3.4836448977025225,-5.5674725761268125,-3.021531348651703,4.314252943133403,10.182170391282991,5.910077256588719,4.696407630168119
1.957188817323905,-8.258956339439642,-5.459087351053396,7.821929781574342,1.0937760297464214,-11.404703136264065,-8.74273382954401,2.8598991203901334,-9.078769187158366,-7.904688239461649,2.5284276730613584,2.500751743012673,5.370711282608848,-3.789095254034333,4.384750676338709,-6.902711784833591,-3.5474300987970673,4.542987144373978,1.7183707578933702,7.275477837131001,2.3286147161512227,0.6512662196598501,-8.330183278010505,-3.2205927675170325,-2.617796029255462,-5.655921765417878,9.901092106443388,-1.9925230144544301,8.193681328801139,3.0518609235561898,6.777587557439091,0.3191879377224841,1.7629734874135017,-0.09116905515458215,-6.233558096379084,3.537244423569429,-4.445421128603085,-9.272413296105391,3.3116104747161517,-6.2775016388687845
0.38189099981420416,-7.903341500421238,-8.176782574944246,7.87502868437151,0.93395358999561,-9.81323576813431,-7.392290623403135,4.772862467410695,-11.440125978087103,-5.808366015978892,1.1058284927091946,3.38723680102924,3.799081695111471,-5.75053866187401,4.9611149433513955,-6.247287963191994,-4.125003069110938,5.873428155155083,4.478058504514716,6.94943631073071,0.36496892065108666,1.1671227841009766,-8.09407852561572,-2.8784573155045012,-4.35961408469996,-5.59711706001565,10.299081955726939,-3.3047587793958337,9.07777981089641,4.17285134390635,4.983166332772661,-0.860857963499221,1.94877300630471,-1.336866533365611,-6.587743115141429,5.5515692616861205,-3.646945986705921,-7.533484329681334,3.0802300657435646,-7.068624414137207
7.823671503477945,8.063779851361016,8.609742660560695,-1.6063205704685874,-9.547450116469957,6.988438182186229,-2.483488448969986,10.024612236738724,8.923754450867923,7.178146412550491,-3.045604119456528,-3.50025447558145,6.608490774435183,-4.184432710248391,-6.254742529750284,1.9089134274389956,7.242828026316838,3.91505957433319,2.27055250583351,-9.911256576045465,2.235752092543789,8.585292561302037,-7.839886598819053,-2.138441542206787,8.940195557314134,4.459543227680576,3.133122955869446,4.377948725199336,-3.852487208292146,-5.265407643591427,7.697552279383999,8.010930921910415,6.749382699319593,9.332165761045607,0.5828884212068433,-1.3835053979663574,5.037771685485718,4.550378414752238,2.612542512329891,8.196852726796878
-2.592635592843111,7.564640908499792,3.718019023102788,0.9692123118592335,-6.6723598617523265,-6.810765256239696,-9.560065309973263,7.500343787638101,1.4756201502769102,3.8897964455948557,-7.914858023785414,10.738658095030233,5.349271579080838,-4.923485368555302,-5.552104101366395,-7.480173091683942,-3.0963774970543847,2.03306055105731,-2.483644433402099,-5.092920017053425,3.2547193612910923,-6.938627476133515,-3.6056307540561137,-2.3321739177256693,-0.4879043947311364,4.3770470995491895,-4.959206650211358,1.454278760700006,1.618900633172822,-9.114468695413908,0.6197895354730443,-6.075262770236335,-8.126910698580266,8.915519728067355,10.43699402136169,5.833869731349281,-3.3431186906389865,-9.066222058564437,3.6611083793688994,-1.371304383110809
2.6824027865748685,-7.678331826420142,-9.316965062844405,7.1319855479705385,2.684578244763243,-10.124923598240562,-7.1251086097049905,1.465432472771892,-9.16765748338615,-7.422978189435067,0.2384787029490486,4.828951000781316,4.201126320008518,-4.479914114701522,6.2822263519989825,-3.9882146416206643,-4.287442620546944,5.071466230496133,2.632460072459359,9.013558069832625,4.257127800705576,1.1772919299959757,-7.2485948456851474,-3.877882405124434,-4.445690908720018,-6.0581296250214125,7.771618894421505,-1.3535092691349582,8.749522198729819,3.0799851561572438,5.713259030266467,-1.2136167927425676,0.37673082180993434,-1.1189261033615188,-6.328813535764033,5.525221038835022,-3.3241485401042317,-11.1622482709838,2.2162125814264098,-7.1779474314308604
-1.3875453746271549,3.5295298408299822,-1.4101211451673121,0.512749612927673,7.37382572443832,-2.139223922825581,10.506128712433373,7.5252356771127715,-5.448364273807579,-9.194886976977992,-9.080089021375844,-8.955283684174532,-5.763491397293279,4.203559077614761,-8.990083217655364,-3.9698533540078946,8.80669160882074,-9.227581265447329,5.523453631158756,-4.425129567905083,-7.421562984705326,4.4039570088823545,4.090895749691711,8.82533876463677,4.899659652557733,6.028123395271087,-3.963322805805108,-7.059442616713893,5.992304376461682,5.933222986747993,10.30100414913054,-0.03439289141546764,-2.00683181361745,5.7589623808656185,-3.701316652094493,8.537072454555814,6.032204438960561,-0.886919305743079,2.8830599273482767,6.05926404721434
8.116492007778685,9.553262764536752,7.972985919088767,-2.5213279858917095,-8.66950443452298,9.477584355549883,-1.98641032550979,9.81912798316048,8.1445432956393,7.510603270662908,-3.96252685280718,-1.919066065598064,6.725288675692904,-1.5774886232219574,-7.511444773898464,2.1075769601354652,7.691397163447288,4.424940108128781,1.9770133790390811,-8.001494253022344,1.8048201234396914,9.942211892830564,-6.931309361839346,2.1565295335810175,6.675121153258812,4.259458858770087,4.225050376974696,3.7936278893469337,-2.9102180133354967,-3.057811279346372,3.3669566061410374,5.604318548565805,5.599077145350826,7.068994614225357,2.631472469291227,0.6284940276967482,6.917468504393607,2.918748965768872,4.798051369985977,4.149288881201771
7.067989256958203,6.862485311195037,-2.9235002969053223,-6.643228797325572,-8.749196701658555,-1.6092071310506166,3.484521890821586,7.096403219555921,-9.868128600357512,-2.267597934359523,0.2730584250554453,-5.27182798295077,-8.451716085408378,-1.7823171444289225,7.062580857608069,-4.765112393103212,-1.9236430888025762,5.86142437444289,-2.3950615809421167,10.09504344426771,9.549947132760698,-4.390586322348132,0.023047831743699343,-3.7115124609571657,-4.1955866762276965,-9.870852858478624,2.144661914383268,0.32717503783890783,-8.859875855448083,-5.904842823021088,6.820331050724666,-4.125920752744161,-7.40909660405894,0.3737805525872012,8.620889172489619,-6.6320404464165215,2.599114335585859,5.009827235802938,-5.912389419436419,5.858260495342906
6.114912305543418,-3.1336775402245722,-2.348313124975233,-7.593241611624766,0.9894131128172836,-10.621708818605823,-1.6533641070981462,1.9085264509913562,-4.935786269641883,1.374584225576453,-9.702408565050124,-9.872312394302503,5.758800385660334,-3.6673107364085524,-6.058133172394105,1.1249658844390171,6.647691835122455,-4.234239693602299,0.10792971894702363,-7.949596058096564,-9.552544210526165,1.7439022757163078,0.07123122895956846,1.6944482736004223,3.087780813800128,9.21436667827189,1.2409522285522168,-3.284703324313769,4.701075630237929,-2.430695884396625,-0.5710329463957099,-7.653462257396995,-8.207956304343192,7.612752704932723,5.8081682716562355,4.742495478798233,-2.63167943973608,-6.809127070838133,-6.948999799409579,-6.272547425338011
5.714068135157058,6.426628411166708,-3.6318637411515864,-7.806670160928709,-6.562942985694361,-2.9090634437348095,6.272741771996421,6.981534473076045,-10.278222754698579,0.13153531680475417,-2.7545563108447393,-5.992664403451509,-7.0693676227119955,-3.5976666522787295,7.186221606457833,-4.008633637308467,-0.694346028639538,4.327515474365287,-2.408570549033695,7.776867029333183,10.007958869424412,-6.076540384771276,1.5041524083300613,-4.031210068165224,-5.54958361098981,-10.404247123602026,2.5393819713852817,-0.3377194253211474,-9.067078884618354,-2.8142904825707316,7.466073655103999,-5.148799328964845,-5.682258070802485,0.059568681017660885,8.106406346854008,-4.653505558037854,2.279708090334128,6.639199835307316,-6.070116725149984,7.533836479982856
-2.4098655999739096,3.4268812646590567,1.1648864053649557,1.2369596605689754,9.801957480020166,-0.8969941540664861,9.715838372756469,7.241137256810072,-7.724344635455752,-8.238395882992616,-8.384697794954068,-8.351962419381682,-8.586263945860214,3.6458284072258667,-9.73523772747192,-3.964320065766609,5.954671219288134,-10.386088331709242,6.236555403961747,-4.969822472032,-5.007465245438463,4.770637458423362,3.6634968483768517,7.4385472733021185,4.807173054760166,5.640025662040467,-1.7349276481085227,-6.560072943006347,4.408544033582314,5.382690564696634,10.145452866960614,-0.3266244190302625,-1.4726787789121887,4.771933827273899,-3.9648725428867957,9.861415021019496,9.269636410461281,-1.565121960157389,6.224044764194897,3.6247693760642985
7.7567297604438625,9.232600470784218,9.504733848371908,-2.1529647641606995,-10.508361610637444,9.381111277573112,-1.77143410144767,10.04775036135368,8.903603676888896,7.413495549174573,-4.629519495232633,-2.791097924431829,5.456468063241397,-3.1494850777132872,-6.239975431457813,1.562467965427946,8.99842604434743,3.1583459001761565,2.3671226662808786,-7.06369082449236,1.5119070688128131,10.333200993435222,-6.323328509901543,-0.10350522606898627,7.251425749314755,5.349485763295874,2.429985050491059,2.9611644582081857,-3.7999519834744584,-5.924479479535628,7.272162883757753,4.21413607939195,7.684557035033441,9.076494445884647,-0.06674797719451042,-0.6380417309872529,6.198746030072142,3.0011116161497844,5.0428424075704825,3.287332248324063
2.555702104442577,-7.216808876043558,-8.590918453157311,6.720655225500992,1.9521741395634713,-9.462379372161703,-9.328201587628264,3.1432461304951738,-8.744999783987058,-6.715187514575744,1.9137647309628534,3.2457898325188608,2.22930833326283,-4.665739980503757,4.612849961606907,-6.440614257838458,-4.292846952977435,6.494409343417898,2.068102761474978,7.918796956609556,2.674071148773167,1.3629962099423,-7.831912022494778,-4.746665149310928,-6.15866998179279,-5.033874113631166,8.735903531265032,-1.1414642113901696,6.234810222674143,3.188027576203245,4.520004850428642,-0.29936313204058684,0.4736999282892178,1.7527837568484763,-7.434632407009145,4.326982609861083,-6.111388899203036,-7.914110549300334,3.310728334320562,-6.320813322260353
-2.5423245959265475,10.80884399171611,4.12226753719193,2.1969576355796305,-6.8960500872240225,-5.691716319827862,-6.311395330762389,6.792654142578383,1.5328607923459536,5.205612432989981,-8.90641862445764,11.24490436897592,7.232781001334399,-6.1125098772215365,-5.772845825165678,-5.223206222348416,-3.0946729596118816,1.0024026637520551,-0.2944249375685313,-3.0061216055934885,3.619216885485117,-6.56141289936952,-4.324225109612491,-2.5260494476928432,0.3279086508490763,4.8865835568730365,-5.637851047959905,-0.10865004405512813,1.8770362001756673,-7.792539882992746,2.34199610604867,-6.543080978098021,-10.05882428127433,9.723964311093887,9.958124842632262,8.331201685634682,-4.215502851485588,-7.827407392208383,3.934044213953893,0.3805031545555013
-1.8264709206652998,2.889338185123815,3.5725925934279874,0.2782577393367956,-8.906982483739428,6.712597878421394,-2.730199051952467,-6.501082006990569,-8.382711984576236,0.8115508581717499,3.389840103675782,-9.738357565520909,1.46825110990754,-5.262457098025332,4.649533326483192,-7.860356219847653,3.9486736664605995,-2.085895034808806,9.354692972321557,-8.062941053529027,-1.4942266395839938,-7.717565633716459,7.406804852636339,7.530762077206,-5.154328968577001,5.982916062930909,7.3943876035493314,1.1536775876974643,0.48109488192092464,-4.211897319509501,-7.139082483553801,5.032765239745885,8.651354297999942,2.689995689443986,-4.530548000812962,-2.1355943681226055,6.765301590963054,8.499001145879323,8.842156927559211,7.4016300091168805
6.328326404818711,9.770764617031721,-3.2355223464913054,-10.211512327366275,-4.385255142702611,-2.967395849944829,6.5908289856612,6.439927607463022,-7.718246354911999,1.654543978981451,-2.3936005787261783,-5.685201458706507,-7.358094583677126,-2.3842825003658303,8.887345990575398,-4.560836258965763,-0.3417462043327305,4.055897381526765,-1.4929509736494293,9.863479514955259,8.475530972227206,-4.315981305782927,-0.4420147210304499,-3.092025798477766,-1.7761796941220425,-9.621087423852895,2.992891839324308,-0.6918128674604995,-9.082688742191511,-4.397508428395669,7.971634059288694,-2.745748497885528,-7.40869563285392,0.3759067443361287,7.782922212888582,-4.726898006400381,4.584765540469819,4.7047949639953,-7.7574712611924195,4.525675203409866
6.979827925588642,3.516736827023272,-4.544978489799929,-9.086248042450226,-2.827344067472706,-3.7962110339616713,5.052539216604105,2.6116073841763594,8.001038108851255,-0.7841740405705542,-6.941049608505612,2.7198393370534637,4.852388963949403,1.5221166280842333,5.953038847097414,1.3688645500416425,0.06363192077430518,0.03030212903186502,-10.150641291777767,-6.513525048589267,-8.553949159566944,1.8147496456433856,-3.4058411412216443,0.12017798776186475,8.77691407219686,-5.23742700545581,-2.099587764949138,6.480117353623825,-5.522757584623224,-7.633979479232375,-4.430322426768839,-5.108910995692389,7.915618417515967,5.548264060041155,4.192592311324373,6.984265412859103,7.674515844146683,-5.3767582426844704,7.6965302632387225,-1.0264486337041445
4.436739438398678,-8.071763077520234,-6.769038390502233,7.732592913490787,2.97176541243681,-9.108145628613903,-8.244410772991985,2.1143938675383067,-10.80073646145398,-6.968001511192224,2.323603293450806,3.5877273246069503,2.445101580086447,-7.27533312403745,5.757125862553013,-4.6859901040825385,-2.695996066808788,5.891516154289858,2.8279277521853308,7.069058843631095,4.640859787958862,1.5457529560285685,-7.538979353374155,-1.7751332216108175,-4.053021313942847,-5.2483763026848225,9.426327252234993,-1.3604050686888498,8.616933963476994,3.7910051189647196,6.447323054142807,0.6493474756958966,1.0918443257427348,-0.7307956346946232,-5.3145095696876155,3.8748572372137313,-4.405253754299746,-8.134657430399633,4.130016210488446,-6.155997581061837
5.842510542540783,-3.1420413730496453,-2.3736060729361297,-7.240960623128623,1.3100375095527084,-10.474781737172687,-2.6276864525487644,-0.037303381805334435,-3.846655213376793,3.2581141147891373,-9.335909588447498,-10.466626115351824,5.572090610688097,-3.6448930958390595,-7.864778348527116,1.5657606260909573,6.598780512128998,-5.855835344838023,2.6408796264936023,-9.090608592998105,-10.676274020981552,2.415430984825705,-1.5097846183914094,0.9127577122995794,6.318232529612876,9.533656993921138,-0.799907941064137,-2.858166910085769,6.676777201420051,-5.91604061990626,-1.7534169623568523,-7.55462650944896,-10.30989087806134,9.535132032172335,8.14441459661039,1.5269992903328422,-2.1621894310433656,-6.272477600015596,-8.663308532521686,-5.5247534269605625
2.216718721240842,-9.139203220213933,-7.155319543041945,8.340478631561528,2.8105623625144456,-8.724295476750763,-7.44636656963218,1.3158851418322743,-10.956072910606938,-6.941933008509219,1.121955643099202,4.699322313730121,3.0824093662687844,-5.46390655692513,4.4813817900897766,-5.5100399888452,-3.405120896936834,6.0556602813722336,2.908747082160291,6.954255483099276,3.1186724412396774,2.6639458805006004,-9.234557970267591,-0.8698370440201337,-5.872334500881005,-5.7744273937460875,10.204949364764232,-1.1077288111911205,6.4374320865437795,1.5300706566981719,6.174068880304816,2.397161249867638,2.7843404735258623,-0.39774317325453185,-8.514269382114865,4.5306850396512655,-4.022255947536331,-9.896375812453728,2.0587219275967614,-6.298621151537633
8.779228240000535,7.631105122777798,10.607747079139342,-3.73698713425701,-10.28170297934652,9.876515639388389,-1.0211674010446468,8.863173381249183,8.041032615691222,6.093499000422176,-5.017518277684752,-2.2910136301119453,7.213795247618441,-3.8102145255057898,-6.649358880202479,0.08530205397268276,9.016231589439508,5.201114570336456,1.23843172003773,-8.238756831014102,2.383145586036244,10.919281861844656,-8.09304269470816,1.8174403830068706,7.9686836779943455,4.844053050782956,5.15355365656968,2.86761960586573,-2.288131439360188,-3.697853550203515,5.25176804517648,6.662906016537438,7.624751550982561,8.086072931439494,1.0896655324490894,-0.5414283586136726,6.236224825178872,2.867604833099984,3.4246407221463997,6.4187380738407915
-5.851905493545201,-0.8672806005032857,-10.590582206497956,7.290980080650601,-6.160968868314582,4.587103044838623,-2.2171391831877436,0.7215770015050451,2.1555005325507413,-6.168952508909223,9.296580907590407,5.169618848168529,8.479587839906218,6.348745452243944,2.2222543398290413,8.397150790248292,-7.484789234883734,-5.986819255178486,-9.25815792335833,-4.364586414742344,-2.154300969388598,-3.8347821337059202,5.431411191954728,-2.7774597124474747,-4.148266854722901,0.13585687954670544,-7.769371805412748,6.274550463847009,-9.642408144697207,10.087662447259738,4.549541012273948,-4.962832676283336,-7.551729912139653,5.448471767394862,4.671354739327018,3.853401455937728,6.466361107516704,-9.784365374403407,-2.3500986706868345,-8.555607776386758
5.585736903486147,9.043967732389387,-3.1653265775279613,-7.747243624633278,-6.144129562096607,-1.5520880709996259,6.549943273324759,8.247150563427988,-10.74669299000994,-0.047870790974799626,-1.6069568050921355,-4.89516543289923,-8.51115699084912,-4.564266364814656,9.532159229960435,-5.053890474531599,1.6607921496294906,3.904453080420648,-4.2749390346885665,8.95522143501572,9.62806953191146,-5.497055171047695,-0.03500013332794259,-3.2423554379593207,-4.5053804478382675,-10.199318729375479,1.892302682226096,1.4684206010364902,-7.2853606296670295,-6.446996889210046,9.256345628524551,-4.958614470625196,-6.178119879055388,-0.7614330547163688,7.944745572710529,-4.57440578112253,2.501733686834855,3.8440998750894986,-6.5656505026254735,5.165240754652526
-2.3194914554423547,8.352303950401712,5.065766042421137,1.992317461356484,-7.52111410019558,-6.392237308404873,-7.033979646849267,7.132619123771405,2.7420581770123578,2.868178598049745,-10.544746490901959,9.870603321120264,8.1329688445444,-5.397604437648817,-6.676558686381142,-6.33261839750797,-5.1655628747789635,1.0996439590001241,-0.47876656483427604,-4.627507528872242,1.7670157466880885,-6.9442445573071145,-4.593826765336233,-2.7388957487519883,1.2211214735072349,5.456493527114276,-6.364864508854028,-0.3628530373629266,2.5924833487407866,-9.252215918818148,1.5015239997073404,-5.268213493981158,-7.279365135780773,8.377287179327961,7.446100710130571,7.1754606521661435,-4.59235444229259,-7.255932120709553,1.714556712531302,-0.30435278690866385
-8.167241446041746,-1.1109415244820102,-10.652301648819567,8.618624732334897,-5.505780603069235,4.218271711104844,-2.7719962636813413,1.7752748087676657,0.08181882079148939,-5.827545278797449,10.024146771933474,5.028478292118326,8.018206873890907,9.506067674328948,2.185495451953756,9.073452451174072,-9.052225970789538,-7.299627218139289,-9.66490399628135,-3.6174147721247096,-3.2906742130277085,-4.5828641731724655,4.886244994970088,-3.984980888598086,-3.71039855797551,1.457712183442864,-7.573392265891614,5.026175306003842,-9.536390677930594,9.364470486069031,6.089413877578439,-5.097440677972227,-10.386089393009922,5.155736143111898,4.404990514818676,3.7566083901938976,4.907154294857712,-7.193830874881154,-2.0035700005487795,-7.524644497245954
0.964613291644581,6.021849168166625,3.4243303540966665,-4.7777885881630064,8.868848270175212,4.598686027101553,0.2874668364510745,2.1931700953242292,-0.16526422189865175,-3.715925331065872,-3.6348823372988326,6.432819593838076,-8.950988914752132,-7.045208652250013,-8.64803527792481,-10.115800332400052,6.70363349526303,4.9060755907218,-1.7233937621284428,-9.084091892375845,0.13851492710255253,-1.3200972450477901,-5.712068248098929,-2.077184971497085,-1.785525167189384,2.645073525695061,2.2197783394553987,-9.333566434213704,-3.1877591875105304,2.4985936086324902,-0.898962068486173,6.906289072269385,3.922363640174116,-7.878062537432077,-9.075694463969297,3.3666479741112614,-11.547418570848226,3.5710956618686023,9.849862742530085,-0.02885202271974019
-2.5918783088954496,8.892538619815038,6.153328579470232,2.6039813684955098,-7.903814015480475,-5.026017026941759,-7.617294061110657,7.905620618967319,1.7958161360143436,3.2020123191974292,-9.960516890155004,10.486945662944072,8.533439121943045,-4.209974258162288,-6.852350077644262,-7.451527236220334,-3.7742688938980415,-1.2733107329180944,-1.0379319129729037,-4.32301978233783,1.7710213925793477,-8.804825854225959,-3.6435069227259205,-3.2054639737880772,-2.048517151369569,2.8312570145786236,-6.034039261883442,2.0569403649419766,3.5095505917887198,-9.528088002186317,1.5486849776669858,-6.120743270179146,-9.697353579482701,9.279502644886133,10.078720939875877,7.394880186213529,-4.00787869301254,-8.250231470049288,2.8066779434865765,-2.023830479247833
-3.6089949345099925,2.4810339495006035,5.096006807021787,0.6363714591106613,-7.077773850129628,7.669787788957867,-5.062512414952972,-5.959150514996981,-9.037749696699496,2.1478176516052714,2.7971747570545893,-10.785162933355036,-0.2341488340352313,-5.567879493125444,4.088440255789314,-4.695360600174563,5.2153526082724975,-1.4051078632074077,7.7302595124351,-7.65847729206963,-2.968746926581832,-8.362968613264394,9.071078018099207,8.267273175873907,-4.304877383131419,4.224815525241161,5.439852790311244,2.0368449360814447,-0.10263388300006704,-6.103890134633851,-7.605828509695634,9.160188721265515,8.496374629642618,2.6828331692379037,-2.909250352924479,-2.879381589679502,3.393162681269394,6.6995850541066275,7.662902605828891,5.67736775292178
6.308196301057471,8.013097896637436,-3.753512368793511,-9.246342842909554,-3.5032018497680264,-2.3993781477426177,5.000271742139266,7.0017517823704996,-10.822429202886692,0.1632332609910445,-0.9640160884626515,-4.562540890056171,-6.787961931704662,-3.553328626713121,8.907785905911972,-3.1280623086874044,-1.3819749890747501,4.630963878023415,-4.184707239997952,11.475988253325703,8.844430814200528,-5.149229260687308,-0.8247369813901455,-4.612403835520297,-2.029096543307408,-8.321891364286047,0.6420842344500985,1.5577933652624598,-7.777182699858782,-4.708283177556059,8.472014661362913,-5.223706266081626,-5.129522653728606,-1.0072349834408296,9.859019691987742,-5.587039900762796,2.009670543499718,7.424030561629338,-6.428815699254419,4.784456159724967
7.145580164880836,2.9551743612154597,-2.9415450067836786,-8.803859994676328,-2.6873944547900877,-2.525870922558393,5.005495595891676,2.8057612100143334,8.40157594664607,-0.24143407495983027,-6.547315009428019,5.164457121198207,4.19744707092022,0.13958078064821877,4.718094054687144,0.852050617354736,-1.121652409131364,-1.0544222437210147,-9.129074374025135,-6.679523401447718,-9.191077595601428,1.3849988346917077,-4.672235339121589,-1.0105816986037683,7.613385512188719,-5.197056984446427,-2.957783065508463,6.581684761513262,-6.7493180621199915,-7.11429837956166,-3.019807910285299,-5.877271705230877,7.90018643935471,6.504858470465241,1.3907039966578518,8.340118838788106,5.999456756446022,-6.677919036865969,6.627435123143287,-1.6906612803160028
-9.40580835090884,-0.5251163246911296,-8.282789021768592,7.849512914790504,-5.670834669458641,4.176117896582362,-4.0965533742348335,-0.108800390094001,1.0836616765289024,-5.532160679870671,11.773406087023718,6.329892574879715,9.949818797672126,7.39058080956512,0.9321314702522261,8.499816050081458,-8.122980043702013,-7.158855492981693,-9.270748751693253,-3.094075783015582,-1.8660608111922792,-4.06873151113781,6.865714913176031,-3.3719421253982698,-4.895210432901228,-0.3450297348289062,-5.396740461319652,6.057389979700088,-8.733840182199437,8.808946650557887,8.380553288260925,-7.099014401539447,-10.318405583134025,6.725065405382742,4.737359842696621,5.538075416035431,7.2330154414881775,-8.012949309857479,-3.886716229081215,-7.939563934619187
7.95639489866117,5.038714925795633,-2.882217866973207,-10.719973143234194,-4.141583758601129,-3.3738426340906043,4.679480992021544,2.02033630149551,7.989546594163466,-1.798202333680401,-8.553023803919032,4.910693386063611,4.200037741458123,1.7637555568821823,4.049879824435163,1.640737811079551,-0.3196133347641731,-1.672846204632452,-9.161004204027691,-8.407521412635006,-9.228010325194012,3.3035649497957342,-2.752267145969981,0.9629112592670135,7.979519014719185,-5.1607871910661025,0.5567670187376264,6.060911839110266,-6.345860346487765,-8.360413639658589,-4.540114080502832,-6.910908488843021,7.364457889143372,5.750484356902386,4.4796309034023825,8.008288104629859,3.5822801298308304,-5.051875329781337,8.940809492708718,0.42755953400659746
-3.596443561915553,7.9284609993131365,5.319252119184605,0.8243756487820759,-6.213314690242058,-6.417518300421995,-10.564134485426607,6.645958263163048,3.216409637911548,3.1802860247812275,-10.05271437639334,9.860257936491783,7.432243325291031,-6.0047566724789725,-6.961010850549629,-4.909539941232816,-2.176255477011667,1.4739866834265527,-1.2757814845926612,-4.983682917680087,1.4066134878910246,-6.687608681693406,-3.7387088084069533,-1.2711645411797365,-0.22815022312314137,4.200438926100455,-4.954576739109887,-0.7133718590421804,1.4643201052884982,-8.82079153934835,4.146564527812731,-3.479598970248809,-8.092245081158227,8.794514126346279,9.847146309971738,7.055602388203058,-4.228392242089779,-6.25134636396,3.9147312894345396,-0.6992070361165788
3.5761014323674436,-8.287579558142108,-6.133709817382529,8.584206269770771,0.1087313404279584,-10.956141568690851,-8.991194183183179,2.4539711936693527,-10.319123649652152,-5.784689377032842,2.173158139715622,3.5450131236508673,2.787944328727267,-6.22004753484609,4.332772124189261,-5.052497367330062,-2.68553048181238,5.7282668283430365,0.6905399298752428,6.831923262246441,4.536357876896971,0.9280571394045145,-6.987262825074861,-2.952135738822518,-4.521029178923527,-6.257097824817477,8.360962537482397,-1.4125539344017772,8.722749383742933,2.6492014261457504,4.668701828194577,0.09654641871105642,2.795312653201459,1.5932203464290389,-6.411848176365024,2.7891744549723163,-3.5441891516281054,-9.789643767825925,3.8524865597043965,-6.1767141868414015
5.100764631209509,2.9484962463723434,-2.7216964483843347,-7.981286868493068,-4.1754004178563235,-3.1872867244410243,6.016077412302447,4.164919075395522,7.715082152299971,-0.41638186603145383,-6.497203936499533,2.7640937291977243,4.892625229660924,2.5611144069266816,6.394544140775987,0.2451757049377195,-1.0511758176907389,-1.49908986587017,-10.08153286136803,-7.511132557316698,-10.180762971060195,1.702484830301001,-5.777745656157108,1.3932185082707578,7.751558967078801,-4.857009633319966,-1.7945796557615874,4.043588837900474,-6.6831016016157445,-9.465716929421376,-4.928139380554032,-6.408968007906107,7.798235383330849,7.908898222882961,3.695226166101621,8.237571353420064,5.953782635509141,-4.7543180865588,7.633174338678432,0.7555834241587679
0.7066094221073149,3.773987891680257,4.215790634397291,-4.860205155410508,9.534969170041192,5.090985130074782,-0.7480372918791065,2.168767539777418,-3.350734573218954,-4.694094991522618,-3.6108679609519374,6.343591786136779,-9.892898327282845,-8.44860349206591,-7.8800882933700285,-10.05731411832895,8.003906741567786,4.540685861618607,-0.8819550408530998,-9.379294592493611,1.0739800441539895,-0.030100527029327084,-7.307910622559865,-1.0783613306459494,-1.023743413320045,2.429020755241217,2.9402718500059724,-8.061916060755083,-0.9704849331673993,2.397599139322926,-1.2747176937266558,5.827220510190398,2.482879819539009,-7.6762029847903905,-10.271093948092087,4.696210567257861,-8.94167452689123,1.1917140286342738,8.772087986107172,-0.2769155299858619
9.030929433491675,8.243091146409686,5.626225839039215,0.35986563833543705,-9.501267792745592,7.977358212439742,-3.370231845331147,7.838946585730833,10.926891471339962,8.56212765814567,-3.357807122609338,-3.4131224663713087,8.532707418314148,-3.2117772789300947,-5.955220617926615,1.5821961936102498,7.216108298589516,2.722434982752572,0.8910052353789366,-7.4128304170515165,0.9197124517402495,9.625730587141074,-7.37492920543257,1.159332736602313,8.22213297416677,3.805146426031955,5.3870009893926625,2.8864418509918957,-1.7179375337041467,-4.678308013058531,6.3511490630036445,6.428255353687922,7.53915381231087,8.939310249563999,0.6183074751522895,0.8139750236145303,6.430523539680639,1.7348233566294593,4.309136619712055,5.351983486216687
-2.972446633975177,2.598519366753082,2.941057723948451,0.7374752341387725,-7.913039456017218,6.615303154445637,-3.3192916060530404,-6.730153213164229,-9.52268388588719,1.2418336932881688,5.468546771349721,-8.204342635268555,0.7971553559992358,-4.144775498773503,3.7019171471668804,-6.331400260386116,2.3131834210296365,-2.527456994114392,8.399561882716338,-8.382656290172292,-4.664835253601446,-7.237810228621194,8.81837668794207,6.379390087552006,-5.587045952133077,4.360903193837744,5.466747490507758,1.2748151359230495,0.4032332675521482,-4.656590710928904,-8.994052296538445,8.03439863660664,8.177083720612485,2.892209951694579,-3.140330321063373,-2.671199187152672,6.710883909455599,10.503502975822649,7.102512344515624,3.2792679367999775
8.411371911616568,7.417110536634712,-4.073442321766256,-7.2392999391220965,-6.000113040897961,-0.7888797457566918,5.641752611670821,9.046731272704168,-9.516182416783892,-0.405076897525396,-2.240471636493694,-6.07164354329343,-6.22994298707747,-4.516447579528724,8.19025240779088,-4.097601916510321,0.36012446811038445,3.7892694852567614,-4.218635783804583,9.035818970823748,9.149395215657254,-5.5924519185725,0.6317456068953747,-3.06302537491096,-4.3815768121800405,-9.031719466058616,0.030230682248665985,-0.3675223075846016,-7.9656032832423005,-4.850507298447049,7.4280560429411135,-2.931073260629621,-5.283025367979733,0.25663011803341784,10.851919693692063,-7.384829987728069,2.6551595074888654,4.762434433401199,-5.483229219018953,4.074382951263229
-1.9979950235277695,10.387944673361279,4.50243032160041,2.926044231143671,-5.267348933162625,-5.565195139691899,-7.198363227264617,8.065650406570596,2.0977338737657685,2.5594857440237404,-9.8343726022139,8.554950447923694,8.81979553350625,-5.9291035988668135,-6.240295849073502,-5.780424426890856,-3.871552694436792,2.1901796730755105,-1.9837489888921371,-3.9808097408019187,1.4945873087495416,-8.53014529817987,-4.768876120200923,-2.709799931174578,-1.3079025401765405,5.011098247986417,-7.41284182050464,0.20158319564353777,0.34357100320984757,-8.310935781910443,2.2333367909632695,-8.0470690257191,-9.008177217344272,8.225554339476083,9.631815171910368,7.508397408352366,-5.782897086178331,-7.931531640724905,3.524527734676497,-0.5256100487575074
8.337056407438926,-3.464045780592032,-4.548144919821999,-9.4940904756473,0.8649916612623841,-9.070642465621273,0.09998034769976316,1.6066616248490881,-3.6663120025040095,1.7823028396882359,-7.667762690620794,-8.553164981015826,6.674116582435457,-2.2295990660443814,-7.857824750117908,0.3876216000611332,3.317917022420655,-6.070327112540739,4.2176975321467784,-8.144675422837544,-8.859625799266233,1.6256967265122402,1.1705278478245071,1.9621142257075372,4.545484186643554,8.381822464572178,0.5096191366441895,-4.378620493579022,6.832018507407817,-5.093595596529844,-2.045275495021823,-8.54370436146616,-9.127593312561135,8.045636296718662,6.198335812920531,4.0246464275673635,-0.48257256217807587,-9.06282936287686,-6.2560959428950405,-5.378707601114201
2.30899475295878,-7.899801422562495,-6.989445868487747,7.4806845179791654,3.5489776242903233,-8.302613992278257,-8.384948908386914,1.5602675748314527,-12.056252152263005,-6.544548856869671,1.6306314095505203,3.90090173943241,2.968317082971253,-6.319156425482887,4.8985642208645555,-3.5768328711650885,-5.708883714150201,4.852326913572768,2.022309631530694,5.494002215829708,2.022281975222451,1.7458449223938362,-7.721542445846984,-1.1853961776365292,-4.68717109922003,-6.878428762287907,9.222041552672941,-3.5244245788805757,6.634135217120263,3.203331578351753,6.0904069764273885,0.6403074575391725,1.1805848452554537,0.6408834398026344,-6.508543142329221,5.565725137972354,-4.039913811711342,-9.720677541855542,3.1215389623194536,-6.475647112833939
9.793088956195817,-2.8466017894653084,-2.276171408337001,-8.989581581834468,-0.13437698670086595,-9.35370113933867,0.37883060925739853,0.5299546870908576,-3.867712458228943,3.2431624840987974,-7.988478687988652,-8.82422033741393,6.62211769185051,-4.3148202207778175,-8.088984391139245,0.1641093930780143,4.547539450538064,-5.435126187110373,4.369457699866105,-6.775289107463023,-8.722485714796639,1.406526703387788,0.08409811684601087,4.212687380632934,2.9598600785080498,10.429869750336854,0.8215966762236805,-4.296729927929505,5.694937138636135,-5.717607677914575,-2.31221163368951,-10.021926373778612,-8.725471229490138,10.458313262985184,4.557794546430692,5.757789638025466,-1.832949348351443,-6.244260393706247,-8.343671982163356,-3.674316286543229
6.973918255089354,2.6164370353250592,-3.2244049445060723,-8.53387790186734,-3.8044826761417294,-2.9857328690547456,3.796468432935473,4.150567353758146,7.5077174681579955,-1.8672506346596953,-7.420041724242193,3.4137152620124143,5.881035506846824,3.4351495274323027,4.632771507533371,0.20828426051179966,-1.300849001064746,-0.9952744033876606,-10.377331264917787,-8.467006078568394,-10.472702776105143,3.4603594513303437,-2.7055760210002036,0.19479903795256395,7.2869027731861395,-3.4246323809186383,-2.5427516670420625,2.9489904709335346,-4.965647680210482,-9.565176477065657,-3.216362148225464,-7.156711951593331,9.197666287395657,7.563907937840497,1.4592162655877479,6.863274672861951,5.997770465325227,-4.73104750324494,7.192797251859111,0.1923411423640068
1.7661345334269467,-7.296818825921344,-5.413813608560959,7.971388734803876,2.1893173187731034,-10.583605468897561,-8.513230041653424,2.8616987015154316,-8.455828255237694,-6.855709757460802,-0.34749716930828556,4.093258295965867,3.8655153146742878,-5.540025180110399,5.712797866677706,-4.477509582798101,-4.541134766702499,4.3783952899640814,3.218884262368903,5.318278971856952,3.4886145834774815,-0.39541036054521683,-7.10307118787364,-1.738410254019621,-4.19117128545042,-5.79608549677064,9.63041391966245,-2.651422994179441,6.8101158260922015,2.284029508173847,6.594491607325064,0.09655605493560272,2.9887876166616048,0.6161344158575531,-5.436449430133491,2.8401157557845025,-4.669711281338163,-10.578053081805123,2.7264430385194527,-7.151062535782178
-7.755020574073005,-1.1387333858218447,-8.741808404334837,7.85497667029414,-5.343067087620872,4.103647232131195,-3.736347886534228,0.9180048694921835,-0.04712034965187184,-7.707727833416966,9.498900517331306,5.18381011172756,9.416413503737727,7.816638555890425,2.1630749154563325,6.814102170521092,-6.3417130193473525,-6.244584736649127,-8.397867251450041,-4.329485054954339,-1.9184443039930184,-5.875864128046827,7.02681802129826,-3.2209075505140468,-4.352119302316817,1.5518956932950672,-8.414055811725028,5.359447884467998,-8.051662845317818,11.835960206557093,5.306813051271666,-5.434550251392619,-9.996529127386433,8.251474163852981,2.3899252099870876,4.674764405489105,3.799862900156853,-11.025678535854908,-2.5332233759967306,-7.543121013349947
-3.425471723616475,10.369728929303818,5.810077545424705,2.1074661811885247,-6.800029328775234,-6.326051822160039,-9.700030826892268,7.353554394662785,-0.1300833097450047,5.037907201423844,-11.14980333652581,10.901616871668885,6.318732722041985,-5.964884768365653,-6.991234561942493,-6.6199486768534,-2.496623795661209,-1.9926800238903222,-0.0841342410694974,-3.8373937149374533,1.0300362465903743,-8.2854351800084,-2.480714002087434,-3.618270014068897,-2.03195082625524,6.840833770225002,-5.667971480546892,-0.6532368082641663,2.0649163526454686,-10.096744429240323,3.2517184364513714,-5.528146561381036,-8.166961941472467,9.339371806313682,11.073828786358561,6.167633289717447,-5.089598741953388,-7.597083807040015,5.770707579780251,-2.211709618393825
3.435099404638982,-9.545927460544602,-7.0924043122763925,9.166269172944684,0.9356849995550152,-8.339146671357138,-9.037986128568047,4.119416959538726,-10.271726833288751,-7.928747229289004,0.4777767401791246,4.382833142032858,3.0323711951505206,-4.39614439934546,5.679324487885598,-6.438048915381849,-4.74827518172499,3.6250343287396416,2.093461884896275,8.088682730703304,3.712619796673602,0.8211444937869998,-8.137607234060983,-1.2413784336453906,-2.7879417953863714,-4.860822798975526,6.800929911001513,-1.8407584119048188,8.775679233083615,2.847404835801333,6.6227409895677525,0.40980723656422596,0.30343227504531645,-1.0358845569861843,-6.416292431169266,5.514457083468458,-5.150436819503505,-9.057778038203278,3.2131385120645537,-4.871589146779891
9.335320512181632,8.472903158293235,8.009803634504099,-1.6290471332261502,-9.06717445924646,8.581955824324165,-1.2654435049067314,9.345351811504933,8.841244475367692,7.057662448499415,-3.620180533115342,-2.4242075569403343,7.442501060567411,-4.4982286752974945,-7.214038717423855,0.4017047458930282,8.157964111423214,5.2077769802055505,2.127262194897659,-9.133393243268975,2.7376428303918505,9.410494689436694,-7.880704280741085,-1.1191464184477717,8.519380132379352,3.45150920541695,3.8883516418954858,3.103370434017317,-2.034333028534972,-4.462514941024083,6.052760454049928,6.101533630653584,7.644016706537858,8.277815815112737,0.18357478825764048,-0.48807608151078585,4.39117420599341,1.8807276560134476,4.757817283834713,5.610033925395722
7.8892983466599045,-4.781506834966316,-3.952910213162732,-8.212310160855653,1.9017741522351204,-8.579040384888406,-0.4506019800325373,-0.3330495090166028,-6.77364156651436,1.71644286200201,-9.92396967182814,-10.515607949127997,7.280069437298793,-4.37176392095473,-6.841820907505722,-0.965272773921394,5.5339597475555475,-4.749605128044515,2.1198762007777305,-6.6031308656178185,-7.048479251034342,0.8642676313826149,1.354087802792403,3.809306896280651,5.066253046938719,9.954284806849236,-0.19806243675218205,-5.228226716352793,4.513628482124596,-2.2009876159969965,-0.8981126280822771,-8.676555854546013,-8.22965787257294,8.503510320696673,7.302710677657306,3.9966761554339985,-1.360913610611001,-6.870523467876942,-7.835953453868659,-5.818013109847736
8.942656182472797,8.562174055390978,7.286687763757914,-1.4872477533901631,-9.844317520549536,9.717074526421236,-1.765868911649175,8.683807719512382,9.693198430612572,6.983653170078803,-5.316550763219023,-0.4806770981796469,6.395749656565499,-2.7339683757002335,-5.768288436881669,-0.12343751574735329,7.720707838599135,3.6190865937993317,0.5355768572089818,-6.330013752705941,2.099968897184884,10.690826044899334,-6.684682306269316,0.6306154962710886,7.5877826492986955,6.052503062872786,3.1152218465703436,5.776016990198772,-4.097400156108992,-3.3466513890877088,4.78205924963049,5.886562341356657,7.434756309663042,7.778115702299914,0.04517840760186578,-1.3566445541868013,4.978453110611952,3.4975433227511856,4.069009370131512,5.225325362900513
1.9664053781585724,3.523109588379488,3.6012942608934964,-2.843155706068197,7.438507516311861,5.6657023318846225,0.8804990199082128,2.0537616407024695,-1.0936823169113745,-5.816764241391008,-4.055565563903411,3.372727437256704,-8.480367517985668,-8.050219374970638,-8.510006747207578,-9.670456028502253,5.947451176845189,4.725469797539613,-0.18856084452867306,-8.280215940967397,0.1342135657781151,-1.4910491406326902,-5.475362827244385,-0.030572376706065052,-1.2706007407156101,1.9450162019506598,2.761219812036285,-7.525083356424347,-1.2265814898593983,4.511067404793452,-0.7177936817114202,6.259584539779311,3.30824291996101,-6.334415701075106,-8.730914217050966,2.4587011362909066,-8.202378606338433,1.6247795349221252,7.589393410580827,0.4097944705820553
8.681132930869392,0.5163723638251256,-2.714820563642488,-7.745096950375963,-5.119077271822329,-4.382001743471475,3.741340818133127,2.0223592307268796,7.262537800591005,-0.3130986837060722,-6.742440430066596,5.346212702228436,4.377877911170167,0.3808409526869424,6.735165439107444,0.5226558627064594,0.5375214295088777,-0.9758429572740408,-9.521421246969537,-7.317586777086296,-9.707482982771056,2.997013159714839,-5.223426428842963,-0.5163704715313747,7.474318301731516,-5.388545450229415,-2.7188547940671546,4.577479145037891,-6.938450752565672,-7.91170132702924,-4.287484460636033,-8.480781862695927,7.759123136304788,6.499009018850506,2.12505318382268,6.73227034361626,5.998848860974214,-5.925001287101067,6.414827512760396,1.3369733195308933
-1.94252654838616,4.574472104743745,4.4940433470380095,-3.1019883874234,7.7974963726485464,4.213245146593811,1.8109010659685207,1.6073088167282736,-1.5026138908357076,-5.761820105787133,-3.969935184436142,4.260548557880624,-8.756405034453651,-7.664764425230801,-7.808065521159387,-8.665003258666179,8.715676911701088,4.89122538055921,0.24281741199320928,-8.163804685615652,2.841524078833297,-0.4178663644941524,-8.509385970925576,-1.054933475626573,-3.012197555289961,3.3340234826459447,3.427689775533814,-9.285433454491763,-3.3956407209137365,2.6636240410055305,-0.5785086362553012,7.917600816550281,3.7298883466369466,-3.8053448658779705,-9.033739590642329,2.544959935641668,-9.624549463104337,1.6045260911981836,9.831683766460632,1.2331379124554476
-2.8073986253419108,3.4022317880467705,2.1387184223156255,0.4287873596915168,-7.5240373367813715,6.674653974718735,-1.6756224271875475,-5.575804379146897,-8.55568334057196,1.7683542176997686,4.426041913555255,-9.990851194244524,0.5242389171851352,-6.386377543045802,3.9428972004195892,-6.222066722638379,5.801267825747196,0.12700530968050616,9.497919226167838,-7.181155805872232,-4.124737491120398,-6.825779771929394,8.704156929466485,8.08482190677408,-3.111380058240645,2.375257632020233,5.420139835542981,0.8675902936185669,1.4142127168719525,-4.608086941776478,-9.033633155577787,8.700868059769016,6.807148324373346,1.8242874711165018,-3.3348614962151752,-3.569239753722002,5.408973066055722,8.228583682052637,9.507289662929606,5.350325551798062
1.3409803616492542,4.121878469276787,3.758748742573798,-3.5192268192074105,9.063615941559418,5.194248764557668,1.2313189824650437,4.0263023687617565,-1.9785605043118666,-5.732450407986714,-1.9998155238635402,4.2277423939446654,-9.319972421822337,-7.848136343530829,-9.181267844106879,-6.748119329610429,8.343298425142379,5.094736720919906,0.014047222223477984,-8.734830908420145,0.09379918907436746,0.05275971643998323,-6.336977171660327,-1.2282166878965786,-2.427354610841936,2.5904606107256125,2.176301665899349,-8.390496624991851,-4.523518908628212,3.8759418807346693,-1.248940730266136,6.062541799696887,3.58272681800058,-6.201369628016744,-6.510347075587035,3.144670093435438,-9.510228555160397,1.9068110040120891,10.395092589786929,3.9338835481819596
7.682425949014172,9.451873440031493,-2.7930767573828215,-8.314988041168194,-6.053125565901069,-2.2702255821649127,7.309461388688022,6.0028434576375025,-9.184119735265178,-0.8661632962727974,-0.8282338171824467,-5.540624207854834,-6.269054091466516,-2.1062419936061696,10.293259490252497,-2.0751226412957826,0.5194432688555202,2.9015861114789514,-3.779931007411499,7.348793125103277,8.16528006541413,-4.895530425788068,-0.6146840629774523,-4.162569408074458,-3.8104746929892466,-9.566326310975104,1.0694578791853526,0.0003467970137980697,-9.868915461773058,-4.697857212246834,9.508094683756077,-5.479267490756727,-5.331145004827793,1.2206911924892305,9.133703773632972,-6.270018336185767,3.3901567861973785,6.3857200699712395,-5.737440026380694,5.472417270499331
-2.6346518830556502,9.342165652357679,4.725771842521432,-0.2461306888068031,-7.109426821726464,-7.73151602753626,-8.663116337727498,10.308781918102113,2.38978190033848,3.847921869748511,-8.666508612106698,9.880884930449099,7.068947306460277,-5.146367193218806,-4.306957091028446,-7.462798238257239,-3.441523063997791,-0.43125249733678117,-0.8055869808154369,-5.094103707525256,1.8196910808425055,-7.5052127011970695,-3.1812903099509278,-1.7543086901837521,-2.124317692105665,5.758453338860122,-6.716104211581978,-0.973816142403102,1.6312743268164793,-9.379474534055865,4.577613524374289,-6.156557700893473,-10.076585641048647,8.412936740895724,10.334023956920586,8.256389735199146,-5.4937079287705455,-9.926482105011367,5.555625705614919,-0.8073359478370692
-8.986061879885765,-0.027124636059248322,-8.449686093080462,6.49143460305903,-4.004167969693677,4.067751890817966,-2.8116933760551523,1.6198406384279027,3.136219511525209,-6.659002938108514,9.50126413536903,5.086218033974266,8.791955676039594,9.429420364189287,0.6129850922910336,7.57643502829676,-6.8529690224570485,-5.060306244715006,-9.458585868606317,-2.638991383613993,-1.885238363718326,-3.0727447555210943,6.649259776865361,-1.8393013522556316,-1.7392978957597647,1.4520208182124361,-7.132187334709903,6.766386600301774,-8.874267984608469,12.125706437535078,5.624966423629129,-6.298619689542065,-10.725246662547988,7.40644876070312,5.004334289780082,4.082788989405654,6.001858278841337,-10.02766293353105,-2.6457148540413913,-7.229862457420711
10.516858404211655,8.177219597428124,10.208951689866742,-1.3973285441659613,-8.321514301844884,8.874803632684108,-0.26518725814381905,8.324265098422767,8.604355633936544,7.826002923267595,-3.8151771033844697,-2.446424686459264,4.520124539729715,-4.097033944912618,-7.784198846576416,1.6295595604785058,8.531926954648384,3.292295389332955,4.044133884411602,-7.018295647890395,3.356016675339455,12.003292146767437,-6.396127912586411,-0.40436096219813056,6.659565086867371,5.780275113838323,1.8809605401301837,3.97190204873262,-4.981301353161345,-4.029319606320627,7.041293360282226,6.4816834281872495,8.279555730572673,10.229637992789343,0.08330953995674806,2.837976677022873,6.178573535505658,3.9484436782456624,3.428274830589,7.5351673683527025
6.223527660476115,3.578760732164065,-3.78487293142182,-8.898161851394574,-3.1247992073983033,-1.690664681348794,5.917128221706919,1.778814423288075,5.801684280089124,1.80391276233909,-5.3391234695745124,4.453349340889182,3.945212726756127,2.1887704852838645,5.31135991307861,-0.23706919581879562,1.3491154307450106,-1.1148048859557091,-10.677432376133043,-8.166913395215884,-8.710263357603969,3.2384604476806267,-3.45086380411499,1.1048367777699206,7.789612490704594,-4.835485641803428,-5.167920639465006,4.6613725770181595,-4.660133781591906,-8.850796270541283,-4.671198333441751,-7.81702720669473,9.597318939580607,6.71087086482891,3.4934897280315544,5.702997841796466,5.912991494716657,-6.54870983002929,7.570608263201004,0.17081729459505812
-0.23270535576713391,5.0168688075479,2.0284851505786405,-2.5930211899920796,9.025923831408752,6.708795428912353,0.2681935628173535,1.791764228638249,-0.3972795477120321,-6.471576231751967,-3.5798130828447103,5.651990638976714,-10.730910804101216,-7.15672976784263,-8.909542774543226,-10.699069577362781,8.076980468203612,2.810724094405905,0.2547556787194418,-7.914841388735689,-0.6226949623690954,-1.6359671093495707,-6.2066932763915466,-2.195491808718067,-0.8219518359999543,3.561452570347729,4.343907038338872,-8.813022367483802,-2.9120575129689517,2.2202957336140696,-0.3073624112005005,7.377802362095551,3.6104798879675033,-5.509747092354509,-8.568501636395371,1.4451582335927537,-9.877194715629464,3.271363405525788,7.248026258027138,2.248633517918962
9.078488924904697,8.366142950115151,8.922197892877813,-4.9162241347875515,-10.141286555990305,8.72005301493141,-1.7812663488681881,7.506186076907411,10.030426920545526,5.811801297220151,-4.178536166136575,-2.145010830893872,7.042560584102504,-2.492548971010632,-6.663407626271837,1.5634806538639439,8.667191450064378,4.533552017665734,2.7947186988348216,-7.918928295112436,3.0819948915663953,11.256405936967463,-5.8411354482952484,-0.018696356336475428,8.583893794304275,5.064143515131281,5.057544817639274,4.618316263305136,-2.5345088995687086,-3.6941910343637785,6.442461065609203,6.496600938720127,7.182614011020166,8.013086710521911,1.990022906591426,0.5078538048551761,5.392598657104103,2.7218611841256592,5.095595998602018,5.179666678633401
-4.87446759852955,2.382288381470956,1.49246631986784,-0.16888653386703445,-6.817681939173167,6.907116901816152,-4.549794859746984,-6.859146924499425,-9.949978389346807,1.7743131916859562,3.724178921633342,-7.772668648214317,-1.674439600012087,-5.504896810799194,2.5878881156544753,-5.5661228921833885,4.173572880227713,-1.6749308658743063,9.079685960749773,-8.181572242363675,-1.9674074825018169,-6.93202467057255,9.409402157296,8.810837238126783,-4.423492345044928,4.680673324801073,6.722083575810959,0.8849576439646384,0.5864076566367645,-5.186797950127083,-8.657335965972559,9.576204007436754,8.304656508770275,2.7567676212982657,-2.831129924099552,-0.03595399100963537,3.3873893888051283,7.0971666873352675,6.3611574678553495,5.36491167871699
-1.4489877155538704,11.773946167109399,5.032294803406868,1.4642060582332332,-6.905201503343265,-8.649185498165064,-9.533040887725068,6.914240477385599,1.4982118369295832,4.313806427954631,-10.410730046466151,10.519227710564358,6.649059880926632,-5.762518107573091,-6.691395372370906,-6.176719119072344,-3.090056876141611,-0.37200158306614306,-2.0192161162329416,-4.479143224815826,0.8911869709743749,-8.02938064668066,-4.633327902840296,-1.7983739534134384,-0.6160389866573556,5.897109139227817,-5.155626394664834,0.1473169798728359,2.2387562271697394,-9.174213498532541,2.416259387428395,-7.172276183865752,-11.137785298570838,8.843431582880362,10.735388797591128,7.094162364570813,-2.942327131941416,-6.810426998066104,3.773318121204575,-0.9996344178023775
0.06849772967604106,6.549575344389704,2.670781547060723,-4.671554145288836,9.394846153781018,3.2499829527696225,1.5955855623933584,2.5758825745209313,-1.9573042668219016,-4.771452902380568,-2.452263914150799,6.592112921587681,-7.211868759424797,-8.740048177496348,-10.377294569506489,-9.082674342312583,5.030293199540772,4.722572419425978,-0.40344265518063804,-7.6760301877185935,-0.4712544327833,-0.27554881842028495,-6.063723024155827,-1.1229436095739487,-3.375003927515073,2.489007788245851,4.555837703402711,-8.853027746079247,-2.3706920947024113,4.0772359721755524,-0.6828903861631188,8.019474463853216,2.6437152793267265,-5.65472811502627,-7.79057689752384,2.436106700799092,-9.735734915500505,2.6933231668874926,6.949153927275834,1.067554447622882
-1.1062906655325742,2.12572308612209,-1.0273623524494764,-0.1517783678249529,8.787493242277312,-3.8145282606713087,9.545295842328343,8.051553253790422,-5.928992566166141,-7.824639338802527,-7.759637483155842,-10.912341023352921,-8.667013560421726,3.579953896896894,-8.904326500803046,-3.826445433479642,8.518958727541126,-9.434205839196723,6.671629268327035,-6.371706000102682,-6.890698795334007,6.786705186841415,3.924511071882802,7.109250086628862,6.982478299716931,6.097114974292509,-4.052762272052471,-6.71864534019336,4.71897616461189,3.8885995925742107,10.597596871899924,-2.0446446692440223,-2.747698972018049,5.801596858978406,-3.5985074292405543,8.878973289274294,8.371315546305821,-1.015306098804617,4.863924218985192,4.967362377810973
6.980864922109104,2.5893816700521195,-2.9374475078738875,-8.29499775419065,-4.533470896307336,-4.61924823691263,7.095295357666991,2.26716508750371,8.443467290198518,-2.1633428072842102,-7.8877278011386425,4.137696360477456,5.688516042265781,-1.4969101896020138,5.585484212169551,-1.273829528080078,0.7790022988348054,-2.485508829667171,-10.347100161043677,-8.11579907052718,-10.423745755868511,2.2526737785402533,-4.906256147016782,-1.6617566284046712,9.169286530951219,-6.310204109846429,-1.9710224268953898,5.8639138523547585,-6.038980792683594,-9.28556770316968,-3.9787328530572177,-5.65764043219276,7.424637781764991,6.012259759270901,0.9355805352411424,7.036010800072166,6.107646222520366,-7.123223464034349,7.394188135974325,-0.6213819299944361
-2.0251802473295197,2.8609047560631464,-1.581340199933811,-1.7410433138637513,7.822682913378821,-1.720878777689439,9.50777487487954,9.072276839707333,-5.738995395181609,-7.8767567399133895,-7.219707951440714,-9.615088316640506,-8.083642031148598,0.7512730360553106,-9.232811114157558,-4.233890120195768,6.788702491248099,-10.46490011992659,7.2269336655369445,-5.244414469206521,-6.534270805949656,2.9735882720203937,1.9750771396245281,6.869627917464514,4.205186866741906,7.248256553738564,-4.6863931765008795,-6.752864920013482,4.2704984046567205,5.876901311263355,10.026551349506908,-1.962807334966496,-2.709929962665023,6.544289608444448,-2.910279742398629,7.46426169133275,7.082989796227645,-1.958469633949682,5.538447313371298,5.19379728907758
8.704862744416817,-4.360891600461384,-2.4554125804441713,-9.24062835382958,0.4626883501582071,-8.913089586318216,0.25871080178507755,0.6590435597289935,-2.6201745252248103,2.0284495384257517,-10.166780533635523,-10.339764776889385,7.470142697377883,-2.667728056034927,-6.782742368792823,-2.2130980593571543,5.644543096319155,-6.195353638559374,1.0640499804631403,-8.355733043073066,-7.87455204297339,2.893320917782678,1.0548548395246402,2.0394514400026096,3.752324117934763,10.48017395131589,-0.6708671531289865,-2.9184431616473177,6.19740508533369,-4.400253582875636,-2.78869017576807,-8.787830575381006,-10.951142923048462,8.664720892241737,7.6367410717646305,5.150542025229526,-1.606992462223718,-7.10445411101707,-5.283159814217861,-5.578732670464274
-6.2071959371300975,2.002945722727913,-9.353477706674836,10.345529196178934,-4.733085639388312,2.869989782913289,-4.396236932397258,2.0384428315489584,0.15406170547782116,-5.567641579514471,8.832528720231963,5.042349704647928,9.82022852525335,7.5165101622636215,1.5532041968014092,9.570289397637142,-6.632752665739987,-5.435652948332862,-9.750223997413189,-4.004001884032292,-2.146538942470322,-4.252089302596425,5.586884272898817,-2.14189552654835,-4.295796476612786,-0.8617866554731597,-8.110441982965478,5.539810941429131,-8.581844815245638,11.627017527514342,5.683066692072776,-6.866458259215177,-9.668926853220789,5.957140821642801,4.461905116485885,5.1607110478553615,6.634637580942853,-8.543393460988218,-1.1917249015147142,-6.774596146961215
7.385674996799474,7.377537705314378,-3.718039510675512,-8.326324847166573,-3.898408643622048,-2.6888227242801337,6.372031688171797,7.742050316986864,-11.471960157261353,-0.7049521188948381,-1.7999584705226492,-6.44450882526977,-8.418284424545494,-3.597559235003878,9.507775409896558,-3.87865913646304,1.454238629340269,3.0626213952442014,-3.979330212887573,11.361987060140349,8.590987771176712,-6.275266090564877,-1.7970838239241205,-2.907330349855668,-4.644494627110707,-9.515970787975743,2.032084968011297,1.0665233492470114,-9.149954808976133,-2.0830169364351447,8.299078293387304,-4.146977419702231,-6.296862700271132,-0.24739211470677697,9.126038096191552,-4.826930641203438,3.952809679324845,4.659806258447824,-5.080910254201351,5.800531950496787
1.6049507777469256,3.98381168260626,3.3388109145615505,-6.442473006741549,8.242827517594336,5.437391006067178,0.33607367316359993,0.9319552138650316,-0.5463902184896057,-4.529696155907148,-3.9690797797918593,5.29542605371948,-10.768078022130169,-7.8310062467372905,-8.903958970039485,-9.993920352820993,7.851544613745385,4.9705088899221295,-0.2529578933536385,-7.629334635439569,-1.6205113360320962,0.8316226424548407,-6.627287589856165,-2.2582233803659557,-1.8840694995966056,3.0624719534332128,3.2142225844068455,-10.178610169347541,-1.7501098179530774,2.456539232485537,0.563929353985875,6.328245323185144,4.219784221765552,-6.558595932106584,-7.399801737853174,1.31351745527019,-10.871192908782577,1.475483778833959,10.272229848471934,3.4722944551913058
6.7629089085709335,7.561985537689475,-2.7440796204599165,-7.707481503468896,-5.547428756773482,-1.9340433878738614,6.5263141663244335,8.211074280539851,-8.972017383783149,0.5683398490102722,-1.052136296299385,-4.2861469990628365,-7.752658944497204,-4.3631165754576475,10.159323930428958,-4.065719611615614,-0.31452568847658224,2.2641814225690045,-2.156124899249824,7.814189029866993,8.498687091150487,-4.3761172889776585,0.6668913702560819,-4.634137951882841,-4.437343439443053,-10.134855579315499,1.642889891786754,0.31979572473013723,-9.472071653796672,-4.67128575544344,6.7006110377155075,-4.075806021854414,-6.592035965004472,0.5819605773884625,11.003434406828877,-5.984107445315708,3.0843164650895485,3.3375579389921395,-2.1068262100497694,4.414741656919816
3.560894446638364,-7.536703179411164,-7.3119668990627735,8.58523146457932,1.2916251534929692,-8.492296904832118,-8.769705343535822,3.622784990786628,-10.086377467719906,-7.800733485887628,1.8755915491170319,3.2237721449870733,1.3391530250737051,-8.396627173956833,3.368539732522746,-3.8791098307650254,-2.234267569310986,4.211229700012951,2.618203066242915,6.519555134327536,1.8188257005572983,0.41734019508608844,-7.145355124037365,-2.1417960674319287,-4.4228637878356025,-6.455353744079187,9.56091430908289,-4.441890476152814,8.6837337948028,2.8813474206823995,4.550993618733138,1.669167419593882,-0.25808696664139963,0.3806600586268808,-5.539968475060448,3.2093718658776256,-4.422403441993001,-11.150508513523787,0.06307160181654314,-7.5256626387906795
1.46638503216749,4.50552115885821,2.5994098086439874,-4.670284120806353,9.652728466006842,5.309298635818715,2.332090099039708,4.093659072525713,-2.1290676286852106,-4.910506051697212,-3.0739522365265746,4.0496145718885055,-9.147575088600462,-6.900710025855819,-10.15693838575146,-9.559923292795917,6.6371221577908015,2.564732484375306,-0.5529007484186181,-9.18855846341854,-0.008688806408026911,-0.2614430594288963,-6.14293981849497,-0.8816448375106598,-0.4989645954549955,1.508355820228739,1.943391201335639,-8.43875590738297,-2.63972923278629,3.642524921343004,0.624413963967798,9.047908152059305,3.0825441826062097,-8.22335103035799,-8.247963632012256,2.776711406212234,-8.935286302652992,2.378118812144469,8.270056313403229,0.5004778989924248
8.237345901333837,9.928804591888767,8.305228327432209,-2.5753290892011615,-11.153502573154578,8.495285118969193,-1.114772394335715,10.666663203071739,8.520505911881733,9.338297732732714,-3.5541538417793,-3.817457303995302,6.177535316251581,-2.2405607326576282,-5.366915923315756,1.1541187307275063,8.873013186273472,2.755985659773488,2.72266614202264,-9.044237211359096,3.1448856451068132,11.153119370750403,-7.150164141050011,1.3342044133969337,9.395101146584802,5.083341154294827,3.765013003473414,3.982828822190669,-3.553164878276985,-4.893746907447006,6.6296298733959755,6.0383180714343325,7.66901554845334,6.774874901276856,0.13422915203161673,1.0604437438344554,4.846979302359485,3.0158050296898544,2.1847282342556564,4.610391366448846
-3.6500324329331293,2.6837639840409495,3.8318056176295086,2.323570816948717,-7.398771892104402,6.735224338552856,-3.3146147711653473,-6.258035932677544,-10.21044050860415,1.8425062419753797,2.2164604192571558,-9.792320647545917,1.8779662765819392,-4.647225273257889,1.9803366239524678,-6.585100489542454,2.984378450294582,-2.3278068421664617,9.775707591259254,-6.596573178770231,-0.6945288982494939,-6.538052172680647,8.697872746648947,8.223937041752912,-5.043610619880224,2.0721766735970837,7.650220582311839,2.113007708920895,0.351957352526165,-4.889018445059628,-6.897005456497209,8.790666585272554,6.54525989201691,2.9056491669551834,-3.38703570451435,-1.9028078086081015,5.550156316187449,9.260813027229588,6.623834146582139,4.813399383096238
5.761421358266534,8.67503944488602,-1.8132834212507847,-7.381514475035665,-4.27257395492993,-1.7031517136626766,6.983064443677411,8.037968494604039,-11.840551665228714,-0.19849275082519474,-0.7020795527465504,-5.28337545494883,-8.799207701477277,-5.6778189476547976,8.492413332948379,-3.6075270524787744,-0.508110514961023,4.203464114931551,-2.2210212051812257,10.106328825145447,6.893026973909901,-6.2786391813008375,-0.35965253050702567,-3.410260672627144,-3.8139560989006123,-8.790391105032668,1.807868737629005,-0.27405297273273055,-9.698754243421954,-3.658876587161923,7.244828931593497,-4.358725791470982,-6.8942493200378925,-0.25598927290389284,9.056298682435548,-6.514436430934118,2.7950581917395265,4.902385437949464,-7.6162734317332585,4.366971816902527
-1.6768143507057602,2.343455568196039,1.8332121308683198,0.36327636259771323,-9.858993600344597,8.048845227206465,-3.867691659982995,-4.978299062937955,-10.415996746126321,2.9004837847670473,3.0564065786663295,-10.952612829752052,1.8689792181453777,-4.362772826700467,3.115248228374782,-6.478733534765207,4.258264780868438,-2.0706644960718408,7.942323820563219,-7.661633386865057,-1.217955146956127,-5.058372832560204,10.056540870801939,8.025011007782242,-5.178916478398823,2.401495026786614,5.612161593594116,0.5507485733024864,2.744175608545899,-3.3566718856083675,-7.391666253946622,6.983701982653708,8.901417069977645,2.4234121169547542,-5.372413617670107,-2.7287078703455228,3.6772005365707328,7.134151769961505,7.491320491734339,5.099187944210064
2.1426014184447912,-7.696279143209859,-6.555454782457741,6.756527128218895,0.1807574600908517,-7.9342571350272575,-9.193048367996916,3.7977318854612383,-8.388075390737452,-6.6362414028168715,0.3742391108645182,2.411854912158152,1.5992146537319811,-5.137918962112418,5.694560749900702,-5.650477346768528,-4.04772649896401,5.62730919317167,2.3067107270395475,7.25895111751198,3.1940592960923793,0.9567040081313759,-8.14204280217467,-0.88253182416135,-4.091419702264535,-4.02770632816235,8.541516734128852,-1.0421093590572172,8.479951579011253,1.12317642338589,6.436016804204068,-0.46053227469083546,-0.007725983798434477,-0.01987039129510204,-5.5560976529765,4.600650373874669,-4.49369133602864,-9.844266009829257,5.376033927484913,-7.640355800387667
6.608326487704903,3.3813655070360955,-2.159327710115085,-10.397546856625656,-2.6474271783857213,-1.4359108610203601,4.844127327963209,3.3502336123990855,8.781260175895689,-0.8311838119400359,-7.425834857696096,2.95069621483679,5.3543360008684,1.7236559470344666,5.93550662201769,0.9413366508853953,-0.3201455904956475,-1.9817863895025043,-7.596110119126742,-7.992499833897621,-9.171382498952987,2.6611981835503875,-4.5345612047784885,1.7949430341858625,7.6236280666012535,-6.141440940729431,-2.243081816590158,3.10931676913544,-6.075324155150732,-9.428530401276467,-3.5875423107973146,-7.448988494479784,9.481756982430309,7.560891584357661,3.449250466496069,7.21382351489428,6.214556034687884,-7.793583762423343,7.717400597278317,-0.07359362975381911
7.730502410994394,8.80373813350349,8.075001130719068,-1.1783409622876397,-9.929732060602289,9.81981407483212,-2.0070157041847976,8.842212423212633,9.753853647598197,8.628335814918959,-4.322799287876163,-4.860813289822692,5.45855002799825,-3.3635983407099905,-8.084941093059918,0.27046242277059107,8.735437433853876,1.4712286877529985,1.021497612461844,-9.221278682444899,0.8009648160826452,8.998892562867205,-8.26752862033895,0.836073265267038,8.743988225241992,4.450945503473026,3.344189040858524,3.635476678584287,-3.9183640835433593,-5.416905010329811,4.541668656676935,4.872746935265443,8.973437378714705,7.574390015765969,-2.714780494545006,-0.5567310447370147,4.3754890425746815,3.058763555552466,3.9909838899170627,5.971739026414075
-8.462044230067223,0.7128029004673895,-9.195399403523448,6.900817040819615,-3.9443344050423192,1.816639863151226,-3.4356646877408368,-0.4126502457353395,0.5685285043350731,-5.798640141451075,9.913141954350701,6.839625540778251,8.70772513161233,8.202997871516317,1.5202622538173778,8.619474583085132,-7.790663910953098,-6.178652599071472,-10.899204705881736,-3.1619224884038175,-1.8618927288549023,-5.2531928408700335,5.290363146966074,-1.3890543156242485,-3.8898642953579827,0.62484063224326,-8.318548383652235,5.22212478665945,-7.206396729618352,9.875400672878392,4.894308318932441,-5.515997138091896,-10.703955844974276,7.810071599377061,5.4899474118490685,4.11356928961697,4.796736686688054,-11.137240164010471,-4.312266200665915,-9.022088584455162
-3.4745994963349878,0.7885451667046719,3.327460278527396,0.46788214505371895,-9.568378051283378,6.627879975648967,-2.856851326774663,-6.4186014567672744,-9.97132479963976,1.5943518034683264,3.5318107715443037,-11.59772568406896,0.09908621281492677,-6.814424968186133,3.562481760210094,-8.07371399548695,4.8314469666002555,-2.6744581432031933,8.191624067962678,-6.955126519778163,-4.044707424218222,-7.451783821058155,7.761763590882886,6.990052555294849,-4.435813276367752,2.061100186949197,5.080106702261961,1.352241739399589,0.5661117146307447,-4.994261437181574,-7.810305407160595,8.001690712873515,8.616453767233677,2.759465432444018,-5.226708078701289,-4.763693102408638,6.44706275764687,7.942277066110406,8.691970137019442,5.2518070115254005
7.631340751731116,-1.7223240790314316,-1.3798450300240037,-8.447476546274151,2.369737461839734,-7.7164742662267045,0.41330540219216516,0.7166741086840276,-5.859475858863829,2.141313116300075,-8.721384665825022,-10.022653125299234,6.474556480251208,-2.879074980540767,-6.0710791111570614,2.2986813766861767,6.575085532272919,-5.7691351332392475,3.6055257633278215,-7.64426249429437,-9.041265153009586,2.719482920366259,0.07468399231962919,3.3525070055736745,5.361387320007154,9.229542749726958,0.8851451539032473,-2.595373290953936,6.148358315901987,-4.110859411415734,-1.1151404629382569,-7.633352261627971,-9.721963800884655,8.941170510165648,6.740162564093269,5.10315299607227,-3.5683042603855872,-7.4434829152939015,-4.595489098292838,-4.719953619933794
-0.5666823187586181,3.5773880717753537,3.95580800167144,-5.502388901829731,9.363012711866338,5.170441928779509,1.5579688659820319,2.7946791410447336,-0.9802726983041361,-5.66917330201938,-4.348200990635942,4.283386796904032,-8.982209030499972,-8.87939378365737,-10.120557839449452,-10.23156795437827,5.263237225476885,2.9261528214686745,0.48387349507017485,-8.760081439695531,-1.9166206542176996,-1.0422084393032693,-6.025415385906029,-3.1537397801242024,-1.0765950022865192,0.8760211456852509,2.3063893783661897,-9.502184914554727,-3.069187814226102,2.4523966158032042,0.841285525578452,7.088995242463235,2.5681989722856375,-6.283962773610511,-8.381361323368898,2.1788820041994863,-9.427472367083197,0.9631691222616756,7.938866100102208,2.3152847716674856
-3.044525809006673,8.92375284589416,4.971859166797116,2.1636693637197983,-6.1701753740122305,-7.31559596384579,-8.325221958459927,7.063976237914786,2.7611107157516788,4.7768190399339625,-10.523748816128546,10.484179159414918,6.112889370894388,-4.945159988153332,-5.996213342456647,-4.493726126136201,-4.138621123181098,0.14581183652655977,-1.3805192330454177,-4.478596978873437,3.03699979638964,-8.826433395395751,-5.210789448441991,-3.740566055705359,0.07170727631429519,7.414132600442198,-6.110973575370277,0.11586704508222193,1.9183435403540312,-7.909113442991854,1.2235439038381923,-6.351148543519384,-7.72377051051198,9.478804915006512,9.502222278089931,7.1689930548963625,-6.610956909531824,-7.368682400341414,3.0305848471157137,-3.02758302206443
-9.500803103724644,-2.4813673067251787,-8.96611224889791,8.678422322142541,-2.760180233147251,3.4085405629464502,-2.9460387609536856,0.20588777997024243,1.2314328084506794,-4.635654047739925,7.267699737165536,5.916272724793972,10.925565561361148,8.178581227762317,3.60857253945455,7.808272550932893,-8.262197453125323,-6.046818049228508,-11.31304530114801,-4.661571212584913,-3.3233292855943457,-3.7509532864895547,7.446903288722644,-2.540897023421681,-3.5572069093966787,0.6897722504431958,-5.979583830965204,6.052728057712867,-8.451123078977828,9.472146098747935,6.129345863569576,-6.446885185929465,-8.913126280329884,5.177079428380675,3.038230622224149,5.267570115946251,5.336862719135902,-8.97299838147132,-1.9406276966390876,-8.28988022358349
0.5939601805389684,3.408454143601726,3.5995585834667505,-2.840369035458378,9.437749790047052,4.495394123874131,-0.2089681893783557,2.135565763584308,-2.9401485717336424,-5.355304431397081,-2.943604075366372,2.796380718576907,-8.323808022816996,-8.917068662982114,-9.26590636073564,-8.651590707808081,8.417761398399325,3.281004181227642,-3.0257086792263905,-6.964653070968684,-1.417177384089563,-0.17112134080495855,-6.11437290166405,-4.574996447912127,-3.64474208359697,1.8561907543271943,0.117745098413641,-10.431971080816524,-2.3848691473439083,2.428714662193458,0.3653796022460258,7.579017802495296,1.492043065399287,-8.026159721784046,-7.827258862479353,4.372715805128992,-10.437181838029776,1.974417219566222,9.611687721813047,1.747039174706865
6.596189399754677,7.51546914709944,-3.8057714062247245,-8.158654175147289,-3.9206958473979547,-0.1960830670798741,5.122941628410693,6.68181845204642,-9.010953121406592,0.8168822886545577,-1.6932378993542059,-6.695443995549629,-8.28523269947989,-3.7644641394737306,9.135188409369485,-1.8322142048876577,-0.3110677999208056,3.034343930348316,-2.8359944292420636,10.467380634933273,7.80206293208152,-3.510719932617769,-0.2270612442679596,-4.716753805977981,-5.903379399212807,-8.555740279488717,2.020115484356402,0.224285947331737,-9.871236716011577,-4.746166749518794,7.678736472978337,-5.309355292038759,-7.7716548845513485,-1.7451257551359607,12.44150882750862,-6.522298817107505,3.6241699550601107,3.4603644781503085,-7.2442965567699815,4.662153464089459
4.494073031911598,-8.95439541735858,-6.884210243884123,8.405375231857317,3.8529995538017046,-9.616282745832313,-7.775139226652839,3.4493538833209185,-11.323800829979298,-8.230629625479892,0.16668061821685032,4.850794527891237,2.7038681195060184,-6.044217859591097,3.696409822806949,-5.392675128536676,-1.7898981027130052,4.778630716663362,2.2063605755694358,7.009713838965192,4.907341451768404,0.8633473477738156,-9.307509651869095,-3.146675208541746,-4.567188910017058,-4.431966181592989,10.467094673731157,-3.18376278062712,6.890085769083198,2.299510260557768,6.580719095529864,-1.2072660355484137,0.9307507821094846,-0.7423898530346695,-5.153391388674739,4.977303065894544,-3.480834390132964,-8.17500269713787,2.603795823054276,-7.645192566712703
-3.3298914413763154,3.5076138543993785,0.8715822820418329,1.8581044725624298,9.399742791765876,-2.008450134175095,8.839851317266568,7.992451700108125,-6.64960597794216,-9.928178200130498,-7.949012629869867,-8.527674425413704,-9.399939298952516,5.058631901130463,-7.359042797933843,-3.2234885701128784,7.302551567663487,-9.720807684793696,6.331386255114003,-4.8264899781632655,-7.605065369987702,4.07456946842052,4.460100935949085,8.115056314919757,4.492017807583638,5.970711920926617,-5.0725668168907845,-6.99963824852421,5.922990724560083,5.642727684514637,9.192566893298858,-2.3401590578015763,-3.2888173363209945,6.655444290183455,-3.041226119077658,8.332831887569787,7.197536676716943,-1.2028289427749583,4.270127834753396,3.7012618743294317
-7.781016706820559,0.872907504633458,-9.94363213326219,8.238934409790959,-5.580351074691582,3.610887363372413,-3.982301675747954,-0.5378811171257906,2.2667570545307205,-5.373978875957244,8.786785791362997,6.000444776640069,9.327390834104163,8.538848243564152,0.26374368022662464,9.444091241494963,-8.79984892188734,-6.438170685058362,-6.4575724695290395,-3.191520004013701,-2.612776681657535,-6.778313737277989,7.964514316984944,-4.210143136936816,-5.3847487097518885,0.5225693640771205,-5.765103708804455,6.817179601746554,-8.666824636244844,10.046030795649166,4.844509693062042,-5.886032679751201,-9.816220912749815,7.277998464778035,5.1043249993912925,5.074120743025392,5.063059376172812,-7.777284670928066,-2.922653895317594,-8.764533178210538
6.745102888742462,7.8704310712773395,-3.012228106010801,-8.089982982531758,-6.106404120179971,-2.041404775370948,8.405234116480887,7.439782597353803,-11.84471959882923,-0.3052629619027655,-1.5549139045485445,-3.712444109335016,-6.573993937436444,-4.169414408409356,11.276549831822836,-3.567101724386373,1.622142245942267,2.9053706805036534,-5.125571047665018,8.027210164050853,5.9986124226465165,-2.8522647562398085,0.15950303673412589,-4.9070778221126385,-3.850566082470527,-9.07292701672918,2.812220075211928,1.2631118657134988,-9.260346128025228,-5.306910021368758,8.993092933704993,-4.406429408776086,-7.001366750054193,1.9666093942320333,9.275186959350362,-6.058752541405259,3.8608023756241736,4.5574544496608524,-4.751732596007111,3.7313187163977517
-2.911277032754562,4.322138070631519,2.640639569091365,1.0471676431304477,-8.151954994485,6.301896006077437,-3.5478924781797634,-8.23159664268123,-10.73220357014591,2.1674894054344644,5.119486927373135,-9.320022317298708,-0.4785076889110339,-6.912938250108576,3.687983068664636,-7.0798665709152715,4.46199018060188,-1.8754279159235345,9.21290016698938,-7.215979409726579,-2.7950285940251884,-7.849983976444554,7.858565831203053,6.583288007103567,-7.226176243667867,3.0185713582790705,7.863822186976271,1.8340963245268445,0.8207206855960876,-5.8969591762801175,-7.140605418122938,7.825005847263509,9.583295457055666,1.680941882170678,-3.9693737069986423,-3.8630784519664108,3.036995206970775,7.005160513859781,7.844944745068264,4.885309892301849
9.484681362550802,7.21875636391442,9.003694413062195,-2.8433999080126044,-9.875878546921205,6.20185588189867,0.057254128904166146,9.509895265884687,7.740939115262349,7.435390684263669,-3.7665437177612615,-1.0755012750285056,6.7130446610462595,-3.649563827935861,-7.252952866516058,1.7339738631597417,7.93960514154057,3.0276054164192296,1.3334258640073777,-9.282333895888458,3.90227575252263,11.72834372982714,-7.651909780691335,-1.02000195928243,7.884053477461169,4.333269837115164,5.114995952433392,3.262535084212282,-2.265663753176454,-4.014169525318439,5.510961598956863,6.4423177220755585,8.219978930076925,8.351659570184825,0.3241326423450154,-0.8424575341096827,7.110108377239639,4.043825193698487,3.6287783564675706,5.7915649292390246
2.1344704499624703,4.9064090051317875,4.16675876717859,-4.099468737048534,8.251894631052389,4.1442778660068225,0.15442141098673434,2.8251957666132497,-2.301920970366759,-5.439380523005334,-2.8580551887879198,6.7982346558686615,-9.054996319461651,-8.451400614462784,-8.928099502332051,-7.534112193124759,7.724391008649087,2.4749048281014137,-1.4317628468912598,-9.03525228948309,1.273047327696615,0.7257166514749689,-7.160999579585311,-1.969547235047869,-1.985213529390247,2.3916710071377896,1.7395470880298782,-9.343050479457654,-3.961350977323785,3.7895190191957626,-1.697605341229926,5.358357401873697,3.6089120868908307,-7.9781876962054605,-9.089590010125944,2.9115584252289284,-8.794472959300727,1.4944295075203908,10.583776625778945,1.5090445688576708
-3.318578444135504,9.97098931458398,5.156825351976472,1.751656420988608,-6.901927474869323,-7.5689951358513525,-8.633568874234227,8.089401194979319,0.4064134474537029,4.461099243758257,-8.655875243129284,8.983096754276517,7.34955342812902,-2.938563341961924,-6.46784344884488,-5.938602752926,-4.6532122244706375,0.6763797952468077,-0.9008280021753814,-3.980574855769023,1.217362574738733,-7.003761015633712,-2.694911090578,-2.224127369611639,0.08338687341256046,5.4665072578476455,-5.256624117409095,0.5639566064887584,0.8973806475536178,-8.75247074080117,1.159200374588456,-7.222397801138962,-8.509639833002035,9.274955018446791,8.123408196414058,7.221932733512098,-3.335718338232114,-8.751286155483205,2.147075733793962,-1.3418547042894045
-2.6118552908616923,1.6845939245423747,1.5352028913446631,-1.8999752785086796,-6.446967270401943,7.261781230887762,-3.7011628218715886,-6.936853028889563,-12.060529450951138,1.0893299875433524,4.2671535740097255,-8.726069117849008,0.8841531595889216,-5.311692540288773,4.207329954120377,-6.841208641988711,4.903943678183682,-2.649875517709465,7.853458465856928,-8.255294097502656,-4.243169400167782,-7.071461546385733,7.751126794474178,6.513758222584674,-4.127432226035528,3.5276513111558128,7.30703598687012,1.6166157432620456,-0.16010001307718247,-5.086851765522379,-8.012811653112339,7.025156500592532,6.903736169172616,1.9813075363476549,-1.1828218223539055,-3.428552601968331,5.751980368791502,7.473544689571745,8.630567304842337,6.500002572710324
-2.808316521191314,3.7714864407149933,-2.2731907027064757,1.6082198084224197,8.383880047160728,-2.296722394659456,8.537911765694412,6.9714303295033275,-4.6499308359436995,-7.7969349499252,-7.339718942949427,-8.727008004767093,-7.608425912578935,4.604266724107371,-9.240127776775836,-2.242800506845729,8.185937278926419,-9.154079317765543,6.001375103893668,-5.586433723181742,-7.408045673362681,5.619658486951077,1.4180197622466812,8.567515419066664,4.229982002171159,5.683520822881691,-5.534767539836739,-7.203702050972516,5.659077118378314,6.90782235410205,10.045960921090073,-2.248459326531323,-3.663195486376575,5.5900176816501626,-3.5488834991562612,8.826327934508726,6.847017337039906,-1.7157842391850968,5.176382041942411,5.443049946337369
-3.2262137721806865,7.729701862498352,5.617694385914302,-0.13247725789959253,-5.726036847834345,-5.4937601960131035,-9.140508343618631,4.720385827671405,1.6609896728968851,4.097267394632089,-10.598908334012865,8.882978649431644,8.179048014871787,-5.0882906241327355,-7.288064770236088,-7.929508972526756,-4.242172458419017,0.281671853294319,-0.8649004397943689,-4.71073390860682,2.7485574698094513,-5.274968746898933,-3.341606006851374,-2.7208516414569384,-1.0617507867125753,5.346846093680401,-4.825883444380661,-0.34262467767907034,1.8935140862408324,-9.01979384371896,1.6491128452172346,-7.961983074138271,-8.375993636676741,8.916706773211283,9.812881130927757,5.634346655890054,-2.6869033177195387,-8.923331501084167,5.39670081426103,-2.9445866350362344
9.329406582883745,9.355484735851451,7.850992692894652,-3.2585664031241195,-8.720619154754496,9.517441603493415,-2.513329734502486,10.056192268026875,9.922783233180898,5.946380224333009,-3.570565353819109,-3.3475918874433024,4.593440462663649,-3.821662310566497,-6.352330361023161,1.0209544442838903,11.590202300403593,4.299447162734434,1.5483652210859988,-7.626878821270539,1.858825529583298,10.730556064178803,-6.837317749092418,0.681764751167226,6.923341215692169,3.251042028634995,3.43892873082807,4.332315536002078,-3.254876455349843,-3.836435947642762,5.954861232713967,6.6328473782101405,6.3646222457267605,8.45770106301451,-0.4141061691326402,-1.507957048386644,5.800749456307128,4.53559618937335,2.5807611373080848,6.035245639116219
4.695063823602396,-9.850202278702454,-7.723593778358394,7.0884049483809894,3.0633828558874536,-8.176926839737874,-9.050821704257437,4.684780720129336,-10.607802434604327,-6.447716068704455,-0.2967779120960947,3.7159735402718663,2.928112475979295,-5.829772117104078,4.628555408270414,-6.2620491149165245,-4.375729335001487,5.3677002473098385,4.334693311920023,6.961654515835636,3.6559286194690395,2.124252077006772,-7.295999454804658,-3.5992086646479677,-5.472962876570395,-5.810281726361863,11.388844895942876,-1.6298525674928879,8.304246823927285,2.9890082731289964,4.5754326672134695,1.9909323328808806,2.0172652233141424,0.573513989032231,-7.860661532954912,5.228686157591625,-4.740765201310511,-10.836463646097162,1.9556822522715593,-7.722680620312388
7.232716815396176,2.861269789200489,-3.349016195753983,-7.381891749890531,-3.0063307916157034,-3.5038143562058055,4.808812664258953,3.0468149785862626,8.147554455693355,-2.381359492425622,-7.909641377003313,2.780456676266473,6.493981919797435,1.1646944313869974,5.226002649411598,0.7727092593210501,0.8769813850897563,-2.577814147208215,-9.562522827645466,-8.177338433360296,-11.11594917487137,2.037931992038404,-3.896420700489932,0.0564628918022137,6.66909805484455,-3.862489833975025,-1.8944445981788451,5.148575847521537,-5.023395051827714,-9.248478057327812,-3.7486149685919425,-7.142648900938094,7.697367506204269,6.735855084643738,4.159748989010278,8.154041177240188,6.996419103122721,-6.789229428841582,6.2535602406311,2.2769823604128554
1.350951083813234,2.365722728342724,4.03293414685565,-5.4613552556547535,10.219786889238387,6.738227367606086,-0.3638532924568958,2.184110528479457,-2.672411604111632,-6.773690173913344,-2.986868078178645,5.792089246385929,-8.957729798085838,-7.524621377296331,-10.744179216178509,-9.062045191167293,5.616663663974609,2.6461689295426107,-1.513343306510055,-6.99350559560155,0.3775728480181906,-0.20797388650608623,-7.398576782636531,-1.7107423987919328,-3.400027818209593,3.6813032879364265,4.899131024923167,-8.537321390485985,-1.7759934964602144,2.3582381750733576,-1.5567271920566104,6.285832033139251,2.7084880834453946,-7.126567468884161,-9.204018680561688,2.8961388726978794,-10.319942877699578,3.8832357460888933,7.439230813502899,2.3967931015401307
7.297093783819817,-4.268128727432419,-2.893737926009053,-9.80421100614969,1.692233419347833,-8.335683042072594,1.6789330227082253,-0.2503660284125868,-3.3653725114837028,1.1094537656823393,-10.518451291270024,-10.381934353871689,6.592746939620134,-3.726980795468011,-8.065635518255789,0.004463870358825506,4.659903222073306,-6.496164002762283,0.028649753861529348,-8.206097410012772,-8.898694087069394,-0.17025221837255233,1.173086702590501,4.145505562029818,4.545406507287514,10.847299368406919,2.5641388864510257,-1.0103458520548072,4.715487808864072,-5.766417981177186,-1.6650015826129891,-8.30215717189484,-7.906333131847269,9.880209514649458,5.516315280571618,3.307826713399632,-1.8629413196801177,-8.023273576728581,-6.857590689037364,-6.183577627767339
1.8687504650996813,4.714302354584399,2.2827619034038964,-2.867176491029979,9.432319093271268,4.9831308143819975,0.9079695678820537,2.226376990352388,-1.9894812528669894,-5.786588706193104,-1.6514158393693745,4.6641796196217,-10.238538265136604,-7.807841280010558,-7.655432678710136,-8.054258059923285,6.714363310652658,5.299942613159152,-0.4084032478251564,-8.886742054988005,-0.6438118456667596,0.8426892848950409,-4.453117338230583,-1.0031502564873374,-2.5964424737355496,2.192084493370383,1.9394288354139548,-9.71068318348236,-3.2227955052673947,2.43785456678607,0.1834062080596804,6.981635683084654,2.95254969785733,-5.980819834865713,-8.81783397691685,2.6833697534925776,-9.64633406019367,3.258799358420534,8.313390203673404,2.105779664459115
-9.470552194766928,-0.0034825512451866353,-9.780725691055947,7.427642783640268,-3.473548037300656,2.5967665464422214,-4.572155407329831,0.47705536356130973,1.6197953331640094,-6.444559475499585,10.558063100960425,6.0336321291863815,6.611767511552353,7.367080045045967,1.3961574768700034,8.916845653891757,-10.85496701533572,-3.5313330428993734,-8.564428126895029,-3.3445165808170216,-1.0448864897912131,-2.2293653117094574,7.445496827626992,-1.916120369656594,-4.250619781788003,0.7123959097980215,-7.657310944509648,5.217827623366253,-9.196001226104082,8.387182767667362,5.369023935248125,-7.710353946542939,-9.69864113338424,6.2728979610543405,4.284082175339031,4.058011790799755,8.502267303899417,-7.158991065137879,-4.07522792919927,-7.449750722070507
1.5251140646153685,4.338593793657107,2.557125759037656,-5.31952171372173,9.307535211768096,6.031316823816008,0.8579564232182785,1.533551270858842,-1.8641694267157707,-5.60677472087934,-3.5475269460866823,3.7133276277871303,-9.956538513666771,-7.442770036018287,-10.161851316762997,-10.063763703888451,6.161149685731933,2.686479220554272,-1.4721155218927624,-8.24117321580593,-1.509740303708192,-0.6681070518535228,-7.239429394260111,-2.2519490740608346,-1.6526964956793981,1.6768763557304274,2.2318591512852253,-7.795912994558893,-3.427803341212547,4.08307286187709,-0.285065957450907,5.993662190894479,2.6199242913168836,-6.672536551749035,-7.334121192150691,3.647210372689593,-9.405866939331855,2.975467606958389,6.923567780631666,1.7589250875774343
8.832964532877648,10.24242544239437,9.30533309714182,-2.242449547742296,-10.008887575428266,7.045674864377371,-0.7039034860394632,9.545954696099496,8.534631811130955,5.930268844352575,-3.449589309225034,-3.89928174957846,7.322374617780942,-2.8180094877055533,-6.060252179861527,0.7452854748085632,7.473720998740705,4.507615173294649,2.601746493740719,-8.629203479327671,2.807052734276255,11.382592120817074,-6.85947259882791,-0.030287097603052426,8.588314978622265,4.077811380926276,2.6421228048523373,4.8620028708881655,-3.2163392390884598,-4.444684128713817,5.560282474019201,5.729450498029533,8.744479799128941,9.927309816913095,2.021826613363366,1.1204465149215046,6.4321748391087405,1.5669930236221898,3.8518128422537177,8.072607877345707
7.016896095660485,0.9475468377224758,-3.335827899276099,-7.9798968804736,-2.2862116684199307,-3.294939000749778,4.398968341911702,0.7727645105311787,7.7704400007123295,-0.484414236211552,-6.96915826702122,3.5564076429308082,4.780648372102089,-0.25245830391425916,3.1280507922071554,-1.2325851635089684,-1.115669226613135,-1.1124673374083967,-10.009751521784954,-8.3804085902087,-10.355829332440528,-0.5043572072368252,-2.2045696297259156,-0.828856699482732,7.738909408671952,-6.469047582311811,-0.8204111958467724,5.254451707898298,-6.2504019754334195,-8.852631414768165,-2.526791019599769,-6.8485436868011895,8.412219509235555,5.221026105149074,0.7734939797361668,7.2691731301750115,6.398926650306908,-5.169014357951614,5.602683435299901,-0.338251488710015
-10.271847866914861,-0.24591749093958507,-10.743060779320304,7.709854240142118,-5.123220457028866,2.8922013091721324,-4.318039730324389,-0.6957832260725978,3.226116853684279,-4.435448885328108,8.22962673503489,7.084773218525858,8.39051334081093,8.025734481884685,1.8947256163247865,7.777736059208369,-7.246297615355463,-5.954456221040438,-9.572005645008481,-4.7979828285351855,-3.12004921992948,-6.214399480124179,6.586973731453758,-4.06159905841261,-4.646870318770926,2.2240235167753406,-5.9822159275831615,6.011662720978177,-8.596071852547734,11.617613281431353,5.9656515062918585,-6.353492829193074,-11.315575774648405,6.703101787261425,4.966470649535205,3.9484918363061032,5.716609688856947,-8.882680260233222,-3.0147178283135503,-10.170440867059737
5.984877126525733,8.32408834313424,-2.6906731987098134,-8.262745880824573,-4.106192131892542,-0.5192331488493809,6.864389150393803,7.368260794423486,-9.541836547507645,1.4019972022176974,-0.42820027726514653,-4.222897062201751,-7.56136582144934,-2.692729406928828,10.201740584872436,-4.159657394501288,0.05739558114901866,4.076415840917035,-1.8278092144347138,10.350813805137838,9.018081787644288,-6.472963537872427,0.19115406214367717,-4.900749940993008,-5.79312631709087,-10.526132613643062,2.517667687443497,1.4146178255100372,-8.93153045876397,-4.215690060621806,9.348212658211,-6.753217095744106,-6.581926136575267,-0.22253457876756047,10.279066541044081,-5.642378478173807,2.62477365769109,5.372901210859956,-3.598057796817545,5.425237076778655
6.427730330929208,1.7749081591572624,-3.26368930182358,-9.53219342704522,-3.818488134511396,-3.706868499818051,4.432974095223552,2.0347551334035168,7.1052697974598535,-1.6359685565417064,-7.228047640660134,4.835998373051267,4.44508302221261,2.7461840474069694,5.104742151649171,1.4060975510843756,-0.18747058619172174,-3.4757574094284434,-9.089419640205746,-7.593626355014924,-9.337022490957732,2.085975746831619,-3.7474526039592853,-0.339845634575471,7.848979912190108,-4.172523161257425,-1.6081243097573128,5.72097415819295,-5.6559051967933405,-8.802419149228916,-5.358453472613283,-7.1456108674881085,5.272838491262322,5.572185624982704,2.586200953017631,7.992885458024512,5.804763660457334,-5.920925280034284,5.67139130840931,0.7300079861060642
7.073160471307255,8.489043903903736,-4.13613637630423,-7.7520252110312375,-5.9974613185831664,-1.309083494139178,7.900403142193893,8.183110467751742,-9.340163083683432,-0.27793886083240277,-0.9018415440795816,-7.244720741958448,-7.855046135317234,-2.663985152103491,9.598615292298136,-2.8660568693691544,0.670643124077017,3.864654198819673,-2.1894319825876316,8.482780613832913,8.404268635548974,-4.90261940703242,0.11816776055645728,-5.808048982229254,-3.848043731501129,-8.489532674989952,2.1140014421316415,2.4280467478612224,-9.6533600813154,-4.788157878654641,7.770250813205865,-5.28494979795157,-7.430827371141829,-1.617755339053611,9.16646078597554,-5.256515265544067,4.67128303017957,7.434635579947264,-3.911775222301352,3.788947942564585
-3.3774903549291166,9.548915214320758,2.0041310972112236,1.976545190537893,-6.551806018308185,-5.9558394537381165,-9.852223708928548,7.409210076902062,1.0968756088045883,4.416835311595226,-10.483656436446974,8.990096204079665,5.653037421218206,-5.10208154461082,-5.505049539201322,-6.566530372888738,-3.8769171458492173,-0.9534627819887869,-1.6607762751644723,-4.225621813080906,4.857850985477565,-8.322089812733326,-2.6929297905431993,-1.675904360660358,-0.5979639111691442,7.462139712055406,-5.634418884225942,0.6738479639401613,1.7951707242233044,-7.847422863181418,3.24736627183965,-7.215194813750382,-10.018215334893178,8.77473010767101,8.512602097093541,6.104422387713866,-2.6702864818484473,-8.503859374959111,3.6418371489315624,-1.1389273903995778
3.048161200949177,-9.55358282850548,-6.142505254005368,6.715885655625756,1.1889656119127727,-10.865273736674572,-8.145794109309904,2.9175826786232575,-9.89999336138388,-7.689095131426471,1.9801711076381012,4.671931522580195,2.8654116771602913,-5.992980527376742,3.6642269336055175,-5.565163245074678,-4.892251265565822,3.970220790148643,3.8527783729292606,7.2862806959594275,4.7865323319833974,1.06697691654011,-8.488017870545017,-3.0535828633549773,-5.015117129583659,-5.780161145564927,9.731199309736112,-2.1089414395163804,7.331016601703995,3.8739214329641602,7.792808993319276,1.2193190676772423,2.096201705610577,0.6121236026410525,-4.238724726212775,5.20936162098953,-4.969738603782169,-9.121408144720375,3.5356901842066746,-7.452503685894941
6.921297907185416,-4.971900561895231,-1.9352201675210274,-6.922101470632475,-0.02432785183075392,-9.651599459061833,-1.3549579675435464,1.4042618444717392,-4.59782764538698,3.1396457817980314,-9.774388192185862,-10.489419684551617,5.983205887982354,-3.1548017719334953,-6.932689801467643,0.07134614573060305,5.839967575372595,-6.474063722152156,2.1631328365853486,-9.078084976837161,-9.813007166303985,1.9019261886469718,0.09757286074286109,2.4009932478163667,5.566431134402659,10.267042985522222,1.9672141826854403,-3.0580686766709024,5.303324505688015,-2.5262103258026163,-0.6384908413320096,-8.585567711956347,-9.435519581990329,9.432249873009217,6.482790535454793,2.543628519956793,-0.19422005946802168,-6.555947674757856,-6.687762633875636,-2.9169979773136143
7.361088478914295,10.762609167483076,7.866973279657981,-0.3677822703672997,-7.962803870780821,8.459940742173119,-2.155722406764124,9.527871852764306,9.092240575138492,6.65862214576161,-5.769135413186583,-2.812599011616082,5.912254308580898,-3.1099121904492106,-5.619073749680726,1.8767092530906004,9.065470572843127,3.0676888663585578,1.6066241743892085,-7.263704980940254,1.7139089595836656,9.92006342348027,-7.3437812845394435,2.02895971688522,8.399009573823632,5.42453196683248,2.2236210859399255,4.222519006509769,-2.9651904045294666,-4.291820225280006,4.623809636828632,5.114499271286047,7.273428883696292,9.379166829319889,-0.36367659262066643,-0.3696128333602753,7.746995574621711,2.7024562263874667,3.9105480213004866,5.800608606670279
1.434610467289799,1.210775630224659,2.584236758719909,-4.23633492130696,9.019789547322507,4.305542008169839,1.676232989035491,1.52670255147899,-2.829906211430738,-3.8616141036872955,-1.8378979010375707,4.557773111684757,-9.78082479709158,-6.83255750250463,-9.035912832834196,-8.65521634674925,7.58477847394689,3.753986970445667,-0.0005994155720896455,-9.008260413004589,0.22659182041520187,-0.6046622408003604,-6.896683033714955,-2.5697028847038847,-1.8982460510933399,2.3555322387007744,1.8622365551971103,-10.690791624777908,-4.152222808102035,2.2631253247251673,0.36922281102354293,8.979768418067401,3.128717787328386,-8.366697509949873,-8.795543220237676,4.099750462645261,-10.15256939766881,2.834115202870156,8.980329541534148,2.1563651120384364
-6.827337233870042,1.1580569046065936,-8.511527630150056,10.246253043313045,-4.265676531055176,3.0939683109564817,-3.422852100890438,1.6448295519021798,0.15483026160547597,-6.95479947202084,9.082732540693264,3.398073668456959,8.92805723970133,6.010418304601949,2.0110588891543215,9.302774456597584,-8.707026419605445,-4.403226881430225,-10.555955121207727,-2.30213270310288,-1.5513171498034386,-6.289052612832771,9.285544482079121,-2.92867875163218,-5.258793828408017,-0.5531655316190471,-7.401533528164421,5.916532742690835,-8.40634159786492,9.439942575786386,6.0781206960482415,-6.413316201979798,-11.824521774768423,6.159867073447041,1.769669223579065,4.933913991711137,4.446106703436279,-8.355746610402392,-1.5166104475899431,-8.631367504765405
-6.719571438673235,-1.4539793376165313,-10.212900960208112,7.222207970152398,-3.7443443088603514,4.193234201219716,-3.2784732411667856,1.4732902887680135,0.05492280445360487,-5.9543157696284785,9.266518126908007,6.349538571107205,8.674754598731585,7.511604120142894,2.4989080947826925,9.313653867653567,-8.898495153808412,-6.141418422969472,-10.153894855430892,-5.991454402227652,-2.0259945747966306,-3.96411400826745,6.836816992125314,-4.814495183882581,-4.732159236328859,-1.3644260968861115,-5.811814392850563,4.957885032962709,-7.253583516944688,10.683608375694492,4.544305033397086,-7.158471320584297,-9.539187441141614,5.464904531913611,4.239631519110551,4.097315770012829,3.644248519253281,-10.749574984442651,-2.6040011806199503,-8.24417655582803
9.415103781382873,8.76481459478612,8.43943581693901,-3.904947571863599,-10.444645127980262,10.119650439447,-1.3828023810740462,10.263182185664757,9.504412630193084,8.374470952376727,-6.109859691207506,-2.486263011980501,8.667515076553526,-2.705386461313803,-5.284772807487959,1.1292606555105127,8.185989067802236,2.893431473811531,0.30429531012578814,-7.249409562376111,2.8133555844042477,9.734503552754905,-6.6901290404178395,0.509044806326796,8.50967913995859,5.768059109992258,2.8744407194205177,4.323327667211975,-4.479043725798979,-3.9951423766195364,6.791527389271858,4.888548548790456,6.924983636141243,8.27433742834923,0.4607628935921464,-0.24827780948084283,4.793615426930831,2.945271413636045,2.3870939782130893,5.683211952039875
-2.6030156335904193,3.2100741972703926,-0.49412579583648863,1.6506726463503258,9.816211368813656,-0.46672585671180267,8.758640889955272,9.56702273878146,-5.967102929152731,-9.70757518790839,-8.63492445849874,-9.169603366752792,-7.387380072955958,2.643867611599308,-9.34011128741365,-4.153604050983687,6.034138197491027,-11.41464627553097,4.070055938815411,-4.744711620030373,-7.384624157940508,4.590328914041663,1.2165228616232349,6.20410115314836,4.17349227297336,6.072961060585542,-3.350526948177072,-5.733487055215324,4.644466861670105,6.496850089963045,8.966563600883298,-1.6733007061216472,-2.6220615771778797,6.932561504667924,-2.6903741111141852,7.844361466068592,6.4077002110475565,-1.7532109853944335,3.4529553513868705,4.8608371035468565
-0.37135973163879976,4.188611437334748,2.722242067127781,-5.37689398094018,8.03348054316913,4.914174082852754,1.990102850617669,2.6959587626841417,-3.3359966100325815,-4.429902205420868,-2.1080724149477192,6.550618960135148,-10.662017983496778,-7.735149829226303,-8.512422909261113,-9.712977651760209,7.661121530566773,4.049130861382566,-1.3629782349090416,-8.804559025670516,1.081606858611503,-1.5269832467853588,-7.703962885969309,-0.9785881505087303,-2.060478096395025,1.0053805836175913,2.182452843263351,-9.910701282819664,-3.1494152537174784,5.042168711091373,-0.23985473307227517,6.248545879594296,5.19566012317855,-5.853056660179011,-7.863799491405994,2.0152912698249454,-8.278290431481057,2.5317862137021034,8.951694410337167,-0.20681956535466695
-0.725356470472879,3.6573893705030605,3.5656426337243072,-4.987077773848348,9.997405813505903,3.8038789918950773,0.5677359770684293,2.937615979371414,-1.9849137679287674,-5.372730170299447,-3.524034880623581,4.327981468484534,-9.357952873508673,-7.19484089521705,-8.852798722013663,-9.80160755917404,6.907719780306772,5.6690919710216505,-1.9376067953530622,-6.157425506551331,-0.06796265154580648,-0.7106909743651908,-5.582584262998019,-3.3902330842989077,-0.64958573747278,4.174727789992711,3.789845884811975,-11.196205173469828,-1.7435799096700932,4.16319687230341,1.605473959337509,5.721707576540051,4.190229463981907,-4.945741055592259,-8.559159333345384,1.3956843413365918,-8.64112119644263,2.7693695941210152,8.66539666417325,0.31876010165375557
7.1736895360471795,6.927054280538168,-4.258919303410405,-7.010207465561018,-4.413744035486009,-2.7291284765889765,7.450767487506855,8.25959216026006,-10.798910798221078,1.8135936451424257,-3.108637565272458,-6.18261637336301,-7.123690029234354,-4.101262856630047,9.122013163929726,-3.2948652807816003,0.18873816494460183,4.892779716494116,-2.9557687450717594,9.66718272323302,10.395417776330126,-4.173667873466877,0.7309874086619185,-5.131613405881387,-3.778397536949326,-10.14075984387885,0.9098716998199106,-0.018125881707738156,-9.874720161651803,-3.636452996427794,8.9798531790284,-7.111388423091994,-7.930405097752428,-1.670731466366738,9.250379805619124,-4.703718899901167,3.2004228499391836,4.642633065907216,-3.9470725933388673,2.259469799640903
2.6299224425095833,-7.500215556955739,-5.822165640213587,8.125723729167934,1.4062475693415948,-9.375004854851763,-7.483584435020494,3.943979772511425,-9.033365053073386,-8.146003543571249,0.46474654196598075,1.9392826081660446,3.7862212284073586,-5.72692525876922,4.674398497648132,-6.730696998254157,-2.091025187121595,3.7354889377412084,3.767221285326753,7.1024183807761005,2.9628150684806878,1.0960119600972573,-8.76456765275428,-1.3504877619105606,-4.683339812013249,-6.389428662771548,9.076250893014072,-2.0097064794618538,8.738736384987593,2.0181527994280506,5.35844951502842,0.0761739892512471,2.4115025124745078,-1.5184006592187511,-5.589785613047364,3.9849797751014506,-4.708985332931371,-7.512104926241175,2.7129766935918314,-5.703092661550441
-2.226358152943309,0.10843861857733073,-0.009173961475349324,3.906872084432813,8.641345920008458,-3.0884597671166976,9.387135931219385,6.675604106469063,-5.622116759947449,-7.112555018559447,-8.655371072985831,-10.274204269734943,-8.190836613611772,3.1589162364293997,-10.088544238671213,-4.005725086709326,6.310497000081055,-8.168006421949208,7.444744370565395,-2.9655915292850707,-6.834978445870166,4.140526218764088,1.7044489081533094,8.87555589819319,5.049210312821953,4.821588259961918,-5.273176740761782,-7.714954306469093,2.9602660722005796,6.5252169702944105,8.57222746818092,-2.5035917426022207,-2.5207986554965687,5.340366290952684,-3.8973710362678142,10.134075525133053,5.641600545107888,-2.9034856008500407,5.475265263418485,4.464724517343013
0.8498763343416669,4.604217818204853,4.567270518471041,-5.013098321415312,8.409848474592918,6.042978229113398,0.5209341103694595,2.450509791039748,-2.199796216260067,-6.72486466833331,-2.6823212336828064,6.272090103313433,-9.774185079197608,-9.160205753117904,-8.970876576514529,-9.94137534226599,4.489706596974384,3.9922734658769334,0.0011607756345373144,-6.865611308848054,1.5891722422987875,0.12037109299782278,-5.602395193194102,-2.6075324653186063,-0.40807951050627667,3.5843621426158805,2.3347575323863525,-8.412259679271267,-1.9266795240219654,3.9874118248351205,-0.08838260055813049,6.383564186066432,2.683874262717557,-5.8445154750075385,-10.508495462133737,-0.1486878751171905,-8.575524782199585,1.9903170896245646,8.82306816480233,0.2039369295291238
6.591525356095188,2.314565044609749,-5.535627615891569,-8.504412955897276,-3.430738234658371,-3.3628341404036877,1.618817395468723,1.485512982014452,6.996163868677868,-0.26404256357196754,-7.3187761755909815,4.09467195248872,5.850946508941906,0.19930157608702515,6.0295786047852165,0.3506540321277059,0.8322113204777921,-1.6312200639146637,-7.660873640286835,-7.3489757716440325,-10.339752149518874,2.9765137010115925,-2.9603970013992473,-0.41669477563025326,9.240601725452958,-4.63212171130649,-4.134819876952753,5.4106947481989,-5.830065844580266,-7.923221988882404,-3.2607561014728246,-6.580412207778093,10.259205280796156,5.983700706724844,3.2928929532623448,8.234154377391704,5.976095569089558,-5.489824514301501,7.256506982637387,0.3642764192917955
-3.4857918130874976,4.927181577813849,-0.5718049083565107,2.2638475038236088,8.860459574898282,-1.5264084160082327,9.277075207708002,9.112585769496949,-8.122509205749418,-7.72462613860727,-7.31567581151725,-9.789715145052027,-8.520304669546224,3.361033217817367,-8.293460062413422,-2.406448029468809,6.363317011611578,-11.236328376442291,8.77395063602378,-3.691329940018312,-8.02791506160886,5.123590026280061,3.512550837412784,8.041722644210958,4.224369184083221,6.736941126681308,-3.2697497248811604,-8.171281856696389,5.236790014789279,6.434870488122749,10.07617950144234,-1.7014628452552931,-1.3735652087904342,5.316942281762772,-3.1867146442286134,8.93081183014975,6.990185509555421,-2.8061207092507887,5.231551399518881,5.3163138590651045
7.692211491827242,2.9744978541782894,-2.9594108857544503,-10.742657750560605,-3.662023346788554,-4.612397735536954,4.763310710506944,1.6082068807210474,6.559302910300456,1.0492330049928882,-6.538667693109776,4.260753159515745,5.400469622586972,0.9776279256469163,5.9892199750707436,-0.80014243926099,1.448396850507839,-1.7022664738431188,-9.911464460949325,-7.820458441649068,-9.962563116190926,3.0568905747720914,-4.250242967786866,0.6399374261128923,9.367336017433335,-5.733477103830674,-1.9229169965825776,5.5723534838963955,-5.859894045148957,-7.996081242597476,-3.649572081072899,-5.692312478625608,7.987963000766548,5.219632351057864,2.360497740644726,6.461459464207256,6.637939742029788,-7.430350122455695,10.184196388052245,2.082772699886765
9.616832574736335,8.769287246738799,10.119360669947513,-2.1643828844668,-9.160272004533327,7.489889201859608,-1.8214224104981664,8.60046019882578,8.20695780223447,7.724082235443338,-3.2465062928396065,-1.8991082337940461,6.19466623711115,-3.3308298617769845,-8.522823467743807,2.4590345178750437,7.424945307578183,2.8001369510609964,1.516515671357491,-7.852310564342584,2.2273959355316113,8.690949061102968,-6.064971701666227,-1.3193561537945153,6.064192448110663,4.708389583129607,2.6760808380609724,5.272306956018111,-3.9883916110178115,-2.5711359624998202,7.222345275341846,7.437323629091201,9.22855235455532,8.346038975225193,-0.7861266186012008,-0.0726819820246497,5.399237973926541,2.2900873430415807,4.1901909819609,5.604149174514274
-6.704033795356161,0.16782841237865476,-7.9984474011238245,8.170936400848904,-5.6923757905279935,3.0368524448745977,-5.298462449135514,-0.7272302495408183,1.9066495847836031,-5.430123475019849,9.75469684009725,3.7815789462618215,8.431575255770895,6.671547119892924,3.1345328300094675,7.853762566899734,-9.315897669743158,-6.050546586495671,-9.735608678623851,-2.009649474531006,-2.9612651037445503,-5.972247623746713,4.421836667281073,-2.8957199685416293,-4.943239920110311,-0.574982943346757,-5.992289039248962,6.711184762510037,-8.537205005341814,11.102064976181213,6.1074314193317605,-6.848542270834984,-10.928777821518718,7.127210113550543,4.533513833419694,4.749891128790408,4.578909130850007,-7.911159398312439,-3.5861843122484967,-7.784605464091084
7.1062129485134395,6.697426225248834,-3.921224153232292,-7.917495743475329,-5.955565720731808,-0.5580147313419169,5.639906959649389,6.659211265684529,-10.57087652232825,1.3070014629901172,-2.144224049436637,-5.097798399701839,-5.626987552096269,-3.3225149922780264,9.970254758283541,-1.8645872754917674,1.4030039949077362,4.043577861925816,-2.085300193415507,8.148263061283869,8.46890274069227,-5.569029265124636,2.185582238021992,-4.795018317919874,-5.130666863712477,-10.30618203315833,2.751098441528698,0.19620185724611303,-7.883665997973648,-3.7558110491904166,6.784927872609007,-6.016039956670923,-5.7367738098997165,-0.41424303902554427,10.900600900230028,-5.308575517685308,2.4750545198290506,4.929131528907645,-6.215298915701703,3.998774209834768
0.7226785839605214,4.754716549263095,3.7120624015322505,-4.244278830960488,7.963934865664257,4.425898583545277,1.2561763224273563,2.3408487599711636,-2.6311307262262273,-3.7541677509352844,-5.3741198528924485,4.906797321522744,-10.633448982590501,-7.496381773502483,-8.06322130356052,-10.592392964797677,9.46281691250859,4.2750058245583356,-0.1347994281580267,-9.483071122327383,-0.21424968599682903,0.4411102371292053,-6.3260410295810185,-1.1827714415136226,-2.081764880730919,0.9390018693809083,1.3181643462894221,-7.924592677918401,-1.6254610015274815,3.54746948675201,-0.7600948722028662,6.972229062597526,4.4056728183800455,-7.969966783131047,-7.4587426444381375,2.261865971502419,-10.325007089602067,1.683595325662753,7.687602919387355,-0.38741003697947907
-1.4260793869465136,3.460711029096017,-1.5944272251647864,0.1722868210819224,9.281283816723617,-0.7350276780003142,9.609790174321482,9.085479515972247,-6.6100496365119845,-7.5149230725267095,-8.403908364586242,-9.395404215722806,-8.477301880260246,4.5492916420040315,-7.673465041510281,-5.097268474267944,8.22280405361127,-7.158152092524288,5.934036968747427,-4.489706076195223,-6.397273653326722,4.001510762588728,2.5748826255645847,9.446409004428471,3.3471237146696886,5.280655477563242,-3.941485555018012,-8.070753718281244,4.639285849414104,5.754529155270054,10.771876660235783,-1.0547934272695514,-4.242865532973658,4.835135873155387,-3.8739854790332444,8.398570635320954,6.07070784725089,-0.9684715105279679,4.323234286526204,5.67947941769737
0.9499802881837254,4.671190194445216,3.695120592237172,-5.181816482951678,8.606195465444527,4.488434527275908,0.705955151392454,2.9224326453517087,-2.91617286140613,-6.194675815019792,-3.1789817226222143,3.7913185059497074,-11.612600506361543,-9.172024349481429,-9.322661748013712,-8.554893137295123,7.760578214612972,5.661072620139565,-0.4148583006826348,-7.8071162746511416,-0.41808953469169774,-0.7323910501246957,-4.455417270204483,-1.0616155779855079,-1.6816310429584092,1.1718876581273634,3.1122952922579437,-8.435587825235647,-1.39743757953271,3.147282839186228,-0.06401305648222982,6.960373510903235,3.1017919536099976,-6.634124414810503,-7.320974611185225,3.9210251133275196,-8.716862835441782,3.744721605939563,6.148366453222326,1.0494249831915494
8.567651233322394,1.7526516362709468,-3.64398450937137,-11.06490259930079,-2.0455907725631786,-4.566801802485131,4.919034431000456,2.649741597382399,7.6462538847431905,0.25416048810986136,-5.936852620930331,4.516389414401891,5.870778989968475,1.554435488116966,6.436875023021847,-0.5870044521985123,1.5300471420562956,-0.33867976718162396,-8.409080456435188,-8.502319327470387,-9.539753920502505,2.9676752140560434,-5.083722423302472,1.766334031380071,8.139052945019683,-4.730227529417779,-2.369345979014609,3.784145211493951,-6.028066575642322,-8.241197615790552,-3.5315421289709454,-6.613782714317192,8.94067706309341,5.825381216606963,3.1643236964538977,8.912044670140263,6.778230980421277,-5.459056934026344,8.145196369106188,-0.7163102312865879
-8.319598944320553,-0.49007337980760624,-8.929796262003096,6.874244840380125,-5.221515699567514,3.2089739090804925,-4.86481770274364,2.1980256252312333,0.08071010680425139,-6.9723478031229495,8.413384605468675,7.301136554360409,9.342884059883264,6.959955002309333,3.064231135081671,8.638183394751213,-7.972896537850108,-6.424819960369549,-9.844870208746213,-3.1556272856801115,-2.7715414362059496,-2.7562637349469776,5.305459077795485,-1.3287766932732687,-4.4926286550501855,1.1530073971860757,-6.3483577338753125,5.413690320076359,-7.644738741705948,7.030194876629169,4.724905852711208,-6.949749176657617,-11.143063669899714,6.094273731017731,4.522896845134038,5.282803359319053,5.666283690919322,-9.18480043021174,-2.4616689912893803,-7.558333114646555
-3.523490544708482,2.511072010008815,3.4722339321215863,1.3592276826872798,-9.055617328098178,7.358217796900446,-4.420338476731792,-7.879799589996349,-9.551640739951953,2.9408282353505726,4.207247788987023,-9.669815228816072,-0.1748443176054375,-5.859846632157672,3.0122407140497938,-7.5811089057459995,3.470647416848023,-2.480862535349021,7.383525316283192,-8.08802936797771,-2.7681661875084482,-7.721017735247225,8.185110574377873,6.635359630081655,-3.264317620107671,2.3617017060042613,6.596036811286055,0.6161471439154517,0.6292908597584644,-4.705344440050594,-9.5082012330899,7.937698914913046,9.199089792246454,4.423531038957362,-3.349418152281117,-2.9741273005298736,6.730446606006321,9.077129480650742,7.124443916047127,4.978527466266353
0.7997329952134236,4.834690870173358,3.1295583498590993,-4.495588402335009,10.976356237128648,3.83220661005188,-1.247200158655315,2.551859283733598,-0.4069922226821274,-4.82548358372582,-2.3783428757667564,5.909315590414275,-9.601219153995277,-7.1222395664133495,-8.540335260911284,-11.144028550860085,7.223078573949937,2.500374354640976,-0.5546949233609175,-8.538597735819405,0.8663287567044748,-0.28615182517868937,-6.062769755711467,-1.5144177332027904,-0.9777240494461681,0.7196766205215961,1.806370565231536,-7.807612682950308,-2.9433962066027597,0.3713663091138413,1.515366448215639,8.206732895126242,3.884842038989633,-6.646905451419704,-6.927878033832707,4.107003993188814,-7.9219177203755535,2.4110121059164955,8.927400679750233,1.1103186865027808
-8.683113708230017,0.2815844626532869,-6.852357592666252,8.967905281036275,-5.688685629940197,4.386066272571116,-4.08245802414603,1.7758454049837755,1.7408819890299558,-9.246052454961191,8.387612922336144,6.447041690057681,8.9416361034288,6.872791060845125,1.3244100607278897,6.531248080372954,-8.318523246488006,-3.8696530256013313,-8.290520831056915,-1.3029763835462895,-1.3440571164203792,-3.5455400211693906,8.548828870783613,-2.4876702067859875,-4.568537127759265,1.886579179786982,-5.727675263382862,5.5639749723685865,-9.230556208744613,9.876594764441226,6.27639425286481,-5.2275953206549906,-11.313725257715552,8.220834636160003,3.4959819475554927,4.315078363931168,4.522752573731094,-5.820778129381105,-2.58861475882658,-8.53359389017897
8.271654485403065,0.9513890274926018,-3.108000662297713,-8.99475718835196,-3.8830021391373877,-2.1327262642653593,4.153696199546007,3.3627509886539464,7.781818202907642,-0.7077204023937116,-5.3081459568474925,2.8235539987445293,6.504832807775394,1.8819505168798973,4.939818604459437,1.505230444729427,-1.393453524748655,-1.9709462901280794,-10.700099669387173,-7.430087995262451,-10.484480387452493,3.1612721720169272,-3.89931679429502,-0.30794011936202803,8.539976724555169,-5.282777040960565,-2.8809763823464447,7.9123957604959525,-5.911203873196695,-10.678010883576155,-5.0470696314460275,-8.042850943292642,9.420098662891975,6.484060250879925,3.066787931998814,7.059189337917112,5.794091290925369,-6.639529925886952,7.769986785664087,1.6221782736778492
2.4291631288591793,3.7033179429538112,1.011378674921687,-4.381249775970909,8.859441946378121,6.615635606728839,1.5767750044217634,1.929152177855812,-1.8048538418372755,-5.253783717814602,-0.6634130524113848,5.832406077425226,-11.119290399678894,-7.92298713796266,-9.103579607565454,-10.292992157084866,5.326256222973056,4.668720569387318,-1.3211564139913992,-6.7945451684199885,-0.159488065055519,-1.0048334046504221,-8.95269625194529,-0.10064916561260784,-1.736378479407229,1.8688072422269675,1.811581629772673,-7.4948285955278555,-3.571967408143432,2.1485508559820747,0.6324702736588166,8.580563463789819,2.9575529253411204,-7.476128432603948,-8.695364260546722,3.7528562270836483,-8.34037890390436,0.34035247642388367,8.919544948876162,0.07521814855618114
7.274644287112185,3.333357029549134,-5.018841367257808,-6.205459662879969,-4.370568177887246,-3.6168309733644186,2.7361902795728437,3.2374367318451576,6.637910694449422,-0.4540457351949845,-8.152389514158504,3.1871518095295555,4.4113394705753315,1.4513319854754463,4.137852626222396,-0.8728997437357622,1.1179299689043596,1.1533002420453053,-9.014028645565093,-8.759433102311199,-9.738530456337626,2.7597972314281867,-4.062305329109173,1.0744719900309891,8.368802961536083,-4.10630303211263,-2.1067853295850356,6.43652299058223,-5.590522274449096,-9.431591672562131,-2.027650560682418,-8.600552001881029,7.855214321546533,5.5353797394579445,5.176381403265033,9.236070687900867,7.567369681624488,-6.599257484655616,10.277357973641331,1.1551968421539853
2.891876434738775,-8.46778903950766,-6.90398282731086,7.947280062445853,1.1968144843455626,-9.533841212696764,-9.379232410437949,2.553208774253001,-10.017647086215442,-9.043392284305618,1.7436673236766405,1.784749444006359,3.7088128809501897,-6.807423100716966,3.838665736247217,-4.735887603114569,-1.2938665173351631,5.046280080067833,1.0100316527447861,7.938163342519333,2.9203394411478487,1.436078721168255,-7.568641613550535,-4.871061895717043,-4.689415798630296,-5.529901022371024,10.682046001054431,-1.4109317433260489,6.21392918076072,3.885398372294306,6.345751158993179,-1.4944997353493765,1.593830796019955,0.8851799902331337,-7.309184116612504,5.826619641075523,-5.89718152531041,-10.304907848017908,1.9665750827536648,-5.080852680270359
8.540935812181244,-2.6569341504864807,-0.32984034128482165,-7.992879615388935,1.5925080032138068,-9.462453309734933,-0.13506080020490963,0.8208344326655839,-4.255965812369545,1.8344950713864718,-9.524603570709104,-9.86170902716812,6.870117751390078,-3.0812347367913606,-6.8451102441418605,0.5556328300240845,5.01329618564317,-4.118749045028072,2.3554969308330285,-7.670227685562834,-9.666348482619947,-1.3984466997682201,0.24570326452508284,0.6111493235643382,4.284963807633982,10.985688603789745,-0.5792780560527451,-5.646914398769269,7.4039808863865995,-5.058709738082768,-1.2363099680559657,-7.642592404023604,-8.9698123667017,10.003480713170372,7.620031399789542,2.173369489284506,-3.2352888518546226,-5.3629439359542435,-7.6529982896699655,-5.667787881671653
6.340725108317363,10.053972458613565,-3.3935825476142236,-8.507147670806047,-5.7233738060375146,-2.593276536505443,7.616232358465558,7.7891733826635825,-8.736543239405297,1.4279299801006862,-2.0659907179519528,-6.502596642594284,-7.654405764634389,-4.120457642715979,9.02315095365941,-2.403844478750206,0.2076727888181552,4.210374267811295,-2.821253568637487,10.238369226856912,8.581163504553933,-7.160800345135816,0.4158389772230907,-2.9945993823566135,-3.856815867692112,-9.902491548377359,1.056274581411868,0.5480779963575516,-8.828946022065539,-4.5528633429261,9.987781062326865,-6.155562280841884,-5.327065537048073,-0.17916088957809934,7.87743860534114,-5.3380972240891325,4.402207024717013,4.86733727376938,-6.722027661390402,4.399812440441021
1.898371729191794,-6.4447520392903,-5.250680920573908,8.628996402134348,2.2182917623111154,-10.476223054280968,-7.9913563265702585,4.909332517368391,-9.030114264638996,-6.5801466931735675,1.898650121499318,4.383514617234693,3.435502729938883,-4.534050551797268,4.7606120717754745,-4.39646677996062,-3.3306189871801366,4.6757022791703795,2.4444951020041454,6.317158604412601,1.5470874035653344,0.454232119897767,-9.067358173020331,-3.153029134795365,-3.1337084357271996,-5.277769087972106,9.701977984933222,-1.8647258621528648,9.428512016384634,2.0471870660999665,5.673703990574907,-0.053457509670341574,2.67461254830195,1.1944595701317333,-5.620556424345165,5.681951679291986,-4.206891754713895,-9.686283918987746,4.088170004728979,-5.970168736625223
6.284085611833567,6.474608219211905,-3.9491744081954523,-8.040276413191194,-6.270440234604571,-1.4361788157713107,5.931113028222207,7.294607520370449,-9.739454379557252,-0.7408083062713289,-2.0504817195076095,-5.480469507824561,-6.418393222169618,-2.9909773991317,8.196258898332957,-3.136936600341043,2.0833613241890827,4.977085650492574,-2.1798814219785,10.161231829901535,10.688899940270854,-3.8887272894750566,0.5117304989653677,-2.9137915840745223,-5.384841208714708,-10.764526305249627,2.348385330241767,0.12226117422776857,-9.514335028513472,-3.6012180454400613,6.302454132881839,-5.743534442718356,-7.587058103053153,-1.8472465795481987,11.20774008948132,-6.5180958384333145,2.854370890809886,6.140372064379484,-4.601203776723275,3.456152275752445
1.1524921902772909,4.974611964871885,3.67103314860464,-7.116420255078324,10.003612350925525,5.5590902958762705,0.7247682195696065,0.26020819695435193,-1.3655247258097947,-4.7187194058403525,-3.3210299095356124,5.343621933634073,-8.640289969434512,-5.281025471566508,-8.93304348664908,-8.851510272267356,6.285422805034751,3.5717651416238954,-0.6525660486249747,-6.865598751589372,0.6512752583647049,1.3987887596192756,-8.026188777459906,-2.6467019858895124,-0.9278223768165985,3.7658623373588185,2.735001139023808,-13.559523668087987,-3.251276869369323,2.852691966434117,-0.8366878149759793,7.31492298070416,5.0724280812508775,-5.3151786387764055,-7.779732806621265,2.783936285288155,-9.964441847067954,2.4732629407467392,8.829999480999378,1.5691879968899503
6.847360240382395,-1.5061224145021213,-3.4947534502599975,-7.25205688775518,2.25614595083231,-9.586020502288724,1.1220054663136527,-0.7062036269299967,-4.348866258413202,1.3276250464397106,-8.429401850948159,-8.899470360640544,4.724716034526674,-1.5567077280282888,-6.9733280240377375,-0.5906266608668433,5.050191957185824,-6.9834643650352195,2.286971490763525,-8.142932732764818,-9.301012735261795,0.17662813149010526,-0.8000379368490489,3.08583949146734,2.5973720775902773,9.548121107487953,-1.4731488580085552,-3.490365650688794,5.897604890786324,-4.180010007079975,-0.35828586908568505,-7.383283950903744,-11.10302773106678,9.194762240425423,8.730543294804171,4.038584690371668,-2.6522892520159167,-6.613814725022421,-7.25492508689234,-6.171600193840248
5.991566711252697,7.862899643946812,-3.1541833531072627,-5.692021327183279,-4.552849818802612,-1.5464503338234836,6.3634933090651495,6.689752204802432,-10.81095309289588,-0.33780473551500645,-2.423928900736363,-4.904475406789509,-8.67388751119533,-1.9144860105473966,9.610240461869214,-3.515439630217227,0.37613104633239075,3.503097868289003,-2.4573235410663563,10.523734117627804,8.545789436586409,-6.497746172411447,0.6481883727044538,-3.6580678294208067,-5.423388913891827,-9.995652423823463,1.3321824055477962,-0.6709518044570187,-9.294107729041402,-4.693618019548518,7.514524064264615,-5.96692600616048,-7.33088690209492,-0.043253259589178,9.39671254584717,-4.00022754642869,3.950798662538358,3.641546449715655,-4.723521354738153,5.169870954822774
-2.1697193214477406,2.734169950809008,-0.2028431124675254,0.7797929241157686,8.778862190852404,-1.8147415621101535,8.711001430860952,8.327422054180891,-6.00409315768802,-7.645748345042658,-8.59575431060354,-11.635495392246465,-8.421775705024107,4.057421491051885,-7.612119573635184,-4.31333039689659,7.43960607903198,-8.39940691966545,7.040620314884207,-5.153539607977749,-8.319929822404243,4.369746756957658,4.204197247722779,7.56360542992348,4.536093156748142,4.700001142584054,-4.72359542839807,-7.166447278323332,5.039494407000077,4.623870792410113,9.481512385619759,-2.7565808075326568,-1.6194089783054877,4.669086856963453,-3.7562784325893857,8.897273038025903,6.714539459356313,0.93933316998669,5.9479365131093695,5.108064060007865
6.804383955832793,3.512675250326922,-2.608481796740203,-9.224538940854426,-3.9070175930344195,-4.047449799505688,3.1726903702162708,1.8937069975570462,7.942472179247351,-0.23044199853143177,-7.459567177641327,3.9631626905012634,6.148767578058934,1.2890858559508624,6.122597427187168,-1.8978632049147037,-3.4677436639784607,-1.1653916049909276,-10.916383118839587,-8.054623162846967,-9.673513327289921,4.315608827691145,-3.31288382552986,0.337272850092729,8.988320633155533,-4.6456578301834615,-2.2500185322758393,6.1824987011155335,-6.533786818055825,-8.137154615890578,-5.752540735860951,-6.571630397403917,8.78694268862439,7.838862553203002,1.1031012367666904,6.828324627900543,6.896123964556434,-5.933281565881976,8.03148502113706,-0.16929086464552523
-4.257763235835083,2.0384074706923823,-0.31617414553854184,-0.7021867372026913,9.378695009197752,-3.003072598402251,8.189959966522807,7.378176585493048,-4.5566384460697105,-8.279356061006412,-8.894876350202392,-8.860223634660898,-7.2814024407895594,3.2788273675244968,-7.617053405700097,-2.613737758526539,7.7488381867358225,-10.208313318522539,5.110317759002895,-6.055771828732964,-8.292218086714422,3.5669323489133777,2.292420849480008,7.502236749789519,6.4344094252878135,5.730041434465397,-4.408082665163544,-8.268800963355119,7.240266497355208,4.82078738465017,9.103248135524112,-1.0519244149013054,-2.3134458459261613,7.171445485139007,-2.4639155392121355,8.533862460833435,8.212338905704597,-0.2588115066312613,4.35726259444781,6.053886867857886
8.431825503978354,9.057687390426848,9.332564370589226,-0.5444305027699068,-9.012490469778024,7.331949079688171,-1.7817239854862477,9.929059689704484,9.755690038214079,8.047514844800277,-4.208373152898882,-2.6615456723270006,8.775157434253176,-3.6028892935048096,-7.626819442299265,2.6111589061999245,7.226999991821175,0.42555071101085407,2.170610159824872,-7.145769153559998,2.7141574759280864,8.498620918093215,-7.257189550511841,0.08842447372086398,7.010172427666718,6.227441785893368,2.8936487612736714,4.365786132848585,-1.6161299919423218,-3.746721589391095,7.428341482065646,6.765982616012546,7.770796042094104,8.631645919961574,0.8402912438689071,-0.35521320366826836,4.664029727462717,3.9533220270186122,5.201079845659834,6.167832199628064
-0.8483049510690459,1.9161312499913887,1.5938780199026805,0.6635485316524197,8.137107181787664,-2.492469290363501,9.394267698960538,8.037110833045249,-6.599507713340375,-10.416216538629307,-8.788767551575306,-8.561127817493134,-8.990863485354303,1.94318683122965,-9.631726778563724,-3.7091336819639102,6.138285052157343,-9.814398363992678,5.490916447132913,-3.353160608136524,-7.145853936768291,6.152702873811563,2.1971356389945282,7.264561095301794,5.884922899619665,6.460626992893223,-5.300815228776303,-5.894787805581923,5.408823930130187,4.34289889721954,9.15879214010059,-1.5573262717118528,-1.1133585769002894,6.226257659133556,-3.747973809071638,7.906944607562195,7.965988280769967,-3.8464458486655406,4.209840032296872,6.500165484068777
-2.309211212541272,3.010718415576421,4.148778150856897,-1.0182734085130782,-7.334509547614069,5.609424867637442,-2.728663379704442,-6.744586496524293,-9.998468964795233,1.2079561568156345,2.1056770360690864,-9.627814481609411,-0.5308122246748371,-4.683786265140963,3.543511889221915,-4.82451436699738,4.185082245590397,-1.744615306909178,10.134699586562505,-7.877243813106832,-4.666931191817863,-7.530435516059825,7.071238896356853,10.000725740545008,-3.3856691536179446,5.36365725398516,6.4068909806874474,1.654589825690845,0.1335361351674852,-4.280029376404214,-9.353487855933071,5.401221969591755,7.217650523778041,1.2065556698480435,-1.7414774428664503,-1.2001310526664661,3.116184504991677,9.233920806572783,8.693113468803116,4.0277342324336
-2.6785941647189437,2.5637860618543837,0.7947851223702631,2.235771670378003,-9.177581321860515,5.753651526654287,-3.9129519523555807,-6.377964639372209,-7.725517352072883,2.087282315819738,4.117752720955184,-9.393707233859596,0.473322748484393,-5.1603549929542325,0.970721665620059,-6.762589904739699,4.981015872620477,1.6770379368174337,7.53029084219518,-6.826501156755782,-3.7497195568691715,-5.682877671291369,7.140089604779775,8.171726557935498,-6.248378545201078,2.8811142526227473,6.310130673274509,2.1737079137288546,-0.4841552590383986,-4.499571133143581,-8.119166920494068,8.217108545352513,8.96669385795175,1.3794724524600717,-2.4088092058773936,-3.584713360836207,5.614987032381614,8.276762833589423,7.532200103785291,5.007484948061655
6.453975737861757,7.155346225561294,-5.337026643852178,-6.757294776363114,-7.237573315938702,-1.7984483052186409,6.135988490506215,7.145156527275848,-9.825154789340345,0.35309360791889055,-4.06714319910295,-5.5431878807152675,-9.83226822743822,-2.515478498836446,8.303068922446773,-5.692978084808246,-0.4383922425180534,3.4903038387189023,-1.5367083348591157,9.632279396169459,9.593390843192804,-3.7831324492721157,-0.15117417007677958,-3.228245842632204,-3.6193289985186556,-10.548730546478758,3.6642702572277663,-1.3667213154934643,-8.053058325522365,-5.944143752173403,8.766554507484749,-3.3468473085103794,-7.315081214725749,-0.4673004373018856,10.323449081528864,-5.488291025732535,5.260989651860394,5.424584556033047,-5.5674186283727325,4.024041444341508
2.3174891766442283,-9.088237014240047,-6.7752006625606995,6.358715652451102,2.272004380726383,-11.677878227189128,-6.849750493848561,3.95430533782189,-10.824954199499638,-6.122700958311991,1.086190011585604,2.8288937227690045,1.016349032822922,-5.198178127362351,3.449302579815682,-4.160048680367919,-3.4779723029327942,4.230245405863166,4.790496714034766,7.560914702486564,-0.502828669097239,0.879780297918565,-9.510593635450572,-3.4454818765316375,-4.840685045284027,-4.7661586238307825,9.721576837162486,-1.0601724300999897,8.477529481050935,3.197519449070763,6.097718393966242,1.3395407148297431,1.2218011493362644,-0.43994939235791225,-8.00071359701164,5.505206349040142,-4.461478506962039,-6.5800749651996515,2.5039132263808987,-6.369208282442286
-1.4965602134086784,8.856132283826001,7.882971805822835,4.281085934556843,-7.061076260398787,-6.986446595807261,-7.8427462426339805,9.026695525416741,0.38427117742815886,2.375076090566222,-10.210344919638333,9.98093462641375,7.145726406516033,-4.683446331450627,-7.563198184223296,-8.6480536659002,-3.0571409455071,-0.3330676403204773,-3.379587491546323,-4.0303534500797795,3.030233582666267,-7.33217991908044,-4.614955415478126,-2.8321253662720727,-1.2491830780600635,4.355472115920106,-6.721205033823238,0.805968673286047,2.16996991861735,-8.902931939633225,1.155748556175387,-6.771020688389837,-10.876033186737263,9.156187408952055,10.741498369304754,4.693814830287115,-4.493652289850342,-7.717450941162192,4.937503164670622,-1.6451747415081224
-1.961274764106671,3.0406402170334648,3.2311235000884073,-0.23891036907997276,-9.389275162426891,6.75956418609832,-3.520296135615058,-6.41689961951586,-9.473980438092571,3.5286346414592233,3.9773122486386274,-7.697565029976387,1.5108261914172532,-3.766813570023896,1.8289930418329956,-5.919500428902141,3.386989273055947,-3.928679785348785,10.230602944290215,-7.543273642785764,-4.2337746092615145,-8.145093438436913,7.697648242797437,6.8530891000029515,-5.062770835879538,4.9304961137283225,5.678126787479692,2.7632868962084376,1.4418483630996508,-4.7666826184048805,-7.38982461163014,7.957970822903992,9.294411247130034,3.22900940873246,-4.884070164051499,-2.719556575856817,5.303086720397403,7.653203980450326,7.867984358016279,4.98465292247807
7.213575545917034,-1.9226956933119654,-3.2295683646252624,-6.52355292367897,3.57793140167865,-8.895163713045815,-0.40138236878364736,-0.103686330633047,-5.344842567002597,2.1145798165458434,-7.931802524037891,-9.801238714164743,8.659940430987353,-3.40633311140458,-7.229397806212334,0.6768816674997431,5.298336686736699,-7.727406966389367,1.8387364159491086,-8.093411407821767,-9.06235067260806,1.263295290765742,1.5695383441939816,2.508519568785222,3.5593963021377837,11.065359294634105,-1.0294553644917461,-4.136177764607229,5.053763971400272,-3.836897352956408,0.09645038859331301,-8.604565748665626,-9.263208371355937,9.681740114547653,8.523606508832978,2.145910679660783,-1.0767192125876748,-6.157588850643582,-7.242098671824099,-4.668915300987798
-3.0043135191958372,3.058230912602191,4.067059915673628,-1.3616659778056577,-7.396952300371801,5.166994990214292,-2.3560709900208217,-6.906655401875776,-10.402168546511206,2.5131280908535842,3.91545729998806,-10.667430324404535,-1.0111385911827737,-5.657565983532523,1.699368858017801,-7.574144392823799,3.9343755524707533,-3.2311647082443486,9.161139064761233,-5.759437521196658,-3.327228393895412,-7.600378513202634,10.511969098406743,6.359185950242272,-3.6499322505161462,4.270538518596062,7.198761343198101,2.395764082721878,0.8735865330787482,-5.745883677590234,-7.043371352661448,9.077157370779428,9.113675044759896,2.7065312277845957,-3.9355986926393127,-2.824446253635171,5.4613435949726234,8.966556988911508,7.312052358227751,5.9128838132798665
2.4113587002125767,-7.408889658887183,-7.205147570073629,7.2531618195930045,1.7124263960788486,-11.82598823213598,-7.255090710896324,3.1471493401842023,-10.171092933070387,-7.052507588059068,0.9887555857963072,4.491341324525931,2.9871616488527626,-6.876250358968616,4.8191005484947835,-4.7564485590597725,-3.2864790385981855,6.005069409321802,3.023036657357253,8.095844298872816,4.559468867485263,1.948484952233914,-8.874438265316087,-2.7764696573137697,-3.457096612307117,-6.617834998487835,9.068257426870304,-2.481010343111536,6.975720503188533,3.495651469864044,6.273041141873746,-0.6583164944966502,2.1435906127630213,-0.30806235829093953,-6.985334817261452,3.736123894987239,-3.948501676406944,-8.574670792849085,2.4226776851885705,-5.91334507819001
4.450352534880999,8.706110751733615,-4.905142536560919,-5.913172992960938,-6.98589647606679,-0.30559357560212574,6.278660958438617,6.848009095288123,-9.675560732908425,0.8468463907091285,-2.55618043935529,-6.373631515753967,-6.953087788213457,-4.955039525577041,8.2739649850583,-0.4952544054254546,-0.5922005297219585,5.2081819696633085,-3.3133587211279325,9.944686799216358,9.90330158943844,-3.8353973483097694,-0.2552837089650658,-1.993549164909754,-4.892526677035828,-9.028040639309785,2.4365636118155445,-1.0683876553721852,-9.256297229979333,-4.2655572160293636,7.733196676203655,-2.767838221204017,-7.940726231775069,0.9684796736916885,10.569468895360801,-5.172756704274263,2.577501894265325,4.464136986182581,-5.7652164193685165,2.7785856902909285
-0.09673263542348032,3.467740174200755,3.562567741162151,-5.692326973471683,9.434827941431738,5.022407591048018,-0.8486080552916715,1.1468121029194924,-0.5641231765874517,-4.347971061581938,-3.7309404241697024,4.122061223872931,-12.162476912483463,-6.20724950214036,-9.0388927911339,-7.3016998982753964,6.917540593247889,4.35574648649006,0.3747750531751006,-6.40447410079906,0.3333391608210706,-0.528157366450394,-6.508004940684332,-2.368802617447475,-2.4117881789181816,2.3682214456594193,4.083766892454638,-9.523962998040453,-1.4450930619967899,2.4353603030208673,1.3062837311841917,7.8065193177393954,3.783067995230253,-5.762484798375878,-7.755465140705445,3.9121989598301363,-7.338009829926998,3.3324063368181935,9.271029062664114,1.0677366988139265
6.9586491644006765,7.773396597405678,-2.815228759776625,-7.2131485258918095,-4.869766052260425,-0.06999825712890084,5.240904438703951,6.741428558819753,-8.097658589076616,-0.04237044903795195,-4.46690362693027,-5.76081213373328,-7.467753123163094,-5.864809689358651,10.192129718138332,-4.2496538234504975,0.7043755500548379,3.8343976325594937,-4.015759371618162,8.365133519783795,8.313863062414676,-3.8786821743090787,-0.20256807025244192,-4.5042993202163535,-5.237799025040879,-8.066110831383218,3.6554879521215238,1.238324363283911,-8.477987635846047,-4.137240673397059,6.949379901357173,-5.45458131337161,-7.785962761521975,-2.036456903433449,10.77005250137738,-5.854724516162267,4.638652855552879,6.114138707334363,-4.690531143518588,5.177211044000376
8.642854627128601,9.320526942372759,9.165467077462191,-3.389195259071762,-12.711443591252431,9.245954401140153,-0.5086011149036288,9.533130543003564,9.540692760741592,6.495879215207032,-3.6108387370733617,-1.4448786082773064,7.079229771755622,-1.170311566867181,-8.17388615394953,1.2989869200233506,7.548742520898305,4.80044185745635,-0.180252026254883,-9.390391667302328,1.6669575934341911,10.066909171940663,-7.793791083931137,-0.21884821532435794,7.366570983633022,4.573132196022582,5.427764208223884,4.735592799411154,-3.134753715389541,-2.0311512034965187,6.678884284426282,5.233305838270068,7.597960111593919,8.800323595994742,-0.46077674184259154,-1.0221830170620472,6.052362669377945,2.6390568442492675,5.51846543360951,6.657009212806935
-1.8210423512596052,3.9070682973525166,2.13774267435771,-0.417512884286227,-7.4999935559666095,5.257518969751059,-4.889911138148255,-7.332330067530814,-9.599947651943472,0.48152697454939175,1.6124873274640714,-10.803687615780001,0.8843356125582387,-6.741628568168008,2.5631861302348278,-4.565972957534608,3.7695806320222296,-1.9227620842596587,7.788559756483137,-5.0861062633799925,-3.7199674681332584,-7.9586342596397355,9.810931043538622,7.365052822766,-4.793278663021673,2.9179925998944505,6.069611625967091,1.4745182428173387,1.1459547563182348,-5.806202613203533,-8.904025100028946,7.33517907020897,6.60710712906684,1.071598886946062,-2.922237031801078,-2.07721270457167,5.390158870550005,5.560213925914884,7.496663398259085,4.495418961559917
-1.1406271509293924,3.494190553119731,-2.2338636161742538,0.6515347566707537,6.750289384467581,-1.3774916629736855,11.271120227399718,5.926571719120725,-7.511275995151118,-8.445453898926838,-8.002898782740921,-10.046408658774126,-9.848760802132565,3.983582298302266,-7.688713178848442,-0.7735019453705432,8.20479414152591,-10.833277277224719,6.277478240616949,-3.770826783083286,-8.32496489509017,4.714755308825902,3.282234725534614,8.786799986276892,5.503663629345235,6.35476225780473,-4.997240295582756,-7.744287718898701,5.23131117097112,5.73286069363493,9.502905602340324,-0.6258559710521021,-1.1907142703384757,4.292892598586633,-3.394359800854831,8.181941341774728,7.483163678862909,-3.6863971414757954,3.556583370787167,4.973362548655241
4.563557092551392,8.278303103139356,-2.992324517995652,-7.305424215242698,-4.402569689718984,-1.2563146216923722,6.838976499100798,7.370702403583719,-9.173406669783692,-1.3622835845808066,-2.545360905002431,-3.9709441335523037,-10.063128475422548,-3.3878745017527847,10.030469037858452,-3.62920202512666,-0.02919863658337507,4.1898008547188565,-3.0805281324165668,9.466491147176153,8.565564862322093,-3.8556796635369928,1.3682350389133708,-4.115824125776229,-5.6896795331418915,-9.78610422322274,2.0072980194949728,0.5591193414804383,-9.978438198170892,-5.196233033909921,8.675993857191882,-4.269853354620994,-7.723696603346222,-1.5441618483997352,12.997127283499898,-4.375590332681278,3.1757071863505404,6.10142358210519,-5.371705749866429,5.4314838613373775
-3.4189386935002477,1.652291323014318,2.9777981611157665,0.7596998563756225,-7.362094381690707,7.253018384911959,-3.848879049333906,-6.813431387464282,-9.344439317203555,1.2671780171080742,3.4210917040408875,-9.651802492823496,-0.656069727394437,-4.839404633943361,2.5330280937193272,-7.354555770185514,3.4671473337674517,-2.0230349173689657,8.817637974547994,-6.827463002175673,-2.2803268539193007,-6.425589371180186,8.77935852825931,6.477384680384121,-5.110278248227188,2.1953625363005718,8.041298077736599,3.0914171145164104,1.243322764616472,-4.304495339351936,-7.887001450645356,8.310371074527325,6.4109069249374855,2.588096780208449,-4.100557241372246,-2.7344519702084122,4.459503732016254,9.889027161397657,8.658356174025187,5.882022899674121
8.985199323735795,10.070398254389868,7.973178721409868,-3.5052960291925013,-8.973172499236014,8.477223263934166,-0.6042739877240926,9.686032922718073,8.4793862149949,8.13452698702423,-4.982212112392953,-1.67271916466599,8.30434454186299,-4.046154735289605,-5.454150612605835,1.533642083220196,9.575039261611883,3.0838402423968736,1.6155236338410461,-9.464551434609133,4.01144504929386,7.787078680500757,-7.55307151489837,-0.565115546924887,8.222161853761346,6.7393183010140065,4.595229918592886,7.010965376693537,-4.188117152163737,-5.429347247238698,5.294108877954872,6.323512588879523,6.314523996318825,7.5131482968244025,0.8473315011460448,-1.2088459893698258,4.832707566365402,2.600739862565231,3.7348944743147463,6.925869105943336
7.439289654217686,-2.3255936456174515,-1.758887057383279,-7.007346541215152,2.5754786937142766,-8.875280598362574,-0.36136113904109807,1.1062234542581493,-4.896222124688273,0.7867204876596015,-10.079592347338911,-9.579065541573181,5.79618526845039,-2.3823554332908263,-7.2568945308980535,0.7541886998163054,5.7512791278879964,-4.4879155122786045,2.4492366239929044,-7.284681266290029,-8.449780218648678,1.756726167998045,2.427332266588702,3.3252476099432022,4.625594924125228,9.614349406694,-0.1441591135379327,-4.044642687751137,6.805841058685608,-5.547025267206071,0.3942010496749482,-8.582595626058701,-6.630907238568035,8.559852866728885,6.969791330224452,3.567634851625541,-2.6140252032578752,-5.470313247704366,-7.976813340976085,-5.671216543682329
-4.021963001678497,1.095739740940349,1.133526228149031,1.3845384239657021,-10.684486307288164,6.039569984821279,-4.350051985810661,-6.551789327990379,-11.040928718840924,2.2217469585054554,2.2781258426857502,-8.535837880733608,-0.3799045216032123,-5.5656975194531615,2.9072296647442037,-6.268430367039599,3.8557691395454623,-2.6924036227218835,9.077648305428733,-6.783433986585181,-3.9438076461044504,-7.304161756214661,9.685592667972953,8.25268126372417,-3.9087922040497007,3.371601769591025,5.408293557949439,0.29437177228560196,0.9128995349745409,-4.220190456838656,-5.352032729887959,8.926137103505138,6.837925385769106,1.894756573105377,-0.9408868630699874,-3.2301974397235607,4.566628212166076,6.9817882786423135,9.30683189087659,6.097844124473101
2.459935497469131,-8.38960584741692,-5.761047443303944,8.66186609702222,2.179973162166639,-10.07670781756233,-9.74392317728683,4.562033008287171,-10.345864920941283,-5.22899873122377,1.1707850794635584,5.863188162475309,3.645546723418328,-6.9466334420096825,3.6291689466895045,-5.424153210735963,-4.3657889239229695,4.552767285178439,1.6257188223621848,6.990189490982681,3.3896697950178067,0.36206265950331273,-6.186250349956238,-2.58217067753087,-5.512693512488403,-6.749746432383546,9.52015398444608,-2.398534039478145,8.62397201082871,2.47940225497329,4.702507288564242,1.7234601582814228,1.9737025720343675,-0.4037548352210802,-5.930501712589371,4.9230842617917645,-5.8134093650763194,-9.355986451408114,2.459322444849465,-5.950486426229269
-2.8706603897467358,9.430732166299775,4.585973987222363,0.9908661035634174,-5.757769334920799,-4.560068871258688,-8.642196297612102,6.419454625762703,0.4733397098107006,4.41942753714209,-8.484432770767693,9.873364789735268,6.646448975089582,-6.342489438223783,-7.455664288576077,-5.497158476606441,-3.0013835194236598,-1.0506011540459759,0.2287393510229987,-3.60134597514516,3.636652539593383,-8.552250535444278,-5.522931184711076,-2.821732443893463,-0.37581588876408634,7.499880050787237,-5.300445443017674,0.04200749146019922,0.8219221695749577,-7.840991172880895,1.1861916122780516,-4.961048971481848,-8.98335278990092,10.568292817684517,9.991571951550466,6.0309514728867635,-4.4271209883587135,-8.387465597218402,4.112977222618375,-1.1197936289902564
-3.7896531940552167,9.203765949419402,5.6473228094233,0.7182470159384395,-6.694916716370186,-5.942194055765292,-8.82582843472876,10.191925971165471,0.3537009759859804,5.220180085804788,-9.761111851480415,10.17011719807656,7.090159967707682,-6.486373983544474,-6.1345042633986475,-8.18981125432961,-3.311907640237852,0.7932870986352829,-0.7224394585145828,-3.117298870952011,2.604677734657301,-7.062033367160887,-5.0381753659569295,-3.384983897775217,0.30813430451805046,7.139854633566252,-6.24463479314486,0.3306915155255067,0.9436770022470837,-7.8982349003326,2.816313861720545,-4.648300089790421,-9.577291217474148,8.59970284604845,9.54408658401676,6.814436500054992,-4.123392254080219,-8.919518810326021,4.566068059166708,-0.4758147626623914
-7.477956881048224,-0.13435487949142716,-6.9238575848251935,9.370664686771816,-4.10157347301415,3.3622448452830285,-2.758621277615111,0.9193551999476681,0.9604103396396286,-6.606475214755374,9.310775217628484,2.3322307313442354,9.000579670581425,7.408070928442616,3.550669574504586,8.45682877127409,-9.419113378496572,-6.130222905745213,-10.141575306851744,-3.019985969022246,-1.935506841870874,-3.6151797334138145,5.783868391344023,-2.830925369900067,-5.74633160167902,1.5554164450896844,-6.662644320064625,6.539744636108366,-8.507368095047642,10.152511622799137,7.049234494241744,-6.310780626358566,-9.750912473817868,5.223102269915272,3.268885915354011,4.677956653913054,6.529340480420822,-8.775387789569765,-3.0666019584266713,-8.08950405400178
8.357577898725015,-4.48745983565933,-2.4121006167783916,-8.510223363245684,0.6646736014572757,-9.665646073556813,-3.00944290040102,0.09530402012315231,-5.368661839510268,1.5367491687794508,-11.669784824182944,-9.062143481506244,7.36143450960003,-2.9134835440046407,-6.959997873557929,-0.06786535530515558,3.845249938196343,-5.6818881287774845,3.1381878933652234,-9.617438825732297,-9.43159285294968,0.3799762304585427,3.664110077487075,2.9719692246840235,2.6162530955894527,7.364190687408482,1.0565057962876556,-1.0558385651785516,5.622749410773354,-4.924174566817025,-0.7897974096896818,-9.22916878149979,-12.037139752119522,10.290232682834189,6.106420281842288,4.969601987695332,-2.5819279020252837,-6.412334471122547,-6.016427199089584,-3.9247910856362216
4.372531734596036,-2.843563783689775,-2.1125138426938177,-9.986928886013015,0.7332066115902182,-10.157443558626088,-1.430307328143074,2.065668555855102,-4.418052505501149,1.389430326564064,-8.267605058998418,-8.757688479832007,4.711032955216618,-3.412810810942645,-7.136827659828359,-0.48902493291594573,7.429425850393349,-5.570700686410553,1.7044331768024796,-9.415994343460689,-8.038837988592142,-0.020769305630997326,1.192626610493837,1.5970786730896989,4.592024465977733,8.88115569136723,0.010612552548852017,-4.337151341560538,6.9293501731823435,-5.074358949882842,-1.36402878080698,-8.526014653953425,-7.880715010057221,10.143276880949902,7.5102831685220774,2.341597498847659,-2.4773334993171425,-5.34549488275417,-8.042189961999929,-4.911128488586364
7.847590050368739,0.7946302689163862,-3.010985764731653,-9.463808095536793,-4.626751871464443,-1.7522303749990806,4.378353318698932,1.7478475961287663,7.385123223417656,-1.8561517256829274,-6.174230613037696,3.5692150002933842,5.745000906281618,2.5816506656002502,4.919190917876492,0.40793435956060087,-0.5754294672645484,0.9965899362846762,-8.555237330501475,-8.034777898894717,-10.14425001715428,2.614211672435982,-4.052864100824985,2.124358377293563,6.925794756306956,-4.879353993732297,-1.8106796059211163,4.993612470516104,-5.532653345105893,-8.576472613544624,-3.3319048753925395,-6.166589808427476,9.012864658224247,3.12841822914307,2.9678700043716337,5.773572443584273,6.719761701118116,-4.794101454708769,6.924940857211006,0.5250641159703072
-1.9397839966365158,2.107103216619134,-2.0370256156699975,1.7520704543078471,8.907107522123509,-2.4966577037096984,9.597791833800475,8.271610888768173,-5.996271496835284,-9.936961001419576,-9.01086512577872,-8.88728305087459,-7.551989351203194,4.042255394105787,-9.162739693640006,-2.855297465360127,6.526761407801913,-8.233027824201208,5.54254666237399,-4.888192140885468,-7.788152246379076,4.782043787857245,2.543778864877672,7.5871226192239565,4.309829659030625,6.3377105943380725,-4.430039042667925,-7.235511508320263,5.139586515365547,6.287503553970303,12.159903488807393,-2.3586725407917823,-3.3990140267132087,5.8072934754335686,-4.176765612110774,7.542096364197471,5.731356346984423,-2.194693017692069,4.267533609888068,3.8075953080196427
8.037110038340074,-2.1453739787296,-2.639082515833727,-8.453923680386456,0.008841953806255187,-8.180193575702528,0.20478347920616147,0.8816311355583334,-5.598406011964684,0.6021381802920733,-9.9371009299833,-8.28781051614905,6.742348848434804,-4.289544360656517,-7.054577832362084,-0.3942813780747698,4.877658835460071,-4.711841437541431,3.2233136001608367,-7.199950817299217,-8.989499095712057,1.5101171892291465,0.22656616843907273,2.4910320953588383,4.19553345004844,9.540906607475186,-0.9604841202881726,-3.7658754442984423,7.355381196892812,-5.67588313656995,-2.5498928678023103,-9.679560700816909,-6.831125687616208,9.717820274428881,6.449337025902735,3.987804534882097,-1.5933017124677857,-7.174563574312465,-7.388475895287382,-5.152825168910124
1.9329261071106125,6.199212711683223,3.2050486458797844,-3.089706938938254,9.8487545622493,3.3251562948795765,1.1980088277465208,2.735613630376267,-1.0102834360179056,-4.867173405001859,-2.715235030647547,5.162009567402616,-9.578954141411197,-8.90222616016072,-9.316157940543624,-10.638405308432127,6.61158399746617,3.4823516364995855,-1.1711863919240357,-9.095324944769018,0.10159477613353379,-0.8486348901005478,-6.956388857552696,-2.7305410097368163,-2.3277665042495204,3.4625347609602946,3.8626793272132165,-8.720407224840665,-2.8029016825904147,3.0761811445092526,-0.6046284165749378,6.830544567883064,2.4313501897818113,-5.832945031207316,-7.808619090999767,2.8137033050803186,-7.738521479876999,2.1280262062402118,9.160832374835463,1.7586038040576681
9.455518067800256,3.4216665076650257,-3.4388280988332935,-9.619268747222188,-4.344643418405775,-4.089036382422165,5.2473571952750415,3.0081468726900935,6.420605280684352,-0.9916029658514467,-6.730567527782545,4.616558099433958,5.784345588350719,1.6084656614471882,7.04577433370008,0.1119549911121849,0.0686337897691836,-2.3649346739625683,-9.242008006908385,-10.282875474908995,-9.555705288098027,2.5223683653542643,-5.077351232090747,-0.7568520153619396,8.9609870086701,-4.783443667947538,-1.6905532055800787,5.417370304792996,-5.331409102218627,-7.217539240565826,-4.081541760020991,-8.233787368738662,10.22408301172587,6.532747858617185,2.078821399413402,6.175810085459338,6.469355758940336,-6.385770827253659,9.425326755831964,0.44093755764618614
-1.5255749292875485,3.779156392484105,-0.1326798182561204,0.4417531298953009,8.437974098010217,-3.2097040257895446,9.99206511373617,6.145557277080974,-8.288413609071107,-10.617633354947536,-10.127129255145796,-8.27842258547086,-7.324335421311158,2.4615388666440836,-8.682159937482867,-2.1546970202764095,7.397704840301513,-7.420185017312677,6.175103517685899,-5.018063450904567,-8.717812614253988,3.9583879630824574,3.5149213271846467,7.648565303810349,4.343225876434702,7.326139043014183,-3.8304164524408657,-6.564645621025452,4.245703759372079,5.882251993813486,10.282850062770374,-2.5279953378865616,-3.7932912229118285,5.048107958238254,-3.2331388870173816,9.978436677237072,6.0082176669977185,-1.1933713555667846,4.739849882522716,4.862916695770919
6.919763674062722,3.3680538481394264,-3.1745507050948345,-8.283155087197603,-3.3568456916647187,-5.1010385692628715,3.468001707900507,2.8536908669217853,6.056975771885362,0.2755096064387421,-6.736559114945824,4.59206629733769,4.0945669595800265,2.60568289025844,7.456554238809579,0.022988754733788835,0.9651919660911179,-1.247440978032964,-8.961248276119298,-7.961730216760307,-9.405980526109119,3.6339258257729736,-1.3672562165770255,-1.2286574111076825,8.047516994118892,-6.194615902254583,-0.20031664071132282,4.523284801541075,-6.867237483953344,-7.822214804575567,-2.460659826981528,-6.1119763863591485,8.798750924133378,6.571548514064333,4.082915793034024,6.555012533740206,5.961594433895978,-6.721288970788817,6.683314662507846,0.4584695788962116
-8.238465956297379,-3.0107177875915374,-8.7890063919586,6.966087351631667,-6.841739166122073,0.4181197620954995,-2.951797618014039,0.5299778739611828,0.7085492061533414,-4.9138865265266976,10.029017238314244,7.118956509944208,7.3972433591167865,7.861996384599012,0.34128620127368814,8.208102368606868,-8.478765812728287,-5.453729114354025,-9.049890340647341,-2.869986246454797,-1.5230140730714652,-2.4180906871389403,6.2594535277524646,-3.805956166794593,-4.135226190935976,0.05164163602542626,-5.699554732068211,5.760721576135563,-9.074563494278575,9.266423010859228,6.163312809404788,-6.183433352548037,-10.531224477658334,7.974580486720213,3.2809770362905932,4.61570943485274,6.077713085329145,-10.150442075735265,-2.350424927708622,-8.737726484977856
-6.497979044592306,-0.5298513644607494,-7.559034775630047,7.821255428377429,-5.664893353506353,3.9376841374749287,-4.201568207835416,-0.4400890905727922,0.4563657361618018,-6.34751742167246,10.733872686536026,3.568568721762714,8.813059490234204,8.521450603207018,2.1514481512134984,9.747349869895869,-8.304495288720133,-6.264894193803041,-8.503124674775897,-3.3940795697833632,-2.6168629444908302,-4.056875324935703,5.922221889821944,-3.476110618147541,-4.909303828017999,2.206990823331377,-10.40253185649046,6.439538449843737,-8.474715312204362,8.056868272772226,5.75462216506915,-5.54993437748502,-9.299918426170551,3.657400506051733,5.503536288806782,3.842406656134906,6.11197468047209,-7.778033184635906,-3.7073825147338404,-7.022158857145856
-3.312872191022481,10.65340293364239,6.317579650304542,1.4195814422327375,-6.310644111965995,-5.251712970147409,-9.217455497623497,7.119942555396341,1.4406193209155318,3.146694825228042,-10.237587659149959,8.17425677647763,6.682936284267662,-6.523191017493119,-6.12971474406724,-7.887805449134951,-3.5842749085947885,1.328657594253682,-3.354835269729141,-3.801360626191589,3.4647268869208823,-8.41976380565037,-2.4845346424579335,-2.2537441247601206,-1.5836121714176894,5.647750150202567,-5.448197444311083,0.360694159684644,2.387047369687219,-9.991665338679411,2.320257862064844,-8.00323202315915,-8.81019420164311,8.073803103601877,8.577110718901421,7.404040137539659,-2.816414495938318,-7.437419598965144,2.5923477655705582,-1.513358574902775
-5.953879340742617,1.1274745464632938,-10.883649576033932,7.254036798393655,-7.110177612494612,2.467854324531507,-2.999390001639381,-0.012534518718640641,1.3950028304815605,-7.825245207771203,10.189667809873077,4.947547239293941,8.802148513566689,7.803672507159923,0.6864510553294185,7.284400368722553,-7.262355489958184,-5.6813505941154,-8.045405180235813,-3.1687351492321945,-2.083463571401143,-6.2990299831888485,6.304383486277419,-2.892317786531958,-2.4282026079798107,1.540878295263647,-5.645454318795219,6.641477320975524,-9.220290353354063,9.854862948160196,5.681119032197381,-6.964841939087234,-10.273945034120873,6.10346157541951,5.742766709517461,2.4994028354287687,6.6312253544349575,-9.455902200277576,-4.202764616384162,-6.502676679458942
-8.55732993087346,-1.8507466505970953,-9.217702010107164,9.992497159412604,-2.1574951456796527,3.347601474165888,-2.649097203144258,0.6334550614847535,1.4330887816338058,-6.645059540616698,9.586769480713775,6.0401351718287195,8.21151910240745,7.819052708659988,1.899569457224214,9.26388801779286,-9.29618213058929,-6.131884960224747,-7.183448752736542,-2.329333232148775,-0.8772751573216542,-4.548587524344048,6.895747746724612,-1.8626972994252886,-2.821054276721454,-1.097681249717917,-8.496956807554593,7.353383716483443,-8.785876482173387,9.066017942752268,4.190734398937543,-6.580703070860661,-11.291926940951777,8.400322841829158,4.11471082497177,4.52219281905703,6.013483608886746,-7.556761796051623,-1.884797272559908,-6.608996865589834
8.601435939709134,7.605565081342201,6.496221699690986,-1.8077685268079107,-10.911467776649483,8.845755745155113,-1.381365140025563,8.964564603902494,11.229067999000396,7.239863127807649,-3.3553886759262204,-2.013229212621686,6.791194007219656,-3.6806486471103885,-5.151602300617666,2.2241305417674333,10.67508191490422,4.142238026472343,0.5242863360865505,-8.496987068944442,1.1123663421848045,10.568121130960542,-7.784236011346768,-2.688724899044775,10.011237136889038,4.2447712165957725,3.3637238944195507,5.7212933724025525,-4.018428426402412,-2.991557228176966,5.599780666146251,4.8784724489867575,9.04716413298021,9.187907998191955,1.1468489617337996,0.3979814405327666,6.565005212413183,1.7671205908072598,4.150948402398728,4.9870903882711755
5.145337677481959,6.439349483106221,-2.294055497385006,-7.180499117058246,-4.655322650295706,-0.8690122759329265,6.527262941784024,8.675291997256004,-10.471720045107922,0.3216157069183604,-0.904721109200297,-6.879053022441523,-4.506103757183794,-3.219130809149855,9.000183528825978,-2.2790633279099737,1.2907677678775462,4.098457197300015,-2.5972785143160784,7.931493123471236,8.692480120992247,-4.447143867333756,0.3888629568905965,-2.7612680536605203,-4.4236911706739726,-10.64954756634021,3.248017110373615,1.489669810759246,-8.072180402143983,-4.590704386125262,9.209703771209654,-1.7798517086523384,-6.986950243735063,-1.5226814866938638,9.126724032659862,-4.53341856946594,1.8379066372195092,5.40179538148642,-4.866912469836124,6.099448712049844
-7.969036546897956,0.686896912749435,-10.782719128926882,6.923638265877079,-5.600275191166146,3.329409732747725,-4.406859744750136,1.060414767469636,1.9611002051235074,-5.703333348244103,11.01048019495204,5.918483096677634,7.573082120943615,9.259923522091315,1.352843340615705,9.347903200147904,-6.656415742406503,-5.623654740886696,-10.59161303495389,-4.411605551244504,-0.9037097393252238,-4.742142050164898,6.654323717980755,-2.106109049964605,-3.6849869441720613,1.1327214755504305,-7.390183871725213,5.731271169348438,-7.651088301113241,10.29130826307814,5.187595385315358,-4.943574056323412,-10.018591772657736,5.4575663947622886,3.3781761780489985,3.601402524509981,5.152996917115227,-7.2853826869819995,-3.6357806101450563,-7.494143048479303
-2.085482596548631,2.9488256262576518,-0.26253145373785713,1.4425201135706982,8.254101255515033,-2.153093072989613,6.889475457118474,9.097186503905723,-4.390235600532954,-8.42214593381464,-9.590462185924222,-8.892615850741869,-8.874910301481652,3.8424518130550833,-7.890717903399041,-3.0740370146061187,7.978361469249133,-9.388180645553943,6.462731261735751,-3.6261141300883413,-7.708096017125513,3.24684088833821,3.0308753604205667,6.420577292829176,4.620530728889522,4.691841815299643,-4.914121181378233,-6.964550001143682,4.028078956641368,7.237226672790472,10.828094439812437,-0.43363371899219927,-2.7474825069866617,5.094651226318692,-2.38034438968484,8.743559407181193,7.291772499226068,-3.9639207531146337,5.7739359589814265,5.714832464156212
3.179258080722355,-9.403137020502866,-7.51318946221839,8.20539775915314,0.44083978506743504,-10.057193912055311,-6.4536637893434765,3.0900798329807406,-11.387312962107577,-7.391248219326163,0.34398346165414717,5.978212733690425,4.704904270565907,-4.7836783766872255,3.9005084962093184,-4.054388589084276,-4.6254656758651045,6.0064034176047425,3.920631518364338,6.833122475234278,4.2914441593576385,0.9189509372455815,-9.391590241536383,-1.6677189258114078,-4.781195575504951,-4.518426529119661,11.281097686608318,-2.860299579061089,7.697551598702292,4.192407024522971,6.5649578016882515,-0.6470408821007545,0.5830599889877032,-0.6777267637260672,-6.8335549488419876,4.6863904247196375,-4.306118243985284,-9.234442917095572,2.0686331165835745,-6.5286203193842764
4.584944175509028,-8.343626221466087,-7.024315702032613,7.571266439466986,0.5677034867109918,-9.154719003525114,-8.076054509837133,3.7799666235179106,-8.056890320984385,-7.174590741554645,-1.3633329294598284,4.318974323364636,3.206084579944687,-6.247067686760124,4.640850762572215,-4.468921929959624,-4.438615947026193,4.628496240957101,4.4694117107932225,6.262846018654194,3.2189276014206523,-1.2582390993344532,-9.608350144519445,-2.4881664414785294,-3.46796483677989,-6.48223681441933,9.534775157109408,-2.5137634157185085,8.794019158534761,1.4049692146226727,6.326303719200454,-0.6009488248924152,1.761115717353657,-0.08071507131424893,-6.346919318181728,4.926854151499491,-4.340900016879923,-9.646486973447619,2.5530293841206135,-6.380188022113685
-2.8322651775421006,2.179214624668879,-2.6890786673243143,1.5739895530344228,7.941981810091358,-1.3861829640698955,8.732176362892439,9.832970810881642,-7.51768419319414,-7.589848479143996,-7.08059740963868,-9.108987048504785,-9.228404483868971,4.191286288635691,-8.449352289998716,-5.45074360453744,8.455779209123753,-9.880172701200474,7.770587347803103,-4.430565954633985,-6.654377384268137,3.075218195542731,2.793291889926163,7.6933822636687355,4.377819848685083,5.200395793782303,-7.4261092794133035,-7.296968532899129,5.712804146392901,4.7414652364551175,8.621969200184848,-3.182509270136177,-2.35075016783378,4.634852629746678,-1.9635862177395065,9.349766219190569,7.368379100811201,-1.1161697859237807,4.254473283180245,4.328164855698903
7.511101935801156,10.904296087220263,7.041107777687184,-4.5567848469279735,-10.92228383848884,10.306428520951242,-3.2281787739264285,8.377282198281842,7.814207057468069,6.786059912257194,-4.547043056789022,-2.7788019346885284,8.878867229742273,-4.860635214511995,-6.712332845995261,1.4746264954877377,7.7428862211434755,4.407185914746062,1.0014129072339906,-7.682161058394774,2.1921452824577425,7.75054577651896,-5.892220982503779,2.437051362628807,7.370707256624294,3.9174203032174844,5.4463275410810486,5.940064582609657,-2.978972387194894,-4.346843729930647,6.107312011898773,4.527719004338312,7.050320492908847,9.979752938678672,0.058159316448196496,-1.009708634128213,6.462589198639983,2.332079817061191,3.9728854214861404,4.647004608174741
-2.005711553199094,3.79246885167377,-0.5687312837807236,0.7837445879674859,9.520551213295796,-1.4349224745683642,9.493011073182625,8.49460466642777,-5.437541757918457,-10.256700708345942,-8.335245183907924,-9.259329555760342,-8.402748268655806,3.371988578688948,-8.201325487995486,-3.2228424201093437,7.364565573959976,-10.326784747003789,4.871566291224535,-3.5585177221794915,-8.379118955055374,3.1232179510107363,1.677105410185655,8.700470411876598,4.913447688164179,6.412142006081504,-3.6697573653464017,-6.49357965482109,6.024983495482876,4.9398916293657225,8.72449583425946,-2.888415927437509,-2.137969786574003,6.034676911038626,-3.6565112316531465,8.382708163282519,8.43632563765547,-2.114555648452727,5.312854147083233,4.405141610673777
2.662294535591036,-8.065415454423524,-6.34517821934937,7.904944218495113,3.8886249583266563,-9.750890626584205,-6.935901040926422,4.056989946255813,-11.191642055280155,-6.953569458935549,3.097996300612742,3.333553099913607,2.364604665695321,-5.344038229311781,3.775064497690665,-6.048722829566237,-3.975289431112232,6.361837773729109,2.8560392894667217,5.656393177128847,1.6405113079187026,3.572976998763901,-8.349839012872252,-2.211105437845911,-5.4673298727051005,-4.799221163146913,10.919540746650444,-2.790308690408547,8.29951788349085,1.2170262440548698,7.919092189199761,0.3212777923484166,1.12528384817489,-0.44752024690888537,-6.605178418553445,3.9901371411066133,-6.832047893532544,-9.61164640346768,2.7695672375376446,-5.969124874598544
6.501467853086732,3.0369035304933565,-3.263689437291839,-8.337281819019433,-3.6430122411216512,-2.306690913979823,4.937743911412726,2.6890607288899755,8.786445428509548,-0.32241645567314164,-7.486636501904908,4.578918346946014,5.122091948971582,1.234770944385394,4.832649010329348,-0.8752552923360639,-0.543913798842558,-2.841162919626084,-10.371334826502654,-8.016438494600836,-9.268298703819678,2.456911662127968,-6.0685838686008235,1.7460001810563985,9.237809601412241,-4.568395565805372,0.11514913326586185,4.133658653377263,-3.536411569541546,-9.42561588017469,-3.9662330164332826,-8.049411580054116,8.608647142395828,6.548574089286728,2.513384799073915,8.143089247844493,6.172455987469548,-6.791013550656793,7.2843666519972174,1.5977586109287105
-0.27775352361083483,3.3976386225938757,3.1493095806684153,-4.447705539852444,9.687068313474317,4.0900712248609885,1.1577677509845572,2.3229750557905273,-1.4798036696680765,-5.0289656929235695,-4.284386445526764,2.8957037456296018,-10.653893863212142,-8.20967021266058,-10.258399028615383,-9.241097822494947,8.199318649008344,4.7991903530283535,-0.05019012283988472,-7.058006048317467,-1.0923055419935832,-0.9873608540596108,-5.921115738741474,-1.7974970244125335,-2.449731802203661,4.179421082953597,2.7973150952161983,-7.330293604358373,-4.331044373873345,1.8863320096814324,0.4715417522536813,7.223529403539524,1.1183263691818146,-6.970890638943624,-6.1156074553727,3.0952983359564095,-8.865337789168777,1.0715684575441224,9.047888975895493,1.4971553592822586
8.380169883721953,-5.542310542524529,-2.3309615028440587,-9.003395790409987,1.7564381177307373,-8.936656737561789,-2.350366220279485,0.6260262671509004,-4.113604600634065,1.9046153066553626,-9.512195954334976,-10.473923744829724,5.383383182546625,-4.1742344945285925,-6.904744176122551,0.329294359289486,5.348117822679503,-7.389072893908031,2.4242067191187995,-7.659413628141957,-10.808205151202126,0.09168637261798884,-0.7576466993426756,2.328315955234245,3.6208347768823073,9.897950422892295,0.4952465294502975,-2.2493661355410364,5.8496460460735795,-4.244867172654242,-1.7782790675357556,-9.53393702438326,-8.658222697000763,10.496223347105582,7.425258109482371,4.050712245003493,-2.7950346661998795,-5.3924854251561385,-6.291749830941266,-2.970263427378648
-6.632977812020031,-0.4824643734240356,-9.13013133187977,7.150446112969004,-4.388452738284189,2.4885044489445565,-3.9074871999136045,1.279186454795342,1.7249648990981221,-6.3249409620064,7.6235615225844535,8.495467037282932,10.53583780155692,8.619221833441273,1.2047957946307317,8.32389253876037,-8.773570388738127,-4.816486812520707,-8.832951330937405,-4.277557243094545,-2.697209305335141,-3.451831221952178,8.174848029859067,-1.3366019026419684,-3.6242777411984073,0.601296794362333,-10.423029325833868,6.341099638889017,-8.510815885248684,9.8777208283317,5.498792732966354,-7.351948531265709,-9.332149100676766,6.941444883128532,4.8194856590120025,5.5267203643931335,6.029458578640537,-8.929136376857103,-2.9015222770306375,-7.591493942244028
5.5334892212075415,9.779676149760528,-3.5968050696096734,-7.497029824327761,-6.0903730827278055,-2.3890094882518342,6.837591327259284,7.4321251610656525,-10.650309755278762,-1.2234806672240885,-2.9217030243519675,-4.3617100734942875,-8.215946467976416,-3.5866051176032747,10.308534337009448,-4.6580919210713105,-0.35118239084973435,3.291612349342863,-1.1093394712480809,11.429025155001629,10.000509124244394,-4.180969359338477,-0.6353848850050212,-2.0351053167603244,-4.035493858091986,-8.409150788459606,2.0857617408269826,-0.2144521227503804,-7.307382715404096,-3.887347035529464,9.616693180403457,-4.953434014915508,-7.9504690945986285,-0.7942877273272272,9.815974324676626,-5.785394785813318,2.3352495394898813,6.4338093383613755,-5.7921191909755185,4.702519720028512
-3.404599745318415,3.515878670047881,3.4245062804100277,1.223373526563791,-8.898037856981297,7.591520494724855,-5.114529629308615,-8.004940495595687,-10.460368168806646,1.784384053437931,4.226451637833943,-12.644275895452402,1.5646039978654065,-5.338972299862807,1.3356834605992225,-6.41172444961059,4.91128017672774,-1.6658520586829928,9.833672837288656,-8.615827746477246,-3.5926782141332345,-8.65522180571175,10.211452570615574,8.186149911106249,-1.994157856739247,2.7320713872663527,5.619769792342013,0.9611895933940965,1.9713687885426783,-5.529073871366314,-8.013507045975071,8.041005861953353,8.047857904468797,2.0096306850028816,-3.3566952469363525,-3.19591110909814,4.511548917730138,8.885722017204252,9.502356519926838,4.757076154482769
8.373550108305631,10.592716014824022,8.352323623439515,-5.274968380744259,-9.05038210575369,9.832625947932819,-1.4853130022942578,10.566147385358807,7.6045720273679684,5.674624845447833,-3.9061578505225985,-1.8209307001439632,8.379312298929415,-3.022635430125886,-7.803774155643193,1.3490708712413895,9.323822928503768,2.0463619348023308,1.3575899320492832,-8.392052668522854,1.6454514602376507,10.299854053837937,-8.348001221827444,0.7834725592783847,8.106952567768001,5.899135665345062,2.8168955571127556,2.544447461387638,-2.531273368265885,-4.414434348577834,9.089873372063993,6.660766369826549,7.399608083306257,8.091983095453012,-0.9912138682206921,0.5942074466985894,5.8867585530647055,2.920964932125868,4.133780870652723,6.137065918639266
8.239331887814993,2.645657917657365,-3.431506074270268,-8.980611668205906,-3.989993559105918,-2.8878419107869804,4.959323365536669,2.719678056900579,9.253778844225385,-3.5224545655017443,-7.098227833312771,4.982634451118878,6.362663840593118,1.160672510336564,5.627263666475178,0.8618603106025361,1.9458229919200616,-1.749715618007776,-9.224641681990537,-6.163597495785154,-11.495443362144167,2.0381956254610234,-2.2470443998705028,1.2639516569023594,8.673774689448553,-5.462752290131621,-2.6741600382728254,4.5198071516186,-3.8760284693488583,-9.088844492579486,-4.103547977484981,-7.529281899781657,9.436727076950488,5.6236813109418975,2.5704812400540553,5.74582967071153,4.460073301777351,-6.260925628957778,6.526022814601794,2.8919314776475162
-0.8642299095514665,8.765250088641944,5.216435799283868,2.284419838484268,-3.8007463826960324,-5.76053468184137,-8.966245348116777,6.367982474898278,0.41585391460660315,4.364915191788132,-10.344660859368254,7.975943333642212,6.0022799317659095,-6.834765790048872,-4.676359020785423,-5.450270045981873,-3.9231277821258628,1.9750727715347831,-1.2837313195100668,-5.036701397367425,3.7601819717172473,-6.671212743274504,-5.194353183622093,-2.863101812209774,-1.7542185690440377,4.320719496895936,-5.080346809301164,2.194105408742363,0.4497238034217086,-8.508022508909475,1.5002544689069395,-7.076642910018866,-9.29136206453328,8.11371997538685,9.361162289436015,5.336996845918184,-3.6372677907527478,-8.096795829321458,3.445712483376728,-2.104513787249571
-2.358778717909174,9.379247130664547,7.043294421466376,1.9155508869071467,-6.678528144436303,-5.829455197268334,-7.7328018236780265,8.510553221059084,2.6610304568933603,3.0184466431904253,-7.954878581782856,8.251851650221198,6.951488281247469,-6.507493636453835,-6.42763900245098,-6.003147392627843,-3.5937979253589725,0.917049386880042,0.25261164190096186,-3.7218828945251814,1.992901259156941,-6.246035618670805,-2.9676365403709966,-3.9003709492631584,-0.2812002458094225,6.4046919701711715,-6.304087860192798,1.660395581583852,1.6982357902083232,-8.945415292128503,1.9778252137448968,-6.573938478672702,-9.795243227189612,7.537659862472372,10.907145724716159,5.320985614010894,-4.899116965988894,-10.199947833476037,3.045698782553635,-2.5200399186154714
1.4415241798843943,5.127701269934053,1.7596556888035895,-6.347920738732372,8.145815806671749,4.350261720540023,2.283028250884207,1.9539967567038563,-1.353225402472309,-4.62747569798918,-3.904117287145788,6.616811041165652,-10.376936113384803,-6.118755733895394,-9.20612316102866,-9.522927251233703,5.998422496563844,4.270442478799055,1.7378589757824439,-7.629728496577967,0.10275437428555123,-1.1971682101778451,-5.943978853187915,-1.1653492081175905,-2.0927397867940036,2.8117967453728396,0.8860270385329829,-9.19444429695429,-3.70477555258928,2.54609681260467,-0.6614742040316011,6.47395697320524,1.8404313495932,-5.625646487124586,-9.266371550259283,2.224146940492558,-7.939158717995145,2.283469058235849,6.769965590487169,2.894843729239395
-8.215924648731837,-0.35677083904603385,-10.822270789680884,7.965869812419105,-5.018105747804624,3.7907336311153355,-3.54249756495641,-0.797031701395829,2.0184038309091354,-6.092607849267464,9.590086072468658,5.493474113837152,8.272221384061563,8.114349348301701,2.4335880121502846,6.6905890091167795,-8.768910796307706,-6.3352897220206845,-8.839283616094962,-2.300082378807587,-2.9981950208071417,-5.070981211339924,6.062216072392038,-3.6664610562327553,-4.728496301364647,1.624723883152941,-8.235350995869092,6.471754010233698,-10.21088935642292,9.17640073556814,5.115406085715161,-4.350826696402487,-10.16435996228064,4.1079850956457635,2.138257970091093,4.614172947166428,6.039177789508823,-8.143651107690939,-2.663115323313557,-6.520359211991739
-3.2485690305117867,10.206185462611895,5.589894664897747,2.216174405995132,-8.4123277510412,-7.076390244663884,-8.536627747734276,7.499059145077301,0.17850665138342992,3.271133707901037,-9.652387878232668,9.934487952757076,4.45272499490849,-5.915341761914335,-6.220451885979036,-5.48229781441511,-3.222297556571809,1.0776999514535626,-2.1610401338596192,-6.083419333162469,1.8440051373861888,-6.208490961750603,-2.7636525017712055,-1.9622140318283807,-0.4492594928575462,6.083158876246238,-6.562643103593587,0.15462847471861252,3.517360903067181,-10.01354975139192,3.765675828738618,-6.9115456807462285,-7.373536031199331,7.5708957355691275,9.898544862655836,5.431176826381599,-5.322991808456774,-7.828023677461376,4.694132318839106,-2.041891563801469
8.497835033611096,9.074223053424564,8.294306404570271,-1.985304325651264,-9.513539306281508,9.796916256963058,-1.1953138959913532,8.502505860536116,8.805118921616836,7.663978180078961,-5.725190423113971,-3.64392584272154,7.033430637462367,-2.7106377783532816,-5.303109634323272,0.9189195021452321,9.783924170201503,3.9928638432683576,-0.13019158045593215,-8.064546661063,1.6812364093618446,10.719307882563006,-7.223994955624007,-0.9113200592817352,6.0477466276505485,4.794392397669637,1.5200973484456548,3.5315163899142847,-2.579146649862055,-5.185179618765491,7.181210266475602,7.393274443334309,6.324745418850123,7.966766876932941,1.2215411285402282,0.029018359488903016,4.571425001236483,2.85595754699095,3.186409222858228,7.024051285147905
3.379102310340249,-9.74838746594591,-8.4554475627046,8.21154651534329,3.0088443987925158,-9.895626016653544,-6.055664637700953,2.1875943383806797,-11.107120272571224,-7.448119946124348,0.27237857414048716,4.3641898225358435,2.617513338208509,-7.062454272067465,5.135162883645833,-7.014970176136128,-4.563224259825355,3.3071215316166143,3.199779258015168,7.170515922034771,5.06871216702322,2.2799987228549816,-6.684858460095949,-2.357074287512836,-5.672884467456054,-4.992099530424833,10.052632102436219,-1.4342381244132172,7.368518959433925,3.111558993727657,4.963198099991704,-0.9905357320068753,0.4222929811416969,-0.12502013506592452,-7.272976599115413,4.0242979153590985,-3.4816361997689262,-10.54281034944923,2.40513388463904,-6.386155135082851
-2.528213830955439,8.011756763560513,4.621365700235711,1.6845110450205936,-6.55690863081318,-7.707340536828269,-8.318981242394837,8.856261828501282,1.913540086407318,4.56316327801985,-8.898166122372839,8.99697657135405,6.872945297818853,-5.740625385652682,-6.2658245573091556,-7.1049195867867905,-3.890644966550303,0.993126923890207,0.09004398063735652,-3.2161463699539543,4.390240351959147,-7.977470349847213,-3.2847863925749587,-2.4894211283878143,1.3112026175583917,4.895220942505121,-6.8462461990135814,-0.3147038771717896,-0.2756043470689571,-9.596746767280806,1.3917643764750685,-6.439123739777962,-8.35721216451725,10.853881584282552,10.263064499677238,5.591043306666818,-4.806139287880945,-7.554638548365816,2.364427323222495,0.6345086406463807
7.463666540653774,9.650369663466863,7.644411685824632,-2.6268966119308508,-9.246494705004855,10.508928840789899,-2.754087078199957,10.198078565939616,10.141122797959024,6.42197433656793,-3.5115183105563044,-0.654609276669603,6.257762221124695,-3.4200900997392925,-6.205343702338365,1.6702041041205535,9.492387243931631,4.086900761751633,1.9146595881353008,-8.967943774708353,2.464148027622953,9.324735736404751,-8.428148600423608,-0.14255150216216528,7.816917830757165,5.251169631454282,2.671855698982589,3.112004963017315,-2.0855206959116757,-3.6200150220942695,7.074325771616625,7.570098320760177,7.879333481192673,7.850003423958555,0.34169743530067376,1.6902229946713743,8.73035257712089,3.4623749812976623,4.574891683965374,6.641561755719437
-2.074427558495859,9.489716810724945,3.844321768287219,2.3975636218017446,-5.600108521391111,-9.096928432630012,-8.335582949145195,4.830252095168626,1.0566354313409676,5.790617920821854,-10.170092147476005,8.224317078830914,6.450915087023754,-3.685311448270925,-8.195182903064014,-7.383219714570668,-2.417723457629619,2.3528309761824895,-1.4645308514479691,-5.4144698985658035,4.332901396256749,-5.615680395209966,-3.478160041533404,-3.485165483063586,-0.9276296564973173,5.543159146815442,-5.675673052217228,1.7356902064035686,2.7277084183782527,-10.148367822584802,3.527393488048304,-6.276385386241015,-8.011902344435493,10.444251604345268,8.201060411977636,6.132121383622758,-4.439179167891802,-9.614417145237777,4.031370507848058,1.3146064263764505
9.189996382896195,9.77657312756228,7.938087716642315,-2.4449071311343036,-9.680816097188453,8.553822307138363,-2.1083481103007906,8.090564266150686,8.935541192495581,6.668241202152935,-4.847753146125176,-1.4459916461514704,5.850526812481524,-3.8330690557656886,-5.443805354716898,2.045154601766556,9.939389368312902,3.3298153561252324,2.1855115275150054,-9.119440521562762,2.0242705781668553,9.619321191305072,-7.7741599074675305,0.004779059190209989,7.054085511061754,3.832978543982393,4.796728325911152,3.8672316768679167,-2.608740431687611,-3.964386243517278,6.241949534680294,6.2950724396400455,7.036029151571054,9.68320791964429,0.9875927388541157,0.04870792651501191,5.51884914336944,2.880457772826223,4.456959061525813,7.415793481258332
-4.872130058594589,8.004555423488384,5.259033097233299,4.03066515365243,-6.858833483475862,-7.608112534505081,-9.02122419774085,8.698399334646888,1.3763360557396402,3.3622595492706555,-10.071053636265983,8.444868434981174,6.771523132003232,-4.1285393279649165,-6.040421382741958,-6.584263305057611,-4.20696640972479,-1.0680621760518998,-0.4779898500105262,-4.2532543930519635,2.0565779808569644,-4.0170152191143025,-3.858354120929951,-3.4245541842213503,-1.3049579118648238,6.851964937057028,-5.893253946295041,-1.1535892100451342,2.767520311816053,-9.73913583113904,4.024194814246312,-5.509469460539521,-9.146290035953161,10.258727106801778,9.38049617201859,7.020720637451441,-3.422991799238112,-8.892914374863196,3.0411106979256752,-0.16698930762681186
-2.6129689295152274,2.709654567028406,2.913190152371355,0.12176448780942806,-9.389674315577347,7.330656556679038,-3.8580052570994523,-6.098385744317919,-9.465957248793018,1.811797037991242,3.102001888909841,-10.636327010596705,0.7155928267542772,-6.073204584267361,3.067407289083808,-6.102211197998093,3.231942046446238,-3.4691787083622367,11.160685388587742,-7.777352993025561,-2.5552558203936715,-5.791066025618095,9.28378011242515,7.246344258792067,-4.908283833231999,2.3670737009447316,7.22614043098206,1.6702869400479354,0.0785857488583861,-6.205128989089411,-9.459178381545707,8.930829162870735,8.12873427222217,2.8770136817981107,-4.042352804888344,-4.479311611051188,5.48172715211642,7.984244236048774,8.648963145359966,5.2115777906369125
-4.167779403750556,2.826437861048888,3.3391568315550213,-0.7326310937816984,-8.39808806789169,7.421967052270325,-6.51816934779476,-4.934176730301172,-8.830817793013674,2.5345865114821793,3.138567957650885,-11.390965903008233,0.7759241223025717,-5.552674821457753,2.935571263621318,-5.425064434701217,4.580818635911918,-0.34405565689963913,8.888454003608189,-7.940793554871252,-3.367089825903556,-7.314866202649612,9.509728884564234,6.0797531161809,-4.832629830517719,4.809222577721949,6.104235133021798,2.0350280868583512,1.0861290943361344,-4.207093575465986,-8.947705185481947,7.138913489000953,8.028633035388896,1.1298073582250479,-3.489144785637644,-2.7629318502311153,6.30374918435456,8.344923388321364,8.366956956175448,6.761986764202482
-4.349275367558503,8.98200551714885,5.2804217713028745,2.096247885596913,-6.992755243667011,-8.17932595672177,-8.605541013695847,6.566758938482777,-0.16762147011437767,5.35604377643464,-8.629924294241908,9.449858020090966,6.877927504214139,-4.678899773718916,-6.139160999079905,-5.427892248170009,-4.212637341683096,1.8071123712187038,-1.0403139012250013,-3.9813652524332874,0.9669968057355578,-6.9231669326574545,-4.989061946790088,-3.31104586065466,-1.6939759439754016,4.637284295961048,-3.881752953815844,1.6160278302606357,3.768658879385111,-10.293886765155609,2.222150787939659,-7.883025151458265,-9.394663017491474,8.059583761650092,10.552224667932748,5.771717284227462,-2.83934528283857,-7.442436830283803,5.988299282347926,-2.676394348347697
5.808859856320704,-2.1163362326500694,-4.010345245207094,-7.110952379149119,1.9562340403747516,-9.377075200139036,-0.7876278585587275,0.6001616007941969,-5.089844476877875,1.6106889327501688,-7.181935923709922,-7.950729514230983,5.581008034670733,-2.5284997694474534,-7.3628105837258735,0.3025717580864158,4.3970935053347375,-5.237681465256484,3.3038811462946414,-9.12694938519142,-7.010824159338638,2.1490958805985136,1.3608679911533623,1.5168783272953186,4.923235300437792,9.799019590815156,0.8391622422424025,-1.9504062688853447,5.727749840757452,-2.535528395102772,-0.8140672398935279,-8.721335548815945,-7.093607924984438,10.082860193578593,6.264868523286645,4.003700710820403,-1.1857080898600691,-6.684974625368427,-6.737351277533328,-5.812345640370815
7.0162226340910285,-3.2430671752914395,-4.044476127675063,-9.367789818204713,1.7011271174526825,-9.408829568479073,-0.49780810309409923,0.8078491598184228,-1.7502247505460984,1.9434036453710886,-9.769074650706287,-9.151904439654203,7.471966255703497,-2.845815561152207,-6.774061388326059,0.8409111654983037,5.109455485129573,-5.572703651181185,4.056731630572081,-8.049972405086676,-9.952386600798915,0.30758220423008414,-1.3015448175306754,2.8859967367170123,5.833889018236044,8.175635821116838,0.47573970053195486,-2.555438735305794,6.9948625285705575,-3.3035538024826847,-3.0888254172327816,-7.925941418542871,-10.998550316785455,8.254636156986031,7.540724669852624,4.077531243725577,-1.0946050374752296,-7.463230203384783,-5.397656036415402,-4.306808102867043
-3.682480221821573,1.6326815405670132,-0.6466608015097224,1.907590180994756,10.645038100371783,-3.460348078887251,9.363585657762602,7.077167801876076,-6.982803979798698,-9.596085714771533,-8.318701137226002,-10.517842572941476,-5.632294727947965,3.2004596850414653,-7.588448919935928,-4.280015068759573,9.130746749257318,-9.195496303864653,7.126301381306739,-4.95398201413794,-6.660262842464499,4.2696323331009305,2.199879389722475,6.469548834111428,4.463877365108141,5.746475129074502,-3.4902802719874444,-6.683457990003206,3.090751329532682,6.782874833848462,11.103269421951758,-3.413713946799911,-0.7549076707482818,6.924911017993288,-3.8148098600726144,7.497986905253649,8.221232493785454,-2.7897686320377018,4.349080777612541,3.7757277401873606
3.920460663331469,8.297572880189522,-4.177094762951042,-9.282767364479788,-3.763330912192469,-1.3505583613782954,6.0668639161365485,6.81518688414085,-11.374236858533958,-1.089602848032794,-0.36686315214933685,-6.031726660371113,-7.5806249523894795,-5.292027048128515,7.54010204245488,-2.9261288397101426,0.753524194981156,5.813754376627871,-1.384451620782894,9.20493068193439,9.721899463555493,-5.280957526395791,1.9997799364863584,-2.8334191076122073,-4.133505021592897,-9.061866268032993,3.6361369668577446,0.6331583116910774,-7.411796957930127,-6.620718641526644,8.626545980831873,-5.724197051341937,-5.345724570547546,1.33545389274109,9.745844891313322,-3.6232635909589597,5.225825468110078,5.306798978500498,-2.775315347720149,4.532985819567469
7.123066224586605,9.17600033624726,7.644889885399388,-3.462695261808923,-8.856050510755065,8.330765008390625,-0.962606228746142,9.83992329225121,10.542353030740157,5.851931367726178,-3.192006496088529,-2.281583805523448,6.644608849967543,-4.810810416064729,-6.003554204735289,0.2138007278331182,9.240902070192762,5.848426706466592,2.3812004421466266,-6.665035799433981,1.5811397567583638,10.56381004821726,-8.342534650405911,0.13311014470012117,9.288733494778228,4.207530148657604,5.051671004078454,5.0653284127419,-1.7354357253840587,-5.395165090831405,6.712424075585952,6.0456693276667535,8.429943229131187,6.609810651402583,0.5946358662843599,0.25670109658405904,3.975786842086568,2.1138582594603257,2.209185332037216,5.189498086799113
-2.469969757846633,3.907615602673973,3.0701410562336005,0.565682962749379,-9.14380484297684,8.205061980018309,-2.6555474545150592,-7.51595926975134,-9.146533440694087,1.9619110952913335,3.2056335802399802,-8.896392935636083,1.0735943043337972,-5.660570193846347,2.6225865623913394,-5.013712957232639,4.751593654411557,-2.1929326840808674,7.105390735654637,-6.905581010775099,-2.4805895140771614,-10.485051203586591,8.745741813889282,7.130095080823883,-5.0620217258264395,2.2922999679202594,6.196254713620676,2.496007808170578,0.14661306830461363,-4.197380623197782,-8.944275862761625,8.703071351722572,8.01001699888856,3.0140539742546397,-3.2122509229284986,-2.374183275305574,1.9515284594710298,6.522379885593973,8.15880898331099,3.5539725632562407
-2.8001464277968426,2.3227629424328735,1.8069958224860767,0.22239422051887614,-8.501036343300429,6.7111930523266095,-3.1910203560955708,-6.450180082888654,-10.214152424597142,0.4197768238460535,6.148724444220873,-10.79805845170744,-0.2767638352787629,-4.953084193527306,3.2643164177546784,-5.9918057273385985,3.3760376925171443,-2.0267350033497045,8.795943438975554,-7.561712484621422,-2.93326323722349,-6.675164028437512,8.471672142135931,7.5312399139760435,-3.7730064108209036,4.161041280502393,7.928380444987801,-0.6522140024903298,1.4981307502895187,-4.561374136588787,-9.02359704163528,8.19590307706538,9.059482891024606,1.8328702229799592,-2.776841750003179,-2.144454832015765,3.4480940148733,7.799919506606395,8.042696861944757,4.801379411609521
-4.896127493248423,8.518407956188172,5.7371790237718105,0.4075216523351357,-9.887259530845027,-6.308930187056738,-8.594670532933296,6.233314508699273,1.0367606341432456,3.1917078362862346,-9.47777479661001,8.771881767056879,7.142916734983955,-8.607844449338868,-7.220352520985787,-7.457963763842374,-4.171495819181738,-0.04291912584538127,-0.5632558472619186,-6.034753967699219,2.2825493707783417,-6.6517863637474575,-2.300459592733682,-3.154529105219641,-0.5541417113067635,3.899656435297908,-8.39848056114583,1.1294631440539324,1.8427310835927793,-7.892479055801623,0.7774941490590173,-6.069615386725418,-6.8301502997505565,9.397416353423932,9.589222167082236,6.176503043153571,-5.478606073658499,-6.690984784161974,3.0738028904380714,-0.6924668688249561
-2.937478292150456,2.1589455835518687,-1.1018984973035209,-0.2759555643766203,8.75755661797099,-1.8174807395033374,7.691908143856717,7.4720803490918035,-3.5431851714510483,-8.283536843630841,-9.802181176633233,-11.036029351728793,-7.88523653950857,3.7608015069013754,-9.1636698324963,-1.4271724372367984,9.516235040257744,-9.798944645133206,7.162326517705456,-3.439738333210999,-6.580830308089298,3.2946579855091085,4.518306152818217,7.480843074306649,5.123412957102827,6.07166211792528,-4.498994720872629,-6.172804664467685,3.8264094590236506,4.165541766171631,9.59672236399974,-2.6280740986947397,-2.012134606157696,5.962049373551586,-3.170449175242941,10.09672130262568,7.162027357997268,-2.8782702954455304,4.793777114175532,6.261825248548656
3.7623242212285244,-8.538333491715445,-6.159545384987965,6.777492206507569,3.8624643315704072,-8.538684929154185,-9.880366812338284,2.4680979070974,-9.421133932065741,-8.10356762779903,0.8430817051683971,4.264535739830661,2.8544992780725282,-4.975775107251708,3.550254522348835,-7.499199792232121,-2.5098907246495847,5.905642755963013,5.496294623232627,4.777281691949245,3.9030899553536824,-0.6025100713739555,-6.37001136176283,-2.1578171051153197,-5.647881494041744,-4.339984657816893,8.907166087331976,-1.8376294071135229,8.046891819751352,4.366940656092552,7.711151980919481,-0.5445235111696641,2.5961833105232177,0.2051940319475759,-7.507822311046022,3.7528139248579264,-2.04840665158326,-9.15582627026627,3.9092254976608793,-6.669830724226012
-7.4853718686935435,1.0971247377016657,-10.652718219062068,7.866581763686886,-4.680090348564582,1.4167399194502057,-4.599376761178187,-0.2785281161799701,0.13823521301509467,-6.111021344467812,9.231132945789374,4.947370364621255,9.217941457836417,9.619621726199226,3.5972560929634545,6.514712928399998,-7.65307777512647,-6.258366041680934,-8.940298878923883,-3.891676418277261,-2.108865576323157,-4.421611968450064,5.9957984256896655,-3.761301013953395,-4.830005488871869,1.0881809276217353,-6.582519158820483,6.897288592420942,-9.003177149471497,10.021583299313082,6.407397977886446,-4.860091474172424,-9.948390511659474,6.088296844157069,4.3282711107887355,3.430435887922341,5.231797422683406,-7.774520566845062,-2.188738299670846,-7.952886413861295
-9.522524450943397,0.364363067629269,-8.26382968988209,8.105340936140225,-3.079816497924413,4.110279248547098,-3.1975051010589963,1.4877411347620542,1.267575438126471,-8.795721388884813,8.892553603820806,6.699824494470144,7.982387491185487,7.673074503316036,0.9131632623186312,10.221407295664104,-6.548657501543595,-6.964211646757825,-8.948156221400156,-4.17388743249876,-1.6115095671789814,-4.063336287279753,7.386455754651854,-2.533015018420327,-1.4459035998639167,-0.17400210184576914,-8.89211885494126,5.6508494143793335,-10.07697539196485,8.245276462004353,4.443580731735181,-6.94787527474818,-10.844175759478013,6.827447519542093,3.6309578158670073,4.400628785947267,6.319639708219849,-9.285429490099618,-3.0952313278192696,-7.31685882340449
-6.457905138214873,0.6198782827658144,-6.9875306633722145,7.657461278850944,-3.8670955454061304,3.14435505173822,-2.532372401859111,0.39367142783484677,0.5463298050031233,-4.9968386856178295,8.900130616272243,4.089930708321734,8.273131948109954,8.515579955141508,3.350038327808794,8.548614075758847,-6.9119528917275845,-7.438517673094689,-9.538717686607143,-3.781968501888814,-2.341013633682879,-4.4889249762718855,7.265661140430781,-3.309740304298704,-4.2422811192992596,0.8087987728409181,-8.107405404395896,5.930272925999359,-8.652646656301702,9.5726581670073,5.476654842514598,-5.950012828703166,-10.321852836635282,7.581943303067947,2.9676662477493263,3.8591732523498505,8.20537055794247,-9.557098320307421,-4.184440103824306,-6.948142064496188
-2.265136637044534,3.4487751281173527,0.27105888113258847,1.4439678729005885,10.064500876526536,-2.528908436613723,9.175259057787255,7.106141686712494,-4.101271614122534,-8.799486451573248,-8.281654848986664,-9.02890076334214,-7.004061324158387,2.9680542372091585,-7.389539553567454,-3.9237892163241477,8.328125773616527,-10.075470288967038,7.02481697650711,-4.3201946846175385,-8.763081291261818,2.5187788546498586,1.8359040749750721,8.54199716245489,2.7582656803115233,6.403564580922884,-4.112418026059887,-8.133504755934785,4.215399888795735,5.337909929658913,9.862794311119208,-0.28131067903376183,-1.484676356846511,5.167950766407893,-4.013346684253542,7.056772679791919,6.7896465533120045,-2.3189066719590667,4.9812733741244335,5.092601344771116
-1.843273370998289,9.435872738812778,5.478819336697714,1.355916497393809,-7.4379289450973,-7.980263826247642,-8.398826526015784,8.102459419010817,2.4800731010160613,5.835943989268446,-9.593906132912998,10.066938698832399,5.557151939869121,-6.140317488908878,-5.66796289829221,-5.48280769218818,-4.2091220884734275,0.42352938078669045,-2.8789733738384946,-4.532446396845771,3.127441057967376,-6.634917770852597,-3.6564413079144273,-2.6229894469452057,-0.8715371570311041,5.043198088386826,-5.307695936630271,0.7056617126616224,2.340310225233649,-9.597026588267626,-0.0024458818424779594,-5.492364814500474,-9.177805596302814,8.114934981023545,10.006119573405181,5.775934322410092,-2.847788232485965,-7.429551770295625,4.368229853443615,-2.5629058364085076
3.1520264241638274,-7.152467657985708,-6.0986282522424595,8.181147383499015,2.3342358591215167,-9.277829655836992,-8.641942662139243,2.556235916022417,-8.473362390702693,-4.919425307790029,0.045793328921557075,3.16890952141416,4.1817480095561566,-4.981093817646407,4.920012532271639,-4.3584169552109415,-3.732738198558721,5.25979802735067,3.2448501316423863,6.125976609638099,3.4673487892225707,2.6038827628590995,-8.46063788228151,-2.493114690070395,-4.489243730354635,-5.404871682853599,10.13711233274327,-2.818111137919779,9.173576622238201,3.248978081577503,4.959457470160074,1.7507515469900952,1.7061791537887772,-0.8725936408577732,-4.990585719047918,4.943713824678132,-6.156512455416922,-10.039340988614779,3.1885432553649005,-8.61735308950168
7.872031163377242,9.142261495478635,6.359314489920617,-3.1559205669960524,-9.35346659909799,6.794616472722612,-4.007453886759125,6.993729061060225,10.599528097285425,6.983430096584473,-4.643487552615473,-1.352890692294665,6.618283747868026,-3.393097997007715,-6.584389715354887,0.6650258284140256,9.017241367104726,4.693857154919604,1.2163167847703107,-8.517025697739244,1.9576321259839424,7.5031644692995325,-6.915260148760608,-0.8425182417138162,8.177180162678031,4.724948254408795,4.045435916435801,4.750010850348388,-3.7367007419458313,-3.7589146713591757,6.454844162132937,6.017487060940824,6.413260170838537,8.860049415184593,0.9303025216380729,0.14392791972187613,4.895601163620858,2.471829582629849,3.9790048227340007,6.604347938704113
6.217401986880628,2.9208383372150015,-3.3929785549071023,-8.288990107806699,-2.103930147842682,-2.7702975602357256,5.851009772504102,2.845830816574993,6.937039174042091,-0.6135676559753547,-8.412866894953105,5.823190701232347,6.006092048873418,1.7460564480182046,6.655286801319324,-2.1441444872354105,1.042794538982541,-2.7598254171333805,-9.498873163583758,-8.153879052601125,-8.709679674168367,2.9563955142365637,-2.367763204861678,-0.4304833376385573,8.860443868155143,-4.851932200123668,-3.427631809358959,4.1924063123379405,-5.573914723689719,-7.348109353532413,-3.7412478841675245,-7.943075078800626,8.4536368188043,8.180214040081369,2.7792984650493278,7.10188622868196,6.565181178738511,-5.5052057426973136,7.3950116223194975,1.289419612684451
2.607677909637221,-8.374280603294922,-7.321072202658517,8.28430776154815,1.9074529652776773,-9.635498029469938,-6.969766099296805,2.5606764725186952,-9.302072942165141,-6.750628791764655,2.995869386912478,3.6216036253903545,3.7343897732030777,-5.499260359032827,2.855279918637223,-5.775707345583143,-2.611534931386252,4.49713364175221,0.7724016661046802,6.9530651929590555,2.0599215480558564,1.4979897993061502,-6.575357562040131,-1.8762266280084257,-3.1592968176255134,-5.6817191538628204,9.31704476141338,-3.1824817034725714,7.156887658502172,1.6958876876590776,4.589503101621011,1.4185984874351822,-0.5538826024992405,1.2204927811818351,-4.849081319118879,4.948834980709105,-5.499060019276953,-11.095855782814132,2.3610422368797925,-5.832665955519097
-3.5108176329476657,8.733185835312367,6.437565363077624,2.614012545207742,-7.450806180934067,-6.307526811919788,-7.438972320050008,8.248156598411471,2.08193060478435,3.514514778215335,-8.89008680047036,9.791682428661636,7.544046036036168,-5.1180459847525075,-5.313947940538652,-6.867145014491892,-2.59776107517492,0.6927282373371569,0.7141612454675803,-4.864605014128729,3.973021697612839,-7.012212003496515,-4.808525032910085,-3.1566489681804875,-1.1989476238536008,6.127685174262189,-5.483688868797306,-0.28901123566634646,1.8239367849798669,-6.928721386988181,3.8784402081294775,-6.153193856580137,-8.66096466212621,9.097742071784927,9.926158634221604,5.145154397130816,-4.1651011539559315,-9.715141793749911,4.083883652848416,-0.549754185505232
8.125992067474316,3.2350983158611912,-3.5697665265269003,-7.888226281496143,-4.605645526517621,-3.9892518344143113,2.5819069121952176,1.4271983428847002,9.551885657197216,1.0857271309613008,-7.5423264325850035,5.927827191649737,5.055626485729644,0.9821336488220171,5.475854247556777,-0.24900966803575056,0.23946026407970117,-0.30578152567945516,-9.341481811161893,-7.129689695700106,-8.340035760987984,3.1163940209303416,-4.683151704381705,-1.1814520656699825,8.300110113329165,-5.185411721847435,-1.7049501103672846,5.094968731612387,-2.8404630300009837,-9.79062805906548,-6.194917211545764,-6.443197421400302,8.217530492263265,6.478475461018291,3.2519581524924708,8.713316498933253,4.566215717598352,-6.825316720136446,8.27994122868032,1.5573084340002405
-2.04422089037043,2.6246983169192526,2.136472573604999,1.841951438624328,-8.053648195705085,7.049032879151079,-2.4301638956655234,-6.392871730854049,-7.124283096280041,1.3700438598930706,5.549235441358549,-10.642978603355298,0.7593460688660615,-6.112616664847478,4.02302192517009,-6.990904027758599,4.109625952693405,-2.9158350700308215,9.671824948401305,-7.905332377719274,-1.4952581342521614,-8.72652668214961,7.14824444724311,8.498339145698704,-5.4328110859604095,3.1924436072340443,6.022202850188597,-0.20859203516344316,0.5160179029817913,-3.8980382870186645,-7.13480764057645,8.17610792169246,9.120629436301716,1.6025105607711827,-3.5448585079309924,-2.620003567016574,4.388698750587676,7.6953818685749855,6.54108475298125,3.516169528509765
-8.677162911141163,1.4427354024003112,-10.24044954504365,9.429836319678568,-4.469062172409525,1.4411779724913822,-3.130449282995574,0.2836931213633629,0.4787385306158525,-6.057953796317455,9.866326040857965,6.210248289196911,9.968231678831785,8.304682921331331,0.5823654874353406,7.963839242811144,-5.287101623692989,-5.355851691235368,-6.726166920977743,-2.0979593025355276,-1.9846521346546109,-4.271612294740965,6.538170143161743,-4.602738081974714,-4.3632625537841605,2.0645962157071667,-7.781155495325951,6.455892614142605,-7.657396080511386,8.82805829269787,4.993592521589483,-7.043597859793711,-10.711723264217358,5.021623285443621,3.2366984155743164,5.999599041617586,4.509929904628622,-8.392647746257502,-3.333554182785503,-6.503752872460467
-1.8236898842625462,10.862894961494733,4.464314890728886,2.6418244886986386,-6.7815596516123255,-5.584237811412932,-9.55716014424474,8.068528228375984,1.827602938747494,4.0972633788124115,-9.496557629635578,9.650437439666563,6.5326237728864776,-5.53850460326395,-4.785382598295803,-5.346460117316106,-3.046000548312349,0.03958910662088655,-2.2503404553860094,-3.2201166378014086,3.113104686977384,-5.737452111208181,-4.761087655264866,-2.902311789486513,-2.518084478184715,5.3110481217994,-5.009953846253358,-0.1818066109559654,2.4887711724416737,-9.261494851597856,2.474954066250327,-7.737208916069838,-8.613758690660509,5.986574774165943,9.125744503329202,4.537473718614081,-2.7017300999857707,-7.269150367107811,4.151331512209218,0.324056101951407
-6.834643524381301,0.3520236564218438,-9.47076727011209,7.268388979936677,-4.732023576359738,1.685823559743836,-3.6223519113542872,1.2728848096441503,-0.3169935497680849,-7.8354291663191225,10.971130446986031,4.8908968277177065,9.925926677227604,7.742549343355144,1.796044759280375,8.87589739995898,-9.11414881570805,-5.94784560812145,-9.476943636613333,-4.8138868281397444,-1.8889721314839603,-4.836327171399998,6.41772535459388,-4.075094409542372,-2.7899094384895804,1.7306358495510858,-6.217359616332768,5.738494912639113,-10.238170015908004,11.690656114499857,5.38379787792728,-6.774486165336605,-9.472756083044839,7.476349357099979,4.114096320866877,5.8587185287591215,6.508406872235783,-9.59548815272025,-3.5044755347740235,-6.725081646217638
6.1727494857305105,9.308785888743143,-2.6040142911306887,-6.944523758305909,-4.894897797493895,-1.816386755037484,4.910132151413159,7.013572893260232,-10.096828853909862,1.2637404912225565,-1.3423894945646,-3.945532262681846,-6.405204113288169,-3.7041921814315364,7.063064881630517,-2.1503661256434143,1.7351976580980666,2.69416758700133,-1.2181679325866197,9.817758825011731,9.409631396967876,-3.3495708292453896,1.2896552910783248,-3.3311028516694035,-3.829973046638665,-8.645866762378986,1.791229245715411,-0.0015209851550907483,-9.872742129594757,-4.76011049100669,7.798683840664141,-5.844067556282217,-6.965356055527075,-0.5349256451493165,10.215243802563988,-6.781215183063757,3.3293561540102723,5.363943946751847,-5.557878359988887,4.39193427242796
7.327144005247274,7.670122399449703,6.568312204204183,-3.8956408531555704,-10.871733609223462,9.951608631362646,-1.4824962463129818,8.969832841736675,7.828986478766482,6.917062711875863,-5.8483502211724785,-2.66746259924786,9.087227820180813,-2.997756318168082,-6.819943226632681,1.83414885457336,8.20155230508805,3.1199181906202718,3.1053530313201407,-9.198744778504903,1.946023298306045,10.107110284448774,-8.134553901026969,1.017198000906145,7.240866913916855,5.479282682650945,4.526298999655879,3.806669549116356,-1.0995183030139115,-4.793498918143574,7.53609358011901,7.377201136211657,9.112328579262515,8.43886709047245,-0.561737734709233,2.107122479073539,5.631202111359139,2.1857360428497676,3.8495507992492546,4.934162672564943
2.224007980823758,-7.672944519288232,-6.700017633046905,8.064629229927732,1.114159569908214,-10.346070271708793,-8.900495752548519,2.045061375131307,-10.492467750062882,-6.7093265865536935,0.4020372679075196,3.5144012844288914,3.734140000963402,-6.015368229479508,2.9096177959628253,-4.691564728462759,-3.226156388306361,5.258487600532797,3.618496638480004,7.441109737191504,3.180986538478171,3.7576247295615244,-9.411473389740104,-3.2321012172998875,-3.728618281687324,-4.977620840322754,10.21813412906015,-1.9682890771279205,9.214987654702249,1.6152616643120121,7.238685960239678,1.2237383553081083,0.32778857829680175,0.4810192862649514,-6.138180176275699,3.8424602861110424,-6.273171940900603,-10.524494342488241,3.617558058327946,-5.643945142598464
1.800511424250308,2.4373412794348748,1.1935152386659778,-3.5594154354799485,9.861824521779935,5.380973087906763,-0.3398427532743049,4.063057148430527,-2.362999618259729,-4.805903668958601,-2.628767405135931,6.749853362084738,-9.586962927461139,-7.262705834187144,-9.157073037019028,-10.382023342332296,4.790551083783164,4.105737062394458,-1.9288865087682738,-7.693139571666099,-0.018932410479197442,-0.40613088834132655,-7.588887221262161,-0.28642293887917303,-1.5551342148229161,1.135302177979747,4.77042060127514,-9.30471112214392,-3.842034208129383,1.7588463300228985,-1.4461656899648534,8.489223741453348,4.254320959208088,-6.0018318836350355,-8.037483150138554,4.096727724942684,-9.711768001589501,2.138173768948321,7.992713298115153,1.35603500507644
-8.216607857099149,-0.14542682863304654,-8.600818998230137,11.299318242619483,-4.01636417859759,2.4023800890491316,-4.189538160234484,-0.05205368482763778,-0.8614375857644221,-6.633001081190896,10.124521637112917,4.228424348145496,9.838461482334376,8.384321829637313,1.2237662542506644,8.295955063124488,-6.631828151320576,-5.34679493811123,-9.086670566891092,-3.731076701695697,-2.1498451357587,-5.0847829224643855,4.4700006773195735,-0.8227555555934831,-4.225984807052983,1.2520689282875068,-7.239423250381655,5.3088228143562075,-8.694911607353355,8.138343969816034,7.721981883986452,-7.260198367738948,-10.921523941375131,5.868969364710281,5.4252226018047205,4.594652360082401,4.189271137688452,-7.264768604560853,-2.099684802329066,-7.144183852280953
7.970334737169271,3.2416378361668476,-1.4927570486967643,-8.717463085481032,-3.3541970060405712,-4.476721810948534,6.727444690737238,2.4146045058951517,7.436038923365701,-0.9024513877692564,-8.253010939878303,3.53545869561225,4.691996689448423,-0.14025197666101952,4.6340256788279826,1.824875038735434,1.1903117312812501,-0.5232754561012899,-8.314408677701183,-6.00803689577152,-11.14283883770916,1.4983251099890678,-4.5166040393681515,-0.2983159731955414,7.85076008793661,-5.461132969828541,-1.5730326261553522,5.14631816160619,-6.1468714853458,-10.635950580411711,-5.197839647103337,-7.324812908232487,8.34687361004374,5.0327401319778025,2.1772686637120495,6.29822441526877,5.947622186433957,-7.341690150641899,7.002275313429092,-0.521839292676125
1.9893241363415182,5.3036711045002916,3.3573779208692773,-1.0660538712729992,8.81674482094353,3.4884750969463516,0.08452600964729795,1.9596754353278176,-0.08922374595255045,-5.231724072123531,-1.3144943286086304,5.591347324665507,-8.628760931044367,-7.29137856323487,-8.700699152943008,-8.432713352514522,6.5425031981343995,3.517443643052986,-0.16697643208890067,-6.102205311473948,-1.7084357229303333,-2.559750203828714,-6.799706438028309,-0.2921199347467951,-1.9785292263723495,1.1476721142292847,2.7809665142192634,-10.82689301744227,-1.8788306465964006,2.2080902978316352,-0.01930732794367647,7.556982294277587,3.3795615497550098,-7.282571032102517,-7.5550122143449325,3.6453181287653655,-11.244057981391828,1.4852689539966666,7.724318034802874,0.24142545832215756
-3.437244333265423,3.9901818369937274,-1.9825058690472137,-0.8147217465209191,9.820449307477572,-2.7148685680439835,9.294270867137385,8.761643856130776,-6.803614252108623,-8.475628230143279,-7.33622499086293,-7.992328601094029,-8.622199677380225,3.1971882679683037,-8.012900411470092,-3.411894430065936,6.760470459894259,-7.941871302774896,4.606932382467139,-5.784649954989863,-9.307585387322261,5.136423268282987,3.093580256818131,6.178695186674247,4.5783874847284896,6.041943014358001,-6.568528167777451,-6.262931996459829,3.83474897068386,6.843363332236284,8.663161594233667,-1.5284866412504412,-1.2650680513544847,6.502819295853163,-2.6767643112224935,8.533810935629548,5.668150799773391,-1.8592152927991092,4.79141518655704,4.793035138210391
-1.9160992383090703,2.50396543826977,3.563662042204667,0.8631455220326202,-6.977074677755723,5.183844606858906,-3.9331739615721526,-6.34144293485395,-11.85670455337607,0.7319061301863019,2.7376879824868627,-8.720037426619527,-0.4649821803289804,-6.288163483347218,3.7209415888451893,-8.130582065690225,1.7475106946057477,-2.6268853740585985,7.286893006656335,-8.659260411739783,-2.605239187306848,-6.854555737275639,9.282736581423382,8.655563727926852,-3.600033125682086,1.071090711856649,6.794855963953784,0.5744080324196883,-0.15441267887030685,-4.602539549782261,-9.868240123777767,6.193206553194214,8.641933887348326,3.149815162976257,-3.0826715231544757,-3.895721912469919,5.262943211986912,8.622508091112019,7.8270330003498,4.420189875882705
8.899806874321648,-2.948474612306099,-2.3527996335486776,-8.819574050676739,0.620335740450198,-12.440242537610402,0.5460771625910739,0.706285638929206,-4.669572302170093,-0.1350420850052183,-10.030107766991364,-10.024722683298608,5.657238125962392,-2.463351028622114,-7.336541193766301,-0.9164307325236178,4.102029962064885,-6.983258002393503,4.268335603947182,-6.80032807143301,-9.818664575727443,-1.3495016886327713,0.9407466752146499,2.7955381462018036,4.838743661441628,10.258415481728024,0.7777109194198477,-4.657310072675334,6.19776498253809,-3.7295313994228616,-1.944573308890651,-8.130915904398822,-10.045765849158657,11.249138014499733,5.392775271377098,5.075433058402561,-3.4917538731398725,-4.741060913366477,-8.012808214002689,-4.805470492718758
5.748560820349364,9.812666418509028,-4.045517857310402,-8.597813053463762,-4.270617960454667,-2.5088861777615676,5.667352088302793,7.791172785635862,-8.922545965502893,1.43542244263239,-2.399001769244905,-4.961835117599275,-8.068800852870524,-3.8533522054380733,10.06140686054267,-4.085495755444482,0.6540170308883022,4.215958647134195,-3.798162328752623,10.401734509775535,9.809226792521176,-6.950644695363138,0.2223912290850531,-4.755407237831228,-3.20611480603802,-10.707660889690104,1.8348097109683927,0.41560501556569596,-8.916084680858338,-3.6641124585537996,6.6468957333237855,-3.556847849793174,-6.576957899387267,1.1487734185521568,10.587249251445256,-5.170504684225035,2.1585127372064115,4.66883912532565,-3.657685787289429,5.949764753893573
2.6215257607521276,-8.249033599712437,-6.053859566528698,8.39440715205671,1.9667519301774428,-9.760520226775741,-7.537105468485831,3.9374298202189504,-11.417763486332827,-7.861227935548964,2.0819863212710654,3.777034383922806,2.6151485966850325,-5.778113283714843,3.9798791213741627,-4.697080468539625,-4.600022430795413,4.954605848857245,3.2387757103946986,7.3807361264490625,3.37512184221716,1.8820782970234597,-8.699200794496463,-3.5874866711362845,-2.2389482031149774,-5.421471816992565,9.275756624394344,-1.4602054089469074,9.437020395736509,2.078244403010562,4.897410802643443,-1.1894114886877685,3.131183914030107,-1.1877531100837557,-6.1226961805546765,3.4717574731871377,-5.832908669141188,-9.80605602446461,1.9716592518021963,-7.149414837282334
-4.57428066930907,9.04274370938148,2.5620670163719046,1.6528718794040902,-5.236249035346736,-6.519461701840152,-9.701821361600944,7.29231942655962,2.0403171069086223,4.634081901764315,-10.955168477364778,9.990764317087217,3.9444611844056605,-6.383102338798287,-6.851774498309532,-5.698582976860085,-3.8925242881323765,-0.9104344212115294,-2.3460927529747004,-3.9767371864917544,2.1579905525830334,-7.789246896594909,-4.637940818807616,-1.976595136966877,-1.396292888528495,5.6154279838312,-3.836587768752263,-1.1389938686116905,-0.0035513543338088205,-8.287402080801439,1.4722539767346632,-6.90775505399679,-9.480124518425523,8.717910604299155,10.911178773587528,6.970075420947341,-3.0455011046456097,-9.462784775664968,2.533506793690268,-4.0360287846934
3.5363526239308314,-9.085271055563393,-8.751001396222373,8.438414900187235,1.4644684785620856,-10.706727100913108,-9.2276222173228,2.9947128540739616,-8.321441026025152,-7.289288493005542,-0.11512725683521086,4.489837354883893,3.2120374698232954,-7.633915178477011,4.905930746704003,-3.1265504815623983,-6.092541964243669,3.6941220783383595,0.14413089229268783,6.909163789142724,4.14264408261822,1.4716728165057107,-6.73450894532548,-1.815133648481195,-2.993805322863314,-3.959996364311234,9.057268026439408,-2.071319050429952,6.972254188061294,2.392116351077209,5.958057742851088,-0.03216546143151214,2.880331218830792,-0.47981418612955234,-7.027226657596467,3.579431270326919,-3.7294524795603534,-10.916819079459923,2.7082597479924395,-5.1302861664036
7.393890579770461,-2.8594003327395034,-3.060901539754393,-8.152733989567166,2.8823008844383495,-10.110284707595536,-1.1357140033071935,0.545460348702215,-1.1111015312486883,2.424907873887382,-8.257926662171169,-8.484910513137327,7.287405079178466,-2.3226136344424533,-7.093520546903212,-1.005879453372449,5.757735618315157,-5.791923042456095,3.0032664192295,-8.363909866765088,-8.203201283899853,1.5670252025121396,-2.0994575924436343,2.3147052117981737,2.6644397685651033,9.755986143892686,0.02529858816990538,-2.185042070588475,6.11096855717495,-5.068884951222229,-0.2820000460416934,-8.749074830982124,-9.990982687584518,9.646593708200358,8.332573800183589,4.773036030113783,-1.254010146433127,-3.7831650650614215,-7.603669182937772,-5.749859873650201
-1.6430112108153438,2.5563910355438106,2.267926003981163,0.20846541870414637,-8.33000023916885,6.657554050235934,-2.3291724539307017,-4.300975691618331,-8.985117248250713,0.9722303757754325,3.005561196209455,-9.851334206054162,-0.7882609393111555,-6.649025898148619,5.000583020562025,-6.210057893953917,2.985621628368973,-1.448689503631539,7.556253649927845,-8.345593164951188,-3.9817153800590748,-6.0760162943231855,8.240992299792882,5.105080080717132,-3.631101512521295,2.8932995565212223,4.495035998145912,0.7873327440258373,1.1140154637250324,-4.758905015457997,-6.339529664717196,7.0915472964966035,8.05508126353158,1.9624598668869373,-4.761597073213209,-2.1302811354408275,4.9823831465523085,8.225883648750395,8.168518678560991,4.912038064464056
7.826414994217451,7.672987456974308,10.305069522221991,-2.569715041752201,-9.048745880555234,8.572622425338317,-1.389968335015724,9.270992981064106,8.151953682710623,5.545699651312955,-3.724796784863299,-2.1102030206903284,7.9610143287968445,-2.9261990702324208,-7.418657259027821,2.2686165580888753,9.488122678370136,4.611437503356795,3.6505501937661067,-6.012511362076442,2.9900583005382817,10.366274207922794,-6.116664513499839,-0.21736072239563609,6.977632180968057,5.488793762176002,3.083838730777788,4.642451165265441,-2.653344809068707,-4.9843532193022515,6.213089619858572,7.507349485722033,7.423816822255913,8.351358698747404,0.5558332561233531,0.48951441663560086,5.63506311325431,3.349539663522351,2.9902671855633343,5.116782331888132
2.1004509984794764,-8.921902555196107,-5.104554619543667,9.201995861423722,-1.1669799867755093,-8.659296985203095,-8.044221168937113,2.561853319262103,-10.905943058783276,-7.732956599930016,0.29473984257330765,2.7107713701720204,1.6846255289793692,-6.554993961632714,4.566978282016404,-5.204928101493201,-2.9361495852627892,4.863458263150429,1.6859786502995024,7.478909133377165,2.1475685671319518,2.0127863686983654,-9.29242464639511,-3.3331605652148544,-5.0573442869334055,-4.44580233136138,9.636208347176307,-2.1180441845138676,9.726599888597573,0.7857893587201124,4.857848428132417,-1.0284466159351495,-0.23257461739509266,-0.869165636508749,-5.407371080242403,3.857394906714355,-4.717555723169194,-11.236235499251206,2.1129203429830095,-6.919485127446605
6.424687727829404,3.361758754787087,-2.456757610230185,-8.560181626669332,-3.1039965180118476,-3.534020680207297,4.8259886677705275,3.9161403096681857,8.369573185548035,-0.7249759350936383,-6.255752535307815,1.900040371668387,7.267774283759884,-0.48041514350081016,4.792250774318925,-0.1650056079072542,0.3081759169117202,-0.4427685928024532,-10.549454083728332,-7.581404642650848,-9.94962838448507,3.023349204613025,-3.7776526382713427,0.2643494759770342,7.601404646057514,-5.524219367118583,-1.5050690252599792,6.054738276617018,-6.022316024365399,-9.32916934799705,-3.591510776052802,-6.808078147977601,9.424451180837412,5.256610377917191,0.8886362047850389,6.896207721928022,5.307088928717275,-6.3473872223595835,7.214334755529167,1.5278617896494633
9.358388771723433,9.273937115700354,8.46668788500252,-3.636574103822495,-8.57041717791212,8.547551573393168,-1.402613221396205,10.273495949819523,8.281053794092518,7.288736879219126,-3.687559667006866,-2.8436135782553427,7.675106811096914,-3.18443672624488,-6.711321778555575,1.0038743590321422,9.246643141086924,4.70906697351265,1.4641233191939387,-6.936280664177783,2.958670496413979,8.01261305235845,-8.603216392811662,1.5488282662963964,7.30068830708821,4.979548177881562,5.079605337564505,4.043270462370344,-2.772909366015548,-4.996892347501862,6.557217616797793,6.78878011255044,6.763564534599219,7.342789672823561,2.853137232413985,-0.06258257610429088,5.2822112397262115,3.7058650608475645,3.9885435099261755,4.830087065459917
4.882264274336277,9.089116715853644,-6.460099322803414,-6.964906057597096,-4.5069850114903955,-1.8902454147528358,7.633205535697285,7.151514112172521,-9.798525686048743,0.5544748389555318,1.5347949747866347,-4.21340988250239,-6.901561452613425,-4.160501058528636,9.001783903729876,-4.349065453431282,1.1979232821501353,4.2008461536384125,-3.851929632028016,9.516766237837718,8.399528429125917,-4.81313786215517,-0.9141071985175466,-3.9549461703037943,-3.552720250515553,-9.31531304483445,1.800398412425548,0.25685668563469277,-8.27324235420736,-5.534253985149531,8.425973874038277,-3.891221367643152,-6.528445594898823,-0.1531906477815114,10.35274658891091,-4.7063981136673085,4.196312057277386,3.2084606955914063,-6.800705253815272,5.569156121720429
6.981108262877806,-2.316759921266798,-0.6114416718244391,-9.121051319524105,0.8281830799080669,-9.721023486473978,-1.2358476908762246,2.786185207963566,-4.799742787122098,1.428913296854086,-7.7738175280441855,-8.67635991347641,7.4379104461424115,-3.7023000447971333,-7.988969430138041,-0.594853156582873,6.201132608008033,-4.458336242279693,1.8580351471984917,-8.657292023028916,-9.286855641666504,-0.9201313619152163,0.13888035444247615,3.521864244727733,3.646408170008136,9.61002345145568,-0.9820120084402508,-3.6848714523039483,5.340402740788065,-5.805026458542283,-0.4301854897321662,-7.584245011953662,-10.462523843926824,9.036784829364775,6.763921093316567,2.104722334746111,-3.218033838108635,-5.247829162216304,-7.93638604308085,-3.736958928456398
0.3090497945845092,-7.751079753149116,-7.013585542426246,7.85794123391061,3.4744522515674374,-9.72774995438305,-8.401299607645376,3.8421130031660584,-8.839896476500064,-6.487371405600802,1.6638653860298716,3.69233630411098,2.9573674436923487,-5.4015931004899755,3.490463476518055,-5.823079864433599,-2.114126394996172,6.937784198222804,4.584855894982474,5.661210853115012,1.7324003114218942,0.1754626347642705,-7.992117201558669,-5.454408531168992,-5.284754212984992,-3.713107843257215,10.44264992577782,-2.647140157238299,7.40757566237163,3.190014226752162,6.831494826077167,-0.4803954056359183,1.303711670807744,-0.715655852142745,-7.426489685414324,4.229298557208292,-4.680480291391648,-10.77432478735958,3.5555268557810864,-5.9744657332331315
8.179836715307008,2.155566400075645,-4.038874971641446,-9.807148060908755,-3.4214359819460967,-4.536126783993294,6.4407866357278305,1.4435068460108225,8.017914970739033,1.0111532104527725,-7.009025321970157,4.440569456951678,4.247217325376053,-0.1562252371777788,6.189393708008806,1.3820591680627614,0.015806597161710123,-2.588241140445359,-11.949786895667115,-8.822936303796448,-9.485073128764355,4.3273314661123425,-3.0397466862404974,0.4764992280008093,7.751209817220728,-5.597321134278457,-0.3866939417794426,5.311761311619363,-7.526637382088573,-9.133941451321384,-5.063186973496266,-7.3218382640973765,9.156863707136546,6.05496270949409,2.5912097232048077,8.742684965079592,5.376980448195602,-4.404399296391934,7.17987237842847,0.8760430349255853
-1.2366286452266284,3.2105089470380186,0.06313850240843699,0.6426254752939893,12.125200635458052,-1.7247666501482617,9.907859907931924,9.86469364950911,-5.995998501355295,-9.258282293896977,-6.678005926532528,-8.270420520367743,-7.957634479823517,5.41976300617134,-8.659512840040543,-2.6882044450016265,8.413038616142762,-9.436232269860668,6.746167761614931,-3.3368893934782413,-8.00288835577909,3.12059159176452,3.911838745775225,7.856206105203151,4.195831336080171,6.163735379377704,-3.850776252607327,-8.020508462634496,5.728287930401263,6.545140989187189,11.465201921123045,-1.9666377789300848,-1.182520850636078,5.483613673508124,-3.0447551062802543,8.89609776092929,9.26150836228836,-2.659610050127225,5.512496534660816,5.133088918950874
3.598776811764903,8.307850617178422,-3.096276372282116,-6.197062717856483,-6.22960601393613,-2.3280073852547765,3.680310832485392,6.9210448285359805,-8.959845608314014,-0.39682181064140387,0.49166488151922794,-5.814438626374918,-7.455700369037788,-4.6107996525090345,9.145414423425665,-5.5152611544375905,1.0695103898804672,4.784807354138969,-1.3681165280776102,8.415672935651525,9.409508017139641,-4.400537524106213,0.38725175617801977,-4.847733078799458,-6.695172002006788,-8.915300756024864,2.0387870012880174,-0.5130901283842101,-8.206479611284747,-4.471990253422204,6.846122666565275,-7.140214475756774,-8.231065823308704,2.1820675003180474,10.435785856144788,-4.970282227794979,3.2610500209317674,4.984999366626915,-4.080053136792912,4.07373123033376
-1.8226963516341697,2.5422228287886486,-0.940925134083743,0.06069182405444684,9.05738270386946,-3.862142794361052,10.28984673048459,7.150418952489427,-5.930331982536087,-8.291295647189102,-6.821717052797089,-11.316726845072328,-8.436599987784119,4.209983304007131,-6.825043517783292,-3.6593151213592194,6.303160511379608,-7.507572529083433,7.091930323633504,-2.9892712326868205,-8.8462441752665,4.455872411402623,1.4955316746846392,6.244396267398141,5.283300939417343,6.721466006615319,-4.841320466699838,-5.0191718958480385,4.643275250477762,5.866713771441139,9.774064065019106,-1.9905892384237756,-1.2823761567937213,4.486555879355882,-3.938272385703111,7.423738965194165,9.051772109855554,-1.7446387728390231,4.248904788850179,4.803549793827315
7.8833198726234395,-1.0592767442025073,-1.8559409022461428,-8.551207620798438,2.472055360443278,-8.882511052268507,0.1498171409256014,-0.5161991655046856,-5.079489114631581,3.30513604150339,-7.696857509654955,-7.837923498047658,8.670658116780025,-2.2188188735608785,-6.9517063841318745,-0.46834170012772514,4.819339621125912,-7.671840372372689,2.136323504012298,-10.351576788957889,-7.885399405764152,1.0154914999134121,-1.2134668141939602,2.55873433780065,6.4894822968017305,9.391375438414949,-0.6723639776140866,-5.326372810480321,4.148077282930184,-4.047775006902514,-1.6544442082120225,-8.78186651475412,-9.922731795134819,9.112728344093759,5.49243941154107,4.2355891155633385,-3.243647355471298,-7.289956056624339,-5.860431448913155,-4.6189370369829055
8.281507701912618,7.96700919756348,9.051187441682606,-2.7882306111751287,-10.008537083217304,8.676208180958582,-1.606604159395514,7.332408501119868,8.781575358807698,7.9556300002955265,-5.6176386227205946,-3.3879833278178495,6.595942034938611,-4.387183315511589,-6.638030548419758,0.04294849748826279,8.335240959406246,3.8726014019001256,2.0501638179952693,-6.811680738485034,2.038597380129956,11.68913724333109,-7.3822242758140435,1.1954681955312658,9.478969173285886,4.954680764320024,2.566788198327825,4.140585536949817,-3.4218198638098074,-4.402595141682585,8.172199992065487,4.979504470359741,7.641913193907934,7.3870897708077035,-0.08080996398215767,0.7751682289484758,6.284067522808526,2.774246346593714,3.3895372198894393,6.231931580875634
9.548702973742037,7.659095821448944,7.457083225570123,-3.3345485826479555,-9.635275522870904,8.221409184260843,-1.7496579430008474,8.668242393770898,8.2015692815703,7.66933203355778,-4.44882627757054,-1.6790264478141217,5.9111060998559894,-4.32680205462409,-6.831328094124917,1.0081582123507928,9.47746420914783,3.490086643907101,2.1479656445981736,-7.681526116024935,2.1932919239004467,8.849778205588745,-6.4414444298062,-0.5597444200389154,7.5261810584018285,4.761431912148009,3.7332196772880777,3.6603619567568715,-3.632253670566568,-5.745099552080211,7.591027842410624,5.710544429326368,7.213334276484606,8.130583667195488,1.322452314447505,1.9635201152616322,6.12575099892419,2.8422759470983854,2.915880537994655,4.472264939309255
6.18771893129858,7.432359003127873,-3.472927578866984,-7.065613502268284,-4.074550012466769,-1.144701204341342,5.469599233187584,7.270241788892656,-8.044164152713813,1.5626241370639395,-0.7430164589000615,-4.762156770463008,-6.903242562719802,-2.0889417374175707,8.40156529252848,-4.891027425359901,0.4448159356043838,3.242797591125865,-3.782428707791305,8.715363077831283,11.73425982337591,-4.828229449416873,0.30687795420869807,-5.204796610668861,-6.146943071243277,-10.08131369602815,3.6294822648066853,0.3878559306537513,-8.37182988355582,-3.688504676065709,7.573968339534797,-3.8207966026871842,-7.734910157397721,1.1952875648138137,10.155311238347355,-6.947939724016313,2.694701461517037,3.447453773702246,-4.0839669873577975,4.539591551434791
10.47638328791004,11.273583569179497,8.641950109052953,-2.5874353868725133,-10.040775499896862,9.391061601965374,0.7522643583378041,11.118947272061664,10.410376154390889,8.183491640461058,-3.2787122723541713,-2.3453360736700297,6.286185207796342,-3.6823739862023883,-6.187805464146797,-0.31760864955129153,8.57014475384941,3.094663578908186,2.4150645628554397,-8.60617852674134,2.6283648659643832,9.101056709149688,-5.600620369308604,-1.3341638892598504,8.023301815403075,3.538114686644156,3.4309821694205094,4.255868383426691,-2.554819944288059,-3.89889627361472,6.338972250545773,5.560423631710174,7.177393048513264,8.296445067308342,0.42220837397763966,-0.035354579062996244,6.6954940003199575,3.0926655857062455,4.240663512775681,5.5332010404105025
-7.3583902099887135,0.004329274870210009,-9.270942122108194,9.223566940233885,-4.48996185315114,4.728517585436085,-4.759367993805816,0.5372849907745643,1.0186723732555403,-7.372165383244539,10.347987557382519,7.827329773075109,8.772972756799952,8.401568096826741,2.0425180520370296,7.723900030555159,-10.050910236763626,-6.786116234712461,-10.48741260274097,-1.7892913066755949,-2.3415639001335986,-4.9189386935692525,7.463904007826395,-3.986684568984102,-5.148173844256937,0.9219939324135908,-6.1527465090812665,6.545624660249583,-8.260661983888701,9.815856467246363,5.845131241459923,-5.8240334641872975,-10.919529932304888,6.355307790729833,3.0634582180345906,4.66122590372057,4.944758992230673,-5.979725342535331,-2.8705798128662594,-9.086858375758995
0.7375685257301793,5.190585845790353,3.4511730044239255,-5.4508813274397525,9.07343454451691,5.194959955058339,2.076353241464256,1.4790362579421439,-2.166528474145336,-5.7405401986970475,-3.526066626366557,5.561926924984497,-9.117641097521233,-6.627643696978591,-9.171122068640713,-10.590746908400073,7.7786818446776085,4.232300866008058,-0.45655393893749224,-9.326720275291192,-0.3635183612686942,-1.7242193705144053,-6.053997613353936,-1.7528610439443797,-2.549439708417089,0.7798464779552978,3.7289688870369178,-9.352484435788465,-2.420766937132818,1.781708223592172,-1.5878498883649006,6.598171235589191,2.802331294606187,-6.448551437456564,-8.943657462880536,2.130036704429033,-10.973113186309897,1.7639651208920133,8.008044634728284,2.8302900912832785
-3.4611160830749856,9.091766646717184,4.897631376370852,0.7314091084591077,-6.5454507739063725,-7.035368642100695,-10.7461353145134,6.4631379047192015,1.6086947014425315,6.0491392132611,-9.031756989550193,8.062715474139996,7.134889105426073,-7.300521775372842,-5.2808096019709145,-6.803034454749202,-4.0087913295484165,1.8209252801869473,-2.648263195741935,-5.572535381152153,1.653458568101585,-6.171743935939846,-5.676453104772479,-5.504918732236735,-1.3297591740682793,6.255260027771193,-4.806262607093976,-0.17847259381316644,1.4368647701248474,-7.917091011344298,0.28115533833334583,-6.978038301437179,-8.508544250369352,9.4269294663517,8.802833968300305,6.202387974035062,-6.396051969945576,-8.70480613220617,4.138169242797605,-2.1792441594626526
-2.8135510037804825,2.6055942283446574,3.874595345303546,0.2584996429387107,-8.44632775768391,6.7280232077479765,-5.424390949978916,-6.535693447764918,-11.670292081190905,1.2323373018690975,4.406476290238476,-9.220976863191808,-0.3529591444684561,-5.429286277817429,1.8284662410585921,-6.5150148230496905,6.7490750475418295,-0.4194917536173204,8.78722190475195,-7.08943695216476,-4.158238293629381,-8.53231868313927,8.85605668767595,7.021894501983134,-3.9370178508453058,4.769366601661337,6.677064788805357,1.2057534378291737,-1.0877680577905224,-4.415343936718917,-9.281615945421073,7.526306030433114,8.967937035651744,3.6917873097743916,-3.6859117063761033,-3.4247240426667687,3.819794704148116,6.744351453725632,7.106933003198105,3.984380898237788
0.9765680980300426,-7.004691356144589,-7.225215070966744,8.309657960623236,3.9118110849363177,-10.3788632989653,-8.598046627060512,3.1378736298057914,-9.869335622655633,-4.896287621394181,2.540496381425836,4.458779369760611,4.488638959048879,-5.69283282335666,4.542748994139195,-5.556531894602694,-4.782374419394285,6.133702844154079,3.5243567149341546,7.002541683307223,3.1497899966946914,-0.14004280419707693,-9.103979976590866,-2.309530768697304,-5.2250653136399965,-5.337920173635819,9.35555503026981,-2.8205142756819024,6.873012783518217,1.0104148890198843,5.749707791821428,0.6713504097141254,-0.10555644969276856,-0.17369394872254784,-5.813996991347549,3.459461901500962,-2.962410939634796,-9.899396040409332,2.8081862296868456,-6.619055912457
-3.085968953621083,9.769677354024077,5.140796023852483,0.995614439142181,-6.780294885722045,-6.128722469904158,-10.507733037757383,7.866883107878638,1.359676475918329,4.732050224514068,-10.351569270626468,7.5933149425753665,5.021310378125273,-5.7051328397730945,-6.1037781541365055,-7.2362264280357325,-3.2765626820318716,-1.1663914296242026,-1.4271794258050017,-5.3864333958016175,1.5852217866454308,-7.162724115642749,-5.01752039457959,-3.0573186783559914,0.12769249355516,5.1266273583371245,-5.170832244767664,-0.8450180863853856,2.3780955551561327,-7.629423124942145,-0.3207474620985229,-7.386412781724647,-8.12189601311387,8.774665359023674,9.683786534862495,5.563961775613401,-3.821134829059687,-8.202234955264402,4.852442591902944,-0.9425292819067599
4.408102496900914,7.5227554592267705,-3.217961679129265,-8.623695488948828,-4.854494898425512,-1.7268853193629567,7.520377830848474,8.57637257846709,-10.447702150106197,0.29167891094427234,-1.4683257105521874,-4.938494495150696,-7.5883106570820775,-3.057485612584599,8.614787603455266,-3.420701492612877,1.6737526284024549,4.70646241911541,-2.0261523129707513,10.158711978554793,9.095137120961187,-4.645527039913187,-1.1402035604880347,-2.71362614734765,-7.086150544793869,-9.34940944524477,3.332182656748211,-1.3102874690521114,-8.570645057383363,-5.107837161846797,7.796514454144206,-4.2628212260211145,-6.904045632290388,-2.245300662333102,8.736583542480416,-4.183558834881231,3.8916536663105696,6.980527879098635,-3.564601526138709,4.222081842090399
5.949579827175558,2.7073716529212053,-3.056787827092672,-7.549569835700297,-2.9892135613308723,-3.781129116112492,3.413943879427004,3.183999829624237,8.855008023941172,0.19948347704292968,-6.523637556376679,4.053006213261656,4.749082004162303,0.48864259915812613,5.363447132477625,-0.20267886868100454,0.6613342161789978,-1.5784770898645157,-9.625245194844869,-8.618865513106055,-8.429797272713824,2.8047262875193195,-3.8873243127587482,-0.5760154299551484,6.819416368130773,-3.706191224473157,-1.237702831155599,3.4871049282910063,-4.660894389457894,-7.537920633191032,-4.08059481942371,-5.1774633591681525,8.810672688974343,4.745584063339149,3.0332441312567906,7.674109105467085,5.470144689204136,-5.695039985401858,6.183514703608695,1.7774116657558034
8.237809511146505,10.65938644634498,7.991724009766133,-1.7969224033899613,-8.295834529301963,9.956325069435517,-2.020682564446684,8.475708280974267,9.19118753203392,5.7597094883132245,-3.8717579829977273,-3.11884208023901,8.105443203880053,-4.231672313092585,-8.35240403575817,2.5369400253362997,8.906463486547484,3.949730823919533,2.495618186733508,-7.184893622286473,1.5382909899729702,9.351295396059104,-8.311274945328858,-1.09785900785008,8.126053973474496,5.20755666512577,4.7011440314278765,5.3312871212381285,-2.035702180679224,-3.2647036384048747,4.109261851398135,5.895282651658623,8.306022866272063,7.096602314924211,0.31851936005652043,0.5497903343574982,6.40875707317399,3.368074923513603,4.638250264199643,6.096597283650239
7.075351748116419,-3.6370314699904727,-2.1352493698707744,-9.11751438280272,4.175552240871333,-8.52799791317896,-1.9581243758634495,-1.6250108149490803,-4.9566782425720906,2.5010258609874625,-8.899525106768907,-9.363884735364325,5.850568752050082,-3.700318545766672,-7.861372818071812,-0.5675147727315148,5.000993305763767,-4.352628514240315,1.686569717130605,-7.682169417072652,-8.202941763643643,-0.45250868717295667,-0.030669442357373677,3.817541466950922,3.596062634802532,9.459555840039888,2.3659907881924314,-2.561038284113717,5.988954347109639,-3.7426244002272613,-1.2764936712012962,-7.412640539951207,-11.53925056303732,9.113702297183558,4.633262503651296,4.080839310105789,-2.057119009987302,-5.173383751940755,-6.159431777980611,-5.52122972424816
-2.380260685517925,3.332291247813435,-0.22281683802081564,1.0112521957067386,7.199303488890941,-3.4989937751322513,8.618706352878863,8.759304287756164,-5.465653333139413,-8.862212255591459,-5.624709562684594,-8.073995901903315,-6.871221387029527,4.36079362291977,-8.117685276953706,-3.2349113580137008,5.092477091026623,-10.58584564207819,6.067232865030118,-4.235032009121094,-7.761159970409468,4.20702008849401,0.47555638585504,8.055104573360392,4.763558431889711,5.882168648938665,-3.431996514046943,-7.4967425077751,4.775400180189176,6.421113196743768,8.957091531403826,-3.7509904398536293,-3.712678394489734,5.463538627596045,-3.4329489386025167,8.596880462904586,6.508978192736778,-2.7323832850527614,5.154429614037875,4.924334487207258
-1.7312665396860762,2.6731271661734954,1.262170831011886,0.2155311842865344,-7.483158496366531,5.535008872122944,-1.4434284042349295,-6.255213229367366,-9.135648775695238,1.1512136708068588,4.048024993621367,-10.82624522796511,2.4067537550870775,-4.152733191389229,3.8877522533860436,-7.90310042568998,4.02416803250707,-1.0562066759752473,9.32770517409243,-8.25169022171391,-3.828766734303485,-8.18246571319421,7.890434531082649,9.075565903329926,-6.762180584520144,3.8556000603424163,5.052140629095867,0.14276474453817922,-1.4167217997485881,-5.712008613149832,-6.627212992342802,8.209139401531312,6.809999596267511,3.6791768198446717,-1.9880999154573002,-2.9117620267076965,6.553862735557378,8.763769323676158,8.424380992594934,4.794132209986186
8.828431797181253,7.3173121379100685,-1.8954349512028343,-7.860327549546378,-7.0958071440739126,-0.9749954817267656,6.675057879905024,6.1632898508876375,-10.7831766665109,0.1902484084663233,-1.3020321217764386,-8.028507073464795,-6.549571200802541,-3.7421945457424184,7.526446593852208,-2.594874808132965,0.3521944554488661,5.276544954685811,-2.289455689434365,9.434127151471168,9.096215953862067,-4.4816413229365795,-0.4685611409616203,-4.835006392411106,-3.693280989796004,-9.406748894353774,2.224854327666943,1.1429603007318379,-9.084301582735954,-4.41203678972598,7.565668207882143,-4.778022252678701,-6.75227464549545,0.6898303373418186,9.133880245205138,-5.6167115393601765,4.234848347263041,5.484605309937214,-6.153467246344701,5.870881039971692
-3.2397617308579516,2.7849806010721374,3.723904494859765,2.845597947816129,-7.442926893769225,7.000984646894896,-3.9242198688735805,-6.087494920991738,-7.824725275576408,1.7731501070052513,2.665174585497999,-11.287933286959504,0.7549090333958708,-5.222796370413501,2.257547634926701,-5.486657294192873,3.3969778976616896,-2.399937165814047,8.717935641436746,-7.600533859218223,-2.942807913245259,-6.579014429255217,7.351390467452834,8.035307206093627,-4.669008776090447,3.3534447502282863,7.216288573898408,1.1533136572064058,1.0732408290258322,-4.447089552419819,-8.642309844262622,8.243498619880333,7.757573536055976,2.5293473657454637,-3.541465575504318,-2.544728103649896,4.600758286423042,8.336749233368216,7.724211122406597,3.9933899046821515
-2.157749415511167,10.08443636651475,4.613357576979041,1.0912950327130142,-7.042694155095034,-7.6250122380823955,-9.513506031610392,7.179004244783186,1.2298803138642143,3.8534900262818685,-11.481924781037737,9.611490750612825,6.65005829137066,-6.5703064175026675,-5.704254987425583,-5.3943396653047655,-5.5227150051782194,-0.267596145921457,-2.1302419769449834,-5.115320297148026,3.0665327363793384,-7.403948925731966,-4.421621870606248,-4.676625498532919,-0.24318228545005416,4.464260833006801,-5.946591726566478,0.5620657062304242,3.208949973079501,-10.379812144719157,-0.8686151177920589,-6.405667981500475,-6.898456958783556,10.216657098006104,9.522300076765813,5.676310776697174,-3.1006020198952764,-9.02010391957679,4.161018299599356,-0.6914799660413462
-7.155022437827092,0.6194109469163632,-9.085195098830743,7.862339866366672,-4.232958216247807,3.9306660475563313,-3.4583749084920923,-0.4232518268785447,1.2108063523767736,-5.10743023866398,8.795063496679441,7.600595806354722,8.264347897298398,7.928954021893111,1.2855139802153661,8.660755536382595,-9.972371651596884,-6.626384550433817,-10.187575422137806,-3.358055036842422,-1.232006830701452,-3.927013177407531,4.203090822179696,-0.8228638132003336,-4.086029865631517,0.07742252267196947,-7.024387581513806,6.220129437583488,-9.175835843356147,9.935655399352422,4.83742309831284,-6.430048362006574,-10.575836793283036,4.876557279357029,4.282983347167727,5.165442797336085,5.940290529795287,-7.699181712682958,-2.5063452190996793,-8.21534430771431
9.60674875032251,11.378602225196198,7.804354821962282,-3.2288265994954255,-10.857559865361917,9.706887586600727,-2.3037313628927887,8.962499949098042,7.423461664413801,7.944160952025729,-2.9527638778302596,-1.4522703643771295,5.417408148983419,-3.054408856095141,-8.28281545100215,1.194065551231244,8.928173063199417,4.230779151607725,1.9358599344247667,-8.064503728143903,0.3377150212548432,10.336198010884797,-7.100711554141772,-0.5360267440964981,5.978064017422499,6.355394541008447,5.171615358196043,4.755639087049641,-3.4864768868395997,-6.645158666921651,6.951902285005508,6.568954667438692,6.966784062529898,9.389617357827303,1.0748455111816066,0.20642138197484153,6.000961997206617,3.0502463331549845,4.719277417988813,5.058377042179032
-4.916479001185543,1.0571270093938137,2.065530524495924,0.15389500511830112,-9.393487020875966,7.455632483158389,-3.582280279547811,-6.484324339389752,-10.440652443412109,1.7733139995200482,0.9246024808470374,-9.831199732248718,0.3050448347933761,-5.228169511719742,1.3393540447097176,-6.287854683208696,2.7773234921847774,-3.0777629062815857,9.452531160557355,-5.235467393720391,-3.12731422019215,-8.547625033828451,8.682542813081255,8.485816225118764,-4.2201698798241525,5.942793793147326,5.629106434929652,1.3562477119085452,2.1419295205383326,-3.6767949449724346,-10.088022570406396,7.940957539026552,9.492881909115308,5.552672135864497,-2.5156082952751673,-3.383671801443266,3.509910424967398,10.160948556582392,8.470470071768105,4.749443990267059
7.109213525697645,2.899524996743038,-1.6190598504096172,-9.23654976342924,-5.495533536390177,-2.670409976434406,6.27543814268881,3.1439177901553874,6.656506176172863,-0.6795938599962146,-8.726638565445597,4.907751238422847,3.8644105696395146,0.9254151645617251,4.415005772797314,0.0027366124227767297,0.08831491050212392,-1.272417529578744,-9.469266910151731,-8.82883048785802,-8.744539222736293,2.679442573432493,-4.701409386339367,2.412340379499849,8.627759645238983,-5.167415970421806,-0.37713701258558285,6.952838380247581,-5.569386112481436,-8.113004316989379,-5.19297375972758,-6.922767005687923,8.39489049309159,6.347234624909993,3.00083560884548,7.989040252582416,6.31108419428225,-7.479341448908448,6.912712864058472,0.240437218849341
-3.7701237181891982,3.3001991136709337,-2.015857862494953,2.4584447299243535,8.977317360849197,-1.2986846159700627,10.182404416823625,10.184944480726106,-5.902296298975019,-9.002835232306634,-8.355225163896383,-8.139460845629204,-9.431376200804065,2.7820108901339555,-8.339235270063957,-3.77328484814727,7.865150677094097,-10.873254522762904,6.222423644145518,-4.5499162470506604,-8.708947418232695,4.813403427915925,2.4870726459695938,7.415365659693779,3.87671741880928,5.699753024911582,-5.3809361374944364,-5.587442739041117,6.045111029572474,7.816756310147532,10.244156216934918,-2.0868650550845893,-3.0286015072400234,6.018907258580255,-2.9830656403787295,8.440938365729416,6.906176459984431,-0.2489290317271422,4.585574012012906,6.4375334085296885
-2.604493155439702,9.293307653968661,5.247775345944641,2.1597788070970902,-7.326060805701799,-6.686019600377639,-7.764696006776238,6.297007616087643,2.155269909011052,3.4613307409817358,-8.393263485159109,7.875010138456111,6.089930968736847,-5.376005911369956,-4.797976626623647,-6.397660064004311,-4.470354667502444,2.3762857020853474,-2.8091135275739294,-6.374223152659243,2.6770723445009224,-7.712177011311774,-5.178339846426351,-1.9644066868268126,-0.6347996018880817,5.139440597123545,-7.2868287555037,1.1571460965523772,2.498492555199511,-9.170167609379428,3.9975340340764323,-7.659602292580322,-10.224493311219149,8.285802675185423,9.267054645135689,6.411286411651913,-4.148960674388917,-7.694502323358025,2.4331211060526936,0.2468144788652864
6.967012327706229,2.0031062508367787,-3.06921726618017,-8.155065884377626,-2.382509258655258,-2.3051605145249634,4.050650560254112,2.6491431469770013,8.415272656444301,0.5122962812979583,-6.6691456125291735,4.201017911628552,3.9616783199094323,0.22660757514433383,5.691977113410635,0.21813750671216042,-0.6440227857945033,-1.4046100219397362,-8.860393108146313,-8.993398117641055,-8.266419084460901,2.350677076715783,-2.455267265896815,-0.36203862248184415,7.12470399563768,-5.47229240686422,-1.8874896623647264,4.722542864089492,-5.640038111740664,-8.12643665374795,-4.376150311521038,-6.841686648871919,6.884726647648865,6.554105607298812,2.5788718325168016,9.039504784237227,5.133876370728332,-8.076894150778799,8.469248463729599,1.1333718566260145
-3.2940959361349904,9.66256656204218,4.51893068762032,2.39270212784776,-7.76711936895337,-7.317567893599357,-8.115946398808239,6.9506897634069364,3.7492640860975808,3.7618153703063064,-9.363625388332066,10.330787875112977,5.230487083075404,-7.514026598415253,-7.889156970428083,-5.069325699504142,-4.467013286701692,3.0533279183130095,-1.9253472258150737,-3.990865892842124,3.7791678470154655,-5.20402989880004,-2.095603452659239,-1.4643969035330235,0.14546221015218186,6.296046177061456,-5.228163280666168,-0.26649694805630086,1.0300924938185427,-9.074366203010998,1.980712415503838,-7.042745575581445,-8.002580692837695,9.933015953637177,9.401047547783035,7.645477043384483,-5.049413730666092,-8.24021717915204,2.9678382096403326,-3.0634867422810332
4.31494586237748,-8.169778258676411,-6.547854361966648,8.102809058606738,2.692215518634918,-10.30850035158867,-8.18485645004269,4.080370010618561,-9.621395371517744,-6.898082885752153,-0.4258466036989894,5.3359542383904595,2.377771080101241,-4.527376572369547,4.419338078638802,-6.548468772793869,-2.2397305592840304,5.184368748760023,4.328003337681337,6.80205950914764,3.8563090759739214,-0.39635504463558235,-8.626720507031907,-3.9186772710426006,-5.070736496403883,-4.6483953929121835,8.855631007394766,-1.2742034130260103,6.984318459992256,3.5080091335952366,7.205983236707004,1.0662679971948275,1.193888640697409,-2.2750997215668645,-5.512973247301762,4.323807590514803,-5.362945691310237,-10.069959736241334,4.343871234588159,-7.595126612469175
-4.530996263014698,8.913005409496789,4.0414412556470545,1.0065817929554168,-6.947750616319223,-6.5161389624232084,-6.745129824426066,5.81163949593549,3.1816812781646977,5.134553116935981,-10.367402853460652,9.601432997825917,6.191219566670821,-5.567529206015738,-4.854369642453437,-5.7263035703000105,-3.4065467675758034,0.06481931269011487,-2.84515629208202,-4.383885406579569,3.443666049311505,-8.73729064354881,-5.212196397472332,-2.5464953978920977,-1.863255100506543,4.91099578074506,-6.430122938560983,-1.0809286359179169,0.8741695310244815,-8.367563828812736,0.8435272557978024,-8.187389660749007,-9.328993119828304,9.709666247576513,9.115718853494297,5.7033658842136035,-3.8633658190169795,-9.792265152731973,4.1793661840181695,-0.813515093804329
0.7849331491295382,-8.172194382737658,-5.591985073151859,6.546337861195406,2.61200942383926,-10.42707331942797,-7.168067988985988,3.428682833373394,-9.494064210415184,-6.719015072894587,2.3030075937160754,4.185314431548966,2.3338014760495605,-5.4158987584678,3.8747033839846674,-5.09261834354441,-3.911775749181458,4.253017366814168,3.19193019369274,7.040257838500112,4.216213691052714,0.9512161875766185,-10.107358490933457,-3.009554737274642,-6.322383405282068,-4.704535158321752,7.786313166700125,-3.126416569078893,7.478596645267404,4.166723124706403,4.823335955118051,0.06514684525042799,2.118054269484441,1.3344144295979758,-5.3173454923177,5.542949256862572,-3.520245692331343,-10.722803642767063,3.2691380224604036,-5.6091254596867985
7.5726081554260745,1.3507453085802392,-4.175174166560953,-9.919578795016198,-4.240745898343411,-3.5243029739520413,4.865738147926986,2.1506427916902995,8.813538557921714,-0.7639067547509796,-8.395837514499485,4.491188011703335,7.179253805881765,1.560704517925043,5.056487971717614,-1.6515494288308892,0.23524426666781123,-1.2142515077408922,-9.879198356373667,-9.507556098374911,-10.221981675768749,4.182746686163366,-2.2788793747430054,-0.7152253459105418,8.82408626572128,-6.192728201792674,-0.38802525729245385,5.35625861875521,-4.474395191551017,-10.175495150606679,-3.527333839799751,-6.783248318604415,9.445882117642302,7.077275389386189,2.7338598196832193,6.828382164658441,6.853137720161785,-6.328753321684411,6.9783950162719135,-0.13330739314467177
-8.266674847916612,2.1133938679738677,-8.985235064425535,7.351283537603408,-3.17148731676924,5.328223272278085,-3.798803741931341,-0.10228983681938009,0.761830629411931,-5.588179161971759,10.669549210321685,6.073143798085865,8.891702039755552,9.394558778857403,1.64516310317018,9.468404038829242,-8.518212757312888,-5.649319793606202,-9.20901678657969,-3.5492455673875236,-2.6038407236725694,-3.228165333341388,5.841824144930054,-3.6051657186769224,-2.2603162404072754,1.8317692278193012,-9.566629199197784,5.478680875870392,-10.320976463966637,8.78704803859509,2.3063807196991077,-6.162675947010494,-11.031499476689264,6.36913382589312,2.5120256180698184,4.663055213991787,5.010490655598587,-7.0171540001295964,-1.4193285673689224,-6.897273206487123
6.566435180842077,-2.967139533462582,-2.686180881428132,-8.01855476595636,1.1697989857618465,-9.700414471436149,-0.5332584333410261,-0.14924568393832027,-5.2771970191009885,1.4581157117418033,-9.78746514093802,-10.258432688820086,7.376225906107831,-3.1306605902063467,-7.685451949958416,-0.8826631248734591,7.471506916584336,-3.256512054508224,1.6774109379756565,-7.0669643189555424,-9.058178960365437,2.2308622241760654,1.1489355186025163,2.848360198731531,2.0225571348346483,8.638435615824008,0.34652763559884847,-3.342204288471102,4.688890181436689,-5.312126503434794,-0.6671245686364584,-9.81408310288804,-9.35925540796731,10.490921825047558,7.105072039355939,4.254970865039938,-3.841092560892367,-7.356026375000981,-4.817057312987238,-5.594303954254026
-2.0544652818693567,2.4978835522644443,-1.620211435478758,0.7578110563859499,9.332661846082061,-2.6549602023785104,10.074146829458725,7.6800540026929065,-6.208961886605204,-9.899468384988188,-7.424963135647106,-9.90273918053857,-6.532270277545541,4.364945485595421,-8.491727257067774,-2.395311373097867,7.302615068811197,-8.52630116442871,5.42699815212144,-3.9017156462908837,-7.133981586963865,2.390002242061782,4.085482399687374,6.389108012836344,3.4024585114786134,3.220933076883215,-3.885452608747072,-8.094274551320224,4.495375546460192,6.974563172818495,10.002155749706363,-2.371343722383731,-4.150317794968801,5.420646329428434,-2.3286539312865884,9.315982958823987,8.955035872767757,-2.0735780258299403,3.7003876621157223,5.400808460538069
8.386426545266236,-2.495136052019879,-3.880226368428641,-7.538684317967246,1.6945027333398193,-10.198877881926688,-1.4769211726863518,-1.1805587337968695,-2.551730529636734,2.8320856263572223,-10.67914001139723,-8.454128552223917,5.8779888692435005,-1.8813766354250419,-7.954863316121387,0.08151110598812905,5.111523794214552,-6.34093479172445,3.857080891613309,-7.394523707043161,-8.856417038294566,1.6516607953487696,-0.8143692830433293,1.5201392514130996,4.996381436811193,10.25257814505858,0.6054145122796573,-5.423565216253399,4.841389371036325,-4.166763108254347,1.2059007033539895,-7.212959708096253,-7.915680833220077,9.592693715748801,7.052093391033495,2.885998654617884,-0.8691190586629862,-6.607295301124088,-6.1785267711145595,-4.964455683827159
-3.035336787138575,2.2179643587836746,2.5839000616325167,0.7571651036345258,-9.375645860489145,6.640027925838731,-2.0158647618559566,-6.688763585591819,-10.42175215177935,1.66644279577841,2.8366744247213527,-11.006585246764818,0.3810296277182409,-6.180366533192319,2.2787416413357224,-6.359244039514782,2.2855801666869855,-4.006862724240377,9.405471969236622,-9.180414717804219,-4.155350674302184,-9.530369110576656,8.007735898722425,7.974845815270784,-4.7288294969645115,5.5915543101408645,7.431359621813319,0.1728583818326458,-0.6040434377062813,-2.456266241015465,-7.075372638148653,8.533684766336105,8.083212955482226,2.9355507129403766,-4.701477454508412,-2.8587693375500143,4.590344974863802,7.038066355950063,7.203202031733867,7.112687310596032
-1.6917468376628912,3.0339439538805477,4.047960793999046,1.0938476508478978,-6.480674869571555,5.086130108596326,-3.236112452898465,-5.986306199467249,-10.121017014710214,2.397443085528575,2.0612045612690313,-10.322427747203205,-1.7572266469121878,-3.9114579790784263,2.671906314243702,-4.3457873850838595,4.621704688568815,-1.8171948606382273,8.14837208045369,-8.295931152767555,-2.6557014050978847,-7.802043584461201,7.1546020500859555,6.0299286511113,-5.799871174840471,5.02064814594981,8.557721922035622,1.3090053792981569,0.7419543633614176,-5.499274553820487,-9.072429992191518,9.319494216673778,9.881937537163743,1.7686100596260736,-3.3022425574505876,-3.46567480845695,4.098874502539811,9.128113454481404,6.429766939936224,6.063980608088783
-7.759436557404793,1.302766152296563,-7.773087231884982,9.75880625184597,-5.106526144933573,4.481148592064111,-4.714731305980458,-0.5055424511658447,-1.4162502657587681,-4.630042687590929,8.527712706215095,5.376123887475231,7.879654489355499,8.591712256883115,1.5823659155043623,7.132667810029385,-7.788487394775549,-7.514072776427324,-9.932859947104731,-5.600282499360794,-3.650412318407966,-4.394490194801604,4.610214144935664,-4.346079190749929,-4.383678722385193,0.3103147670719172,-5.189478864545438,7.87783616110517,-9.376909589155737,10.294876350413828,6.1941779428125985,-6.623165227340955,-11.385099194026155,6.296930119788624,3.9643012021382322,4.144378863849128,5.8677238018833995,-9.269836572323792,-3.9826829766936904,-7.573535839147574
6.447371951241328,-1.5421313436179083,-3.333100094817076,-7.330328635642298,2.03103591000426,-8.615735823768741,0.04397463488939257,-0.7586729281859792,-4.945520949908489,0.4486172521625009,-9.200693940371414,-10.576380557139938,4.470964036119946,-3.0336645083183162,-9.667868799449751,0.703603395817044,4.142241538594475,-6.524159198143365,0.17739354322230438,-6.642948486316094,-10.429280463605924,0.26309139681506455,-0.9790361602591162,1.9129302215833597,6.27364845547744,9.81451832451604,-0.3976240302866738,-3.575044020830544,5.3431648386874615,-4.675775554586102,-0.47670286685431673,-8.761970363061721,-9.272993657765745,9.489463791206758,6.393456762946374,3.183558132203905,-2.346124468319064,-5.834928347048008,-6.088842441602828,-6.132936367976565
4.6435239271198085,8.323364634189069,-3.991980156595014,-8.795150755042462,-5.091646992013692,-1.2568107237583035,8.470637970546239,6.589800460590978,-8.420847269307012,0.56736896593563,-2.3128018185671326,-4.758597333068149,-7.036954148872392,-3.2118532770693915,9.124489434691009,-4.132928390630427,-0.4499746903871844,4.819821351726139,-2.9513473767273943,9.355558656170121,9.5287674947865,-4.699065738708908,-1.4843563531263548,-2.6961817172097486,-4.18200796054997,-9.464914315731495,2.6221326847676836,0.29012265819209326,-8.203362285510511,-3.8890870431168296,8.883163948329342,-3.857768280933036,-6.218478009204566,-0.3714310147773019,8.590107926135182,-3.4910966367654765,3.2049875747704593,4.759284893213828,-6.983975937916446,4.902800077549303
6.5372643141870075,-3.6450447523167657,-2.837657010885591,-9.057821890867778,0.5125200750477359,-8.962491431889452,-1.495708904239227,0.24658043717327005,-6.455453304208392,3.75486545391124,-8.448170971744311,-9.747842278342654,5.552930277535447,-2.785298374541617,-7.475323336559959,-0.8311013684185597,2.849334833049857,-6.2096553575798055,0.8944349854804914,-8.121670753401098,-8.788284009967171,-0.3461200669789489,0.2781181645466769,4.511639721942215,5.2969552007241925,9.064788818541787,2.617966292959885,-4.737807953146725,5.091029170557518,-4.693869145466443,-2.7515786512635936,-6.640563208526835,-9.309833092981568,8.463019436658708,7.16738936164888,4.0655399701718515,-2.12559219584045,-7.742628765404565,-8.307471072107386,-2.8083410392648673
-7.2514029305905385,1.9717642437312275,-10.71003505611993,9.38898454680087,-4.644485998453245,4.088276222309121,-3.8677731948477123,-0.44107220657011015,1.685078366266925,-5.648479862383837,10.363749521030893,5.489351831843655,8.190156807963934,6.337760013529134,2.7773728443611088,8.86137418290632,-9.195932591825569,-6.61891642491372,-9.56221303374068,-4.976377816717131,-3.044136602815493,-5.706849721328436,6.1622711711506515,-3.6036309644577766,-6.008314727119133,2.876511893734451,-5.928974769475516,5.264920193560809,-8.236565729750975,10.155203821831641,6.6359812407066245,-6.84429139597663,-8.797450873545525,5.7613232648897466,2.80128447278373,5.3042799201342445,6.7161653578413425,-5.931197991787508,-4.030410694204761,-6.983699124416617
-1.5302549094794973,2.0544707965291433,1.149161234303587,1.2480901691092354,-8.741423039177807,8.49584068209316,-3.28821414657682,-6.109370505361249,-9.553741060520478,3.4086941976918084,3.9098416967354703,-10.076742939599084,-0.5522225406198269,-5.543557550605459,1.9258089710341921,-5.483793978221227,2.0104127080250858,-2.4048071023223225,9.344733319822625,-6.907461696970477,-3.8959559520104987,-7.0702708684816695,7.607832977185349,7.524402411122808,-4.189325873716532,3.6625937001766933,5.66940499260485,2.3015107485536106,0.6797061386056633,-4.419958771051815,-6.608843637208768,9.06183570784114,9.128490549597652,2.8547090753148314,-2.4254690581154765,-2.802211933182466,3.3097891096263745,8.244948991556585,7.998089469040812,6.181240278674296
-1.8685000904225568,0.5103411812114773,0.3967829835408294,1.4242324560858695,8.75613835260308,-1.7120975612300944,9.91166052032109,7.690640321785025,-5.70401526305232,-7.56404944100999,-7.529542229249252,-9.888169474206343,-7.814490023223565,5.042374531949772,-7.7922510897799695,-4.7835545483968165,7.484190033601512,-9.080403380091626,7.453483175490287,-4.330084991602201,-8.00604373896556,2.5665784928260704,1.8842625286063919,8.757385840293352,4.899377362776896,5.969830794269994,-3.0636847659813147,-5.361606657059559,4.276549479189158,7.337691118971614,8.15152180933433,-1.2881015198710473,-2.218329886750469,6.678041127478392,-2.8029175186941364,8.370586313268285,7.0026922958101565,1.273129534243652,5.100061803811544,5.6879331736412
9.910246073951388,11.666402037812247,7.128363302587036,-3.4005586178143945,-7.005562360586767,8.993066094058882,-1.2454473550221457,9.217710639211228,10.480835542756497,9.67143641815749,-4.776210699341632,-2.394922155150829,6.6720063017692715,-2.928694920055169,-5.3877516286275755,2.75695803450012,9.4898137658359,6.439928724743076,0.8264704185798855,-8.891010677017334,3.7694888272996048,9.9239093216816,-8.5742600186848,0.0505300756372859,7.803120092656381,4.169124117176733,2.925654132810772,3.84205254321631,-3.8747103959666083,-3.493032075729901,4.243418262677426,6.292692821549039,7.8609562597103775,8.174269811381052,1.3200708742896299,-1.3402353404601435,5.264814077959389,2.6692439693044134,4.752062114563374,6.134360974768141
6.605971281506229,3.735218208449779,-3.879356649304686,-8.434750955486313,-3.6170188850092173,-2.0346165432079406,5.563535924433641,1.455890806437142,6.5567016847514905,0.02320832130812056,-7.672452728613132,3.809723960506135,6.23132885633242,1.4130033334788359,5.471800985980664,0.6557405680428645,0.07954759269631712,0.11933935264354623,-10.279665088351106,-7.185242393791823,-7.937583447605471,1.3509127360035085,-4.056215554325915,1.3136212161796141,9.308574026252884,-5.1856510174107395,-2.527012632964266,6.066958593191735,-4.240487587585946,-9.625065151936536,-5.408884590691019,-6.550317572936312,9.223313680280352,5.863338506058284,3.347368950190819,6.7190751969169735,3.958747938908555,-6.692499894611879,7.914412116312658,0.5110048784165575
-6.434302757801182,-1.8392337716556373,-8.90279104705338,7.909736269856497,-4.711005976032972,3.7094396887539314,-3.9539809169846016,0.29777357015043565,0.7203304193109541,-5.332594687701177,9.81045251541867,5.723240004959652,7.5190271101915,7.517967265339821,2.8566687365608767,8.475181273586257,-7.570618489372471,-4.313830951289462,-8.056848152580423,-3.4002350470349705,-2.7374433764060866,-7.1265689605779805,6.406365260565736,-3.1909459619450633,-3.990943611857009,0.7000164361902822,-7.501900559941541,4.264540684573575,-9.448954955554651,10.214389772810904,7.160803017065842,-6.123211753062176,-9.561746583953829,7.261706726049487,3.3262529407520933,4.94695740410519,4.684916827386756,-7.654282526827181,-2.679282381162815,-7.384166995515966
9.956581003959512,-2.8344073359111954,-2.865760408832956,-7.42376722182793,-0.007076248658085094,-9.234725264000762,1.3059180176056142,1.0106400908373034,-4.161397301276663,1.8373017517377206,-9.785471281645211,-8.938545552650842,7.22728422485347,-3.1280072242655166,-9.949541485263126,0.9104827063748415,7.532997138492321,-6.0598408581192675,0.9866461336234011,-7.615637715392161,-7.222533312443842,1.1564662010781948,2.5374024863686406,3.542266575589845,5.228677660130923,8.99904090650858,0.6114138567771228,-3.570341497892857,5.839988174807421,-4.837220102709583,-0.994958118428724,-9.727217357291408,-8.681266732409275,8.375223000778307,6.46933118523941,4.250044014909125,-2.7482145301101153,-8.500576660888338,-7.254305824275786,-6.426239529291793
6.831292312541886,8.211610477128085,-1.3068949384512552,-7.39502109337816,-5.582538570229698,-2.3143461845942968,5.61605195149429,6.388842569658709,-8.489858575464263,0.23291596656778615,-1.0865328130496903,-4.043596190604507,-9.961156795533809,-1.968822807227066,8.913590990033718,-3.100892987944451,-0.4525907868809288,3.3052547794550375,-2.2385620626011327,11.820239454750684,10.252259211657124,-3.6988311620741765,-0.24703115241370996,-4.582638028250235,-5.083995064029641,-9.750534777606033,0.13850424642741155,-0.6713388783143717,-9.530778131060057,-4.602428889662612,8.297067829080367,-4.8463113180349415,-7.117027930618498,-0.7923878807914962,7.749650438946494,-5.734203178171785,2.4702603104305667,5.698459054852955,-4.337961723458313,5.502898039297131
0.5614595408804106,4.205068307749767,1.7888224346971195,-4.12727745723633,8.48672401611842,4.281089674757467,0.24752018934357145,2.1104184767986958,-3.6144713664811947,-4.363023197063591,-2.9192112016539964,4.689636608085174,-11.2603608931958,-7.245480503381705,-9.71427471986002,-7.879337083372283,7.595530642549927,5.607812876287597,-0.3795533774649234,-6.965494025817815,0.29508854763486375,-0.9815459965924832,-6.348752583315561,-2.156953281699476,0.03887412092184084,2.2161368513389164,2.7280833088715264,-8.703933942925591,-3.5946930317873034,3.838569419951302,-0.9626043791662975,5.87832626140505,3.007348619675875,-8.020608956160991,-7.026684515800027,2.617682294443257,-12.690941287007993,1.915460143594307,9.358110815353191,1.0880513091273623
7.108567821942087,1.5995147665987601,-2.475255236271587,-8.322982727586627,-3.850205433870399,-4.2938190568088475,4.972643872077583,3.4418503164529,7.886943263728161,1.0480003587059168,-7.14847776315915,5.178502962027934,5.349266387873927,1.9012084046469018,4.622562366422045,-0.582486435924979,0.8040201411222614,-1.1070801512716262,-8.98400564217485,-6.741778567855182,-10.796387458080728,1.7537556776653123,-3.4833077373992127,-0.5529498085094045,11.52909771981122,-4.498435797852364,-1.8706723882175635,4.595553497777114,-5.904198973360595,-8.430261142108963,-4.092989009103381,-7.232273399613424,8.32080080033156,7.506692166522935,4.052580092859504,7.681245783689233,4.732181810745553,-5.73009566564024,9.405462411410582,2.1566259402753927
-0.2843905483434628,4.793964069467591,3.78930486915023,-4.751103392988467,9.710986641380515,4.425760502316225,1.954508741574974,1.3523076315443254,-2.6631102864529033,-5.285958937195498,-2.0517610314724815,3.9981367446283587,-8.662443208395688,-9.321135324246887,-9.326693035159236,-10.59850008072324,4.499312316036914,4.439608992375728,-0.69433452688461,-9.440415719810458,-0.684296355648133,-0.08873935745937295,-6.904112268788865,-1.5216481308089382,-2.4283618823755813,1.73469982961437,2.106535742609798,-9.718617170854847,-3.2608905835436497,1.4999037165939242,-0.3169871461160755,6.489868971438427,2.102174001863207,-5.975296803014453,-7.355989080074688,2.8482827895229126,-9.403300801236725,1.0229476595996676,9.871636185290148,3.24766467259392
7.962278365030636,1.515810006499286,-3.275966926560178,-8.02104138012451,-4.439849002525184,-3.325848878768145,4.177032230035952,3.4562980860424397,7.979572020011168,-0.49919382233174625,-6.049765121091989,4.927201886828201,4.52534910621166,1.1396800505921632,5.34344481401156,-0.043768500086973236,2.9791658642473764,-1.0783277401180111,-11.527520035222873,-8.384970431850876,-11.303788373761124,2.3984099682297684,-5.700190608199895,-0.7001766477743717,6.630607948887739,-4.629995239055023,-1.7918021766585277,5.413985078359705,-5.528588078736077,-9.854699553628558,-3.691449572469904,-4.853349694650459,9.003165625458006,5.736482991970773,1.2400079541030247,6.52114483299439,6.52648119455435,-5.1954807954799085,8.112046144521532,1.5867321280189974
2.925703008473149,-8.159221327393764,-7.950917600483547,8.24172865680155,2.1360450323168325,-11.007353073552423,-7.0510085958165325,4.1078891769289205,-10.188505409927986,-6.982420295041851,1.7009397249270681,3.6372408107420577,1.108316989531857,-5.027677253388877,3.4303251062122087,-5.6448613044815925,-2.0341354688631696,4.795849628351685,2.9943929168181675,7.494135485347156,3.657591789880899,0.4469742993316481,-8.186803158972523,-2.609531410885502,-4.423925749736664,-4.830985191501709,12.04765232382637,-3.3139052772520365,8.821022723740224,3.8061483257783166,6.389010044756495,-0.5975735327692331,3.202745722794808,-2.3416289883629196,-6.778406941256936,5.6207245024529175,-4.754664354605402,-7.9172161465707385,1.3976411734649563,-7.569888305807029
-4.709090785595922,3.755314864999726,0.8115397020379205,1.1679451524325253,9.77947259818607,-0.9991911171163008,9.445404985853065,8.921243648996652,-6.0714908068508295,-8.664942134100095,-8.64598139998028,-9.462541040034795,-6.2242839497719284,2.757640560269246,-7.959354106210721,-3.2995323166756645,8.372333988384657,-7.871667975067299,5.365092148225154,-4.937119956438305,-8.156289710063508,3.450543919605686,2.180408448880138,7.89650478971142,3.8500339012335485,5.358827113392795,-5.149898859087258,-5.958584631706016,4.948526691145835,5.895393330168116,8.968223142177028,-3.351700533445219,-0.9281045568012531,5.239531527025154,-0.4734367506566093,9.38793790297228,8.997507869877811,-0.42663217298552303,5.1759375135169154,4.493199923633666
2.7989531449563403,-10.071959118375283,-6.120555253210947,10.10913898217559,2.8409645380582553,-10.603720559477814,-9.052515021858323,2.31706654865371,-7.895456442693579,-7.111166412171463,0.31203239350369527,3.679467309726631,2.72231814144631,-3.9469634510013005,3.229106935934414,-4.074375018403552,-3.3699139403635607,6.1368546157881685,4.575277024678345,7.0692658437966545,2.837194236407701,1.4323508985745346,-8.22127531544328,-4.302650394550057,-3.143472272580418,-4.874422115037138,8.297111909997858,-4.2055688268632005,5.5133318706119185,3.393252956632761,5.2772485024258735,-0.40215880600129156,2.0262319570660052,-0.6656942797245,-5.548615827985596,4.544306369606822,-4.4686823343321205,-11.086431077062413,2.089714561704497,-5.855251046272155
6.962617929409379,-3.0981346855601077,-0.7438670218156318,-9.314950850204491,2.5893636300607845,-8.601447727433072,-2.1772838884497068,1.4117932178933048,-4.196368828571706,1.9077592212939445,-9.05347743476731,-9.603402069431517,6.522110172135565,-2.554734746734453,-6.712731808076776,-1.0822958322819938,6.6907569584633215,-6.83886979312235,3.2194379805263917,-8.21360560085186,-10.247521919426543,1.155238101066964,-0.1327042069930412,3.817393585121772,3.810991835951986,8.022055491645315,1.859852071060201,-3.359546869938172,6.770915021135388,-5.434826853511883,-3.112382122595479,-6.755669949066904,-9.499411943869799,9.74432018772205,7.376198190842387,3.5840930688582713,-1.5947115640990868,-4.94016100607764,-6.903700375457609,-4.053040720288519
-2.4829330807864474,3.1105716169740356,0.0872386947919126,-0.8073530218742921,7.932955066738584,-1.3699344490574634,9.321262360559626,8.318887479575704,-5.372793687168561,-9.502375473399308,-6.9293674346241465,-8.815779762328456,-7.872823577623061,4.128267201194624,-7.411253253138394,-4.214326452858931,7.558863237850311,-7.790204049568715,6.929995901267375,-4.585297732190681,-5.31849775719451,4.165557809693507,3.9774485352774267,7.127908856860326,5.76922337398342,5.523193560155892,-4.035924310319318,-7.057949233511828,6.913451009014212,5.915563453156561,8.702170713057836,-1.6525279398692327,-2.0225434922030368,5.501658237467595,-3.9972494234665175,9.652463319361274,8.427435066142035,-3.0680768013460966,4.1403944019693135,4.931429835061115
-2.0876515395161888,9.281104524493724,4.300756556958063,2.3432307992096875,-7.0033598712510265,-6.422303983350162,-9.335259781753988,7.140953941119162,1.0323424423121619,4.126443945914673,-10.399310977712796,8.284150593077893,6.907513963863824,-5.540478010576817,-5.580626920909415,-6.7630353725064225,-3.5071022939724896,1.0459262049184206,-0.9163258193260904,-5.001070878841303,2.3864213767187787,-6.845982490904501,-4.149928562387695,-4.75924079249725,-0.7181106916858004,7.916050267257515,-6.366563625589788,-0.4433883295830886,2.221639936952248,-8.758613535133474,3.343632203445181,-7.847385682163058,-7.967587887719417,9.568132806318129,9.170494124550642,6.506634280250911,-2.8782671349342293,-7.174242339843872,2.541641218169409,-0.3767919384524886
7.968573981059124,2.446840356697451,-3.9280014300619444,-10.078482664499667,-2.360168626904807,-2.9042196591801406,3.88545446268814,3.4707489247291545,7.674031230951905,-0.8428110016233565,-7.172903552944364,3.523397494547174,4.871944452827838,1.347005015589471,4.919892406206007,0.5449971375553389,2.3237230913181426,-2.2034777654361504,-11.15674276142214,-9.843911627610172,-9.521884427760298,2.0650436351494257,-3.5050198774063857,0.30401149532015737,6.548112631907763,-6.829039246503907,-1.496408298941311,5.246451605580931,-5.849854688534102,-10.117545388556445,-3.7335796789596483,-5.503674709495968,8.871935487070383,5.314933700723275,2.712627295779621,6.063097722820671,7.131402251821083,-6.186754487749745,6.083023058046324,0.4861704778693314
-3.526296631789958,3.1478800361253056,0.6680143970877488,0.5373497760454334,8.075522120121313,-1.510844213167374,10.22787608675466,7.307109154129972,-4.621980710308634,-8.561552890348803,-7.4756786763232,-8.147282296429493,-7.3423605590930325,3.6598862929089635,-9.247819137313016,-0.9119817434424253,6.108490041335811,-9.21643219130321,6.7993590391463465,-3.8055950359137247,-5.508686515660374,3.9823137023719446,2.4837909997340453,9.1017183281486,4.565536730011024,6.945642945716072,-4.164918709977231,-5.530234208248384,5.73774330990387,5.7335826859435,7.966090218355097,-3.421555176315649,-4.4000168752401505,5.4370625675786854,-5.536554764993945,8.455156191696913,7.302022383931231,-0.5638930079023823,5.521801028490136,5.992742549901458
1.4398351975999513,3.5245871612932023,5.492250528583226,-4.52614007842636,8.042413381372876,7.0816669975453035,0.35396416404753384,1.462025492651149,-2.1594692594886102,-4.880753796654646,-1.949685029525881,2.508130595599195,-8.78562974209338,-8.233081792191307,-9.492841602725079,-7.47023214269928,7.322519840089145,4.5208585354655755,-0.5650835330730583,-7.279674203097635,1.4503280752915246,-3.0056298674617263,-5.451344611063453,0.22406604863481316,-1.5288420641519385,1.6396395383394808,1.5496005694526982,-6.7320741176458485,-3.41273139409344,4.034839885340979,0.45323649607752525,9.175627629781266,2.855612468069035,-8.348892381988295,-8.58645420479546,1.3619379262258955,-6.792713257959966,2.3450098495501406,9.582735277853608,2.288253840543635
8.871482846101479,-4.083619673829174,-3.6424541739958753,-7.660185407963534,3.1603866164102277,-8.531159818774007,-2.0950570180873314,0.23755965018261382,-3.289576715857503,3.3977754292888154,-9.16128367594459,-9.832208759123505,8.098030052561786,-2.8707807569299097,-8.064598321116666,-0.33006733707894553,4.204852714983362,-2.8499990206065378,3.8787673818405946,-8.949344016174917,-7.234539649905929,1.1603948047661103,1.286810433521278,2.0306809998481032,4.007699496307284,9.47461755466745,-1.639542028416217,-4.02769068457415,5.9082135266075,-3.2738360682912786,-1.8371191319558489,-7.618734262040208,-11.553478951762017,10.419998469031238,5.819255443132353,4.04975709094872,-1.4145979925353844,-6.323934041227226,-6.978038905232244,-6.236658322081384
7.305496489455657,-3.9212238231050422,-2.8522365308353765,-7.499544002270626,1.0288163487682054,-7.622562508251535,-0.06417285305839315,1.0508648193044021,-4.435231075250935,3.0065194152083174,-8.053975314460697,-10.414418372269957,5.750113107794077,-2.1615569653827142,-6.522108802518282,0.14452465278681897,4.657426202259714,-5.604966824096593,3.934502947125989,-8.252016440072499,-10.230306346452977,0.7366758589403801,1.5954505034319837,2.6472207186143737,5.7799934869371405,10.382890624768176,0.26424804232755067,-3.497726521534619,4.061964190190849,-3.373128249846353,-1.5500889345575888,-8.83082911243103,-10.042838738218267,9.709665856048598,5.590909409481458,2.9353113401614164,-1.8734662134139564,-7.160626930167953,-6.536025573205197,-5.585031316074277
-2.0513865361898063,1.8938820753441465,3.697013592352495,3.0335959419589718,-8.98567224142469,5.52415593741277,-3.408856456730135,-5.394124742158505,-9.275886840954984,0.764652467722174,3.442703075065259,-9.070151148665422,-0.1651706609604393,-4.8628294782863195,4.0681665934289075,-6.272440794129723,3.7908069907710273,-1.4359491487629699,7.87849894729746,-8.204290950773057,-3.445245263923815,-8.222409030002686,7.690530390280781,9.377255542618393,-2.6691742362025965,2.8459758784279976,6.436162953772683,0.9161734119254561,1.7005108072382855,-3.8573086201509192,-9.915208442571663,8.420325959132159,6.70153980210546,4.420301303340637,-2.779156148815588,-3.8391580461094184,4.277792189466934,7.653227940785384,8.266841428188162,6.639423521329954
4.953227775057804,7.259308852163123,-3.7220735461355874,-5.984312342123387,-5.340492878701392,0.19682408839183219,6.580618610140779,6.827527420651928,-8.321600866775492,0.6519636736247344,-2.2945015309071337,-5.087272331185098,-7.8952874032339535,-5.236730768098736,9.794167237516003,-2.4410073039429667,2.2137544648595977,4.482522870098819,-2.976131376496653,10.2706310817978,10.09876626416113,-3.326072900356295,-0.09965750521873225,-4.148012776232202,-5.018734532209175,-8.724798966184144,0.6430250113671017,0.8296678374397948,-8.382589853134423,-3.842000512809399,8.303542955834915,-3.6757839391294675,-6.230109092748675,-0.818021985824439,9.123830032514368,-6.038568383184628,3.993994280893159,4.232253385334394,-4.163856976568654,5.887300280582735
0.09610699504760956,4.344965485612719,3.359099509635281,-3.683164448043089,9.982268279676369,3.643540141003701,1.151674410445385,0.2258970009171244,-0.7972074684037969,-5.384000078300888,-4.08592850627683,5.4894690192441935,-10.081999470410379,-6.417086159085452,-9.97252929511116,-6.962468753559663,7.963767223183495,5.360851600784645,-1.5453596198019464,-6.254857409846211,-1.3802299430716203,-0.7403762808422619,-5.231305974392936,-0.8161979427360652,-3.269067229348493,3.452412022886982,3.041827470095413,-9.510120040614044,-4.049756963520196,2.9519488441575543,-0.10070263136467236,7.286106172513679,1.588671272208309,-7.159968516727753,-8.108320430449892,4.724850175431044,-9.675055412018194,3.158810684537386,9.591953249348999,1.7432685237709282
-3.292650834268549,3.3662441351762498,-0.38376890168325756,1.5760467468599284,7.802315282685691,-2.0631656184117917,8.608427743474163,9.061742527459591,-5.658163349369769,-9.269292309210304,-6.94386443713323,-9.12821914632768,-9.498143611795257,1.9886132869955617,-9.923912851322038,-1.9713056775981361,5.88204359335266,-7.658421077601661,5.2220510687243245,-5.536769559809345,-6.7567509665036125,4.860266618185449,3.1346821092312984,8.225550564332703,3.8997991007193824,6.902621803177619,-4.119311876855269,-6.816484513989437,5.106914930601936,7.197340603494559,10.201953442971284,-3.9054485544718176,-1.668410412852459,6.342897928302485,-3.5629938745801972,8.731894805290418,7.28099478801957,-3.3995790284764023,4.615751046735838,4.727880403746739
9.316583406916632,4.00876931032084,-3.717825441926766,-9.88346733300837,-4.846036263506322,-5.180066127079108,4.484744948351235,4.356827385186717,7.602592219654287,-0.25337859641273874,-6.232518116929757,3.8608004326274994,7.251232429057543,3.2176383588873785,5.288232260410738,-0.701622336731398,1.1518946340301945,-1.7967045753478659,-10.648172682185432,-6.56093280661093,-8.154968898988235,2.883719829039169,-4.975745132201644,-1.0581124279233298,8.258558766941011,-5.514026451527533,-2.1334344714290143,6.132985925920977,-4.690857372744993,-7.082259122926528,-5.195594165101896,-7.118765823606624,9.352934742311573,6.610485932301231,4.200455512796092,7.849748509658426,7.921550642087843,-5.728581020556143,8.913347417388216,0.46332989152855686
-1.522291146269767,1.9855021170204172,-1.7986319157878108,1.3604891864256263,8.241760390551354,-3.3236578912540087,10.940708722631687,7.14068527482259,-7.607772752373311,-9.396467370917806,-7.752791778728903,-9.562011409634792,-6.2239273547166,2.8917425205543728,-8.340070623807497,-2.4919985057356246,6.238490370895741,-8.830837077214511,4.457198550919743,-2.604149965121263,-6.6419456860596595,3.254068310074041,3.4086747134313953,8.862623170000992,3.412752292260987,5.469740708722189,-3.013225134730938,-6.383736234965581,5.448461198516651,6.206892013951571,10.701591683679279,-1.2347148212234373,-2.453421020222333,3.4265665670226166,-2.5439185644247013,9.344387488730506,5.928716164103211,-2.5917183607352365,5.535019951499544,5.285182549827916
0.2996840831698737,1.7318287517109794,-1.1921908202337097,0.5954287893661452,7.477430614469632,-1.5521346548859893,8.7950871953977,5.727234617446141,-5.389048732668738,-9.248942763849547,-8.089341395371234,-8.958740907113146,-8.475847369903546,3.2872388289205503,-6.111525046473256,-5.774233142259698,5.611540732759645,-10.626622220208926,8.078392392687727,-5.0075178105740505,-7.396494572721204,3.4606651043606886,3.1820572779285667,7.536726722829565,4.954520072277288,7.356864979000151,-3.919038901724905,-7.186276501861806,5.3243620819057424,8.555347533693167,10.375073309017225,-1.5957368067924682,-3.9301912369050367,6.252677745504891,-2.311702314757924,8.927869658858596,7.282349155954035,1.4124202286743008,5.872849104954354,6.33088574353661
-6.112291156717443,-0.7572960335847421,-10.885218834768493,7.133860849705532,-3.8301015413120383,3.50517682445985,-3.894655856900534,-0.10773338175535319,1.419565494418783,-7.1520157404796825,9.697358123933768,4.7714018984093345,7.892319446008729,7.2590595737279635,1.5825921297377405,8.38865486452863,-7.994694163850495,-9.768708043045539,-9.903104779536005,-3.884963362090752,-0.7213921676020294,-5.653021972904215,6.737546801138501,-1.3699031563923765,-5.694278336199657,1.2478968890293722,-7.983787334439268,5.5393058727915605,-9.312097960357898,9.00588142359446,8.166807533839641,-5.181230497244886,-8.787819795741743,6.801222055933178,2.530890088550385,4.975101331143054,6.498336548226261,-9.372506439357304,-1.8653587619534209,-6.978282599643327
8.352591632569704,8.70731196165773,8.137742524524366,-4.521977807517384,-12.055595842517794,9.867996889884896,-2.2603847010642903,11.188360490449757,10.64280134292397,8.627384423616942,-4.761321111075441,-3.906446614892076,5.935851123742783,-4.1080146240273585,-8.98337479912879,0.6605995600428364,8.521417455704508,2.6261749619127652,0.36073830354146597,-8.277068645765432,2.656431082293697,8.910254334085021,-6.906067085693251,0.5034390552625905,7.594347297577499,4.1633582312275115,2.6069352238699777,5.7461336596429256,-2.179871059147471,-3.122431461649395,6.10359342473135,6.038242451323479,7.832106052327463,6.430122700677182,-0.8877954921343878,-0.7674489842843809,5.511337156793741,2.119582936085149,4.372144670404814,5.997300623184856
6.508819568519475,7.693674649181629,-3.357480736507122,-8.523346674568634,-6.026359920557766,-0.2840022071081716,5.3087477601097,6.2368572640848186,-9.912538646591763,-0.5569443236346391,-2.536808569287219,-5.452767819377099,-9.107758510230049,-4.255658806841079,10.912289661174029,-3.0764663006158863,-0.3707509174025887,4.478594256169753,-2.160077475427491,10.430056074509453,9.121789869385493,-3.9878563807198275,-2.093476407034463,-5.0387419341403605,-4.139318710714192,-8.932627520101553,1.279504391929295,0.3130004558403893,-9.594265223687474,-4.704029809494936,9.190091519998086,-4.2998246897719525,-8.099162885538801,-1.2681962564688427,9.301835686658698,-5.185640870942916,2.784812459542831,6.273034749374019,-4.899859278443452,4.97041208211162
2.309945529532757,4.522152567738757,4.716445801863499,-3.194586865341539,10.019105024816781,5.5471240696782695,3.3885987272984313,3.3110325133534766,-2.4573157560687133,-4.79947965850853,-3.14526319520203,7.221398526085332,-8.460692667809425,-5.64659616524059,-9.839941687799728,-8.083749275070636,5.744682697184113,2.4810248534624915,-0.9134795507275892,-6.530941649484265,-1.1602975386172654,-0.5473764312119301,-5.34711973359381,-0.4765538540812366,0.18628126666032863,2.3203739532541907,2.260243472722208,-10.188400885638087,-2.8757476475879757,1.4135993550988224,-1.7337201083078608,9.093189405108532,3.2227794316542933,-4.149844587142279,-9.427913488663886,2.4195769554223023,-10.245142800924668,1.0747555604765007,9.678208572708595,2.0758075237819544
-2.8206456231678194,3.534419530005423,-0.2846883842676554,0.8688106233894686,9.006301816705625,-1.5949034471254717,10.107187080851725,7.295340575719548,-5.336485914231388,-6.946311459011246,-7.102258330433927,-8.099100571679145,-10.694660141726466,4.2558445309552315,-8.311975760887215,-2.5934026969012085,5.771880061810688,-10.040702377055199,7.189906384759365,-5.422573061989834,-7.3943891901154934,3.9178047243774636,2.3829262687316657,8.122138912637949,3.5859200886983498,5.289501826066845,-4.49855734402083,-7.652391489576458,6.24321683515021,5.337927647915238,10.596432440054361,-2.6231497687187857,-1.8554410780015846,3.9194105403930406,-1.7753137938951349,9.75027951717793,6.6156715287376855,-2.2457600845767676,5.475223868330068,3.5647512598898974
-0.5170399318653676,0.8006927270670534,1.915560219307396,2.6120977500690983,-8.238803270907058,6.000064746285849,-2.415629783554163,-6.214399355521803,-9.532805563948727,2.010227790802348,2.893178427462883,-10.685734484330956,0.12826423835087164,-6.4810814561172485,2.914149119985478,-6.158264852425832,4.671815218100931,-1.1373680884724244,8.328863273102439,-6.750166509141065,-2.6861495327884732,-7.402710859372235,8.014412954620799,6.518719255155508,-4.339165556630328,1.49281835849053,6.076604571456007,-1.4496147836593511,-0.7433908562381342,-6.040088120438391,-7.041220436252731,8.632423183470802,7.454426459424366,3.39139894059511,-2.3317812156455893,-3.176473356121504,3.1347354331910977,7.734292888985428,7.643836080130209,4.365056526322251
4.125127300620887,-7.32614127587646,-5.377650422786939,7.812837398099971,1.6324672134084224,-9.732037206734315,-8.05500592903489,2.617299096597603,-10.452391637201268,-7.150211818916492,-0.19532789910813975,4.515867243453199,2.986928052481005,-5.822992280022451,3.1332302660090394,-6.4153912277314635,-1.5560919860922333,4.302570639498914,3.6031863751536206,7.147102679783736,0.3770693848987645,3.158622889848024,-7.442420664662033,-3.413354093116138,-4.724319150795086,-6.269390499821994,11.286431573510045,-3.0457032149062564,7.3178471068476085,1.8932114417976666,5.976605471042139,1.4230583622431556,3.3274521416223397,-0.5486422678450182,-5.716881261721187,4.53094771783418,-5.3661620156269425,-7.09112509677498,4.272205480439612,-6.268670562147987
-2.3370935953134997,2.1377454633364907,-2.083598624063501,1.6399381405765743,5.766647461845803,-2.9954805999839103,7.8820473619265305,8.249182239315136,-8.273292973945273,-8.064923137551771,-7.328350045623944,-11.26818153220408,-7.920538082048513,4.176194752147333,-7.635926656379233,-5.089416730741236,5.287911576885845,-8.03191206361339,5.467479946459098,-4.8903086795405555,-7.003608923813998,2.7655422840135313,2.313007522511554,8.441184563294117,3.2803186587351947,5.5696142783014615,-5.486032168562966,-7.225144543297279,6.19794361294784,7.541758419311348,10.06793696943893,-1.215436777143998,-2.054783382910244,4.855923238750758,-2.9457786907561334,7.319838121930702,6.209685546945619,-1.5069209989104062,3.9564503621825864,3.818130398524448
-7.028340988888474,0.7616772731594197,-9.435366013047899,8.788988309553984,-5.270050671029656,5.304264377166236,-4.578324248333766,2.5066578530145285,0.9690935339550015,-7.678421779058201,10.759771905779774,5.62855785561725,9.64110292966402,9.120402927095569,2.295955130366728,7.84524385564952,-7.254436581292359,-6.0795872441625,-8.40959640318082,-5.6471239585261745,-1.7794724892005074,-5.211605189667113,8.22805982021712,-2.2418461182391187,-4.141452060403088,1.3402316565151913,-8.179956353381465,7.667196305608849,-6.5176167079876794,10.130652242558563,7.035298954506786,-6.594834567989086,-10.686671223752933,6.350153317825605,4.572087915320242,4.1861566795766265,5.963175124087398,-8.212717483244779,-3.828992204405602,-7.163825792045684
1.134679955460511,4.854021294034237,2.955158868065454,-4.200041771313232,8.206590297493628,3.5797195082457636,1.1022121275765697,2.8048065798881203,-3.5538105215057785,-5.544483700780892,-1.0384243190863764,5.636149760957337,-8.174484193714385,-8.31259214165026,-9.537852924559385,-8.21869063327609,7.732732035598471,3.978772611540789,-1.779039227522,-6.88646482475306,2.342545649864358,-2.10243077268544,-5.132343452050257,-1.791268157897911,-2.3633739630906803,2.5866414485826636,1.4963497382128783,-9.131058249503496,-4.1190013352727455,2.9932808040629313,2.2964472095649224,6.490265334602782,3.005129294087189,-6.860789634444155,-7.602156458000401,3.253957933178113,-8.549427778815634,1.2092762902668923,9.238173833318948,-1.858322175418278
-5.172341934635426,1.8119225179978065,2.3675081381058805,1.175821499876653,-9.844559103066365,5.723957504984544,-3.4540414979081735,-6.1847415504762475,-8.80687876248463,2.261534590652953,3.8898816699615115,-9.474588104811385,0.29760093931198783,-4.805321406316878,0.6641331416247724,-4.968337932928936,1.6142727111689958,-3.344454890893744,8.507838978084544,-6.576968225990292,-6.173939869794446,-7.758653899130053,9.28626740498699,8.541305183648095,-5.538497104194347,2.8988456337285475,5.72829587513169,0.7113415784631627,-0.43881498360830573,-6.052206344461885,-7.703567721853648,8.075930532339276,8.49994765085708,2.876043535166196,-2.5150655778783904,-2.1375945095917874,2.777396957538684,7.08789554863718,7.510352527812307,5.574833391665135
0.35691730290162194,3.449439369752543,4.2273739009707985,-5.284409316092137,9.474380330189206,4.268996911755605,-1.2698556456684602,2.712130904791393,-1.4816774784874118,-6.955460724391669,-3.57913596851363,3.349930092575077,-8.98044034010847,-6.290553987151578,-8.23045655451876,-8.196293796820505,6.591381274553331,4.620085198710848,-0.5255920483956559,-7.85800227089115,0.7897489627911691,0.6449228362585493,-6.925718991438211,-2.7306118265955885,-2.217309846745387,2.0977286757304454,2.986470897367032,-8.260923886094988,-4.422329672954633,1.8462847630932508,-0.9011630177156869,8.380690612458235,2.965501739026513,-7.254195027933195,-8.050323359544826,2.2553792132102894,-9.484968565964412,3.5295828255812913,10.590895152385794,1.102099234454761
8.145161909335805,7.672843395633702,6.5776406643186185,-3.300032875019311,-8.802814815377394,8.00930105813219,-1.0358315084122658,8.730036551475434,9.911266237813905,6.708438307538533,-5.342906404158782,-2.5669984958609384,8.856733848617544,-1.8716755813235926,-6.123611763498785,0.9989664337533011,9.026997285310703,4.237448272232749,1.3613366494201968,-7.615526104662012,2.508371396136959,9.485104616720951,-8.393576494653162,-0.09346619494543057,8.346980287632704,4.7839101305887235,4.240601711492865,3.7666661520377733,-3.869774480615521,-4.366792829581955,5.164767208820921,5.115978719980065,8.547082980471485,7.844725046195212,-0.5146367482412768,1.6482855781248975,6.7808886147397445,2.627769390053465,4.466973870706436,5.680065070461318
2.5444933432520447,-8.440579610442528,-5.89976557705211,7.934584493095421,1.570298800181535,-8.600284211259433,-7.7889690035500765,2.692779561169369,-9.419828134142994,-5.812620558457519,-0.032997277456037644,3.6374500405009296,2.7925418224635994,-5.062326645005328,4.875592749810575,-5.806492161343484,-4.9847572127206705,5.961626856959884,1.8727127103670813,7.255652414927436,3.0202769472761846,1.5286159719135066,-6.475270671731291,0.39259767481049934,-6.329390057764099,-4.136300977085405,9.303963322371265,-1.0901909929522395,8.798194179721431,4.032517327143421,6.1811909859956655,-0.836834622851182,2.465727181236802,-0.031648547478657266,-6.328983459173242,3.9728184245251446,-3.378217182077755,-7.910311179363547,1.7140933594437224,-5.835834169380091
6.5574878655566575,4.985625054691749,-4.952770773655448,-9.986342424422508,-5.265931508505832,-1.2173565780071132,6.6435202770605795,6.255683397412251,-9.186813384256196,0.9312085480198447,-2.906929004229578,-7.0238819920342666,-7.6028243395532815,-1.4559142983140818,10.557936820449028,-2.972536999136843,-0.354184236712754,4.947221837392141,-3.179832217223162,8.668134617745404,7.104979067220229,-4.861971885145064,-0.6848972312896653,-3.886003424136103,-6.602547808687709,-9.092434380325658,-0.23983448437369104,1.1415207178457822,-8.448533740865129,-4.705735486692358,8.728037579415155,-6.186836449324105,-7.029727042560646,0.5838292440115964,6.618719833120625,-5.606118929447515,3.4200668179811977,5.036098688828584,-3.7901472939246013,3.440425847314307
-7.622808842290545,-1.5473896888858205,-9.236653205025593,9.235272183451006,-4.853616773853647,4.025560808668726,-4.811307963885834,0.3750996302863641,0.3096951317770156,-5.555930049384749,9.423184117553168,6.1927301435589035,9.877689257441649,8.588165583674364,2.2311180105153468,7.43927244195093,-8.232936069628511,-6.613433153632929,-9.439518178493467,-3.867927535484964,-3.206379780992604,-6.530357953656072,5.906607134710821,-2.671554014204055,-5.729486851679875,0.8696038996365941,-5.281247076193782,7.066996170333034,-6.865445617284054,10.128866608943072,6.6124052089195935,-6.749651099784339,-10.533897924549937,3.570088362959209,5.323292350994642,6.1204673406396335,4.872229688371644,-8.773058671715427,-3.5845475428055087,-7.299965258019914
-3.613616543959301,3.490105863990786,3.569635748055019,3.1125175996963566,-7.712164801692186,7.430144114290853,-4.055229077069065,-5.728250419367677,-9.564388377592305,1.9337196226068367,3.725802898391444,-10.020548294792048,0.3048062625276135,-5.8453796657546615,2.5237246831551583,-5.436006768397899,3.9941684038757312,-1.9182268017889748,7.2772950057491546,-6.826122785249745,-2.648249515019592,-8.12886819787697,10.578902041831949,5.257559803435553,-4.056800309926341,3.912485725638442,6.88602693602373,1.2802289376278702,1.1436908897451667,-4.294778702435073,-8.86383222771401,8.243510781246624,7.825044301243304,1.5682607452398507,-2.502234204412696,-3.5801689324308157,3.021254902625321,7.403094538349894,6.942829587209215,6.625989926342587
-7.8858490837656365,1.888918597485697,-10.865264855535452,6.78284941201198,-4.908183467888726,5.504483796000759,-3.968117385081868,0.21811518034693433,-0.5077047692462162,-5.35698130421908,10.344868809620525,6.291731668622201,8.16075815843642,7.1898402401799695,0.664877325816732,8.521357202223268,-9.310557288240112,-7.257759256866384,-9.519144938699915,-3.9825495599189287,-2.7644327350323143,-4.1065747676818205,6.653797985188868,-3.1530894966393315,-4.198296877940903,-0.13760537793966243,-7.076236876595069,6.194542107925429,-10.012033985762065,10.733432486380709,4.563461680706152,-5.935376570110117,-8.725145916992682,7.234905326810551,4.171480265521178,4.217644357937679,6.372918842294482,-7.844411987509573,-3.449050449158677,-8.477512456499095
6.681327426955421,2.4624816879779567,-3.5270731944754385,-8.850521679966796,-3.3722575071168115,-4.399626670244168,5.526265008994975,3.1846018688037434,7.4244225873984515,1.0452064951279016,-6.051699045662199,5.197791099653708,2.1971442017701563,2.8044890441079007,6.214102121563155,1.8823205650007515,1.69212117937342,0.12916304466827766,-8.612962614937718,-6.493478261488399,-7.377292545530875,2.9447629636538144,-5.2851109225515955,-0.13604707672108585,8.541275077905295,-4.939267832650943,-3.0389035054468327,3.4799551456659943,-6.16519935880238,-7.65266224743999,-2.6246311709016696,-5.85900664114221,9.651380333965596,6.081592018124781,0.9259926725025058,6.973991222871651,5.8146771261099115,-6.765651309114966,7.905874835174182,1.2282645982059646
-7.451535853997805,0.9017558581971334,-8.668560824673142,10.263751481145595,-2.6179313881149895,3.3300952696935653,-7.602434026671149,1.6381928896834828,0.39382924787853857,-7.104394811320466,8.993247280301805,5.056013420407685,9.402248641389175,6.33711122942675,0.8802788304301008,8.78064325465975,-7.607205928548302,-5.438801106681083,-9.882490500722538,-4.471659034000953,-2.7330890399982786,-4.333146612237357,8.060227552311138,-4.912370651898964,-4.602038563210751,-0.47875677786023396,-8.833758177858236,7.0108962604256115,-7.9643625519052454,10.187172247957609,6.365921225664141,-6.505405266082688,-10.32219517386148,8.494959185819257,3.8905758226927687,5.315275473873839,5.43178847468223,-10.367365495396607,-4.875314432915816,-8.26160302943731
9.438868083301358,-3.4297583880934788,-2.4609979529302266,-8.995388624780045,1.692218932058685,-10.431308503366038,-1.4383245905694506,1.6167832482900122,-4.702751774296238,2.7339141334332853,-9.543502127868122,-10.621876317886528,7.620376488904467,-4.11151325682663,-8.06057725582292,0.24516611915794412,6.405699682631424,-6.21006427275338,1.5310923539099206,-8.130377628564244,-9.180331299854465,0.15970203232379832,1.0291877886899754,1.5450018145709998,2.7999861334875495,11.655771696518949,0.43019305938548313,-3.366689659212811,5.121734514696995,-3.685656131264505,-1.7540568460331243,-11.217020060935216,-10.06001847219948,8.971555215634053,6.549518805909605,3.720472459129378,-2.4658557286908804,-7.275634658286453,-7.16923781337031,-6.640618123744009
8.76836480719435,7.477579095376357,9.75659861776273,-1.4830842626579916,-9.038765050855453,8.973177439385397,0.11623203149308381,8.528085389558676,8.359237985458398,8.121708895603632,-3.116708776900161,-3.4915410140506467,6.491373548760271,-1.9724667657970578,-6.1984777380622464,1.9231867671851757,7.564048940686263,4.577240458036638,-0.01831814398358178,-10.036291490185315,3.026968494164264,11.235522171719754,-7.4521057710186875,-0.17995763457972314,9.258310094805477,4.620588985969481,3.8745460963481007,5.743638906182522,-3.1637617886331064,-4.782190724054999,7.00273133370736,5.490411739204501,7.196844833479893,6.945652449417229,0.41224506559526974,0.09842338094708497,6.933923854058647,3.8565351522170337,4.5908555536236495,6.3101090815030325
-1.6228231408191167,2.40008643022824,-0.4628644074726149,0.7376141252408835,8.721869922317609,-3.09654474330779,9.007855627092011,7.565770288874093,-4.954257125452977,-10.296845646355452,-7.095180081007005,-11.379821167657987,-7.57392514727147,2.8224052341147092,-8.00990476662708,-3.7418464021409386,5.4651528635002995,-8.175942745439665,7.06601596163436,-3.859729047533145,-8.27707319195474,4.745827920735478,1.2956053139994368,5.321794148033728,3.1390950068855146,5.147630571370556,-5.114145432664403,-6.886052693251633,4.62186179819753,5.486856503054248,7.693788067847291,-1.5555230941608222,-2.8243130375956715,4.831915630292553,-1.785907903566949,8.372981147515931,7.226786769316413,-0.6242693007165014,3.5275605136024533,5.068247428025745
-2.3988189022875757,2.180794093530512,2.1308674170661246,0.8578985481233024,-8.696312423741531,7.016225738967598,-2.470164353822679,-5.592599322202108,-8.303483821739519,2.9037772752715565,3.834115396964352,-9.826884447485979,-0.5303919048975756,-5.861262659676962,2.379770275512103,-5.780999093279259,4.165537316643516,-1.5685352112749504,7.574262918634538,-5.817831632839056,-3.6056533505015924,-8.830546217262881,8.054654600749444,10.030553060207126,-5.228884312188455,2.874584449212654,6.152339323394642,0.9553958485577917,-0.18846449868112503,-5.019741098784836,-7.062349735683685,8.25860447454524,6.897195844366623,2.3176832405316508,-3.7709315791276157,-2.962869039511981,5.849565248967105,7.793322403030659,7.653573616431955,7.375155735971906
8.066391716325027,8.129485511766626,7.921815192206532,-3.262223759209187,-10.603109921407226,9.372783014016266,-1.5501448481161129,10.585376326389285,8.41789006405512,5.332628071710866,-3.9622518093588694,-0.44206650615507925,7.553720259699139,-0.4461857006616148,-6.278085945329062,1.3715774604550939,6.567732812157702,4.3485433740879875,1.5698911618065898,-8.463891322789166,2.1633656669243253,9.732976427743086,-7.378248848201584,2.4563080104006962,7.176599410754099,4.984686078937946,3.5364137365191537,4.833112866386066,-2.63341327563269,-4.408073687880615,4.2612551636630895,6.445576118872367,7.031870098022324,8.204070394242326,-0.9556099700265765,1.4636080664641877,6.822646755179375,4.429984613195935,5.186316845935021,6.508170690849481
8.367798073361355,8.944305866612327,7.737965826933287,-4.104506833047313,-10.057210990012164,9.497191376791827,-0.17485622966490877,11.77243065959266,10.96404995018272,5.8632511826790985,-4.519459759880945,-2.3208310627992716,6.937173596103437,-3.5920265669782214,-4.202553644730592,0.05397370337460616,8.009564347001321,5.564421863588553,0.7852420587024462,-7.662889474248914,3.3348019038516044,10.287576018817294,-7.0065540621670275,1.305203816968719,6.654392882054137,4.319009225588087,4.475952408370524,1.9802424205279348,-1.393593152260204,-3.824770739512352,6.340254862351422,4.57175501594256,6.054837246202337,7.866227386828566,1.0342778275143556,-2.046290118454593,6.754268380112859,2.6392472914469365,3.8159140724124154,6.169446330412827
6.04046922003666,7.386971675683163,-3.17542833534851,-7.882293710070812,-3.755552557187205,-0.22511588540658978,7.319803375473191,7.972345779336771,-11.151124803827642,0.8779397536039152,-1.275453979377845,-4.951419062194232,-7.110083166513291,-2.794933984079375,11.55906054779998,-3.6121270295368144,1.3121498156966527,3.5893893676395527,-1.9367663685264485,10.37496154465167,9.613371975977572,-3.295107141116217,-0.9393059185127076,-4.4696547453328295,-4.0908100264271585,-8.381454199425123,2.37071620089287,1.3393395010877962,-9.632114845966532,-5.567649204756325,8.47344605586958,-5.285942462774249,-6.559238837817318,-0.2383470853152432,9.372989291588558,-5.233832141493715,3.471559842910757,4.92741100672602,-5.4503811664754345,4.160733635250281
6.671250169420442,3.7110035447744147,-3.433548696700944,-8.353473298135054,-3.8955418944632347,-4.679419074714824,5.525933992836277,3.254381811636759,10.04989168889372,-1.5712828764115587,-6.7855421600334855,2.953351778422898,5.373047540011027,2.2020505404530897,3.3472084829947337,-0.329020546953793,-0.10855314640273872,-2.15113693112413,-9.106404812858742,-6.721485753711316,-9.50469500149447,2.9336946528356287,-3.5985716254142184,0.1732173296504705,7.061986840809753,-3.905710815299608,-1.4971461711285703,5.505904260863551,-6.230546319193133,-8.91962220141338,-4.381105139435418,-8.309698948368762,6.905918721653782,5.561659660649771,3.19059589665086,6.776074413824415,5.054636340391577,-7.083284475516954,7.395837546654244,0.43298587549291023
-2.992384085352124,10.588272891488355,3.4141131732257604,0.5087948037309118,-6.655175372591298,-5.8330112906637925,-7.154400065178142,6.864638652629763,3.1009810682954715,4.122943086420202,-9.76093741402477,10.281856980726559,7.301175694421856,-7.329609943418726,-4.886960306132092,-4.951818448783872,-4.540717842318775,0.8909321660821663,-0.8670694408749464,-3.914743430215254,1.6867527406021696,-7.881746154897215,-4.182661100287082,-1.5000341148668013,-0.3350001610648482,5.332904895774167,-5.234825646184461,-2.563853852357843,2.9970570776129533,-10.810705524378145,1.7884560966256342,-7.709187420880314,-9.993649616015315,10.138537532445186,8.844939460179296,6.514450844059937,-3.954645195411771,-7.5695168926492,3.7614824213033926,-2.4799423493965427
8.607362264286694,-0.9845798800327623,-2.364845016201048,-7.384568149202905,-0.021953927754794433,-9.660337509630692,-0.9584565308128709,-0.1644221948355724,-4.8051676888018475,1.7091804937245874,-9.89465837538382,-6.651202037177552,6.964286554770896,-0.7951644329154055,-5.9661385681283,-0.19438093235429854,5.437431529392028,-6.1184040711377135,2.2959867570936727,-9.269484369313371,-9.40790090579807,0.9866115128961981,1.1458244891443337,3.0020016951803985,4.462151849569671,10.377784014487633,0.06896393994536765,-2.1493182014134646,4.056126338356511,-3.9265439507827598,-0.7322004736399206,-9.105438930406232,-9.848216158546126,9.71775923266754,7.6355376573928675,2.170020953542854,-1.1926950440603479,-6.991764784140641,-5.745969372279726,-6.834417250524271
5.582565724598467,1.2576590208918257,-3.569205050810877,-7.452569006405972,-3.4091468022166973,-3.478102562327942,4.572593177294178,2.0375205338997957,7.200271438153847,-0.1283254512902165,-8.99347559967846,4.85794979474292,4.827193905219096,2.0511010262594906,6.380437056323304,-1.7971720852179252,-0.12692417558733649,-2.304707320769632,-11.30434543019124,-8.874704736343322,-6.930160440999975,3.3377181214880487,-1.795592409867712,1.000512263312392,7.409486317513384,-5.395926613696544,-1.203905359047099,5.54852897433401,-6.001378705875885,-9.970394974003348,-0.9172097543359001,-6.9167239272627175,8.26821415366884,6.275742055193641,2.4253465408974413,7.55194071145984,7.36038882409871,-6.3931473019657075,6.688469530471795,0.6252010438344031
0.39132447735826115,5.124384596260075,3.2311091414937447,-5.075826703214817,9.000797062449465,4.231810409829137,0.1987670084651474,1.9800701522339361,-1.5395724390580792,-5.211434592525719,-3.1459200081036087,5.382918092252981,-9.180724252423834,-8.822642422701415,-9.332343028945553,-11.158964863614447,6.947028321185942,4.223686233672095,0.05325659391194204,-7.889211980483665,0.3804931463908948,-0.46533960271940933,-7.21148097998217,-2.438902183630239,-2.2929080193410605,1.5507257576373727,2.5821539027219056,-9.58579680804654,-2.088666694906528,2.566153338741961,0.5102195078590019,7.572181547041005,2.994199588662471,-6.859647803292726,-8.087020563670043,5.294324494800437,-10.458904936103146,1.7572631134587249,7.608896481275112,1.4885712079596685
-8.448095001140098,-0.2562102957661829,-10.3263937958226,8.525383935243903,-5.056673870799134,3.260991398820666,-2.6255279255405757,-0.7788713106441538,1.3529101651579614,-6.316884117965532,9.058206274321478,6.387912788088252,9.66899298584079,6.950056212564547,1.7758389923637783,8.7186963830464,-8.503156706984194,-5.495321419329297,-8.814262203878965,-1.6608321443787002,-3.756733342140147,-4.6954553542694795,5.666247671526397,-2.2608260106891698,-5.9984816962979295,1.2002343733898564,-7.8115639318530885,5.309777748959781,-9.95548532994527,9.27266278580934,6.529395916224074,-6.050875052846031,-9.261877239653478,7.973870391062957,4.400902461774919,4.021343788757406,5.892659148901704,-9.063403111632484,-3.335108112411717,-9.20251160911639
8.056962002741288,8.833169147464488,8.846266268612675,-1.6404087882984166,-11.293791582613641,8.263170165425965,-1.577660239128418,8.150576358645761,9.152693808744358,7.208184718887231,-3.592187613327295,-2.2208874023298244,6.141784020339582,-1.6495298693026004,-5.781018294656552,1.6887449938168704,9.727926740226556,4.165205105309937,2.6875242873092535,-7.999598174298866,2.3018919942575797,10.436305480876468,-5.6219621489785965,1.8786416625640423,8.140309036819103,5.331984213660888,4.636357231001846,5.035302593078783,-1.5114450361916545,-4.3647471987139825,7.505284399407664,6.545263007654923,7.992377994102025,9.646760372663422,0.9739102273094354,0.9463214568968324,5.576485046053082,4.497590159304983,4.735024256230193,6.041919106562518
-1.7681313539432757,3.220197893978124,4.62872583051967,1.205304936289183,-10.180731740889357,7.5387156696651205,-5.176407157683934,-5.817624423420467,-10.898240743033961,1.3510034533649173,3.1875027072357778,-10.43836252867463,-0.10699083120558,-4.437522775680689,2.1895028960294445,-5.96753054038963,2.8531051224420194,-2.454792650381381,9.05843904106214,-8.246109533698695,-4.4903934119055195,-7.238651424609331,9.616952764911895,7.467722048132246,-5.298480352253592,3.3553563083719666,6.399923922789698,1.3469187727004985,-1.935233533193585,-6.232058473156929,-8.98317474931887,8.095182787578096,8.194239026888875,3.298209634149395,-2.961822429815549,-4.316543578134118,5.966118194989848,9.214123502473909,6.48353119527542,5.930216211526659
1.6148411823040274,-6.59721616976962,-5.36380604957939,7.806912151587942,1.231288011767579,-10.241828840442768,-8.266234754764787,3.6536025138681802,-8.85913599377451,-7.820351602408618,1.9855853526744673,4.455589566665163,2.5314356992454052,-6.601325706465814,4.3598171442432845,-6.314606733766083,-2.46832518765204,3.805945330228279,3.540364174107438,6.903851845068477,2.5916329616316656,1.2633405603901406,-7.046521473803947,-3.8379413478051188,-5.1081092015573075,-5.871950697105516,9.421593961500198,-2.822726399177446,6.072849861155653,1.5676349730128956,7.53398108937108,0.29947007339011444,1.7504397463352592,-0.4322585136313598,-6.146765668148279,4.019230382398726,-3.857624220141819,-9.41287181711155,1.7381777079847416,-6.204061908754828
4.642720192879181,7.504070873549047,-5.410987302899905,-8.502617886761549,-4.799251657267606,-0.952450851254411,6.411209013985333,7.385012659188877,-11.746822007240395,-0.15761622901959937,-2.33313154345963,-6.216903481099935,-7.00311402551259,-4.108203898432752,8.253513228122975,-5.623010605294412,0.08168925449115283,2.9725416301899363,-2.648205023724477,8.484533607676749,9.35348814439144,-5.10903984423506,1.6170118908900306,-3.4852158232114134,-6.142827985012951,-10.527149897012054,2.24649468859027,-0.8762674838154205,-11.938793405236066,-3.0775244014340277,8.885541736238483,-4.6877853131687806,-7.709425603646453,0.21673197656119036,9.008648757991132,-4.9540372695523,2.5221277222810947,6.748680757130365,-6.817485774233852,5.796610801748023
-2.781979430404508,3.0227623598066513,-0.9308094575045328,2.3200019208723246,8.683361980325914,-0.9494053916351557,7.922164569758893,9.505790164171117,-6.945578150732261,-7.7588898250758875,-8.848770434920674,-9.017216229638336,-9.073727945398726,4.696616409750411,-7.7309815648582925,-4.221174818390272,7.475590728378601,-8.587128636961024,5.366050598155053,-5.396907348790468,-8.708008178535753,2.7217406069074155,1.502764089584092,8.474228479694379,5.2592706973417105,4.373616420505358,-4.869475533980122,-7.609045713128828,5.873825229326015,5.6870490491591985,8.265675417192917,-1.5774813940008907,-1.9531461760129707,4.574560781601501,-3.4488451116210626,7.71275102743105,8.41230242897902,-1.8514775893715658,4.295583158567546,5.039531987844504
-1.215463073056288,3.829947803418251,0.9428519728609506,1.4728546512687717,7.984979994556567,-1.973065322962637,9.47495001989583,8.92219544790905,-6.957573973713492,-7.3464529085370724,-7.979202823311347,-8.796184233037273,-7.801467626807799,3.7827262466471394,-8.34237062031165,-2.9484953827435514,8.85616101346051,-11.551938670112436,6.829372600702772,-4.318936708531254,-7.813810014771479,1.5714650841554785,3.159064616852697,7.424469633659744,3.8669924084013427,6.112098580414456,-4.6520987796387505,-8.193602291423701,5.100479751975293,6.716768315045295,9.260869425332741,-1.485933629086347,-2.451526309584172,6.573751437410712,-3.287621588608317,9.416238351231526,6.8549022810413796,0.5472025089955548,4.58057975719006,4.405858357361345
5.731568268042935,9.29261783227564,-3.569065503507586,-5.8683032503902055,-4.703361822899011,-2.1026531638683577,6.411371622914939,6.361393546984988,-10.529390420024956,4.694030302577072,-0.6331554269906092,-4.696745801578722,-8.225872968634407,-1.678112505646362,9.957609680043323,-1.6543200702271246,2.2089265832657716,2.581289889806034,-3.8372474416840276,8.431853838955577,8.305005255509785,-4.6409017192323265,-0.6218333342481077,-1.9098352629020887,-2.39851023036901,-9.268722646988385,4.146612895747727,1.541715091817432,-9.421131534177473,-6.436286059293332,7.947349334372346,-5.853384317739025,-6.895596933029708,-0.12171650757399015,9.776026741111243,-4.635209828390827,2.230189001033893,5.643752584144059,-5.686865273169013,4.764309172100878
7.725370027746102,2.132914915575636,-3.6579352243871903,-9.953235201326798,-3.2138125786050997,-4.144802759484197,2.435678189756248,2.379892056433869,8.725404567096884,-0.942630943360961,-5.8701300961104455,4.693863693008416,5.554459134618315,1.0971456854723163,5.35105739132693,-0.38751170783168915,0.15238719555735514,-0.9183124707618591,-10.427448694908662,-8.91806528885817,-10.494611337140693,4.7738627729527625,-3.182537476802886,0.4759060249742011,7.093814808228427,-4.3908131163476725,-1.908912885740735,5.325191711992724,-6.400657006031107,-8.300132946006563,-4.628804479931122,-7.541185411950099,9.32805938265871,4.624699782758337,3.23285139452262,8.113697937307352,5.19379786243105,-7.088927283411751,7.628154288533154,1.0688810487752345
10.952537669800703,8.272785643077855,6.902298905828319,-0.8077370119580516,-11.121726253355034,9.249433963153551,-2.4149870756756826,7.263778030025707,8.897615747971823,7.9596890718243625,-5.3327932470813595,-1.7219506998166638,7.7855969915235885,-4.933250038393751,-6.837906354990521,2.7131000714941673,9.373688103179362,3.659103468923439,1.816518883041218,-8.741733433055078,3.4138402123684206,10.914337066687404,-7.077413780183465,0.5972992037324287,6.548664563553435,3.4633359280162592,3.5637100759638294,3.9622799700510076,-1.7475494782169079,-3.2057353640918222,6.372055997929365,7.392806877956404,6.3979601927876715,9.342147938407798,-0.5635807371307108,1.2700204238082347,5.952557114565522,1.0009919390175657,4.769494709185509,6.725399148222801
-3.3036363824653865,2.4099620440143625,1.8666558384907308,1.5133455069734705,-9.542238850456865,6.805279535165833,-3.4518906037231023,-8.080429370322596,-9.625520989428331,2.0735584018129796,3.9800152301397174,-9.872550630043044,0.9187493704663354,-5.579400753277282,2.9171087202640544,-6.261017550913617,4.745754390783489,-2.941011076404784,8.247777902216393,-7.91847760880935,-3.510870695136763,-6.304295317108454,9.066597684901078,6.415697322450777,-5.4416144112855624,3.572448144959982,5.437936223091548,0.37867619117449014,1.937971233294278,-5.776329810464153,-7.183277827852629,9.199638348597473,7.274899052097644,1.7720665889082179,-3.495536265507151,-4.104436228420408,4.64014745590753,7.736553287198157,8.102308501188647,6.994454373385297
7.43204305726114,3.1677855770945023,-2.7451314239440308,-9.20395827272413,-4.31334728511271,-2.8564306023129746,5.307360150652514,2.35779830228139,6.157066781848076,-0.7630175927692582,-6.984589282408107,6.07031259087968,4.017743009997287,0.7989726985593515,5.029940037565844,1.2317172667193161,0.41971508718124884,-2.3565061922012736,-8.932922182196277,-8.246809980174858,-10.59580355962327,1.8354349179994576,-1.978838424050847,0.5556230449435186,8.259089533974402,-5.264049152834547,-1.5001926971686075,5.391258716863468,-5.131867861960225,-8.345556713146388,-3.3361726034190897,-6.75246990891918,7.616014211298822,5.549984700387471,0.6890564367187575,9.456028919796749,6.936196129934977,-7.098669317408521,7.569335120402457,0.14996836410658065
5.784904101199489,1.9556713769880951,-2.279347456872638,-8.551003194574093,-4.3101212716097965,-2.6914776212849794,3.7596469450378915,2.8464997014370415,7.564624478801015,0.22342912882733856,-9.185343452153466,3.4146979986452433,3.5774553132434153,0.965947229580655,6.630771102723651,-0.6295352823657123,-0.05602735055576913,-0.5774552086448714,-8.423067906662798,-7.930742527402701,-8.686701432215424,1.651253684397662,-2.3349060445480525,2.3201201172311077,8.672545269710584,-7.098487038365301,-2.3505718016851906,5.723848092530295,-5.845519687333914,-7.188203249174043,-3.616813677288774,-7.482049755685708,8.626217857622713,5.268574370649249,2.485490251796028,6.874618563321804,7.248203338215329,-4.152586765448289,6.419991636563804,-1.1363714478967382
1.6741356728317016,6.500533217347145,3.9124161123565497,-5.071499515651057,9.018886085173207,6.159866587018101,-0.321595874156297,1.6193572591981853,-0.8980348194374916,-3.7510489567714584,-2.2715785247011557,4.550227294070076,-9.17559492607849,-7.264254423125094,-8.729125392542025,-9.282497630582938,7.1622059884057725,3.1656573270617163,1.9636808067439975,-7.88631734630278,0.3808297833874569,-0.7484758008170287,-5.690652272420245,-2.6213999568026747,-3.7755108475666956,2.2865304536201707,4.755928292470607,-7.885598970019316,-3.316194137201016,3.03328572425782,-0.573264306228805,7.556213511210746,3.678266508624938,-5.814832337473273,-10.154288749149012,1.5827975752714596,-9.545344347072522,0.6830882898047126,7.694882758514229,1.781340936740514
-3.5475409545103873,0.9272066558427077,2.847891428365203,0.7144225479577558,-9.714072636287344,6.650656386302424,-4.158333333639484,-6.26033972369622,-8.45857355725632,3.3104688112288723,4.460176273214937,-10.389684171273084,0.6107762948148144,-5.406977374549217,1.5713268535580966,-6.1144386352078985,5.675427099967034,-2.232866469802248,7.14041709500929,-7.219312445971516,-4.39238517796808,-6.86692406830193,9.018737357296386,7.3758770141448755,-5.172331711552709,2.987446619068033,6.352718498366638,0.3317812106477048,-0.7947415138813076,-4.024255235296319,-8.523345620378974,8.111358263235678,8.293643094434103,2.9840496251205733,-4.39322217612441,-4.69164867229863,3.930421052712796,8.337916731468496,7.013778617828033,5.242589563453243
-6.843501061933583,2.2979001028078545,-7.12713468265952,7.499692698572347,-3.2005153751885094,3.633613876838541,-3.266682662074031,-1.2909104080871123,0.763819821477397,-7.115734479826024,10.21975137018448,6.573736967625096,6.715492480267471,7.874512144548705,3.0798610810159546,8.25080573814889,-7.501086313959245,-5.729177283990012,-8.753793989836613,-3.76470836280301,-3.443035010346069,-5.69454951194711,7.284102697493906,-2.845475210609331,-4.519822050859609,0.4300316208426172,-7.4867043459854985,7.090851409568934,-8.84423120827261,8.396674018708778,6.188547161473321,-6.230563033181269,-9.858161791995176,7.916806875496192,4.116586319601836,4.869327033938473,4.246483442420589,-8.738776417669152,-2.2211593839059462,-9.237992543338649
-2.1202188937005664,9.265759737138833,4.445609704249582,1.217378183782369,-5.830920064734706,-5.224702480187651,-9.321889240482548,6.711355998343882,2.513507900276172,3.803422176173923,-9.727707314747185,10.137850194964557,4.739496728501143,-4.434915461581808,-6.290820131528647,-6.743402947493504,-4.004389295030695,0.457557987665276,-3.092300930602611,-2.680478968585925,2.2783835267182084,-6.767120656511787,-3.205557258721594,-3.693925591686466,-0.4051284166240521,5.435878136961479,-5.159753581616312,-1.8425386520792628,1.7491970769995808,-9.673812401384007,2.583159988662922,-6.1194733388859675,-9.406594035116436,8.265536880890622,9.201975292933858,5.271304735014013,-3.06574092108046,-8.415764920319768,0.777672310921496,-1.5717721818297792
-3.02896747768617,1.2969445077280728,3.6949404172037195,0.04399616754768387,-9.28123492691311,6.919140486653731,-4.351339962948346,-6.795582531797209,-8.926036994585653,1.4913762399852803,5.862896612146283,-9.743071964762075,0.859699384864842,-7.4117785435341865,2.0428066762742674,-7.599585114816883,2.864375038746691,-1.8497550801522493,9.7701648425121,-6.904950612445624,-3.405317602561139,-8.361384613900638,9.607472116757766,9.61804252177448,-4.706111740913197,4.139043984755152,6.6878143538197925,1.8595211384548365,-0.5715352109899872,-5.651090462133091,-7.742475203836431,9.156806103148513,7.190226921628933,0.6287300344252325,-3.717668605467235,-2.005677793398532,2.9352179863169385,6.765285306919958,7.897647071353458,5.481539664391012
0.23615560018494808,4.641863285426509,3.750180726142963,-3.3170627742784045,8.713037443971317,3.643975769090188,0.30309572696743836,3.198956497823716,0.4737528610424713,-4.210926797964132,-4.14268585676312,5.957575090400219,-10.655921318426424,-8.027689806992914,-8.892716082699652,-8.830055098149634,7.174653774891362,3.472045040550886,0.543434846420839,-8.570883191877229,1.0868302476986358,-1.8899444751783536,-6.320432259855273,-2.5491179784720717,-2.8639879440451677,1.8039897521109118,4.22247847208385,-7.785895138456784,-1.6334989449133794,2.5504840645015925,0.25078412097309666,8.3962759855978,3.875177918585699,-6.72330303500065,-7.101953471975124,3.662915100289827,-9.227353923328545,1.2565348452207838,8.255362575206139,1.1733082023173003
4.941028280856853,9.556688849630211,-2.7381658126224386,-7.8695954890984385,-5.59002633697856,-0.9772330122262798,7.88114655051364,7.316219383816878,-9.71692648739696,0.23306452917718684,0.1302441756770525,-5.926726893522418,-7.632200251945415,-1.7842609176664463,9.005204911863249,-2.398882499539373,-0.5354676220356361,3.855086656275042,-1.2429739139738918,8.75930193865567,9.097646859072515,-4.7076688526012385,-1.044184400145277,-4.396243922286504,-4.190553430625007,-9.215579318747384,3.4716387004350726,1.5950376594094837,-9.826509847001125,-4.3158021961002815,8.83956602775784,-3.692414720861355,-6.383612260858409,0.07996860714359244,10.379551614194645,-4.485125735433732,2.5149966558332038,5.425191099080619,-3.7880881259633155,4.356970203543187
-1.922309406061982,4.489438652636258,-2.6064460491910935,1.291383235958906,8.181288190347322,-3.1535784051102875,10.558229885050013,7.852007861431896,-6.435722565547373,-8.269198097377807,-10.136958425497768,-8.280697547085335,-6.206710470767296,4.57524891334937,-8.164237290224023,-3.8370628212662403,5.822293900606908,-8.34049746955072,7.205711275047588,-3.912788249614616,-7.303074558118533,4.235335721148319,2.0529202158083506,10.05060909847287,4.415797335555396,5.642914414218532,-3.238702236528721,-6.480414896829892,4.993300517564327,7.551264157425084,10.488718085563844,-1.0182279149971776,-3.9773487783370545,5.928799393448982,-4.18953713053452,8.160152505326373,7.343896306423057,-1.4563292545752184,5.67163966185872,5.861557133535257
5.452993492655084,7.762497420960512,-1.8553716117091363,-7.964385561628358,-6.768804239698597,-1.9590213644279093,7.117351320269278,7.9045519420229535,-10.061174055867841,0.8983607251113461,-3.924952139571252,-5.454014555552697,-6.742007231957714,-4.080559847081976,8.021855541754096,-5.402389512348371,1.9657080296780165,3.3402252008819895,-2.4863646745520085,10.039558695902588,10.761013847983676,-5.118251857478352,-0.5944596759307087,-3.809366155094054,-3.0191098359083606,-9.432433584310129,1.2364175980138605,-1.4871773437381322,-10.19172235960544,-3.562679217861106,7.8446932430262635,-5.816283096581262,-7.818069781359481,-0.12589893424855744,9.473553988446431,-5.432026713489244,4.792034875928311,6.770408588435984,-6.857270793061003,4.891919703380149
5.28524694856428,1.9707474385464232,-3.686384374000968,-9.041761961469541,-3.1617972087088315,-1.5106571484502194,4.715652768602373,2.534417637947801,7.485033038522438,-0.43131672985329944,-8.436408841582365,4.385094303205954,5.666513308669749,1.4352300149644133,5.876885533096002,0.30965953663635015,-1.317240094606562,-0.8123094744336047,-10.16263231078055,-8.938010623137869,-10.475868114120312,3.1617498357481377,-3.9354553056983193,-1.5105549606913544,8.629367293714143,-6.453763547821328,-1.6525201807691954,5.349521696534028,-4.538459608472506,-6.67871701695729,-5.5696472676251805,-6.828048110982961,8.317617751807242,6.596157277249302,2.8837439011420885,7.076665561017736,5.632539349371435,-7.385049677463331,8.839041552206066,1.2460490199125434
-0.6972351729853052,2.9469765061724313,-1.7484971018854454,1.801082507864305,9.644536858837364,-3.279118355906129,8.030874546791239,8.517532563828345,-6.117146222955694,-9.083356687205619,-6.928141464463097,-10.227844183004763,-7.689577882378044,4.834779836277925,-8.915357890943605,-5.449586128853999,6.49443843599424,-9.345277543708043,7.292375594541524,-4.8840651947679,-5.9136100011036605,2.635920928549271,2.7430006001450007,7.310277236831854,6.048511769217695,4.595971426915028,-3.933673790437947,-6.695440756300255,6.541435982503158,5.308136104122699,10.225421102507905,-2.585838002209319,-2.371576106721487,5.158894342109164,-3.569158950197068,6.6277112073006474,7.582839101218335,-2.502358589451484,3.900741740778056,3.535574076134872
9.44366983778619,8.379626131816847,6.5923393816533284,-4.178527168616012,-9.74767506613811,9.06369968211973,-1.6385622775041335,9.763539084682462,7.6595620157774205,5.5148855683790945,-1.8570862423140446,-1.0652611558248146,7.7917053222356545,-4.3212845676088865,-6.848151257008601,1.1343479320334033,10.037441596932144,4.323378699944551,1.9271372030751,-8.22412505970213,3.09280960082348,10.103399749516537,-7.15429696252384,-0.376491124911536,7.433889696457475,3.7358396513041328,3.9001758139184055,4.138593037707085,-5.214695360211211,-4.358502653810636,5.01134290496568,6.700907219100311,7.978606115153069,7.8384712334641105,0.7758700643406726,0.6213928300790531,5.736187739923735,4.533565590858961,3.314262608147566,7.387219091975187
7.069916041140763,9.91559454642268,7.450843429593048,-2.7348581923597397,-8.404962748757363,10.345819844024621,-3.136811472280105,9.363341208548041,9.545312726951092,5.552659083155756,-3.3084307941901208,-2.1817827505473217,7.216893026032134,-4.579112815216382,-6.197258422896802,1.974249205556941,8.850393366941553,3.406660032536406,0.965154083740934,-7.836074417458664,2.348941912364025,10.70589912120466,-7.678577982793685,-0.8517875554660899,7.90684751587961,4.337842502085385,4.723996768941728,4.057220310199787,-2.1553637712400744,-5.14248016144092,6.330609372800094,5.5030046861997,6.121072718525855,7.403703173058412,-0.3176291145571022,1.275020420767844,5.3949631798428435,1.72773836527708,4.1708149676507364,5.945034049399695
-0.898098757730968,3.8537881121035205,-0.4571395963060304,1.8315297229808025,10.74366022396143,-2.8133509471406937,8.10377721900922,8.768529460398922,-7.551003274152641,-8.574801328623511,-8.282871388812223,-8.961675702560242,-8.59341558263866,4.859905246030619,-9.32311053632665,-2.9146867327527386,6.231092508727672,-8.98610679005861,5.274723865084346,-4.387018347703419,-6.314611857406047,4.049748507424754,3.7619341167153273,7.523165790613641,4.196371615767572,6.241601102259421,-3.7409118926905682,-8.356749012073701,5.534580077175846,5.196859612517281,8.621665057052766,-1.2090697949430353,-1.2211353566648644,5.744665399652755,-4.539336546792741,7.944586001782266,6.749987862001122,-1.224022512270898,4.945541507493654,5.586087285137152
7.969746761539113,2.972496927937076,-4.040513098208272,-8.554909482304375,-4.628731369568894,-3.478904606506957,4.922987097828193,4.429933234491118,6.434522877158899,-0.07419386576970827,-6.126878489610371,5.023743510298695,6.04864641516299,1.8132388532577373,6.717678088866638,-1.211566240824553,-0.9312700783303649,-1.4555137732942638,-11.652779568689807,-6.6115256559559,-8.150701090769875,2.294857670191082,-4.083650975133976,0.09906634814338496,8.203350128961478,-4.886981497828216,-1.234109432409103,4.938396417852496,-4.480843386689757,-8.014454026298838,-4.811934387597274,-5.440461587115815,7.235696060728974,6.070241780466863,3.6349925312839377,6.706138698842212,6.382997184749442,-5.725259225280236,6.990656101818317,0.714367118718979
6.288255569310446,8.704292020344537,-2.9708552460663578,-8.21989507403023,-5.511770323038622,-1.9692817562574136,6.14996754558437,6.247356927145801,-9.47047309550185,1.290066800533072,-2.468392966845407,-4.2765741451840515,-7.489171156848402,-3.0066175955216274,7.158764558642867,-5.343203669150629,0.5199287976470044,4.850111302535564,-3.398788396059073,11.105735555002303,9.983881873096538,-5.872695335200702,-0.024181215098782974,-1.5055046699411951,-5.545754115250354,-8.73399111399424,1.8685421268745945,0.7604767554957423,-7.703151328681832,-4.813307803979138,9.284229991040249,-2.987558792388591,-7.035827820831304,0.573943893045446,9.12256831200874,-5.139635260738779,3.2660358554093296,6.029328232232946,-4.042573184395081,4.454672123119733
7.740209093067679,1.8887338108405873,-3.2295136200493997,-10.280370415247653,-1.5660236231301594,-4.844042789774463,4.270370862771072,2.718668391262168,9.656942985883326,-1.8805472776937537,-5.624410945755215,5.022072565561921,5.632796296761195,0.24091026437196972,5.990484841129295,-0.8475746951319851,1.7213178408382939,-2.420241661936741,-9.60477595957418,-8.397444548147082,-10.35893924869231,3.469528042183523,-3.1774216310638326,1.3804240221950534,6.371454370313692,-3.949984714681457,0.7131073660694875,4.659381681684026,-3.528888078058581,-8.723563075483968,-5.577380679285946,-7.081206697326707,9.642157014526736,5.324231108956807,2.067736471201983,8.022751236047547,6.076501654720864,-5.683975869792543,8.089009510557892,1.266470157864587
-2.7665394966556796,3.856499220933352,2.579673412094099,2.2094989292027156,-7.653376388527343,4.353263441899401,-2.406828286415819,-5.356902978883106,-8.233164562794176,-0.09311951478042135,2.8882972755746015,-10.256948254999648,-0.5992602015747723,-3.7281619641473025,2.8916879703653637,-6.549232362529342,4.370763072365099,-1.69599140609987,5.39970706410886,-7.895938654229498,-4.591461556786107,-7.330223482033399,8.20497995123721,7.562174632120887,-6.919687194587411,2.889828695993082,7.459574255857133,2.5134657150914146,1.311874986660829,-6.498419475439086,-6.878542840889891,8.66831741406655,7.89117210920207,0.6369928309556152,-2.265809228363469,-3.6079748377301613,4.865279398459569,8.010599059688206,9.280123469740625,5.472143931154968
-1.3297575023314632,8.545110476093617,2.926744307137224,3.327042058106145,-6.994167036403888,-5.642293281302485,-10.432755415430378,6.724147892544931,2.0275439345823587,4.208432149685651,-10.038375585563195,10.021046975587385,5.5812323866258415,-5.89559727145577,-6.243205024146088,-5.817470968872574,-3.203540262720356,-0.629513459193112,-2.8952137978933075,-2.8977403741406524,2.5693719064271816,-7.9586093235157165,-2.6059550537731138,-2.5570884998333074,0.3006968684045459,5.771037709270382,-3.9457764319508186,2.040029610715437,1.5993272287617764,-8.09942079464569,2.796272987613914,-5.220885968721821,-9.663891600874514,9.663762205065105,10.371065148340776,4.409207475906107,-5.090983129198362,-10.085789897632422,3.4152536957985795,-0.47940786941201075
8.768445608313101,8.705861235431998,6.841391682868984,-2.6714800668625363,-8.671943080286958,10.38004433554971,-1.6743083609597198,9.203486435589708,9.77282672087395,8.553430668819306,-4.597318769112833,-1.6053941110111571,6.199914164812749,-3.3317109066089445,-5.63954088965978,-0.15483535738079302,8.1979507611974,4.875379030194461,2.017384632302093,-7.020523984269775,3.1485841804374624,9.459973474168558,-4.999129546874829,0.5035030380281299,4.491752489414907,4.533025982706789,3.471143562906032,4.844930847109463,-3.261362290803027,-3.029193118890995,6.74532248197698,5.202177432113556,7.20107303599065,7.489277606854027,0.41160662407242654,-0.751164973491129,6.040338809844565,2.7269728645648916,3.8871142904742433,7.96679376852012
7.187404825856681,-4.249393655975171,0.20648138499439028,-7.485049419600551,0.9699165938136981,-9.956706564689998,0.11719163561611268,1.7578128438106653,-3.4710672443499018,1.3911078527304954,-9.084151356804833,-9.142121127382328,5.51575084075474,-3.7226810146507634,-7.04682470241917,0.6413162821397459,5.953222772814428,-4.892556411369418,3.9571921388775335,-9.068955086240686,-8.336129377902463,1.3762914478916446,0.5005720196766854,2.8704612135334004,4.2352681177571565,11.625631972607867,0.43085965646501195,-3.089365432463687,5.6397395984568615,-5.062989541009306,-2.522574247588955,-7.331003748429349,-8.724547634294249,8.951871849118717,5.819232507180176,4.099392648294104,-2.3186379180115724,-6.756156167215206,-8.134819091181162,-4.778072456060064
-8.906489220685772,-0.9952616080184339,-8.761212517469332,7.452925974897363,-5.12522632403196,1.6231339591323248,-3.5787882684871164,0.35708710371156743,0.20524633683243076,-6.491925187171933,9.571987435794616,4.687788318312947,7.313716287282004,9.70212144123979,1.3247268715114298,8.340724597275445,-7.219310223941296,-2.5512875640466115,-10.339940671678105,-3.043566171008203,-2.9340064915044657,-5.111809669098793,5.854538162031798,-3.990588433928799,-4.422601168037046,-0.6205810238832659,-6.234707933992876,6.0989425511141695,-8.086552153503144,9.271550120064123,5.0776914517214,-5.738122464149224,-11.053608289933777,5.951238134683346,3.277533363073889,3.6895745502287327,3.315568693093273,-7.179780375838193,-3.517224182268316,-6.519242754333856
8.44868646035108,7.144138452434557,9.313113949143318,-1.5888700930891044,-11.669807843219477,7.86547163054644,-1.0005064768071903,9.85729964209046,9.267675778332336,7.078014488280487,-5.04961003169147,-4.697894141417182,9.072240748520674,-4.630227174581162,-6.433639376213668,0.9771772535076674,9.620293035489166,4.035493146981618,1.5546643548792982,-10.690788372593559,1.4668054614411425,10.545710048684262,-6.543651470197591,-0.5850597763424764,5.969432855837986,4.9419516618070185,1.0335407711095455,2.901007427404423,-1.0500159004495861,-2.683095785836364,6.674472468335417,6.509604208064873,5.391275587077676,7.524143814480311,-0.06832062074701933,-0.6890878557571968,5.615660244427639,4.298503039901597,3.497514483882745,5.5749142081652545
2.4682457376631097,-9.784473098291137,-6.619719897344717,7.1379459903520255,0.5508279653916015,-10.597799439891942,-8.99834306059321,2.623348529097724,-11.224652400029314,-7.178979080276242,0.2614266592477503,4.213517830999521,3.632764176450327,-5.254465234010362,4.008139969077208,-5.517445845756313,-4.329081024226011,4.116833442950546,3.6962618490230303,5.224765611233095,3.0715329076939244,1.0426430051482303,-7.527372542063257,-4.07069592223368,-4.683471940879551,-4.777222791059222,7.555479876424917,-3.212373479526529,7.749141256729477,3.136919427579562,6.078725381945668,0.6131961150536491,0.45870517988652715,-1.7383964733507482,-6.01063443828232,3.2196890670159917,-5.249875077230687,-8.581402316544551,3.098545474910208,-7.025931317114436
6.103465253852386,0.6503135606723409,-3.896128307314914,-7.831177222629783,-2.5241561262730734,-2.3086201753266042,3.7762140316127275,1.597443103473899,8.240889466506426,0.07939851483691163,-7.207945476033468,2.250832470222136,4.348816387454482,1.1958551611039467,5.9065617937216475,0.6432192898903016,0.5989101099219216,-1.1183958262907718,-9.406752006756992,-7.156552085915428,-9.058550634774404,2.793945885322896,-3.981249177610847,0.2527052483365374,8.635920857361134,-4.746680028124439,-1.4115151209421524,6.4537446322121585,-5.158872767420963,-9.109400323897297,-3.3213641557304703,-8.14177259258883,7.512539666112174,6.498254856008408,3.1844717979950485,6.184160580250361,5.69062405699554,-6.874682654498942,7.364503646917959,1.73044261458596
6.444936693166854,7.333672873149295,-2.1891310342539834,-8.916103270651078,-5.179671485580395,-1.2117265210982906,6.306040715585713,5.917699051854885,-8.990139837512721,0.9584567218859121,-2.3273484656156365,-4.850356583380033,-7.227784967025568,-4.5283087172885494,8.004265163679028,-2.397659914695316,0.6852286200093727,3.49607623209293,-3.585883843586762,8.920247856303794,8.804466368964519,-5.810317116121968,-1.7967939945355924,-2.8424205172638217,-3.3325564398392045,-10.535516504716204,2.3275979751616047,-0.8486577381375364,-9.231992198226749,-4.771837295141427,7.737483503615202,-3.205815102584266,-7.542428242851728,-1.019208619515664,8.950427652714966,-4.115117613368236,1.790608616424637,4.469769390138831,-3.8004262800404724,4.808313160234838
6.645682886111419,-2.3775303617219037,-1.9392344423263221,-8.462388403430676,2.9294377001265843,-8.87880937564061,-1.6249326658124517,0.734553677877122,-5.218033764537425,1.3481494959947014,-8.686168847679278,-8.263762179781496,6.673223546982532,-3.546262048364274,-7.077181326566948,1.1682648390537245,3.427759316732499,-5.567100675032219,2.2676197179806734,-7.339339444715068,-8.580676411766346,1.111444332835745,0.3307914658211677,2.750249747096568,5.465511644257118,9.452161856280416,0.5006765217554798,-5.076827839617147,5.835183859046857,-6.595354942864625,-1.7367164552455345,-8.367356815427781,-8.725954337206279,8.253808350106526,7.09328655371422,5.387977526236089,-2.4616849774302256,-8.081166520305743,-6.58141918952119,-6.187139043244387
8.317118675048087,8.917348074205622,9.273514890405542,-1.926120229491936,-9.106637462548921,7.382692467234277,1.4502310280616095,10.384348591147614,9.789428104975928,5.8958773349499936,-3.1632920458741784,-2.799173938260823,6.828462625701172,-5.34233917293373,-7.85162815221866,1.5745717479941386,9.729330158486109,4.605500353294495,2.052042398530247,-8.121236581544336,1.8934375186171835,10.089972145650659,-6.376911372169246,0.3714553022083265,8.757713458472512,4.6003030912680805,2.9600358846093093,4.0393194377011845,-2.7042046973453284,-4.210193181986543,7.467878670452533,7.007569874307656,5.910505382980365,9.799178065327714,-2.5145690836104158,2.1813502665964895,5.678598065778627,2.809710878903803,3.9793213061804273,6.301058821562201
-2.2053790274478744,9.735848633324466,4.409012462383332,3.4264303472617663,-8.218232990874519,-6.187190970244336,-9.444188577394904,9.042900821706,4.0148155880322935,3.394794968137561,-10.137867249992532,10.257784930219689,6.261722166218921,-5.798629004366715,-6.338112235315577,-8.25158295912898,-3.9289928869034827,-0.1945991414194166,-1.854222449557457,-2.731785192570347,0.9805510001683335,-6.396917600211186,-4.436069959627446,-2.9525233026220006,-0.08822841960756922,6.043570522429163,-5.435911359613275,1.2528734288050938,1.516982994057527,-9.683228480107795,1.0657465114709683,-7.414928056233125,-5.749873714985684,10.222390325803453,7.961566295283166,4.845489005585652,-3.4258585548140954,-7.499292922494355,4.233544365560502,-1.451905918761671
-3.792544637586646,4.484871112783702,4.2762843230387375,-0.15982988609587534,-8.121402804549525,8.416858455899076,-2.3514801138878,-6.606372822050811,-8.370157354336849,4.815057155483975,3.656447218696861,-10.300891672882896,0.4142810180770192,-5.223532400543923,2.3789190691888997,-6.071046352085954,2.5643537023218186,-2.930826940997931,9.492844550889487,-9.004451968622387,-2.2755053870000532,-9.742510940893922,6.762547786694942,7.047808324563733,-4.554303602877537,4.5249445238109685,6.402066767183913,0.8574626244132572,1.1725928151049334,-6.0338530024589,-7.998529484535609,6.7448689011111735,8.090951660142021,2.5321928196159558,-4.0236721004754035,-2.850767871209043,4.677663230564431,9.117659211390677,6.136095082239558,5.521462009455433
6.734845332090536,-4.205004118378691,-0.8075552943369164,-7.401090561606232,2.5487430477180677,-8.497413043901378,-0.8273279995803,0.16129598624763442,-4.671265216851805,1.6248387569934684,-7.613708931891095,-10.589392656045241,5.898349764574372,-3.709150538080124,-6.402166549441825,2.298653460435184,5.708657421798613,-5.292563615219553,2.5491304394219405,-7.855571710843515,-8.193210414270219,1.052733144249781,1.3115367604804244,3.524012393458007,2.743548573198163,9.519050519396417,0.6312160081084234,-3.1247223606557895,5.732837633590119,-4.422603474961363,-1.9404779905680454,-10.205717108852411,-8.509848030385193,8.118596690239,6.559148547130356,3.170354488971955,-0.23393183183852395,-6.6137583130918,-7.181715609460345,-4.247276167982111
-7.794159574625398,-0.9899768902938765,-8.514378876313494,6.312966737621026,-4.178509947723769,2.1514009355247676,-2.5134948162551405,0.5626599662189113,1.5783293547157018,-6.220922075664739,7.639315460150176,4.641927303826953,9.462368168895166,8.06320282591282,3.1389894815273744,8.840759263499507,-9.19685184966427,-6.87640688933773,-8.992536831266003,-5.8074374507348185,-0.5530123205873743,-4.131272628144525,7.801784780087461,-4.445537406937383,-3.136744645897129,3.0854205741927183,-8.502393855882065,6.815341409984562,-8.50787718171729,8.193304883762101,5.9377793577850175,-5.192083164479204,-10.490684210196799,7.475145089351905,2.4703834701631457,3.085387214370103,5.562004329307666,-8.493721687345921,-3.5472589175386524,-6.87302437352552
6.8161583877359275,8.102938287359294,-2.638060087021634,-7.79880100203938,-7.179694327682952,-1.8162904167815492,6.160365395331445,7.9575149705604655,-11.93123093388958,0.2561255685002504,-1.1381047212311142,-6.219331675866914,-7.528064643509496,-3.8747330810772853,8.128621145029994,-3.9443612097162126,-0.33487955759968835,4.743997489839889,-3.462359829249498,8.532731647371287,11.016874565681757,-4.003614071668681,-1.9165432428114904,-4.74720209351714,-4.060727140727937,-8.938505985677851,0.7007938138610434,1.212145957399552,-8.145200555818587,-3.945169083227432,9.522046210045197,-4.756472194089634,-6.653521678923691,1.346734477373503,10.814228662939723,-6.000402028681522,4.075906126789487,4.568124441615769,-4.743094569201729,5.040940479257006
-2.5987573087236644,3.5916060389806304,-0.7769345115913766,3.5011389047003494,9.037015440386606,-5.02445009667496,8.11177966774314,8.639132118390979,-6.727487104155202,-9.194004250326236,-9.223669816404195,-10.112295957619335,-7.917213029007147,4.045971182715057,-9.596122682293194,-2.815081280808289,5.706137129584167,-9.096605176292234,6.626416426415415,-5.297262689566489,-8.690018973650831,4.317033747887894,2.018974416994989,7.358940925231163,5.388756693992507,6.548755768927948,-5.275253063668441,-6.50478831470237,4.077579830924329,7.006633735301618,11.346619704295168,-2.5927417769648633,-2.5908053881106996,6.445720226171046,-3.159718186611342,9.17665179945172,7.219861368371181,-2.476923160386743,5.136346373007819,6.218141120926697
9.543653343036222,9.207342858404859,8.263876884311044,-2.2470963128147465,-8.477270107120402,8.802468545969584,-0.9577862027453159,8.964611467296692,10.843286015780082,7.700526220276874,-4.03331369858328,-2.4206991002161695,8.000641699610247,-4.267763973919706,-8.393020082549484,1.2084248485914588,9.913100056329963,5.511904744684133,1.2939294583534184,-8.012882460642846,2.819674966499351,9.5367275832215,-6.681913746878371,0.2811912962064673,8.558829695749287,5.538352868181912,4.750542652207793,3.8443640349400976,-0.8842496551026355,-3.6442511723306605,6.434517163057103,5.441324913016645,7.244374551453521,8.379190811832064,-0.5608293192055432,-0.2619912520250958,5.800103561232493,3.0551992764785214,2.2766305551124635,5.7805828480177555
2.690957549072494,-8.123572449180761,-7.495185019599168,9.213780249814954,0.28118113233622233,-10.042650086194637,-7.13433816626849,3.746807935163719,-10.873603899604223,-7.592084464638051,-0.032116771994880944,4.437131584518253,2.299301461536503,-5.259490722665354,4.507885841026672,-2.8866247818286266,-3.178754777012942,4.11868408761002,1.532507718877895,6.708615495245813,3.0331720035795486,-0.8445274606811242,-8.840358803731164,-2.3483313959837764,-5.228308316631666,-4.151583346712491,7.901854650328392,-1.461162686511575,8.75482084506822,3.5792689957867942,4.33036968617859,0.367294657961226,0.8693235740056668,-1.5557885656056227,-6.509007969012818,3.5440643133292973,-3.4638022830190147,-9.000617328357356,1.757001450034489,-7.18200772568995
-2.767527173028653,3.391718951995003,1.0045350169515066,0.5314222768125205,10.406018376634497,-3.746280100291828,9.67962608899653,7.51230135236688,-5.606787373559807,-10.369583827953717,-9.26983045185453,-9.16025097245888,-8.741141690544572,3.337017862380967,-6.7399418559680635,-3.482915924955919,7.799022733670723,-10.293833434887974,4.948165958876391,-4.443639825573878,-9.127172850901529,3.236153704041338,2.816611154095744,7.438179373479308,5.035940261572838,6.669937003699052,-5.555033264379976,-7.393143395835978,2.8337108374549786,5.7661714777024,10.546858797630698,-0.25636959816498384,-2.3691564150611657,6.901488078382627,-2.8001021711636587,8.722595932572313,6.556964160275057,-3.805279495515501,6.240610843049543,5.037632506652048
3.0776741469487807,-7.52902069095388,-5.822925864483564,8.399538452101913,2.630297517425996,-10.826388755263942,-8.520922730499178,4.113418835151847,-8.475137141257111,-8.724269197158387,0.40681264008030804,3.861524556268514,2.1599507279713337,-6.337133454970487,4.718504300744522,-3.6736422808925653,-5.523829593136787,4.759351953378787,3.4559383227346823,7.764682182083801,3.4713851890759053,3.1275746166455467,-8.097598050112355,-1.3336911484192318,-5.34232031671146,-5.0622241858294785,8.247496019250061,-1.2371810661157976,7.7204882409010915,2.980593582465156,5.582857439547895,0.6391703637628577,1.9355116663829337,-1.144297553593928,-7.0319076766221205,4.421273574888755,-3.7249787937762266,-7.650785118257076,3.2124367748090856,-5.450255009370481
9.427589969718428,3.5205831650384765,-2.3572653906652885,-7.560252630006145,-4.779174435020805,-4.718698174452298,3.485253275227224,4.085655560442101,7.19706306264404,-1.8070576790003006,-8.03911128145378,4.0262902127452715,5.484114246032511,1.476494972101968,4.591163035217712,0.5615683198015258,-0.1845369461102765,-1.605455969534051,-8.80484339461474,-8.483992864078253,-9.940767709846453,3.319876274968739,-4.570613555078485,-0.21337820031001437,8.707071656564752,-2.9600629755865255,-1.1869370345246595,5.583662533850985,-4.893235106494821,-9.533592077491189,-4.089374203044731,-6.8053407432563136,8.915537587224216,6.27891564376421,3.0477748076255824,7.117744608855155,6.132050455354083,-7.496427388336276,7.531272691796643,2.1776783864896574
8.804615728885988,1.0460853722802295,-3.267563444128237,-8.837360836844375,-2.9535149349776417,-3.600342787189754,2.8339146901058454,2.500031592461822,6.772092633583206,-0.476121950204453,-6.17393804471364,2.525470500227621,4.415478236938045,0.6728509976064281,5.0377125036780095,0.6160375913930591,0.2811121700784941,-1.0333769071085626,-10.117390508849873,-7.612247114715974,-8.593618655387601,1.9959086755385198,-2.931522258666951,0.22378659202162476,9.196789719004112,-5.215575317099474,-1.4110968841253073,5.070416539182443,-5.52024895220813,-8.201471375198452,-3.668163472499735,-8.025139166843918,10.027586655669339,4.302744550738541,1.9832630204695738,7.334942732989456,6.485797507068239,-4.692426294537905,5.9928884815744485,0.2791507099233034
-2.5831451886611427,8.562626652038698,4.834903820256228,1.2148876150531418,-8.010242526088796,-6.257398369375678,-8.2087981724142,6.519207155838711,2.9176556656267754,3.5298738267555776,-9.33514487604597,10.218541055852342,6.615240251304723,-5.298476874293343,-6.87993029974556,-6.528376386359421,-4.121014571689586,-0.25144971389548165,-1.5378737902734674,-5.724035494902908,1.745904147305485,-7.494998280328834,-4.413286781791017,-2.9142605799969448,-0.9403645155194095,6.182960745946337,-5.132007282700283,-0.36507645857603455,0.6450905218517053,-10.113036157843148,1.6636941168338393,-6.941438844070679,-9.468964206491867,7.6815940808167715,8.856519834016998,6.349373582443192,-3.312695150697022,-8.603980772980643,3.2716627080997034,-2.123648434055284
2.103347725861317,5.378919340781073,3.611463679175366,-4.330356245486598,7.4181980773678395,3.043982896819876,1.1689919636255308,3.1090490361486998,-0.27625269448803036,-5.935118960350472,-4.389785020616047,6.0898813621819645,-10.526821994503242,-9.25561545753449,-9.573625317684046,-9.696522920344844,8.429382756527492,4.938791102282009,-1.253910521016826,-6.645362444423927,-0.042656639748999886,0.5302710509054069,-5.208784093677484,-1.585559915310068,-1.4585857379255138,1.9102434966109123,3.6319752792721434,-9.003644660755388,-1.547425488404879,4.041954978103189,0.6099570033967251,7.036336968024592,3.0970447557889034,-9.698343209350288,-9.301419371822748,3.7809590844616543,-8.499892582152727,0.9809439673687369,8.969179446237888,1.3202171354380923
7.225682285945169,8.514768075747371,7.894615244466768,-2.680047574294142,-10.992192953447498,8.348838473381173,-1.746800597966303,8.295504509383736,9.154431957616373,6.5190200125617,-3.6154360160985783,-3.1833729889658335,7.112567552465593,-4.469948734103715,-7.209899304436963,1.4333168768724092,8.957813216057774,3.5035737509210994,1.1318127834546305,-9.510076569694153,3.702908844564096,10.488533399963293,-6.546871644398413,-1.22843916968148,6.9519714460698205,4.480826326160465,2.009253327871348,4.939631775818272,-1.3562924870567605,-2.0662281587065188,5.141339282052536,6.319591390417891,8.664264640752496,8.011192572182473,-0.34013993662392095,-1.8356917798004988,7.098526037107252,2.980017859481938,3.309995686191005,6.19971067855088
8.69241273172357,6.967131242929502,9.270077618500997,-1.8871522546397106,-8.540782407685125,10.052915392091608,-2.6604263266304886,10.221140582511834,10.751703986203516,5.565611238317967,-4.282233370454,-2.661447411190919,7.878195294528635,-6.0555009632185275,-4.794187370045956,1.02348818497241,9.639189885232765,3.860358695807869,1.8933484527669724,-10.37788838320078,1.9152621611826857,10.648838213428943,-6.909587348555825,-1.2702480454520224,7.608886332435721,3.9966300292225836,3.0348955687319226,2.5289874064254683,-2.1914743536977666,-3.0151486707744977,8.307366243733117,4.728219501840688,8.10881853282855,9.097982421550336,-0.3536566999992514,-0.8872524916653387,4.880161258368573,2.471925372095088,4.2419591410100175,7.2759653992288325
6.664420344542322,-2.5436138950525002,-2.0306069046314135,-8.66293711410846,1.6658280494930475,-8.838994535213384,-0.48436079629898143,1.3118316491161122,-4.774889818994286,2.342910255619814,-9.372437163635729,-9.724846746552066,6.206126450959892,-2.8940890076991597,-8.904168084023583,-0.19179404547384094,5.464776577565003,-7.034570485451989,1.8378858545654242,-5.908405721752768,-10.09562394144904,0.2432787187125301,-0.021014846326601222,2.631728026010795,3.70690833131825,9.273798465958258,-0.39254006912598727,-2.485742724805256,5.985360933093619,-5.586327631721735,-0.3797750620545848,-9.389138989184794,-11.0570653206025,9.249925806125695,8.626866834584098,2.091819992958073,-3.1519290332837,-5.781587935422241,-7.513580546190239,-4.383193469461551
9.474195082906238,-2.6291135139205575,-2.0984754926661795,-7.176038760062511,2.472652638829008,-7.700208092110988,-1.2902189878196666,0.47620854072076646,-5.191559586495999,1.7839675749962418,-9.522227730389206,-11.007988462351287,5.7981104560986205,-1.3570706375757753,-7.21458115207522,1.1602638191828003,5.279326394121536,-7.570672974260979,2.3291735945504652,-7.251354142603661,-10.152049367871754,1.3741315581065965,-0.8891292370905468,2.7687892681964628,5.066345124599859,9.2049290649813,2.798478506477256,-4.034060978263684,5.325307657695871,-4.378862932903511,-1.9755447217244866,-9.872209966969994,-10.590654906613066,10.010955053106398,6.414662851368763,5.621505072375887,-2.2621773567871384,-5.823603243850787,-6.360417167116408,-5.451292843888115
-1.9459045635519607,0.9920811116108867,3.77996578467718,-0.42368844276857964,-8.501574918609066,7.949991836750884,-3.256388982581878,-5.930099843739255,-10.365123214199832,0.773772927940996,4.492543633514568,-10.257386966927267,-0.2530507073142293,-4.506133244986529,1.8535422628194702,-6.243436287013913,3.8616620882170114,-2.2679787998524943,8.216164142857187,-7.829436298543463,-4.257037142789695,-7.247864549146912,7.82572317405452,8.51553168878687,-5.065722487287541,2.1412304312625423,6.106630121875897,0.6931590328527726,1.6021149788481819,-5.531954371242499,-8.41415502508234,9.35586186455897,8.516628464729957,4.324735161468856,-1.960359174962081,-3.9029710961096367,5.509064431804895,9.467508491126134,9.274541617625765,6.5856069007291635
-2.9484993033265106,4.012098094038958,0.7221969637240497,0.8797757593644354,9.41149510007532,-2.8414413661292546,7.158164483258734,7.213490358486219,-6.392521336888272,-8.471804700497225,-8.085416077369652,-9.917209101486472,-8.685773816886922,4.003998013039403,-9.94011880916906,-2.818424682793286,6.311155330622686,-7.467463032589537,5.974054112019001,-4.843080227905381,-8.19938963667578,3.4645406980608815,3.1860849940224116,7.507164069150587,5.688502542039209,6.53404007463075,-4.32781608908992,-6.078254788806886,6.208641920980888,6.793390748396276,10.090659833454014,-1.324903906762878,-3.7123231197961566,8.099955401094899,-2.655803474308499,9.243061204626299,7.139562648815618,-3.7176875561840865,4.752077770565888,5.166804617754962
-3.3144279194329695,3.558140282859895,4.650542583508493,0.901655637076904,-8.109863566713624,7.555506166889091,-5.450238455768719,-6.241160851564504,-8.205461343437205,1.174704866563725,2.3247266569436835,-9.854049031542656,0.1811757327836994,-6.378736777956699,4.999617084239949,-6.991367800908116,2.665095410622751,-2.3589143930598633,9.642460412439181,-7.232166868081904,-2.6930790589508273,-8.602040169521375,9.98156081197477,8.108498095538062,-3.793465876819278,3.5648415531587494,7.1693280417531025,0.23096367231201964,0.10160115043056678,-3.8164735864349364,-6.578202696598051,6.797249559347457,8.258097211130421,2.231085344980132,-3.9164356483908476,-2.7309688123913323,5.660076509770196,8.393867672335737,7.422216035383311,6.112372097087636
-1.1066632226457938,2.24062381061019,-2.2384406673927755,1.6559928962277501,8.697593878637353,-1.0798884108074918,10.056801947241754,6.358714478339641,-4.768642880825151,-6.713024029649736,-6.950836463187235,-8.56170306342197,-8.358812865789186,3.183440114692538,-8.363782335769232,-2.7005820361042483,7.792239827508738,-9.972343932888652,5.750210553283107,-5.853057950915709,-6.989783522211383,3.5449620332410055,2.277812138484188,9.277315450318564,5.299809782862105,6.392517293866112,-3.5291112580981863,-5.030595116963063,3.394814272652102,5.571066348396837,9.577968041436778,-2.72598839407501,-2.8248598571383208,3.9771243134662972,-2.261749934640599,8.097641921336864,7.369211434746411,-1.368810832842441,5.574840756953976,2.629967906521768
6.910565918061833,-2.24366491974768,-3.085718405994534,-8.223656796546113,0.07351656283289842,-8.422581162540233,-2.0075226774908876,1.7688555027536386,-5.331886718077747,2.8311732417079902,-9.379802085912685,-9.811793621462803,8.05241296864129,-2.8650421645929747,-7.820602040218284,1.3539831286940969,3.9194139504522205,-8.21074505407973,3.615789490016881,-9.129352778776672,-8.101743151241347,0.6732550031409801,-0.35128703192534827,3.3558804496383283,4.111656484222152,8.43970125294418,-0.7252894061728468,-5.2737092953468085,6.306748777556811,-5.518755719203709,-1.255293713592133,-8.612594867667054,-10.43454181287052,7.730068579419682,9.253313239374247,3.8709515958957117,0.0024418410456941153,-5.369176814856295,-7.192424448068687,-4.814177399368285
-1.519031384093461,8.79715505325212,5.166415519900409,1.4957589777479314,-7.529454076648706,-6.79594136309025,-8.825499113092325,7.803349950865536,1.753654481554433,2.3250917721505115,-10.02108399767234,10.192015510383701,6.3514767367653295,-5.999601188949025,-5.377124149952051,-7.043883030190246,-5.457958359052145,0.3344975131192629,-1.8452735784064223,-5.141663515792415,2.0616794385488992,-6.7186171397123795,-4.166395590863453,-2.365782061439928,0.9348073828561425,5.360640366302709,-5.728175722188136,-0.22452459432690197,1.001931657353877,-9.655899399017814,1.6721384665070778,-6.230041728707044,-6.349892353593653,8.261667308790827,8.896015355875726,6.104823949217973,-3.5119257678228397,-7.783006907917537,4.968756324191254,-3.6233421957431813
7.455867231278963,3.4930328371952974,-3.597607446365966,-8.460666044457554,-3.507042316101592,-4.7006633866440195,6.648709387468877,2.280299596981979,8.400371053386802,0.21351378046803593,-7.747710208349718,4.8716907695195335,5.461520194154338,-0.19209580583748087,5.087070897841133,-0.736638975066247,-0.007088453706245501,-2.7531828106656455,-8.365183748372067,-6.2401788055204985,-8.393413310266906,3.9987374494227512,-4.057515215481622,-0.46484301169198017,7.372742431710147,-4.370090494065278,-1.5652784861432567,5.033801059262548,-4.1288881459722075,-8.055460449608798,-5.043628579245224,-7.4564830840556064,9.275946346105606,7.204140443942936,3.219755362464439,9.326100551626437,7.708448703713709,-5.827562987428521,7.012599310318054,-0.5231426734187536
-7.654576394301106,1.6338600170825723,-11.557815475260796,8.381811262858962,-2.9057940341234536,2.897181551641482,-3.9912719015464164,0.696872115146555,0.37540976798063563,-6.614982821542192,9.05387746109977,4.875235732795918,10.018835381484342,8.35762504084941,2.2086278083250046,9.246055707352452,-8.494505792165077,-6.854546569969996,-9.698078526403798,-3.491610343630104,-3.2856659145832614,-5.0732803811087575,6.058633541167154,-0.7403772362992003,-7.155124746186301,0.6743019417593366,-5.455821707689976,6.165784079213249,-7.755569652983491,9.837565047110115,4.777562004716668,-8.267602303825464,-9.68410197049165,5.533621964494291,3.3368114707870395,4.081156104840635,7.170268340342408,-6.114269423064219,-2.6134774915861465,-8.147386033409134
7.3462434796672715,9.585527075455241,8.582034364962714,-4.046574445746566,-8.31113245833608,9.100208951502548,-2.816665354631172,8.515871216901242,8.708347500038876,6.495425670546554,-3.817971969789844,-3.274397179019757,8.150870177459073,-2.615756445506456,-5.990827756678561,1.1802670245608544,9.660542998367157,3.6446482106954505,0.6767345404040892,-6.866360478964889,2.6176872910024054,9.117019361503873,-7.616062062311099,-0.3698349364905327,9.569636297387712,4.819470792534613,4.098086131159029,4.770900727604126,-4.025537958211903,-3.0316158484239093,5.5793769787824194,8.032284179698765,7.028787641587481,9.302451065892614,-2.26995013990033,-1.1448071823419783,5.672296420337877,0.968495617430412,4.640221993995471,6.228811514158269
-2.4911442050568584,4.028499357561529,2.0040379839848486,1.5896635533916694,-5.3545816841039215,7.0620823789119,-2.7227498382421307,-5.576112127777509,-10.606572496330548,2.4036761612322874,3.857743557495218,-9.927990804841187,-0.6421752082192606,-4.776101255714204,1.9310520685783763,-4.379025815218274,3.9329238455374482,-3.4886001217757556,8.220603496406351,-7.527715455369952,-0.766296325070984,-8.615118521997715,8.377655102319869,7.008958697754596,-4.341908960115224,2.6777975069785356,5.205387337884607,0.9087216521930483,0.29361772378788614,-5.75519855961498,-8.676755002779133,9.129010956947537,7.688620928999104,1.5279014829869266,-3.681520142825842,-2.9614728482813897,3.182843940853434,9.568183159057941,8.609307962808618,7.027683660771256
-5.707195258290754,-0.5142448102882151,-10.409840559971359,7.824779932203097,-3.388829374836038,1.4220398062376773,-5.834154193642813,0.4907557024878295,0.4916162940914368,-6.295182996313774,10.337004326527037,4.950087121103438,6.916973000353162,9.94102856575292,0.9607712887829263,7.3784475784502375,-7.126429945239013,-6.464831872658613,-9.158844073824051,-3.0106032606743947,-1.1428711031003638,-4.906480057703854,8.094702188952887,-5.0007333148630195,-3.621522569299308,0.01439410514731243,-5.809244183896755,6.18598409391134,-9.181892458413985,10.40057982503198,6.338083733140399,-5.383792246457913,-10.919253897161013,5.825211445474597,4.133074039830908,4.538883708169687,6.175152409157262,-10.5340081978248,-2.496358374561044,-7.972600163934046
6.866531584650937,-3.2119929590671807,-2.1559040360461794,-9.176700069761464,2.32473944226604,-10.098963321209512,-2.198985404690869,0.9290262479913098,-4.351330816924667,1.8156433091775204,-10.154639618881799,-9.878148842886754,7.580457873562278,-2.3551015567739935,-8.41553582353959,-1.5058316933240201,4.4854546598600065,-5.526280377902946,1.825877798025563,-9.002700905301461,-9.555526015558508,0.5543850686266716,1.5973303451604788,2.748178826018439,4.583763695970881,9.292181225367871,-0.17334986613083325,-2.646629669855151,6.646125963218269,-2.5380750570924655,-0.610007287498025,-8.929286694962144,-10.397636440801039,10.205913554270118,5.904615525934008,4.729220808396032,-2.5808551056072173,-6.184955214795805,-7.931010361444641,-4.215256682376013
-0.08709721867310583,3.4630614450204042,3.7393734906574982,-5.002279689977882,9.797258970283082,4.047048155249582,0.29913009362545806,2.206856218606497,-2.8249292584043437,-4.649013845309367,-2.0032479071050124,5.70991884927982,-9.068849356026629,-9.603402409827009,-9.541594905424002,-9.41248911926431,8.563664352015744,3.491849799260514,-2.818257911043658,-9.047286293976796,-0.8288757150511433,-2.6870467183163407,-5.5672600810938215,-2.892547047425598,-1.5838837638204426,1.224605235347795,4.208857384657953,-9.370073502337267,-2.986859362056003,3.045452760941385,-0.9445753129189882,7.7053432976606455,2.6922040075424083,-7.335913304981467,-8.67619376227535,1.7587151281396403,-9.660665473754232,2.0549966725918716,6.495863429781389,2.60079108705518
-7.505183640258423,0.029086788876552,-10.268288129379027,10.504044830249521,-6.231693811492065,1.9523417833924825,-2.4515519025082013,1.1146266743527586,-0.09175923061518487,-5.695621874387766,10.859543000288483,5.4723934096253055,11.388801731358365,6.1724851976849395,2.6518230300808048,9.604013036683337,-7.338806057356363,-6.284698478262744,-9.385895703800388,-3.0492482136474552,-1.41069971955829,-3.970545928239719,7.614808073831978,-3.883803423194949,-4.609080785376019,-0.08609426895878436,-7.567628276590889,7.0591605068951,-8.401003205679356,12.344597895160115,5.638301753122865,-5.965994488736816,-9.783374738087735,5.671419876236746,4.079310264574749,5.707931387931393,5.539377601846686,-9.312566695201664,-3.7557700495931825,-8.132820701163249
7.699909209151001,8.788731647374448,8.480523403444062,-2.347150966903328,-8.634842924282383,9.873680370726085,-1.1000362028963575,9.850202757882801,9.36770857496071,7.827414572996787,-3.6240340197712215,-2.3525335218192986,9.174715997341437,-4.207743260316266,-5.155688109569812,-0.21826767715993367,9.536712019667075,5.357164285226297,-0.5059956692206213,-7.917519551529535,3.0155585752274394,10.053040606213331,-6.820163759662557,0.5028162096513986,6.453213612197516,7.18341794723953,3.4367769565895614,4.483842918521091,-3.457016652690324,-6.404026304730831,5.262710235821303,4.754661201308479,8.433013910826563,7.657943035084973,-0.28724336196120615,-1.0340048188597442,6.059938978050606,2.2828200991940224,5.031692276400856,6.217892711811181
4.875590329367852,6.60402624636089,-5.854198686447274,-6.981426999601167,-4.613639239425968,-0.6142939362527539,6.667085280911313,5.081492447408756,-10.887667881161452,0.3853614691444275,-1.5162619342326247,-5.780592003737416,-7.233775450418097,-3.2360448642421953,8.978964543801746,-4.175006692416911,1.3578234209889126,3.629607569223172,-4.0580570354347465,8.664642641600485,8.900479707480242,-3.97035129512387,-0.09729788058708314,-4.168582022630257,-5.551853537213275,-8.476778463079768,1.5393345255745512,-0.04644739436410572,-7.490241898118349,-3.9183073842184664,6.537063671617901,-6.978272423013024,-7.166413008294784,-1.4236854093235443,10.361555829845013,-5.116631504805012,3.6080957171414347,4.525649124931998,-3.505865464865301,7.406920700247651
0.5973823305167248,4.090990652052192,2.5314352713445825,-4.205709542442681,9.279818750938702,4.112461156266741,0.5789365297415846,2.335701057775361,-3.9507302379542635,-6.486877680480553,-1.21055433087675,5.484743153607623,-10.237039214145662,-9.37463002139851,-9.136263324511422,-8.200231861839493,9.748417784870085,5.9652136125961714,-1.4034614383820305,-8.539116318364261,-1.6391817279000254,-1.3722196510126383,-6.748805764924448,-1.6901040118666835,0.024661994526900433,1.0016450185681143,2.6567785681649783,-11.157379566855754,-2.176856926982842,1.175492973608777,1.1653514799845457,6.838770930751153,1.7718883640960077,-8.844013211929365,-9.567262540601075,3.0877664548691506,-9.0482601420111,1.2170736442959915,9.73040187193212,0.3737406646225092
2.158611108221703,-7.111831144314533,-4.421024394114326,8.627469071382908,3.6214130845569565,-9.095331729371338,-8.504831165351545,3.47018704696854,-7.885447376978183,-7.307392714277478,-0.06465151154635107,2.7037095307385948,2.8216958062184627,-6.518085899431866,5.917603854387954,-5.038661715472711,-2.5202797270541426,4.631162711780785,1.8524607831881759,5.675074264450282,2.244266103828746,1.7136975607361427,-7.6066217116702015,-2.042487865752644,-6.184625330147348,-5.120616318316599,8.43414926415652,-1.7365795390802636,8.32000815903972,1.4505994729188196,6.864255678029316,2.3915648036320865,2.372913430111844,-0.3124801631738262,-6.411685947248852,4.239978323557598,-5.1452865979598945,-9.261282464718875,1.7709833269890525,-8.347484198456922
-2.3178401235043666,2.94555572604947,-1.9327623484154641,1.3539982978731069,9.851818991129909,-2.421833260202363,9.56366133083055,9.505593635039451,-6.4893291790170196,-8.252508984869687,-8.55425217412114,-10.23266978603842,-7.769247523408644,3.9015050356404246,-8.021157191267722,-3.544328644500325,7.362649036688245,-7.8690423132121134,7.349280057084294,-4.024522805787513,-7.131796449230205,3.63584129377881,2.41966784445975,8.041901201212525,4.789071100793575,6.862637283928489,-3.092235545127845,-6.552975085399308,3.0030784937001638,8.170883711135893,9.157608406942215,-1.5524847586727908,-1.8321459974173624,6.937232753683019,-1.3778949863695165,8.251273374303835,8.357944803803164,-1.2221395391247694,7.760625026042323,6.191302205953686
-4.1208561488301045,2.771728041797087,-0.25948015561071125,3.564578120846483,10.037553812458107,-2.14533086062003,9.74457050282523,6.209317478836349,-7.133899490120034,-7.96181831138606,-7.823272575795149,-9.346822300371612,-8.07702613120407,3.655044570745623,-8.473296382316624,-4.67652257838958,6.668579247044158,-10.778665916712324,5.6697731950404755,-3.1669994953274685,-7.817455758064439,4.530582782563821,2.6941514897102294,7.164548603647784,3.6928521694692926,5.669562955287613,-4.176130102593346,-5.871055680281284,5.134631897374454,6.786175103290992,8.28993273745376,-0.8809839041879688,-3.6878946248462894,6.511763831997958,-2.6815233515268,6.744956949926329,7.905217861045168,-0.4250221126667224,6.275299816175853,4.3222591975876234
7.45899795933555,8.786410790221634,-5.802609511077252,-6.87790838139854,-4.73578336310092,-1.2018998503965277,4.630073192304375,6.437837755939807,-11.027780158910252,-1.8000623879557751,-1.6546950884392146,-6.355665912028174,-4.977387073057432,-3.4164685113653506,10.151947234116346,-5.10504038427812,-0.15427715113754736,4.157277053937871,-3.6355619010217906,9.01344096961447,9.030994992598684,-5.198262068937611,1.8000886908830562,-3.604207518233097,-3.8236795495093445,-8.722606278564275,2.803913056935049,-0.029306519297635156,-9.291171346479059,-4.260254655749494,9.322121668246547,-4.082523998224168,-7.342501033863949,0.5568989002193722,9.518424419172346,-5.125024020334747,2.9691875665633747,5.050747167668117,-3.9059190506023267,4.656748119576428
5.850907758537718,8.54011530178057,-3.2232714400141287,-8.18452048940895,-5.25037301740606,-1.3506988977373058,6.136054362901675,7.0037769464722865,-7.625529954619225,1.0242569554826164,0.8288709804877228,-6.054806923505896,-7.687659250214491,-4.579822337204089,8.048627276160813,-1.6340282109223945,-0.14622185497443396,5.979660478048015,-3.970770213094011,8.382172620345937,8.907714677818802,-5.028104005171895,0.8680574102978394,-3.5316633864783413,-4.719505369794676,-9.395576859427452,1.8722237598132367,-0.8610732707484996,-9.858387911601834,-3.399186823834361,6.337152791405935,-3.591403489215497,-7.44509678377777,-0.9834534008408994,10.452768372909283,-3.673677985622874,4.560343389721529,5.7342443559342415,-4.160385630430171,2.8478293950933256
1.8599427195401708,5.634190046153186,4.311302578522109,-5.40981180552313,8.573487049594855,4.879421143987007,4.8149143949912006,3.0068150668184197,-1.5013099430374117,-4.3721054882310995,-3.483660481385623,5.419347720289687,-8.75746804259481,-7.707542874403016,-9.836500413612132,-9.263298006300289,6.7896350716239615,2.7160297679295766,-1.0880755784461034,-9.436129573310414,-1.404477388159378,-1.6715090722551567,-5.582511303573834,0.1661980481189611,-3.5659849890907576,3.8971856273188195,1.5752788443923293,-8.347039710586753,-2.2491891367042705,3.15304985899758,-1.1030178812092086,5.3174395410943385,2.370964222246329,-6.314442808410749,-6.631720876505543,1.8186619664402328,-9.568611275815874,0.9664324269596463,8.787378645722807,-0.4213018035120819
-7.638623727510127,-0.3969277464953,-10.317830953385098,8.546572225521409,-5.362046125779478,3.9058495169298775,-4.835970041106112,2.1204010363980372,0.03787292827353117,-6.083608552289022,10.18355186567924,4.932016037022178,9.642447474716734,6.667363410752559,3.4101172754042626,8.451633965428092,-8.82656136693049,-6.37952452404453,-8.28653495239652,-4.077848676585151,-2.9758118956331367,-4.794555962105821,5.3977880702686205,-1.0443895581863984,-4.947704397467108,1.6855384493453733,-6.972045416856974,5.059405564598827,-8.514941835617313,10.521741511321094,5.2566340508468405,-4.832573423465524,-8.868042264746087,7.228143423755011,3.6774901046793462,3.5003009130382603,4.81181932835612,-8.322866024651471,-2.284898715582192,-9.854190214257853
1.1653123122568807,3.9864334779246047,5.809108085447924,-3.796832500906717,9.11499367818228,4.222675629405029,0.43193278148092773,2.285025771859259,-2.5386017831054444,-4.365729162032105,-3.5261887942111056,6.161877723733206,-8.729542846093596,-7.733982868985867,-8.499644929709968,-8.5550600440938,5.646880071075345,5.804850176254098,-0.7722671325406496,-7.347743273564269,0.5559410133894707,-3.0201016759240953,-7.192891796549166,-0.48259819481448374,-1.9676528526173278,3.0059712973823993,2.7942395787980594,-7.8645380107559655,-2.393713819026165,3.941287411065203,-0.9173034056102909,7.002156754287499,2.5804730637968625,-6.352675394309141,-8.86729299687398,2.6188713770326757,-10.17454015241781,1.2547761085407212,8.794327764582475,-0.5118615936655928
6.165986953666778,8.645901049214167,-1.6290274651492886,-8.179015160046772,-6.297584872821447,-2.6247620288463174,6.558373935481461,7.693965923945369,-10.40661278373877,0.9936287972771051,-1.1863958602052445,-5.5146121009405045,-8.50510737407047,-3.729560887412164,6.42843878056784,-3.3001542953868617,0.40215372361475765,4.248858168993043,-2.2230889368495603,9.821463140851437,9.138562718196187,-4.915686040329964,-1.4593462988484596,-4.566154449354033,-4.252719058767187,-9.998114628821705,3.0514374754704834,-0.6050516163778002,-8.754119563751898,-4.310505058452435,8.911595312943485,-4.30797101263225,-6.408069947207599,-2.316950995831873,10.907157230225142,-3.6315863455753936,2.9605866637961027,5.4690392192472,-6.138080800282789,2.6159484655050402
6.7257235139655425,7.5733980481782694,-1.69977386872766,-7.056673001868161,-4.19573993447754,-2.042254002163113,7.418431431017282,6.902034239732176,-9.750922565443336,1.8499937221707738,-2.694554993780839,-5.354596059279994,-7.164687394807617,-2.727692191126631,8.40740958515692,-1.449677258776814,-0.9191194504729379,5.519264566536025,-1.5123423468224817,11.336530444022898,7.660718800134402,-5.833185571382427,1.4369131770093506,-5.859472958294916,-5.9096490134910615,-9.750568839620836,2.3832804682202045,1.645805538226005,-9.155690889930572,-5.03530986333231,8.476707657029502,-4.739165703366151,-6.660862736005267,-0.3889310024000843,7.757922968293865,-6.076510558876324,4.862982033385034,5.41946124455095,-5.5697712392590635,5.682495520611166
-3.174917701262145,2.591775770834939,1.8424540776049978,0.023932278801396367,-7.922622398758243,7.7153448675645695,-4.542848081820091,-6.844687988190286,-9.915758142231766,-0.6035208881124419,3.692999027163158,-8.733525675614386,1.2585043733015022,-6.34085087248198,1.651757759668855,-6.491065872308486,4.648028448615787,-2.1104426256788678,9.023904410608452,-6.107750189343902,-3.917809538225533,-7.950499661861248,10.128477877332458,7.349975944521992,-6.108504411663459,2.530324824433285,5.406264152803075,1.4611788176905176,-0.3029354364686496,-4.891919929129722,-8.874009862422666,5.820936620668306,8.314980930248531,2.810492827012248,-2.7016463633171455,-3.688795726912039,3.7395691020454116,8.34367205753309,9.260748057833327,5.608678926658804
7.1875310031961614,6.683664854134404,-2.643542074919713,-5.941370632796799,-5.501577498189148,-2.4687257240644755,6.221498917504325,4.987850140169641,-9.898844090398027,1.0359131908643113,-1.6875375813979343,-5.841983345274362,-7.07512453721431,-2.6436717249778883,7.198288515745203,-3.447118397306107,2.811797559096566,2.725362932255532,-2.8128267852471867,11.377387776470917,10.353121055385898,-5.477750764268778,0.1511054974703137,-3.9845454836494305,-5.051261916772315,-9.336513160402427,1.9113205467914076,0.16632940265397989,-9.718808155691248,-5.703688915512432,8.124036945940704,-3.4936439684817717,-7.019899631912741,-0.5425385733802846,10.467094887250513,-5.31721418236537,5.310743873076682,5.228479797279272,-4.546752056993843,3.8097225898439184
6.253635496980725,0.9362135815470669,-1.8446427722627263,-7.314722603672745,-6.267810324392885,-3.95455658872156,6.25631562154518,2.275086869326396,7.253642617499878,-0.8384608243903819,-8.729012055002125,2.560120000231855,6.2682482830726975,-0.6173929548577506,5.666615051199977,0.7624914200454644,-0.9965697112612768,-2.3734480354240794,-8.278438276726506,-7.309279739906871,-9.988701993144202,3.9304572286367794,-2.5063446550191637,0.4404665163097634,7.251169250648196,-5.427604120494296,-1.505954795332016,4.922427941713485,-4.4850795119327,-9.990175883533476,-5.699234470790878,-6.594703143437479,8.102408633044556,5.535358976590598,0.9000184110340725,7.4487576485525375,6.020686429981525,-5.615119840327543,7.9200861029205285,0.6542407600725173
3.353216075774313,-7.728177620457102,-6.3700216852208795,8.551505710637826,2.1743203221944625,-10.86392527365638,-9.822226106359414,2.7233475604238984,-10.033383756138855,-5.5299071744745465,0.8740741121755359,3.641334919637172,3.424752316893791,-5.784625798240006,5.054126425897655,-3.2756846316801207,-1.3012205226039448,5.026868729604972,3.3295503456397424,8.563324330257043,3.002295823110596,2.0453642086336106,-9.261664773123975,-2.9565230870863273,-3.539838029720184,-5.838402766205951,9.332159916319235,-3.7122551522669114,9.846699398051904,3.885800589762161,6.084325636985716,0.5602547341861699,1.9339757994705502,1.2346656294080642,-6.613940286410482,5.181309925158338,-3.307136252330711,-8.298354700894468,0.650075034311659,-7.057060890124165
3.485084080999137,-7.144479520275912,-6.368557593976582,7.909362559860163,1.9556546101903922,-10.04738129535923,-9.146548946446467,2.582511550256148,-10.315362368727785,-6.670344625424285,0.41786102967465644,2.968774711355934,3.7989960491778567,-5.143999838840948,3.70435489016115,-4.748739778576411,-3.9451639305005806,4.992893131848604,3.967702035667161,6.380727116717296,1.9798462381731239,1.2210374836880897,-9.489969659623611,-2.9231324481623044,-4.976590125678948,-7.583891256323891,9.990846258793422,-2.3207352733461124,9.022827556314203,2.8383044997393405,6.631834641148517,1.2427806153108851,1.4063606097564354,-0.15046931248662343,-7.668683467429341,5.688580050464347,-4.530250150904439,-10.519411221718906,3.6491684046307844,-8.637567603823273
1.29447302074801,4.61406092158023,1.5937963683659166,-5.418234462759616,8.930831191106154,5.872729838876848,3.002345545945675,1.5699796731036217,-2.9178455434152974,-4.229618773551729,-0.2661764156738853,6.2638628425885665,-10.460762951398909,-4.817407896644463,-8.39314753909603,-9.976437167212291,9.043513846557856,3.2031653762016337,-1.1376119369154387,-7.316695964638845,-0.19258781555260804,-0.49355745238391985,-6.497271100156898,-0.20848708937037896,-4.354295951764154,2.6015158469307997,2.4116696402723576,-9.846415837089726,-3.2628841254039096,-0.11991135493449301,-0.7356929319994406,8.420259548705781,4.0059275104064405,-6.9326932207658984,-9.99988077383206,3.670255336385441,-8.159925377507145,2.74970629626693,7.835879273512782,0.644604876654893
8.652040908350738,7.9463056683217745,-4.602599034971748,-8.432601375357041,-7.698021854450586,0.14917478077440682,7.955057307493725,6.199104226313546,-10.088841677758092,0.3105535956638931,-2.612132989166534,-7.312945821856556,-7.813050257103256,-3.568776001386688,8.46978283726161,-3.313225296983931,1.8053320933933146,3.75728645821183,-2.5569649536927574,10.16251217816415,9.80308882535497,-5.578777607940559,0.041347240961745774,-3.434893983495554,-5.431541449961426,-7.998722042112837,3.622875584812048,-0.6691997908672636,-8.776754956652045,-3.784792458596739,7.619703563004322,-4.727148340972458,-6.938846931883373,-1.67886297208754,10.172170398190573,-6.259036986041027,4.381913799779619,4.561181231440462,-5.408534553813151,5.9366058856837665
9.29222525870973,8.225450570975928,9.873745806564605,-2.1023213651387103,-9.967748093948735,8.67571826977662,-0.5330289125555201,9.51905763443419,11.394508999018605,8.196056625742727,-3.623414791047164,-3.235031301469979,6.8758453264351465,-3.1826849268219943,-7.433006482036289,2.429452124129953,7.748938141437579,3.2833702354535577,0.8389242168924169,-7.312645663951496,1.4952081668126227,8.00110043166621,-6.110280859507807,-0.07779323783082659,6.478953806407171,4.060513801881548,5.657077569089711,3.392637982469275,-2.9335450809817982,-4.575081476996148,4.954560566136516,5.459549331336653,6.0403379645955795,9.220692326810141,0.3277270418323526,2.5130036559183133,5.256992854344914,2.1404183694096837,5.573097313509396,6.973830420790154
-9.388917118312506,0.5195052082722419,-8.275048172046581,7.275921338044121,-5.068428720170796,3.545164939981942,-3.0725608765530765,-1.6263168481146324,0.04816533988721583,-6.635490269339334,10.094832752527221,8.001086950943787,8.561973104474065,6.489569546448987,2.3602676534230005,9.758480490003045,-8.122135837982109,-6.9869912967713885,-8.13746028030922,-2.829847766236278,-3.252535050405984,-4.19159374698774,7.572015750697461,-1.6830434235693204,-4.4477587815618405,0.4958422169856509,-5.954241678423484,4.83377911209991,-8.070407835483579,8.367712104645916,6.51027165819275,-6.283731884927714,-8.620974421880483,6.800641325452209,2.9139266468904133,6.00477109289699,6.976652200146644,-7.636820472718977,-3.5922732941507673,-7.988632763854815
5.52920312317756,5.103521712267685,-3.852620234867841,-8.086664397575582,-5.691069361201549,-0.9293050256434727,7.236507897771524,8.204911212226392,-9.415248249240818,-1.5858246503713205,-1.9929796697177158,-3.2537540070362048,-7.228475918523865,-2.8798770034835757,9.217680018024243,-3.120561737078906,-2.007299746218601,3.8208548609924877,-2.7653007842088098,10.717137053672626,9.29661879346452,-6.610865470094658,0.3750592740194621,-4.7862584519073526,-5.519975753532066,-10.096420099625925,2.7337909092624524,1.3123417043372987,-8.487495029822627,-3.7950474916507493,8.638362992171077,-5.107435009800084,-6.40517192321278,-2.62972026151816,9.824097433516847,-6.203819604392243,4.605613520661711,5.08523700135749,-5.216301031884177,3.059255097983388
-2.3953283447228575,2.339916604979419,-0.17210042094628453,0.10320688775404274,9.739373341554053,-1.6622051605874155,10.584229664279874,9.840811873258328,-4.343725482798512,-9.798391946864719,-7.640254136856338,-10.353349743282413,-4.830841195192313,4.274206827311928,-7.159915041101627,-3.1851178906262856,4.2620631336859525,-10.318126316899706,5.603786711092409,-4.753039782095628,-7.277135147313445,4.436076031697377,-0.048479504118911,7.312520706364996,4.215544754692057,7.450656931399462,-3.7670639444934384,-6.634286646809348,5.2359758566798495,4.449671747626554,10.471454884845274,-2.143185382364243,-3.367017056906093,6.842491054676193,-2.91034837226205,7.949715581890599,6.563861890610758,-1.05421311285914,5.305592652303909,5.1202825331180915
9.4806067965286,-4.920296755290652,-2.8369734679634266,-7.334812534046219,2.412808072289914,-9.616868480453551,0.31371379643339914,1.6650891366584144,-4.9512896167468226,2.131593679824637,-8.686381717142167,-9.863570992588537,8.14633666346233,-3.6315491183923845,-7.314696863667793,-0.8049121153234207,5.503231260634777,-6.750652666133959,2.163680375050742,-9.879648261445737,-8.166552176302124,0.9833726811045671,1.900112985838829,2.400792865324296,5.655674041334228,9.556321234645527,0.43917442545264257,-1.4268172158231422,5.419047930435469,-3.3558959436036657,-0.7408866453396645,-9.002777265400164,-10.808676022154323,8.219883243103013,7.850277208098629,5.653883648710917,-1.7295012085043773,-6.390231835961962,-6.094805713421792,-4.921840007354909
5.819778049398953,-2.0551554953482367,-3.467250023898263,-8.524119258661365,1.4147603783569065,-9.332166092168839,0.27391902518822064,0.8587167520748086,-4.396529047693643,2.8351211679252284,-8.789342629332227,-9.988606670996367,5.304855835714334,-3.619886946974661,-7.508009497150519,-0.8011885740743347,5.490624109134685,-5.8127777598534776,-0.08470951593055753,-9.699225886391934,-11.852115820312,0.28318957031865016,1.8867160775481304,0.8579400745361276,3.1995398546598657,9.353303721977511,-0.7377460628295218,-4.609543308241872,6.445318001547232,-5.078250419331436,-2.7072964732852594,-10.518588263211782,-7.284577361627118,10.381277348121174,6.267969064182101,4.007342133537898,-2.3094721738115913,-6.023656867791834,-7.7254735142961595,-5.538315253184917
7.077855751247272,7.72128772034019,9.291455850710289,-3.5663833382073347,-9.293023253901943,8.271583748506428,-0.6120729789004583,9.102330675756782,12.036748057902193,8.958306125165707,-4.426232339013978,-2.750180017056481,10.155059581145599,-4.740410858203036,-6.665168614196499,1.1584741688724312,8.720757585401046,2.1818842129689333,1.897825811463239,-9.026820215976947,3.7361336581524665,8.345111959650643,-7.138853767894044,-1.849527599677153,5.393077732218384,3.976020396791456,3.242104737568332,5.5154080927316205,-2.850768811866795,-2.835756213798579,5.807436514893595,6.808353076463948,6.615971054683174,7.4713379820308266,-1.5940021616991378,0.3660798875952668,6.2279869940356525,3.776591502841155,4.2542558322954624,7.942049365915988
-7.844072240846625,-0.20265588781434946,-6.213930143624374,7.928232903544208,-4.314276006749587,2.6010808674657593,-3.4705459031711774,0.16312674850059874,0.523687104135863,-4.484012357289134,10.56887751847551,5.639403114621522,6.485766895339816,7.535537785300406,4.661027140626786,8.206823033822626,-7.126932386907951,-4.6384003496644945,-8.876490305933265,-4.335215016602865,-4.661766537993248,-3.888856155913128,5.75999418021504,-2.688783014240522,-5.631130145841749,0.5886841226947676,-7.147796445603694,6.312533196125093,-9.623809313756999,10.934649680771699,4.848000601201176,-7.700155829769797,-9.998581077491416,6.343603878123142,4.297736310124103,5.942275764504826,5.188958096983055,-8.638726589686964,-3.933869810347641,-6.862065306609509
8.676602286503377,-1.3758880668965594,-2.9227125609168483,-8.757442381520438,2.022135993169532,-8.327505564238129,-1.9995905386331527,0.6396743213216984,-4.296192125078365,1.1377949956948412,-9.952216827764754,-8.40996692395652,6.92169569428399,-1.9977357499152877,-7.121915056589531,-0.42839147575645076,5.822974113811388,-6.635672352440645,2.146056177345663,-9.329299354942865,-9.577253368698713,0.7175714787174751,0.3552118277068084,1.8654356199396533,5.65962414603531,9.397449871872832,-0.20192108040901857,-4.623269651877057,4.031729010230924,-4.805401988489637,-2.5987902894072494,-7.718835913793728,-9.46349393709232,10.811329072696639,6.94267668348125,3.1928263246143107,-3.7009487140830526,-5.727569734841328,-8.170207407113669,-5.403286559397856
-7.3415171020172565,-0.9211121380652838,-8.608737429470608,8.10858660543917,-5.1003518196958,2.888721850986254,-3.8286723451116385,-0.0465172213757421,1.5923486228681563,-6.69819443750564,10.984656651318554,6.967866970703672,7.898435341429278,7.966251277982256,1.3073429548855073,8.110837137273723,-6.227722491316813,-6.387914168732895,-8.735228184711811,-2.9520720907264346,-3.2270835786936,-5.428114838931287,5.368727811630469,-3.7509042000259907,-7.231339915569567,1.398504063958598,-5.127321659248677,6.1917603541173225,-9.925255985745192,9.094962349110398,4.986018540908151,-7.043271146529928,-9.029375019132795,7.119488613472016,2.9816950831346833,5.305224405267255,6.95221959729618,-6.616548760088633,0.03452659397141522,-8.584611458940604
-1.471657678794851,8.504269729343575,4.37000390093473,0.9944059681584246,-7.323920451227382,-6.502809100231095,-8.081339139990659,6.401357591321077,2.8919061549698357,5.517089414725859,-9.17487521086025,11.274992855797953,5.875063616904862,-6.997872489745894,-8.142220904762267,-4.83586549144214,-3.260789484455188,0.4395439617343022,-1.081131000837865,-5.300906243337538,4.682809874064416,-7.080901604983936,-4.047712234690744,-1.946996510227474,-0.3975910839225673,5.927403252139404,-6.796998812278118,0.7561571254082282,3.7303158737158837,-7.725571699445068,3.7440836646681634,-7.100733202685355,-9.68857296055299,8.851923824967018,9.368365573779881,7.26213848080017,-5.600189246247406,-6.517007400411708,3.526652631664148,-1.6238311951553932
8.48600719443562,-4.355200315156032,-1.9855417503900146,-8.707422121586857,1.2185387667365373,-9.080738860631302,0.9932085017107017,0.14054564189740426,-4.349268350927748,0.7384399857831596,-10.111942717563734,-10.340377659940188,6.696796301159739,-2.370878402285963,-6.771740400238478,-0.3087845098102536,5.907814140517242,-5.570479371815119,2.4000570191286767,-9.53447352763235,-8.81311207730973,0.8120492512741242,0.9144308767443637,3.148648787241341,5.216422333522661,8.419018280292972,0.10931087959555366,-3.025102939610837,5.6353290744990705,-3.623931417696671,-1.1303930891947127,-10.385795014278232,-8.653556212493156,9.135865066703174,4.949891577118832,3.667194261587163,-3.0893054903292168,-5.7809823129889315,-6.907100126724444,-5.91888740150986
8.808908485791441,8.94517635121448,9.606206113765156,-2.031229915140263,-10.649671523793412,9.307045166090232,-0.9122100304703743,8.787822655292175,10.064537968147217,6.902616508124163,-4.332695630733387,-2.5469585453944292,4.5946153733847375,-4.188259229809049,-5.8969718241525495,1.1136140062632405,7.43790905335987,4.885227188691497,1.1026232422439028,-9.278045615246153,4.506156995654411,8.74790440759751,-6.318828183983809,-0.4027210535798693,7.683288273132929,3.9131913917159125,2.7010106386317014,4.571884224413595,-2.404886430470496,-2.9835136704910683,6.152841179274409,8.422619687710108,7.60979303903911,8.83158573236664,-1.1315812678884716,-0.5837584213785386,6.485583279851481,2.9150508531417203,4.227020680188703,5.099359633007826
7.513072060662018,2.6453767075999997,-4.898702049232938,-9.07809487962749,-2.1638319111730073,-4.155657694242227,4.273822552656947,2.2095286637950755,7.657239628208393,-1.1388243280853119,-7.121373579075906,4.462209156750165,5.989248587444967,0.17460278520096462,5.079003116208318,-0.34981070432432015,0.9103034977284763,-2.2424008300360425,-8.575963660859752,-6.655755869616302,-10.360288633900899,2.2373353303820425,-4.244811886765558,2.8038000279715547,7.721429373313972,-3.336529974866366,-3.058973534394016,4.12137180469661,-6.110641222015752,-9.306091114870663,-4.472869675883138,-7.4843524576414096,7.7746114541168865,7.320879587761667,3.891868752721635,8.378508302129672,6.597440493566618,-6.175855756499732,7.354149279133647,-0.16631266644207798
-2.036007896791808,2.0336140711868316,-0.6270824888937481,1.5969066787926343,8.916812271641263,-2.7020801419178904,8.936707756648358,8.759181679431144,-7.184353508797728,-9.429231126342982,-9.591340986232225,-9.601564787629203,-7.249253109140209,4.99161729478466,-7.027561187600699,-4.310961536315992,7.14753718490074,-9.936873626467518,7.937013604003837,-3.059458204426196,-7.468632008589614,3.3153875610717547,-0.8691859786404117,6.1158404530244495,2.849128117570106,4.62338603779277,-2.480460930661941,-7.746250537817269,3.951352037978815,5.216170653029226,12.408647568989801,-1.8100986895626152,-1.565434018040075,5.703654626362462,-5.16833821253965,10.147785979720833,7.569351788200882,-1.5418324315148677,6.777548820174874,4.744308543983875
-7.424044962117038,-0.42269550221595587,-10.657565065110873,7.905243999111085,-4.319063220352313,3.7782850369952277,-5.665448759070662,0.2730969430723854,-0.44913519010601743,-5.401182192349185,10.175838971644671,4.604629240897832,8.023933628883382,7.435279958054668,-0.2947938185096368,8.773452873902912,-8.502994505301741,-5.110167669049236,-10.193863439751793,-4.112516332984645,-3.7329794642494747,-5.577309928016335,5.39276818697037,-1.8689597872817683,-5.079571655003777,0.9780973479095832,-7.5622789043665515,4.774474349067982,-8.677287549576226,10.33684206387394,4.237135993389796,-5.216573578585173,-10.739278579005648,5.826244643023841,4.667829999962391,3.916707203600259,5.46298179305478,-8.833797794106285,-2.701317422410729,-10.063357915020903
-3.5477414438967223,7.383010312737376,3.4024521980055287,2.082578155773702,-5.550986362903039,-6.566925119410967,-9.44483114485175,7.779427110669406,1.5632099246451838,3.466851186757764,-10.742672782316935,7.646368236488167,6.2589291094489905,-5.595164296514345,-6.4601243258728775,-6.747876730878683,-4.860901201506026,1.103374824329726,-2.67823154710427,-3.3993892821956857,1.234840875520865,-7.962558024312198,-5.623892219911314,-3.1741652810118026,0.09671214281869833,6.2191473163042295,-5.028102244804771,0.8068313142061684,0.7446215487104806,-9.401780969927602,1.3706979089113038,-5.258942622215129,-9.895756786720721,9.871408434455777,10.205594531599957,7.997567164045309,-4.317411209162084,-7.33423556029216,5.96631236678198,-1.8145918021416696
0.3349612063157936,4.0356445174412645,2.4727229653034635,-3.7241101480796037,8.184989365945242,4.831730503813497,1.6466279845303884,2.3847388112822654,-2.5039136270141285,-4.346435295970866,-2.9658861355107153,2.284209992840932,-10.69548191798827,-6.277414953458942,-7.595625318050261,-8.6593127435554,7.893280657178476,3.294863206342609,-0.7766678369925542,-6.8079501865203325,0.2582327448987209,-0.4656162005016351,-6.7227711446927145,-0.14849501400583232,-0.9078731585023845,2.9666737118130913,2.768148083435437,-9.450676290325898,-1.8147339877858626,1.4152884693102463,-0.8318446759847885,5.678705462981505,4.409102410372026,-7.461978082500751,-8.184617265239778,2.722828043416785,-6.572234799045629,2.1574170795051013,6.942464069253807,2.684919314114164
9.245529280469404,8.971067319593697,10.233967566694734,-4.1428285391107895,-8.320259287932547,6.862539916588289,-2.7635273080602176,7.656001822401228,9.52275215023611,5.886490298593469,-5.459353663888824,-2.095277826338114,7.474508816211828,-3.6217105927241215,-6.772364215299703,2.964934881604182,8.86893174945759,4.726287407421709,1.5441455274772573,-9.154346412839313,2.8500322158854123,9.145279690615473,-7.289305833308756,0.6719957291681612,5.606043371672465,3.2058702311923595,4.849773992402923,3.3859352331432415,-3.4264989647137574,-3.9617247173393126,5.801550512448403,6.6198562752264065,7.29032458286903,8.463414001309877,-0.4750104130234958,0.22392071702491978,7.070992666170947,2.4315303994411046,4.954655845426219,5.864293070399371
9.069152547705203,-2.4696796161700747,-1.9551010780456912,-7.898361608553309,1.1314143642079253,-10.135099680848603,-1.8851970580428188,0.15838584368085618,-4.3120969457953,0.6616810111975486,-9.220475243482403,-9.447474352251357,6.0547128016499645,-1.6346542705631046,-9.919408369185035,0.06113565581115754,3.047433616342739,-5.445016777133694,3.2199910995789307,-9.644156904338441,-10.189423160519237,-1.0712072003474962,0.8763444249152976,2.4078097537601044,4.243171944061636,9.14906994976481,-0.6475920983440332,-2.408996517279044,6.1760645755057,-5.76801851153612,-1.9211184017197795,-9.302941147622157,-8.087057228217787,9.964187566241367,6.593112953321565,5.626705306827819,-0.36889751651541935,-6.764824492724855,-7.281824468702088,-5.357505992605443
2.2945745007792127,5.577203666379624,2.3543871806798853,-5.222711434630152,7.773495975997673,4.092458597789939,2.0011788336391785,3.85890211162197,-1.2624814801613389,-5.300501169986769,-3.9472712446481903,5.04440705327409,-9.509003899754328,-9.14161926263487,-8.158474231058156,-9.609337949929257,7.9706275213213456,4.06223722554949,-0.21930672536618828,-8.745265997061278,-0.5122977834788027,0.11147753897326995,-6.66746083653807,-2.427941030937709,-1.9183312570002509,2.702676977882731,4.0747615430249065,-7.941366535899639,-2.572383253824444,1.9698631496204813,-0.16557622775993705,6.6060633163885205,3.6800338580828473,-5.699646335755756,-7.348790692697315,2.4361791116286473,-9.981800188581682,1.2951172009106342,6.872567878412992,0.30667119897066164
-2.768603351369414,1.606584948645224,-2.785054428156411,-0.544094252512721,10.444221700857861,-2.2868214871289934,7.261446794424846,9.291098777440038,-4.8493433372000965,-7.383540026813855,-8.406971281935467,-9.904374098711576,-7.973512921173347,5.061181976321821,-9.131128049884055,-4.374900638705489,7.593183087746248,-8.32530655143382,6.23657895756216,-3.692464596730062,-7.524256683492841,3.6834987011784914,1.749578737111828,6.39558036909411,4.086654814307202,5.093559421828447,-4.075826015514441,-5.233663356988757,5.216304384188067,5.21599144565861,10.665479921039427,-1.450764965671762,-2.0648122634325556,5.008891503757574,-2.050552622621151,9.74341221025025,6.984187892201799,-0.7016676058967098,6.1189105079016155,4.625485255605126
7.365186443229076,2.0145171462262246,-4.354867395529974,-8.766396503645717,-3.210594645982577,-3.8205104205057,2.3946225614992507,4.019863321680833,7.934478073371425,-0.9353259934378475,-6.750956692810678,5.789534340942655,2.4137894028500573,1.6598076013119967,3.9926943882808734,0.3750224340867561,0.5825837900144608,-0.8134531063884579,-9.990865079612751,-9.715411571953062,-9.821784477521984,3.1350558604153913,-2.6974880497982427,-1.0004174771784689,9.178389905394877,-5.662027706669022,-1.4298916576928797,4.601128817995341,-5.241866062455449,-7.568524168853866,-5.431985019013175,-7.455480151666743,8.778915634193547,8.563991252318692,1.8048854180416418,9.469345689751275,8.077864841657462,-6.365909972980875,7.553027443599656,0.09477963964832226
9.395143100726912,-2.5466393561848797,-1.8074547348221717,-8.725322957003929,3.971282494362929,-9.720165538339486,-1.401849914640914,1.5596352911068796,-4.073946824493981,0.9982809021390373,-7.19414783913043,-8.277436726822875,6.456016514461106,-0.39507704069148053,-6.648009602674052,0.4329642313031941,7.681308707149144,-5.024594716588931,3.0730547787003744,-8.679398327285142,-8.916952090928199,0.2163996354987444,2.2524381782435823,1.1391838865466688,5.887697107518078,8.639699060552749,0.2680857628603936,-3.8360869289993107,5.383571408878866,-3.8935708266230225,-1.2257607992160868,-9.098571133303567,-9.338989601513056,8.556881566891994,6.181826911242696,2.422221032835155,-2.2712501051993663,-6.039909072188551,-6.834134228620242,-3.1800783677349513
8.799570921052052,-1.720431423764073,-2.3785833412077557,-8.890085046763451,0.8177247924751339,-9.543244724428032,0.39283114071723557,-0.3469831185483161,-6.107940989847087,2.1787202019495187,-8.808382249959932,-7.285066778216445,5.069692237926436,-2.93099378373698,-6.2969523148418265,0.5657273686988191,5.204431872910693,-4.893673953133596,1.8584205521734065,-7.4416398581704915,-10.219928768818122,-0.8923390719199373,0.5391144132897996,0.18530824306756521,4.606526311166133,7.78448024654598,0.6084274865902826,-3.355411103058135,5.835761509209256,-4.146946307220423,-1.0163741172731908,-8.723872976485954,-7.6619781512137175,9.646278987110946,7.491510497554995,4.992563865846553,-1.1527917326725134,-4.47128067965828,-6.705252261757082,-5.002103382544155
-1.0126801857718266,2.528776034772371,-0.2894476731173904,2.7159578453507747,9.401372499758065,-1.1136962504195362,8.60318393720956,7.386657198772932,-6.243551432599008,-8.66571386771043,-6.913615455335522,-10.36524743615036,-8.199768695079019,4.734960715340348,-8.360683447396745,-3.6313043644293566,7.136003840856021,-10.662113786794345,5.145616537536757,-5.95111825616561,-7.430021660197272,4.853598057126029,3.34444342020155,8.693068263105873,6.155643095131591,6.214265992185133,-4.423916266347419,-4.975244429563084,4.311279836140081,4.958162164962033,9.471223387444365,-2.203389771105686,-2.5113115383233153,4.678239523696817,-2.8141960501763106,8.046034471680812,8.396458863216111,-2.6146849559393406,4.8779485397778455,4.755943190116135
5.018686470912301,7.696477864756855,-3.5021720953886852,-8.240339012741094,-5.3405339262595675,-1.6455381588966393,4.960952270663986,7.396089547005923,-11.189309180889053,0.38056117664803774,-0.2776441128743108,-5.838866987861449,-8.77417578329733,-3.3746843851324213,8.026222970171853,-2.9414323569534258,0.22782368734446884,5.770142429568129,-1.5644183567367822,9.282561149937811,9.964554966815314,-5.357590492655563,-0.02107299698712184,-4.343868000014919,-3.536734152600939,-7.829272776199767,2.9899348867890803,0.975517065862586,-8.047391537764485,-3.875814792933061,7.0260315601228065,-3.507790667244052,-5.297691731477113,-0.4448243977621077,9.342311166995833,-4.546482916854616,3.993523783301077,5.030446237821332,-6.49727477573961,4.870028162986968
-6.713432430541495,0.41760075465017954,-9.773399309730252,8.942972716488782,-6.218895436858923,4.304337239375523,-4.960301417977815,0.6871637103509491,0.08905162843943404,-5.749521906415032,9.357767329363263,3.9079005090589587,9.210678462302262,7.318626231720264,2.8391462970350716,8.438810389196743,-7.834728973573571,-7.037911706632308,-9.684786453216601,-3.952032020835797,-1.3697517259678036,-2.8956422767165932,5.769578431295712,-1.7880853214705337,-6.550987223978087,-0.34026773792731957,-8.140293956691522,4.691430925640073,-10.092575516192165,10.150737644148144,5.230827688205286,-5.646280971711442,-9.199084971406439,6.574845562269215,4.794910053102717,4.5106110745774775,4.23841354541317,-7.461292784497396,-3.4197975618956744,-8.618215108259832
7.167795800280905,2.647423600031797,-4.69556730130101,-8.68926327014588,-3.6169058190692787,-3.3674839381091446,4.3762928113251265,3.8890072030736347,7.39060229664498,-0.32837558993782334,-6.31081754730842,4.185519604439587,5.4301642398055,1.129159315075028,6.65671339265482,-0.3818126342984804,1.7380111649280872,-1.5527675274760726,-10.351077188566114,-7.16279828955979,-9.676084120020972,3.3487091243747713,-6.4422847633972005,0.17661908518900268,7.691724179764378,-6.077414103553779,-2.3455825411272055,4.537319626568322,-5.472022485018132,-9.827728264709096,-3.8886971614649255,-5.409359469714124,8.874881543799287,6.971396200517348,3.762637584822265,8.665701315938533,7.943580230803596,-6.767800820555214,7.13269598463844,1.5703104866377486
-3.7806735687709265,3.2331590359394227,3.063501574232286,0.6913222551369613,-7.674767975720098,5.546029529841471,-1.9280761927617258,-4.344784296879394,-9.137392471145409,4.240964994378391,3.1522593052957286,-9.267811427586597,1.6737502297601334,-5.929088956264151,1.5219067493095593,-8.124388485519024,5.879581325951978,-2.7943177246280295,8.548863011316191,-8.36234519540119,-2.2303336996656413,-8.512089434412804,8.002609337909934,7.846307487035779,-5.905213372942461,3.0210986511693547,7.746653593527588,1.5322706295061104,0.7235538595484877,-4.948089472527101,-8.527079739858578,9.940467478821459,7.196204012732541,2.8729553074292893,-3.104378612683179,-2.007046000613647,5.622287516198428,7.910186394564472,8.032394978415395,5.926045671066425
2.68885780988304,6.691735953788017,3.8541282875425953,-4.035667874211775,7.87996588115567,6.667241487646345,1.302484159561959,1.9453500827794081,-1.2204669823906478,-5.681730937371732,-5.218217991266123,5.728725130220983,-8.36965637547098,-7.121624554660729,-9.0870262895666,-9.172152201229236,7.281491427936432,4.214811408689058,-0.57722473573405,-8.017973907511118,1.3873302427771108,-0.058291370042153845,-6.430815617775132,-0.6637401189446226,-1.3706063252692875,3.2629999238141885,1.9449616055200152,-9.5744477107069,-3.321305161664828,3.2839212377784186,0.7805961460087788,5.856553951244073,3.5647104451992235,-5.369077590503533,-8.82395769071589,3.162358838052617,-8.739288086343139,0.394953386070545,8.956592987490254,2.781599747259051
7.469610812400613,1.1191768744357238,-1.5341725072449133,-7.538303350561851,-3.981038784062086,-3.9010294163283854,5.621727928180974,4.73361987727319,8.698015107337884,1.6161011706355883,-8.530466410295883,3.4455089139611084,4.026759854284601,1.6673046010394046,5.59494714889559,-0.276039196184171,1.26391521576318,-0.21685102761434383,-11.017279874404938,-8.439143488035027,-8.551272692142255,2.2604695414170264,-4.51108645483162,1.189951250944451,6.861829408797879,-5.315735224813606,-1.4636975134825976,4.537202856950855,-4.640881034154376,-9.02927877862151,-2.7963514482787195,-6.901320552415684,9.265223183556813,6.9084315442711555,2.040535127464397,5.375725255098468,6.434197292646125,-6.196310475154414,8.407005997374684,0.5603173659301759
0.8385899441100227,1.91072691822679,3.2846147931408436,-4.808760136217307,9.958980657756562,2.772089800372254,1.0934263600286507,3.810639209404184,-0.9325974234931826,-4.064708214288988,-2.5408129043448207,3.4953881393867223,-9.545601054302406,-7.27005782979767,-10.15817170375572,-9.311977796979932,4.208141051176229,3.7390590116586657,-0.9528993610697978,-6.641077431366622,-0.7709056002920466,-0.7969216429841658,-6.615191379076505,-1.9132870391709198,-1.3101138902203717,0.3246099471874495,3.8384497214970055,-9.105797922874979,-1.2061005726751495,-0.23003382782954462,-2.373504149009354,6.837818264180944,3.679788020379461,-7.29624417437458,-8.004779221908889,3.8296953215692753,-8.803774242146195,1.8187801298493462,8.900207678153208,0.894688471129196
-9.636355156878297,-0.3317357077470352,-7.166404652619144,6.641472119422242,-6.8063648537383745,1.751264485121942,-2.867418909864795,1.5261371435420288,0.4216167898870842,-5.61969848548839,10.781947882803161,7.290002881652116,8.543643550103935,5.595075290882988,1.1371206538120155,8.010680505527077,-8.489088755540001,-6.268202152625815,-7.97655962385857,-2.218964958047131,-2.398127860135143,-3.4745344884702636,6.932411549669678,-2.800427493265642,-3.474765649142421,0.9261737114028856,-5.123704323406985,4.605528448286236,-9.024158025496602,9.611219835056396,5.884348076391138,-4.757725882213463,-9.913956224764108,4.886998919590475,4.979660773407348,5.335102126961711,3.4835482743395083,-8.522911098988992,-4.420827259794845,-8.347269906999468
-0.7528822303457152,2.9467035365107206,2.1545340386875473,0.5257421242354869,-5.674496953266461,6.8409570281228875,-4.178812399143256,-7.414697708485455,-11.010398263017327,2.181443137611027,4.2059292296701525,-10.064939601408085,0.22689074795466593,-6.640546205329865,3.0363842730164987,-6.031176099333046,3.283590494881682,-0.5748404044034123,7.897493447987778,-6.966104513061152,-2.3303557592902244,-7.807819075337601,8.305395546676765,6.117920917169956,-3.4838259499806044,3.029787719015984,6.8818094289591425,1.7767367198493877,-0.03528692489762386,-5.360482786282181,-6.803462293138511,6.827117493326089,10.136279218023866,1.9171563601890853,-4.398921635666498,-2.8834994870582475,6.727461841744659,6.031239263459337,7.600712766812654,6.073775934409032
5.410087837738863,7.381686959006253,-3.994781231914538,-8.757875599452452,-6.174721915978405,-1.468850549103282,5.590068335339719,7.758135997676895,-9.179296737978746,2.595333797715805,-0.5261000049009581,-5.31474073225698,-8.222956949994023,-2.953949220253442,9.18479003816674,-4.049254448590556,1.1595438316202,2.6622811632216807,-2.971807787951631,9.99150011373662,8.961361751250125,-5.171108486921988,-0.19281574334457055,-4.818035044352353,-3.1292891808764396,-10.28029872483216,2.509446007007822,0.46722836285960373,-9.91904687620918,-4.353966460887028,7.2556855465883725,-3.8177197116046067,-8.240885495151751,-0.8648418886807037,8.488784073856435,-6.516593296637543,5.033926238999865,5.775166980486913,-5.106955694451463,3.90775000889027
8.96217706023695,9.246830642406339,8.080189742082295,-0.974467836127747,-9.824527402685074,10.185693328077813,-0.8722001072535157,9.684266523635124,9.159124788506901,8.034145802893123,-3.9980303910302903,-3.2301766430750263,6.057241239339102,-3.239075274940175,-7.517523951444646,1.073794192194504,9.78028002176671,4.224566111393793,0.6790885314585507,-6.64648261296849,2.848019770978097,10.818869989289354,-9.465878038478822,0.6974459255374814,8.389619274939001,6.5156609973820805,2.4764962357543188,5.255796268936718,-1.165796689903652,-6.145452091989112,6.665814219440015,6.819888707924319,7.014438708950169,7.774716591063138,0.8947018905065792,-0.5846558596666399,5.748654250917405,3.811713516379225,5.793380595480931,6.453837661264038
0.29094361349908215,4.159887961484191,3.3143121657143975,-2.457433597661687,7.940213814681549,4.02935444416057,0.7241499440019978,1.5607682655764032,-3.066925205961752,-7.750084730401776,-4.707390892646002,6.255952141868872,-9.720349128384104,-6.843008273607605,-9.662460755473306,-9.283759613879692,8.72236918117903,5.625879793257891,0.4254487143387786,-7.840898999689551,0.3502869298858873,-0.15992628574329454,-6.702889395453814,-1.7273368246809375,-0.9075373667514051,1.0213744121481942,4.189231294601518,-9.369362611306926,-3.8218012121682583,1.9716934565881146,-0.8116827154895202,6.554122471662594,2.5799191136917354,-7.375006229746629,-8.896582120131239,2.7836122320652397,-8.705914153986596,1.4705589934821652,9.130625635126746,1.5170148695661176
6.376614470144978,-4.283859961236868,-3.1985622780660607,-7.580224881337755,2.9650444991273837,-9.867162972409092,0.6344190042574793,0.9002962447629919,-4.033036796509089,1.7528606536527709,-9.587308754605077,-8.813736188276788,7.1923323993752115,-3.680798475410595,-7.648090216531811,2.1141402983193522,5.57705971629074,-5.3968855956339885,3.6250780553474318,-8.794295199409301,-9.000326198529098,1.4439375279615392,2.051604663480472,0.3834547364587184,3.785157883557857,8.518676282901417,0.2021818626318579,-4.463543317768549,6.567829394883981,-4.410944633709614,-0.33138141653311337,-7.477864415781113,-8.813899113275001,8.917177742448478,6.823879949000741,3.4586102165541583,-3.1856764256843944,-5.580325751495369,-6.955323773847576,-6.497754000832707
-3.2422306185767393,10.832348050756146,5.415034330262884,2.5262097697930903,-6.645602736798122,-7.128638211350396,-7.637796098162138,7.46388278534675,0.055230531277023376,3.0442650942139062,-9.774155866276699,9.70819602640544,6.5922643271085395,-4.534246996640814,-8.314602519896612,-6.188321866426164,-5.7331343661964,1.2548409281289257,-1.455558341599688,-3.7558072240150433,1.3731749338578236,-5.930657855301412,-3.1153823652367856,-2.0892188311142785,-1.0081175625227212,6.283376513155405,-6.713416924820154,1.1402444272929446,3.497772271564771,-8.000381185620858,1.421294568221357,-6.228100208981067,-9.992109684053057,9.550101056242342,9.763244074353725,4.298130622797057,-5.0695084604449505,-8.329696616616088,3.3838007831023114,-2.406427060626778
6.024348546545072,-2.8685329566124844,-1.1448062935926595,-6.440274553843154,1.0621037490655207,-8.501224179453624,0.7417501826546176,1.2542740849319103,-2.984097368437501,1.7808035580419146,-8.995680857448214,-9.874645451477916,6.287411055519408,-2.362471001898378,-8.155409072008073,0.22127882795533327,6.16074474291902,-3.6310219168870366,0.40837102473143094,-6.316474032801024,-9.226237341050613,1.5919925003903443,1.9737951321938703,4.313094803904679,3.793864809723439,9.291770281132893,0.2724108670710022,-3.8983043836724254,7.222484870213212,-4.660182675769981,-2.8391192506956466,-9.063886195468445,-11.071385158387729,9.024629506865162,7.3921520848120545,3.2650074495702714,-2.2239740763491804,-6.808878890921279,-6.730516652743034,-4.479059258072569
-0.536655446262942,7.6282981857993235,5.145468078063976,3.4622827922690216,-4.608177445728474,-7.284507016459908,-8.346898303915811,7.89328327269735,2.2177819664174665,4.062606354681603,-9.152334724583906,6.865950958020201,7.330922306071067,-5.62703988277251,-6.585975552636253,-4.285047607211766,-4.590089159599798,0.09205264357972648,0.6304536750470489,-5.007478500889018,1.6869426115110508,-7.3571482103900125,-3.316372547166088,-2.4649606267728528,-2.171225662811543,5.171350664733083,-6.6138787900450176,0.20746772304918698,2.274135035870679,-8.652785989712074,0.37488528398036425,-5.525576538693314,-8.446399294297786,10.362242792660572,9.756838988781858,7.269269920064984,-3.4411793050824597,-6.700331963669574,4.206911166260916,-1.2948653716508771
1.205943891410933,3.985902194611581,3.7001091652434352,-6.998756577299893,9.326426956781924,3.7118277338078682,1.8811740324520552,0.042116016506100085,-2.236374727353482,-5.086356048084846,-3.6423376099307223,4.7814378090992395,-8.807695876728374,-7.7030432043789325,-10.010527964529519,-8.245023887612806,7.360192549291308,4.365644667185471,-1.4090344434815991,-10.590923459642022,-1.0738137310197255,-1.53843316242417,-7.149259558980417,-2.164822681232845,-1.917206803005565,3.1978794320900326,3.778034444705755,-8.256707946195482,-3.4053726832822804,2.576099107604566,1.627891019771806,5.545062490793534,4.522102676804032,-7.737414794761086,-8.29485976440732,3.261170681095341,-9.279860752598093,3.9439845196718437,8.503772928027859,-0.13000431740606166
6.273066203939004,-4.19187568023338,-1.3592579789142016,-8.666482032931999,1.911009808362623,-9.207517602047954,-0.7425018200811173,2.1270107867591053,-3.497657016447273,0.6737620142178389,-9.665565784810676,-7.5095964049848805,6.7715730023611025,-4.304033135866062,-8.895828649339094,1.335010509662311,6.102308379148281,-6.604945025200468,3.205439695354351,-6.693658563405391,-7.508506736967244,2.2313706681854164,1.3681912072649345,2.5709382108342442,4.1193465939863945,9.499654700637848,-0.5500163384329602,-3.900169265694111,7.178843643671674,-6.192425983196009,-2.7612413115786962,-7.600341768736253,-9.843158056374325,7.327325269000169,6.658268253903677,3.715362537060353,-2.252025588205937,-5.848407572101601,-8.204454715369875,-4.982156621848499
-2.1415483300613287,6.914259620546698,5.2653868530591375,2.858401166929723,-7.471983146803324,-6.756561897320364,-6.8841703228857245,6.817776211236766,0.9633926478075752,5.643114958383507,-7.625722923553156,9.401892715087733,7.660315851416792,-4.411741870903596,-7.105984888396372,-6.817215638299192,-2.684280627654511,2.1801429113532667,-0.7982187669833304,-5.055231549541215,4.224119006147031,-7.741093684771127,-4.4922448104670885,-2.3304252996365444,0.6755601050554936,6.557495204412497,-5.591658856470895,0.7479772983903388,1.8918060458843158,-8.512852231081538,-0.3786630396655366,-6.886124985323968,-8.457646205377628,7.826696661447159,9.698963979302746,5.9634757413431,-2.1522489182170967,-6.473537994657465,3.2188549611249746,-1.3477878367746683
8.907423469782616,2.2307976583000615,-4.071316126099404,-9.41382914440592,-4.329480046676333,-4.090831281891782,3.3124757184120375,1.6269493301572848,6.914934477165161,0.035869521692084017,-7.9893523685068395,4.0577340553658585,6.485788997592846,2.5205511013283433,5.137218655953486,-0.7549515833955941,-0.40977372603365625,-0.7564038631207701,-9.696324698640385,-8.2286663504567,-10.185080861402868,1.9585418162642199,-3.3928221869802213,-1.1440244425932058,9.146198172309797,-5.548000060837419,-1.9419774835391987,3.774044812720419,-5.436402628409915,-8.7887227461147,-4.255051540581106,-5.303865356558021,8.7716510926417,5.367748407142535,1.9567552196619016,8.024342989668124,7.372134828975715,-5.986680801528234,8.539892714354325,1.3965825616497192
4.086454478049259,-7.396446134841785,-7.33732363751983,7.684166194603911,2.440210016916529,-9.12165962552017,-8.479052716697895,3.4407724927818117,-9.631377022278219,-5.497069215274774,1.7291416162668418,2.3311023090185734,2.8255948815666256,-6.44339718077222,4.8116718475623905,-4.331864899558955,-3.390450051204401,4.661701071732633,3.0618277739802773,7.193387483361313,2.51215819428996,0.14746096594006608,-10.176643685993502,-1.3785018070724453,-4.199586402730525,-4.757696121074156,10.72540998300186,-3.393513516357209,6.105300227687248,3.0070044364643476,6.189497446276398,-1.6785649475689117,1.8975987546676538,-0.5498690760222895,-6.902228303776691,4.1156185969476935,-6.826081322101354,-10.105054894762862,2.205151348659152,-5.900683964922881
7.9970133235067165,10.863601331665189,7.679801493328961,-2.5452737774583496,-9.892781269703725,8.787788313478769,-2.0510539806196486,9.132279146331742,9.666351550778991,6.197181971344211,-3.0217008019801317,-1.1125649089198624,7.6292260564958765,-3.591683513277964,-9.600746514482687,1.5603163818214663,8.331765077986756,3.67432152208192,-0.4961539287355181,-7.562881638710437,0.8515634871564413,9.919501548076658,-6.293662213359679,-0.10273513404281698,8.763513163787549,4.068381976876908,4.540747896636362,2.7448959282836585,-1.7790465409243732,-3.252172732130843,6.655581032534002,5.8089837569698055,5.939445748173963,7.874170735909971,1.3371551529668795,0.1602877653131075,4.412866649823053,1.8745509761353618,5.292488946006348,6.403766140849906
3.8664524563876514,-7.079404196287413,-6.030103102432184,7.383632495685879,1.0705194759012815,-10.359998734639001,-6.016912394702635,3.5517312959884686,-7.77232649554924,-6.9040373152374634,0.7158621168388013,3.7638474172097904,2.947051109998708,-6.288264722656528,3.09473615878404,-4.753681622883136,-2.437105319217282,7.374809403026885,2.5589450742532716,6.631812723019484,2.3810285515558496,2.4918994960829988,-7.311517188641885,-3.5226185206858553,-5.598150733338434,-4.167692373822431,9.84340724625732,-1.379656793653648,6.958162625203355,0.7450476560350512,5.021261054152799,0.7405085921150687,3.649135671162073,-0.5791101131503298,-3.819284362162244,5.278862072721795,-5.777585052891711,-9.299646833559892,3.7734201965552177,-8.883269310411707
-4.211395057791222,2.043742664701486,-0.5210990912676319,1.5890126554875676,8.244976955704699,-2.425403732482878,8.344459170783662,9.430936513282806,-5.909589026688062,-9.280462265311437,-9.140741404626285,-10.902450855767974,-6.299586065629101,3.4866236241320214,-8.97574812097367,-3.8337312086564754,6.267296433252268,-9.641571778362058,6.324298055383686,-4.347900972389813,-8.89930124624333,4.827174287331206,2.025897502457113,6.890776923330245,3.997594859545173,5.017146914565873,-4.091510883286558,-5.556227152065544,4.289305814183354,4.293568999963509,8.782988242405043,-2.195932411065523,-3.7910735955755888,4.929527525837865,-3.735456019220377,8.599656489954368,5.713300570607947,-0.8400060795073281,6.678360174529737,6.5199746871737485
-0.8795554919399515,8.641610544246348,4.39718008840282,0.0831595127577891,-7.334421908528963,-7.919916124302831,-9.445974102009483,7.186211949709824,2.9800918493370814,4.369054907321535,-9.280633460682838,8.302677654394323,5.7680987264057055,-3.954492768083165,-7.098701690621234,-4.675701550874028,-4.158216339690112,0.4974165687882613,-0.2907344669277554,-2.9035247741005046,2.126245334168502,-7.598365840480701,-4.21302747781785,-2.3348056058940476,0.012703371210474934,5.707749086854425,-5.387638058809652,1.9230485005431734,2.2296009895056343,-8.759338889595266,0.6319862129386986,-9.220247663083233,-8.310592411064242,8.882886513785794,8.797857986576446,6.411477166515566,-3.968128345729495,-6.918777469238423,3.770771398502115,-1.9438734102781408
5.200545405399621,1.6657872378870544,-3.365338635679466,-9.093965932075312,-4.884499022350675,-4.454261398960327,3.6014694892620422,2.4644277322842,9.696183941043955,-0.47776420020280397,-6.4252145918464425,4.771872090288041,6.3295633703201695,-1.5744203512036608,5.114885577942991,1.1830473504385286,-0.11707923510945206,0.3132935320406043,-8.007727311350335,-8.311302176261373,-9.874579805311672,1.7146023829211396,-4.342474610337264,-1.061175240874859,8.580140658954864,-6.470201910368934,-1.1886085230971846,5.739101467761222,-7.085241095351473,-6.910583197095801,-3.6913616473094173,-6.025876233475042,7.835287845308688,6.784786709761458,3.7944685799305353,7.330603404749679,8.075363997230651,-6.224534187366346,8.991965770252031,1.079853645571669
9.407051374354838,10.044403186909879,8.268261398248383,-3.6000340147547645,-10.209677951597532,8.820751731380867,-2.0742323720627245,10.004288372600593,9.983814510989694,7.065170413286791,-5.936657245625286,-0.5832604942955357,6.810060573647619,-0.9522832484034112,-5.957609369925955,0.9260701724349466,9.170917359713624,1.9013104164208476,2.427365805023265,-5.489528887055154,0.21091106014001682,9.513667992259556,-7.303657818061046,1.2418216764377992,9.653437112724644,5.198254477679653,6.082106644120888,4.220114156626848,-2.358753156808667,-3.799927548549878,7.407522892575359,5.779946835473414,8.159733130363584,7.034014444873001,-0.05765612743265236,-0.6064177291948162,6.053865137953445,2.683198866151521,5.171471237611042,5.037185293550378
-8.831154304217147,0.11493476969606262,-8.249572286908105,7.810774375810107,-3.4732862780129468,4.543190976597847,-2.102045646068307,0.7066035500875691,1.5215972866716052,-4.888723601158369,9.839086492360147,5.001422359432079,8.341435994755921,8.135101962326715,0.6674381542754837,8.294225785098142,-7.133602840731356,-8.271596602782378,-7.560972119994725,-2.3710191660315534,-2.6862188220408356,-4.029628536650272,6.577897909944915,-1.634943097689531,-3.3986266634824434,-0.5461490600180394,-6.5942530870405704,5.838311761437548,-8.426154555886484,9.00956683104053,7.193032455053983,-4.985624549413976,-10.62932882150092,4.974617962186449,3.751474245974495,5.014646006911053,5.665612777665137,-7.2659741405499485,-2.040765706933695,-6.7130497837444985
8.255507676545822,-1.7862377585228766,-1.7469258525390154,-6.886447325591693,1.2531854824123012,-9.904164931442102,-2.6264207764327216,0.9250910514928155,-3.890127926077872,1.5166598156530093,-10.166696327318746,-8.009632785172581,7.083815490389821,-1.4833617212557302,-8.412368841978509,-0.2633689254519358,6.603048305223814,-5.730926529818928,1.88870540470145,-8.79256572388748,-8.97744610276215,1.6300444471983695,0.6521895801105414,3.53913086014191,4.989204451299278,8.638702549069718,-0.5531224019632175,-3.991137133106559,4.5668862407118045,-5.097493830557909,0.2928618308441069,-8.46226270898205,-10.259437797778302,11.168712945378982,5.788985090517913,2.9576011550685726,-0.591455429907904,-5.872795538982765,-7.001317999104665,-4.163233136718933
2.463027970027816,-7.256037967725173,-6.292175789101891,8.978198199523222,0.5278980841758134,-9.758084271051743,-7.003864161282756,4.776331297048271,-11.446856712768119,-7.135322607811197,2.0089024613364854,3.645625641042419,2.1288075158822877,-7.064612989284812,3.29488289228755,-6.943919918627728,-3.4335455799806196,5.826138288139143,1.7316832220356901,7.242197951094612,3.997528875452734,1.3634637398610818,-9.737198938355395,-2.2594723841488262,-4.750599591129961,-5.276711781019184,8.913373849288448,-2.0512580803907507,8.350749011989228,5.013420654281107,6.008558139220173,1.563883022116515,1.8958327759540583,-0.24917445127047494,-5.946592716327817,3.227305935537597,-4.078692480430846,-11.505745736192296,2.0467795602548247,-6.347943318725211
1.4314921006915644,5.062298089237794,3.8390760355061366,-5.288541320135196,10.098587543330673,4.460331223633448,2.0162988734952294,2.109298314715748,-1.2948356635648788,-4.702152281029833,-2.0673460416903784,3.522376088278511,-11.28852794011431,-7.006836324759498,-8.723584694571581,-9.96106760180922,7.473520589236887,2.665196977496573,2.7477660926155147,-6.731745400152027,0.45462017974451985,-0.45493421371119996,-7.154690646604993,-2.6331532545864134,-2.1437279395419546,1.4572413253492051,1.9004311686996296,-10.510676444333654,-2.2580846555394705,2.140204808461833,0.5977967464276233,7.5868956174212325,3.403337262458563,-4.081871200317224,-7.764919538425859,1.5878195534764141,-9.011037341246094,1.6614928825007758,7.463074257672684,0.08785067744093866
-0.956025534162054,2.040153627924079,2.544452665340576,1.0421646030373377,-9.129640004370541,6.51845109050792,-3.091448890098314,-6.595051063375746,-7.875507759175609,0.30693430194784277,4.674058477078991,-9.007057946626873,-0.3269674215709708,-6.394493064271239,0.8231731909465458,-7.307846432314005,4.865931417052317,-2.3213788002679263,9.897580655126532,-7.869452187704687,-2.471566818888267,-8.44802817727264,7.528297359361417,7.439659850448942,-5.506133957016885,1.6568587716463674,6.162129303307324,1.2104516484205359,1.8613701786161967,-4.226148504857906,-6.9180014446491835,8.664672657460041,8.340973902216582,1.4330842389934668,-3.0695319810907113,-2.419014730415968,5.976551526775224,8.628493740783357,8.982111919907767,4.565513025787237
-2.640371375928368,1.7429494061084732,0.977031704265761,-0.060425143331173214,8.853462314255738,-2.061977534258821,8.825140093635978,7.506122123496188,-6.453438748587533,-8.047440649743695,-8.33149712746334,-8.010017799669477,-8.888179470685028,4.41424222099748,-10.33262574262998,-4.397412428960763,6.081214053309876,-10.638474818447143,6.572842159034321,-4.473091698124147,-9.91553116541978,5.9302787465355244,2.7548731299414424,7.550617625056804,6.0115397246747015,7.058479497088471,-4.657481842472369,-8.403722184106712,5.576680678102633,5.173848610596628,11.049367298602892,-2.523810124369163,-3.01150517933431,4.185078120200597,-4.446224555942477,8.506071131372389,6.965995508367304,-1.896002066020483,7.070432979838827,5.694503847813555
5.5276438598360205,6.005956972161415,-2.129643849289577,-8.045251652055265,-5.8797056371978735,-1.5103269097855883,6.996531146880185,7.561975068642992,-7.213073175819098,0.66888193995509,-2.1170253661935012,-6.119200528109341,-7.995451605743153,-4.749533496557278,8.898058285741971,-2.752473253375978,-0.2375511657559135,3.2529991216194443,-1.2114628061198867,8.00915849779805,7.181127522364921,-6.117256027140099,-1.5954625992765865,-3.5962077395600254,-4.663894612900221,-9.481948097933184,3.34422085657271,-0.6377543965855462,-8.195335563254572,-2.915747916064568,7.709655221319414,-4.471739331104239,-7.343920470704518,0.7131533343920498,8.141519894635742,-6.804406814895337,3.051443233210031,4.34346749751458,-5.763958229581892,4.344800389790052
-0.907591998700509,4.730527198337378,2.804454816801483,-4.658541452904621,9.949071415380665,5.189971811373379,0.7687418611669015,1.117828895575011,-0.2793373466566105,-6.385502211904536,-2.251179524373617,3.5595282650810165,-8.794256924259757,-6.6679463369781065,-10.992558002753412,-8.736088900932662,7.47571532797,4.7762064922865,-0.1512831432351766,-9.005632479770192,-0.3849154651332242,1.1340819520452823,-7.643776077749269,-1.0001090568893674,-0.8786514380974806,1.3262491521836848,1.2850863702370623,-10.360022138210235,-2.1127763458941757,1.2425945412930326,-0.0726348690303229,8.501068220069664,3.1225645079702695,-7.5191242465322095,-8.463215379278019,2.7797127100579866,-9.017116150364322,3.3346561792881175,9.201373687336128,3.543266069283484
6.027315997840838,7.061823523347561,-3.7220671641167686,-6.812199891963642,-5.882772554474076,-0.5644969648667282,7.097365989067533,6.915674268107037,-8.472157285756609,-0.14060061963939047,-0.14223307441178856,-5.1237168090444225,-7.618558571779857,-4.135497952265094,8.769933848115343,-3.7397008730793155,-0.8824839503835831,3.842763755185889,-3.5312111325112063,10.021633423397995,10.555226374570426,-6.191269759787957,1.6572778462146325,-4.110984838049737,-5.278211497389162,-8.504506272701162,1.7448322013428887,-0.028156211454263974,-9.374703219212293,-5.243808647132671,8.889314751734979,-5.495063589554739,-8.538754350354784,0.3401153297671935,8.507426731188259,-6.31215474244525,4.6353171530948885,4.036052407364139,-7.563693977079497,5.187188457198687
-3.349188856338993,2.0444641829824652,2.1751105341185863,1.8808192807184514,-6.901910852027127,5.310159677321141,-2.5781579532536467,-5.450721485655631,-7.630902358454894,2.2029668958912163,3.5070271165670723,-8.523026734871218,0.9407649574873854,-3.2251860818925144,3.8621636531508257,-6.359123443476255,2.6446503816731486,-2.8462102511833702,7.298644796706673,-7.464643153140998,-2.2526053857619845,-7.734200663668734,9.515597634331328,7.884360801058632,-5.244259735450898,3.287306075853544,6.816540695079414,1.243239630452863,0.7436957959720432,-5.932004289577673,-8.570920909124231,10.202775955221178,9.236827633690151,1.1881882486556434,-5.586373136532348,-2.93961608629806,5.412586471830778,7.422263361629335,8.763387213500284,5.65716548215956
5.641110333101158,6.580853962488583,-5.321997784260508,-6.482862057595984,-6.3963790372969935,-1.7833576404698106,7.681506444527438,5.600710209647875,-8.368692879901127,-0.038694402341186374,-2.8003632522631587,-5.805194717734308,-8.325289434727821,-2.8068767730217252,8.210061644362607,-5.447583570503938,0.15524990045833295,2.703834125617017,-2.5230880684258006,8.24851132213589,8.760933095670136,-4.781766279278381,-0.2674886071865596,-3.7320035206635622,-3.622902946732891,-10.42019475264065,2.126889138973229,-3.275923332930899,-8.72309167331769,-4.727884845642613,7.181867955855104,-4.8930427643640275,-5.929404980990471,-0.6869625420476824,8.768194591970294,-4.99386930733128,2.1071042814712113,4.5720109360388115,-4.024846958501504,4.626506202049479
1.8841326334117348,-8.896960576823046,-7.570618013234781,8.743706756509619,2.059300072862667,-10.136904862002504,-9.252239059332345,3.202641128967323,-10.466356678060375,-6.540499406385865,-0.16829141131372793,4.015810213360065,2.600274419553191,-6.76391073652395,2.9163003890725703,-6.432038638086693,-3.698405094255188,5.050823536723984,3.2624816133214756,7.292021127612006,2.3937345850276666,2.424574974804607,-8.568730169446303,-2.195534178751597,-4.860108079859308,-4.744585900715287,9.245883028903998,-1.7444106300902256,7.833542233661944,3.4366130905959467,5.07754102762177,-1.7171494737867365,0.564720273093085,0.9192722916153122,-6.249699063926849,4.541104600776669,-5.438189365229271,-9.448126946220645,1.8866332740706604,-7.333567686911776
1.4377362114019778,4.989465988879811,2.1576903350300993,-3.431155007886499,9.382220010079164,5.953797490857888,2.1767014485672562,2.0759780092840523,0.02760097865789346,-6.169496300097317,-0.49025192202407286,4.278136528801487,-9.760132959082563,-8.245735488474438,-9.456738147444684,-6.261870291106635,6.646490992809067,4.924265559893396,-0.7519263295399123,-7.106766357392223,-0.7118420160343453,-0.2744324907295154,-5.907264301326953,-2.044778468577021,0.7278206121730606,2.9979430042781274,2.4759020628354995,-9.791154321409802,-2.416024683843594,1.3012003036712572,1.8450204354516966,7.561050596167525,3.0858865649675056,-5.695333604014694,-9.310139830077372,1.692425977695875,-9.5999068608963,1.8430552749388556,9.33519103509192,0.03320564108535318
5.832839151928551,5.701836910913487,-2.6933791391392488,-6.978052988277358,-5.435838904879852,-2.9854251688306332,7.569664496784624,6.548348278766076,-10.314310839476773,2.5269901079108466,-2.35541638113365,-4.815633828158894,-7.040600391243726,-2.857524379047356,9.140194620804897,-3.159552797695696,0.6477530258078628,4.008460819127495,-1.216124828303378,8.122981093619936,10.2704040028576,-4.142011784805165,0.6433692391771111,-2.865454376024479,-4.395789507719041,-11.131235128736222,2.118994019883451,-0.9376137530473242,-9.702284184858277,-5.669490389100183,7.68797286088924,-5.8053858806440015,-9.47967238810264,0.4892771168335499,11.933330940216896,-4.552657376273703,3.2397869915833444,5.177645910898135,-5.668234988165183,4.65436855610415
7.222031309990772,3.998975078800341,-3.6918844043110894,-7.943706408819472,-2.936402165167825,-3.780019780392232,5.9084684042808,-0.1575113173762408,6.521504572788356,-1.4713337931194734,-8.427830104101355,4.601158695645795,5.50573877539185,1.619534523564933,6.015425093223707,-1.0741926418578345,-0.7635194791674373,-1.052859950821145,-10.121849538764536,-9.41264650550188,-8.400072001723833,4.123310131777906,-2.155719488774807,0.3584215447687766,8.777261574494762,-3.64428719366059,-2.4337573293108403,6.221700454915066,-5.148640456024342,-7.54669015108155,-4.018877920848704,-5.479317545171909,8.817476809392998,4.678428531820922,4.1200017625231915,6.481681062782244,7.326499748226205,-6.358841703719606,9.027190954997263,1.921613453179779
-6.871302331052996,-0.7094450690452858,-9.369270744548574,9.370395484772532,-4.482575154044695,3.1904081453910758,-4.367722920146957,-0.23187097315876082,0.08359233391364518,-6.843917755272358,10.147358394035487,5.280768195930023,7.4402057619025515,9.664716301612758,2.2779647673668655,7.030541299949165,-8.671998886202433,-5.969456368788678,-7.390862128491863,-4.601505842993582,-1.2504134868544128,-3.173532937549739,5.9460958779640185,-3.1424470849884476,-5.417619053626155,0.6504605220846649,-7.218105474847678,6.703589613163166,-7.418803655384137,8.989642667388699,3.477570321707153,-6.046931148592794,-9.596020127559312,6.558646256781723,3.8104736294432993,4.704895460483682,6.940851742071162,-8.137372796355683,-3.2040538541176318,-8.182816626593402
-2.2838897010118084,8.644759199364962,4.508406240556433,2.7992168553822383,-7.316391428389488,-8.486686694014626,-7.088743852430589,8.70497699418919,0.730037539758557,4.851159361166103,-10.091284884635295,9.661684258570945,6.94307694502193,-5.987625586750799,-7.147266321444384,-7.022450855247583,-4.831347056290488,-0.33669357558568747,-1.4282779172070403,-4.891177185149913,2.9191099601602097,-5.722876631623236,-4.7371602706656795,-2.433358633590789,-0.3789152053563467,6.175521498779547,-5.930569088916719,1.0273711866319548,2.330540329921507,-10.308654167927344,3.0200531024180397,-5.702226688987428,-9.462254244472991,9.015648580514268,9.995969654302257,5.95863314274986,-2.834746568766575,-5.6826852252529605,2.8986744976081553,-2.577994728361748
-4.310255357205489,8.4716123284643,3.8520950843198625,1.3523220856896159,-7.04777100973606,-7.352200170973074,-10.817627567011797,8.071433171616237,0.9495572091243691,4.400698420032058,-7.514227444333978,8.478812451653463,4.118565293262106,-6.039222008314588,-5.262541020859416,-4.373562348710729,-5.144704735261662,0.991827855881279,-1.8264100839377386,-4.281365550343297,4.881401241464625,-8.713093115354315,-3.9033673678010636,-2.205069962360733,0.20718600928006659,5.801502381331169,-5.698473817328703,-0.10695979914955855,2.117418318485957,-9.414184021097455,2.7724689278848174,-6.9591278622978034,-8.321867746392224,8.948447931381688,10.438690912263356,6.116553238740735,-5.680757084739469,-6.78463621915833,2.7789282293805186,-1.8507164638567928
5.152758163111358,9.144020178576659,-3.5965070917463113,-9.13465303113954,-6.572802050513329,-1.4420594541142242,5.955833030525757,5.9016986883686275,-11.554996670601591,-0.6317732763751905,-1.4579709286933018,-5.564244543188533,-8.103930610826422,-3.0458093776359583,9.898220798113073,-3.1418148491507476,0.25450376347774173,4.988451184564245,-3.6872582546304153,9.210722114863863,9.047857963241855,-6.201307341935562,-0.47490404443664785,-6.05739348455991,-2.3910120647876942,-10.199674841345658,3.7774008110192487,0.09166497029672266,-8.405560842844254,-4.915870513618702,8.373247411294749,-4.558272546672116,-6.437550143781356,0.5638285956256179,9.344676372172838,-5.639254242261346,1.8485346228499684,5.7556113177512875,-4.164870408828564,6.180308652155121
8.08560103963767,-4.3050909602905545,-3.4528473404638893,-6.246946079570469,2.64882056803052,-8.439604242541678,-0.6757926963774553,2.361365934271941,-5.372579743412571,2.5696327235847054,-9.833268507744576,-9.501929544670942,7.177800478025554,-2.9397446804562493,-7.893489606423563,-0.05029244699183799,3.4135253164610924,-4.9203758307874805,1.4511794435812113,-6.434641294465362,-9.253978126442838,1.936532428808917,-0.9963286004805509,3.4800810511627307,5.510382406965042,10.820605223615125,-1.2020318067627076,-4.24358917826201,6.480233848130153,-4.434912995914406,-0.9272119433234431,-8.791158978964013,-7.942186516635158,11.861433741838317,6.823582334253207,4.372905367379213,-1.7646973660917857,-5.250060199535648,-6.042142862321468,-6.061522607344937
6.868816635117501,7.514165419903929,-4.463791811185809,-8.150474886205364,-6.210442028967784,-2.3918497295375887,4.747278504872892,7.284089781347945,-10.42966309597324,1.1812247907859872,-3.0991760290833605,-6.099927345633273,-5.789785432667594,-4.187306089025291,8.621660826154262,-4.751785342410264,-0.9726150779136586,5.607690160991234,-2.556368459776973,9.569320492656837,7.552629663726001,-4.605612695384414,1.1023920638415357,-2.8329567428360773,-3.634856882844487,-10.391746630504748,2.5044100967909286,0.7211654250538378,-10.764868560089115,-5.548350306749556,9.053475041076517,-4.332716409988624,-8.65068559179693,0.5840766648204333,9.808312481365633,-4.37788561516284,2.8081896246836306,5.877575803055253,-4.403420345666382,4.21299203678148
-3.4585965118846933,11.646668193035712,5.133196737108991,2.1580058076356057,-7.737984971332484,-6.179799713866955,-9.413965582873784,7.445532730144064,4.58238477313297,4.065391656196259,-8.439036787798276,8.695020618113999,6.613864325511474,-3.982417150798967,-6.990467713645755,-4.519461244934395,-3.20740320535377,-0.06733814324951037,-0.7286918881021642,-3.2028627464124315,2.8588678566647863,-8.780347506849619,-4.884244205120505,-2.9202817696776706,-0.9530337447593268,6.3241913254109505,-5.8288233558995515,-1.0506555904378687,2.228489228246813,-8.460406000316222,2.7106874859598062,-5.508736800699548,-7.865045985745506,9.436890824295103,9.24247495003254,4.50698602881323,-3.478106397400001,-7.8388700327092105,3.956239367438511,-2.4736987010282823
-0.8938219335833084,8.691965658986982,5.857037357053597,3.4944857358631833,-5.88131629300331,-7.311729905993995,-8.434597666299402,7.299327309107787,1.1185983741340475,4.485810837642512,-10.767349905243753,10.58587643170145,6.184235518710043,-5.552058130561638,-6.080212784311845,-6.590814776635401,-3.3284613393339706,0.020224976022232832,-0.489802329700441,-5.52139687628591,2.3634374739940016,-5.271193787900878,-5.157438353901211,-3.3505081046510172,-0.36469246600036553,5.883101009799871,-5.655894257559247,0.7738758984198961,2.4830128458026195,-7.961291903643822,2.560715694957279,-6.830775180872712,-8.026394439091678,10.877592679961882,9.180006915108613,5.19341765765858,-2.800643947245614,-8.16693888382592,1.5119909842291013,-0.34952844805755146
7.716772913928645,2.3997966020047237,-3.1231519872343103,-9.794635705628284,-3.1854991922895115,-4.109545451941056,4.267503892363339,2.988881155010249,7.847333073057379,-0.5317214777454207,-8.358741903210722,3.965346333260707,5.217884563174985,-0.14954128177715975,4.956810632777842,0.2635918063206613,-0.822780016205461,-0.2925979812347681,-8.222004202518253,-9.087322036093997,-8.013796653215175,2.584626636563474,-3.294365819316411,-0.3252372288341904,9.074374305748622,-4.608061398173834,-2.60649479588501,3.945820770895685,-6.884339125376774,-8.272460026991384,-3.632499529944903,-6.12460857614047,8.475971952244082,5.005411135623975,1.9860003321846866,8.581560442716281,5.588812973382209,-6.125181191597807,6.775529486224669,1.1234278837720488
-8.878203801406935,-0.0763553309054979,-9.132607305063708,9.531555662028058,-4.464661392872873,2.751811791291189,-4.716962848599737,0.05953860331008071,-0.07272177407955116,-6.255085569704776,8.827496375430686,4.00861867393254,10.045124619658687,7.398874485123936,0.6898627712463898,8.269225565974793,-8.16177839299395,-7.826809477196129,-8.763806554663477,-4.540550953424978,-0.5154253970195717,-4.049058852445348,6.174850192929272,-3.6101012364455647,-4.486277513816009,1.4667124047482596,-7.207009629089947,5.826780807943939,-8.450616835586688,9.133879800773391,5.101689459090109,-8.111478808221555,-8.915831426675584,6.608026349418444,3.363691032918913,6.478878342174986,5.512423414111301,-9.55525053729339,-1.973948007644089,-7.2845705929881435
8.735917573305944,9.68812750904755,7.184955630739983,-4.945792066745422,-8.528949998209757,9.24053171400242,-1.5633034679336282,10.40765498931938,8.540902124838528,6.354696577264052,-4.955159882302453,-1.73042345284561,5.439775353122384,-4.428521503656489,-6.320430043042014,-0.06812582675560752,8.062785077554434,1.7090283563848958,2.0070300511888357,-8.744305317926909,1.2008632838422415,8.50605427612669,-7.616533207474619,-1.2135625396167045,9.489841115707776,2.4306277379151027,3.4896956701188704,4.156588609033441,-3.585555979741451,-3.9160313774170175,5.387621534624111,7.732362357256766,6.222569357492298,5.913587109781108,-1.0716518732345648,0.41682066855770444,5.847979199786638,3.7514115235374197,4.541082161865034,5.2795730389968165
11.968113471646948,8.817102977510816,8.175504861398402,-1.9784740650831945,-8.713938766609177,8.736156368209263,-0.2719695386134571,8.139125197847473,8.506311117042332,8.222676059926842,-4.100079043824811,-3.5604960329701596,5.70019549871993,-4.472500702219152,-6.608019524120234,1.6034048188937922,8.39403548327148,4.305595122738978,0.9641569150936834,-6.832549922967712,4.851984628555751,9.408464270000842,-6.718386884470574,0.7650038714248475,7.686156864819033,5.46862330042538,4.419136008885188,3.578628109357291,-1.4936312029822087,-3.926496867223357,5.802422689739909,8.645470417431017,7.225232994446475,8.519754892553177,0.40228832179909346,-0.09956871720721605,6.414568284379518,2.154278706463678,4.635880931677125,4.157499360329591
6.1117950092080155,7.080777568071569,-1.957042111614891,-9.286115745156236,-4.72296520596692,-1.559041854792406,8.261127133515606,7.555476264375089,-10.220862926559434,-0.032761146883181796,-1.611873242504659,-6.700634485581795,-8.369562178444255,-5.0326405411192985,7.935217179876291,-3.4420348779244456,0.6759874841518434,2.0810494829071544,-2.8646196554583208,9.999051605241347,9.086033705465988,-5.598142729270517,-0.467191027200504,-4.523197158641829,-4.9399206715587045,-9.088437527664496,4.498974907333388,-0.6901194523279531,-9.28856760766164,-4.4787686546430026,7.4779632849747815,-4.110526383137126,-9.472987931481976,-0.7420039648274149,10.531322818531976,-5.452988878158625,2.6218719892672806,5.673149061013115,-4.3409058847548545,4.77496241745225
-7.693415513781348,0.4228969478632918,-7.6388656315431085,7.596955641636924,-6.406828342023301,4.067282698510621,-5.146377184111431,-0.03479501795126877,0.6765851013545989,-6.372544342789567,10.080857012365508,4.819022184935903,8.516249579117023,7.882276655603587,2.1075975337404906,8.535311875170258,-7.7941441837390295,-5.236503241975358,-8.702820106138272,-3.039807861225494,-3.8086773729568373,-4.522791665356402,7.054257731040197,-2.1359922715577637,-5.0736605804861785,0.19488238827632476,-7.7556161757883455,6.580353514972138,-7.475106071480376,9.330278624718744,6.352857699560197,-5.902206560151957,-10.013843434690388,6.097844339278713,4.8837582415545,4.905721177606817,7.701232361366552,-9.371331608315517,-2.3125837270845717,-8.211819819308918
-1.6817300715382837,2.292299085659408,1.4387255270848143,1.2947923265748065,-7.26543706383606,6.267971263681223,-2.86378815188635,-8.554714286672265,-10.505093458651322,3.1102677942335655,3.327617962647733,-11.530456747891725,-0.45700501445637365,-6.393484968566321,2.737494076716073,-6.883422403707818,3.9976864909874807,-2.3347591256018267,10.094339029771708,-6.825032517360466,-2.721001367801244,-6.565372451293697,8.105103615141674,6.284909624261133,-3.6341971210646387,3.3355226687916923,6.483795211923247,0.47068631045901066,-0.023843765983448173,-4.316231843220123,-7.153288845744405,8.728138564813193,8.801322748712083,3.231058682725118,-3.0878814489478295,-3.191188192067763,5.729437427346341,7.568484328561109,8.111707699183093,4.79349791919823
9.193936708829307,7.964880024963476,10.042284072136905,-2.6689291546614604,-10.121542797917687,9.709330988672788,-1.4586121549074433,8.16742629524151,9.312702141283637,6.278840307776439,-7.12036330129146,-3.179755620111627,6.4949978594692865,-4.817205006167495,-6.034898534164112,0.35857749183822185,9.201521684050075,2.687276197131145,2.3104423228698368,-9.332952651251121,-0.041385875407677464,11.038339587248492,-8.05421349900069,2.1235221054741436,8.112053339767177,5.605635673465342,4.985787320371433,4.162361025991255,-2.6861215577663575,-2.846823090515824,6.29858160526837,5.474091046787007,7.927204931764298,6.151167636744475,1.5464067787789704,1.3707650297090834,7.164070247458582,4.159050577932997,3.9551622198129444,5.809171004228998
4.784681216887654,-8.005993105926251,-6.095437977971229,6.805554380965274,2.8191987153374174,-8.726554508104352,-7.7170009145415115,3.2606638236403507,-10.792356447974042,-7.000045889433353,0.46264627307244266,4.409899591246548,2.189349264934609,-4.949963089285246,3.40459886422106,-5.517370804224017,-2.8759616398018286,4.2260313823744395,3.643194469921896,7.5374623675549275,2.8813071726299233,2.527955268065221,-8.048720301461035,-1.543407412225979,-2.9024877214883125,-5.36150815411964,10.105166079076309,-2.7756134319876673,6.808116694034069,2.4273128625588294,4.533625791083505,-0.8848659175434681,2.1295102918482494,-0.66329513907156,-5.384626156917248,4.748454243247593,-2.5333986891637688,-8.989343385794879,4.023663988422671,-6.055901748731475
6.666078530642556,8.551064178765104,-4.147461844088491,-6.964860937536397,-4.5294831555903645,-2.1266224662559967,4.94330517876887,7.795984724465791,-11.434304338981924,0.36696182938909483,-2.099025041811727,-4.3391785797964735,-7.995536544093551,-2.1404235999236367,8.34398463388736,-2.5359503545252844,2.436153978704154,2.992332039537316,-2.435372230683212,12.184424070329278,9.315534725745145,-4.9025658132630685,0.7334690651987296,-3.941352939569853,-6.0104161070212,-8.129973678070407,0.18833826573274415,-0.3632111865611116,-7.762999225843565,-4.783613143910556,7.47162122686867,-4.329498281493992,-7.953217345009925,-1.433170514040693,9.987523069705297,-5.3418178681825825,2.19903783392873,5.869344846569221,-4.782761514574773,4.204571955631559
-2.296000994815061,8.262316796459503,4.320824900561483,1.177143827137243,-5.803620052552672,-6.858797944604005,-6.9371370708830025,7.262862101684083,1.3138934679537129,2.647737163308082,-11.391449790339896,7.8140611002343965,6.915979467019919,-5.244492763204543,-7.944691357890121,-5.436871488855208,-4.398216192492685,0.6419216446303067,0.25112100109773916,-3.2785778801736294,1.9685272465417576,-8.10131501237445,-6.308922430624942,-3.391916453368586,-1.0897305544869749,4.716339700709089,-6.13778132392511,0.36154065123100076,1.6234353954327712,-9.720994326423504,2.319551709995494,-6.147576876684761,-9.789367217737256,10.388643124812937,9.214052529206926,6.186796585274069,-3.1995101932760295,-7.81334158860882,4.637797164156383,-0.9098259600061489
-3.1030090311214553,8.84865471788069,4.718455865947251,-0.1555644104740801,-6.421459076362572,-7.859830817992753,-9.991660159841755,5.636178568387993,0.22840773699628536,2.8060040528086194,-10.297331071714442,11.351456180766455,6.122973140113232,-5.575467680166446,-5.963019269351659,-6.200844616715475,-3.992598601535239,-0.7001651309544874,0.08982792112152671,-2.368220552401276,0.5543992003249041,-8.234151377845542,-4.436917371672643,-3.6373009290363574,-0.3726347622034153,4.97524702545366,-3.8414682890262033,1.4752373626158286,2.060865407873065,-8.044005482280312,3.2567974623860754,-7.153465014312413,-9.515185384836375,9.055853808036314,10.17427678598913,6.307007360982639,-5.484721098723584,-8.849382163823163,3.6106876666487593,-1.2726157295338034
-0.10777065114243856,3.895578557353324,-0.7975233222402341,1.132746501909401,8.370446520791461,-1.8845755528262098,9.816886310205197,8.809620923668373,-6.264861196404519,-10.086473320124362,-7.742651626271642,-8.928769981038398,-9.08969412523663,3.5693028903317647,-7.234761205555028,-4.823962452194819,6.613771869600626,-8.047422137345134,6.447085005892487,-4.888916332772241,-7.643735040677282,4.760660439561294,2.3753514004139227,8.147022385480133,4.936411034753461,6.38669701804561,-3.6977670375657374,-6.746037207378837,4.067784279944881,6.611090390792386,9.677698727236699,-2.1957576876848544,-2.033252994836289,6.805606296033632,-3.3385075779584277,8.623596050629404,5.986487817733859,-1.6428140609115056,5.238711802680797,5.070413383005909
-6.695707060582903,0.07500751981579465,-8.15958147443394,6.969004248078691,-4.35644994586781,2.0801649806828655,-4.879859836444868,-0.22957041018157376,-0.007854596708651962,-6.850906708230596,9.177542244579984,6.339810953553675,8.46881979257808,6.310921301783383,3.0980674227168628,7.600394566847295,-8.288870386066238,-5.633806244676384,-8.895843803386457,-2.399213837213237,-1.7474510628176005,-5.434328944219191,8.75331235703025,-2.6706000027899806,-4.528650032873891,1.8178470862205407,-6.932064554574675,6.443167808020123,-6.016803127803897,9.4626173037553,5.1271344919157515,-5.909107857304088,-8.818041721946914,4.802694538906283,2.171590985475838,3.9930280901995996,3.791483974659627,-8.94393831284383,-2.328185732985257,-8.573367673049669
-7.515172735697824,-1.9322305539516864,-7.92356505759315,8.32878595408611,-4.443047533419377,4.615972149605906,-4.3959213083541275,0.9754023544402464,0.8243414637636572,-6.486997756505378,8.619500167486793,7.168259680908818,8.414478791208213,8.596011255448678,0.082992188749766,9.617473230152122,-7.177938803004551,-5.982908641319793,-9.322396687927164,-3.0933933791211463,0.062336454669929875,-6.336256063425568,7.356777570612716,-3.7765507682821164,-4.401228202552116,0.6060415440863067,-7.609833758302503,6.033474486028066,-9.643158271682374,10.766919168138314,3.650751874734547,-5.4859218564882095,-10.216093510062523,5.138303675289228,4.339530247551038,3.023192274113269,5.465120755438549,-9.941983873129747,-2.3694133447967163,-8.606976143127781
7.13239546548327,0.92943184616912,-3.666828912462411,-9.726097952247942,-4.244207995192702,-4.594519943243209,4.1432151794482746,2.3450390700808597,7.841009769965331,-2.1704513590523447,-9.05363322897929,4.626810015190426,4.41826285526785,2.3000737416198564,5.6446133211062675,0.4826740774942222,1.8653489080607764,-1.7588904446355804,-10.066104170534372,-6.970468874535097,-8.86190272233563,2.5408779154543075,-2.321422411517524,-0.04083048654587426,8.18410311607764,-4.992932766188242,-2.7269354341858776,5.188608160347364,-4.02727651276906,-8.015433488047965,-4.173907515325707,-6.93734153608558,8.924820075257811,6.912174219777524,3.2773139610982227,7.0973469419323765,6.398223132092405,-5.788659081131005,6.843984982272578,0.9550753794967084
7.339147128893364,3.521656785434308,-4.47918337271748,-9.35150476083191,-3.2778073192325743,-2.2842428401423227,3.098933754552349,2.5823646896883137,8.027385673846055,-0.6577578873898616,-10.084907148111053,4.765985753768671,6.7350373234285925,1.3422057025594285,4.388237545796957,-0.6372153190764682,2.2245696552954746,-0.5392170919684492,-8.851590846733767,-7.485758876599535,-10.032553398456288,2.5276370446198397,-3.790803114151982,0.7209881393585003,9.660248372788763,-3.8958172802293727,-3.211725895083447,5.335017739762022,-4.687273344999654,-7.841541473279506,-4.834204705112058,-3.86146503915155,7.3168684845203416,5.079219144622289,2.901670211470046,9.546014858718209,5.23724668727812,-6.534427187926276,8.928473642815248,0.7689826834252805
9.847470098827886,8.258727421491848,7.765971985083057,-2.09167492443646,-9.374420910840437,8.650991300148055,-2.799413187234032,9.432910049695035,10.232960895268285,6.527702013247408,-2.7960851132679903,-3.1707373638755043,7.029281322055511,-2.1262321634978343,-7.291544978977759,2.1900107325440774,10.697747845437428,4.09164000242361,0.8742064144039915,-8.829208927534653,3.604747237330721,11.077771201424914,-5.749010572400844,0.3337546966187881,8.585268380086212,4.766532963958018,3.0572596982970013,5.173858464854539,-1.176306697326692,-5.148765087491452,5.147792146669603,6.242249827813741,8.297574977343075,7.1309918573754745,0.4538637141746627,-0.5601010603157597,6.666732679160505,2.2013917940594125,4.8111405454282465,5.757638577904312
7.427560081645011,3.432102197412207,-4.510381073212799,-7.4563496634307675,-5.3405243908167,-1.3790094150941057,4.1808631362777975,2.896766423931154,5.852221279040861,-0.6178375632303221,-7.379632903515774,4.178733640360405,4.652619895285575,0.27897943286211024,6.549870218628532,-0.093280937714235,1.995408964156654,-1.9756619876239307,-9.926412158490313,-7.026577215537748,-10.99439124826888,1.5147448651226854,-2.6153954071203023,-1.0005201059291384,6.332278463219311,-3.14562822894941,-3.1861591871616115,5.295142169189143,-5.354951497443279,-11.271030120042225,-4.472287964892448,-6.327161005440802,8.94826242837032,7.06592827509184,2.2805838153030358,8.141716245846517,5.3841124699022185,-7.679066238692059,6.553451594118323,-0.6752656168824007
-7.567348504716174,0.06162742754858813,-9.589773834011183,9.477681880591522,-4.40262029374879,4.560637595160538,-3.9817389985620126,1.3388379160631412,2.569271981393112,-4.991217440216798,8.299550961862439,5.24898038967991,8.444814125833986,8.385801543629302,2.6443531312362354,7.598592026436599,-8.162311445044672,-8.100270083773232,-7.6535092159873495,-4.005767625411407,-2.1705902663658625,-4.882669078510143,7.720777758052003,-5.7024399075255925,-4.397920148578294,0.7481029056672719,-7.63515188809643,7.770166160716427,-9.396316585260355,10.509534909246007,5.801148174639231,-4.764167116781036,-10.556746742305457,5.576259669972923,5.233216784429741,5.005464669149857,3.880469587042156,-9.058411979781463,-2.4443027752664865,-6.844854587950817
8.205007137409105,2.6472164848962088,-3.734493234584758,-6.580536130492568,-3.8742571343998033,-2.333332589759755,4.190914360216603,3.4607489064878294,8.672270510678217,-0.34720952618543294,-9.962598003930568,4.283148205316012,6.446161020097924,1.7530247844176556,5.865182474320467,-1.8463450066697042,-0.2657984830351773,-1.0378220016775688,-9.081234188331205,-6.6275046800010085,-9.516283041411409,3.1340323119494227,-3.6965061365421725,-0.8155289132075005,5.895538147427112,-4.583145724892424,-1.618394330874595,4.492847728760805,-7.043209746683416,-7.830662289015402,-4.470891015920191,-6.218699532551766,10.458001577263218,4.020976710968634,1.9684743215061058,7.219836190442443,7.528267712128941,-7.905001841485769,9.787040995480162,0.9227007398793045
-2.930030718485043,3.086989609655007,-1.4433508395898218,1.1951156630658868,9.494322792252088,-3.501772181875273,9.495325592003251,6.312956815902228,-6.340711268654524,-8.936454407977461,-8.21357702296656,-9.94762394336022,-8.60606790544782,3.394353289932252,-8.338089339018572,-3.3542301867370257,7.012705564088723,-10.108158708929958,7.369706300033499,-2.8375494208738012,-8.925117762612127,4.099012463232933,2.110715003073187,8.475038323436058,4.688826674869208,6.1227965556001065,-3.8643407251824264,-6.7487480829357995,6.689776110215168,6.6464345136618315,10.741710334988298,-1.9682020577356023,-2.682493945730273,6.339884074403941,-2.4727469266800575,7.366477979738668,7.295887633343057,-0.9462815069332076,4.88712073083325,5.4697850473769725
7.598143930017217,2.966075366172025,-2.8824805946978134,-7.844390556897789,-3.4922035241465013,-3.13748548678614,5.780929807954437,2.086103509101151,6.888512271575023,-1.7416230959478696,-7.42520051761371,2.411163503240776,5.677855068397626,1.1163508568893725,6.553983298912278,-0.7960053831771757,0.25133830222237485,-0.3269762995356391,-8.108481818339945,-8.522323825885731,-9.189635053678156,3.0226272029596566,-3.339226972852318,-0.09116183602156586,9.432712876645494,-6.903858900644046,-2.2134717740884904,5.55895350363392,-4.966811878218207,-7.107642772809378,-3.006745548523352,-7.061115880227136,9.893824290382065,5.4483658475108845,3.5989625130003073,9.239734282175348,7.28838564483726,-6.16282843875516,7.519401198027434,-0.7417464579462723
0.6814965301354206,5.0762980239179605,4.4451166303333425,-5.7685718889238595,7.871486040735041,6.105994521564101,1.2528999928919686,1.1027642878982027,-0.6247471447835592,-4.703695110088018,-0.6773006650498754,4.921620532021841,-8.60342623033617,-9.127381628994435,-7.683919609401373,-8.241263895409443,8.713559114013918,5.183737505109209,-0.6155716041291731,-9.214443351016829,-0.7697353980273911,-2.2917149715868064,-7.456861632983406,-0.8971056660321073,-2.077658190877717,2.0934118209121086,1.9087701014053775,-10.866318815417396,-2.325664594233326,2.89635850675337,-0.928838388444962,6.596356553602725,4.7160060864683295,-5.581813504797772,-10.073049613720354,2.763749176895556,-8.01481810679531,1.4990906281617455,8.535661640091988,2.6022211842606566
7.593105168131878,8.309406543023025,9.98569498865343,-1.9387886036986834,-10.217656540846274,9.649248046306502,-1.58861590695016,10.687436427865231,11.484129892181269,8.088350848613395,-4.016471203385708,-1.5987355544451352,7.037804649619349,-5.497558260849489,-7.264770480490195,0.18443365351378638,8.046304441384747,5.714267366138904,2.523373144641957,-7.615585323142983,3.1124874844347534,7.9089635161794085,-6.470135982179991,1.306217363476903,5.3077142508718245,5.580609108863487,2.516241177238275,2.0796763232961535,-1.4838587587453183,-5.135212162322475,5.471276370185895,7.1918724363409625,7.036208099349674,8.084645677400346,0.024761070780827538,0.37792466471877767,5.739569162944827,3.1134046899144034,3.5357794197413615,6.267672978601382
-1.3909676365869397,1.521563425706902,1.5277160718672111,0.8877569175428277,10.042229529197712,-4.792260091767114,8.958482476714577,6.646330741450331,-6.9455426741730895,-8.562218230912874,-8.319189410972326,-8.321546479837922,-6.34214878790808,2.6933012555951055,-9.06399219616328,-4.65157563235686,8.053406398806546,-9.375517680559735,6.321700821741065,-4.050438093804666,-7.947874338616188,3.078273281446483,2.6299116893884764,7.282431905503623,5.048444953352397,4.437640039176747,-4.172949965860579,-7.140455130208919,5.163599970230723,7.041784394716031,9.253855088898264,-0.5509259460012901,-4.300400869153938,7.072088045361323,-1.945435142591729,7.728556876160834,6.290029624745179,-2.9150754055888504,5.938800147950587,4.760446669011449
8.456283000525863,3.767064599575251,-5.380384470091642,-9.434149718195375,-3.284587992671246,-2.8519451059268768,3.913628836274059,2.44564996405061,7.146873790481388,-0.4452834498148941,-6.410936549772053,3.4938535873186947,6.216521470106363,0.4438718790430375,4.571716386594336,0.6945065456310281,1.3765929656474984,-0.5977696960663536,-10.807414873336239,-8.308122438205961,-8.548427694261994,2.769750065839503,-4.7865732246709305,0.629731762419498,7.436522219530389,-3.2196305686302886,-0.24750007686914777,5.715120197216541,-4.063029985397777,-8.39561045330076,-3.439533447349623,-5.297853959617837,8.839451728645773,5.907220419774055,0.9634531720313539,7.346078278032862,6.896864722544602,-5.3229653947116535,8.355545035517967,0.24554574335077417
-2.2394557197012586,1.892689229836674,0.5533351125758301,2.3300624206017426,9.119641490740282,-2.517153456828533,8.167518463103503,9.178126208993705,-5.261537769190939,-9.426769927509715,-8.671252706132282,-9.178643022793292,-9.286584532232599,3.0344490445777463,-9.616792695768051,-4.628821403759126,6.177441725191389,-8.62855713077794,4.5348231714383465,-3.9294202245530303,-7.378756114756677,4.903087071367943,2.8359059227281787,7.170600945874925,3.8861111506378507,7.060030281606422,-3.8623604643185776,-6.944344783221759,5.921206756983828,5.690816570139167,9.809160974519472,-2.3521301703161006,-2.025796379744108,4.534067864650057,-3.4825178830057943,7.96059272882018,7.431966998522254,-1.031631534258601,3.9132604287382717,5.497288870518392
1.5588487279711445,-8.256652879734814,-7.154188506839375,8.305153132702973,3.8045570642598037,-9.945562681294746,-10.215458436637785,3.0280771706132987,-8.705373886677753,-6.869778444146857,2.504006441023425,4.290845546991683,1.2009554556546225,-5.405031560350445,4.540585721215446,-4.174662448790355,-1.6723694652030772,5.837553622069183,3.433137778331511,7.660656481461905,2.9842510395572996,-0.09670577009799786,-8.08500855721529,-2.2803936113524235,-5.899610272277414,-3.793585492918387,10.465622110531344,-3.509806921952661,9.206763392332142,2.3144581507354105,5.11773450571462,1.1320195548503678,1.4870232797671237,1.7495391972141483,-6.948028287925861,2.7173847812574516,-4.664991032349025,-8.72445817231045,1.9823029326078134,-7.787886794658901
7.772547525871554,9.81623079491534,8.413154583810059,-3.3728833817339288,-9.571332539117748,7.959224543027248,-2.220077203023883,10.497130778121699,10.055277094973828,7.038916259716108,-3.9666848213585824,-2.3064434452958382,7.509742689510676,-4.461061555330142,-5.747640332909507,1.4895910870578162,8.460039145326068,3.4328179019909175,2.2423543435541067,-8.206956440734736,1.6012514381535583,9.416507235110942,-6.42911504638036,-1.243960153971305,7.192052532978635,5.885955024759852,3.7720980478021024,4.3224984120200265,-1.723408011067702,-3.2358334613129625,5.74716433653035,6.071874341379781,8.246210273331089,9.204280538413327,0.13879785190381566,-0.023219758548434687,6.233587273869355,4.3661793055725955,5.106903665812023,6.609240092521039
7.908531939080165,8.35829155593085,8.878957920687977,-1.79543167110773,-8.262143202296063,9.035491606619262,-1.305952973691887,9.908134787619547,9.004986735896509,6.785421514971724,-5.885132470887039,-1.4046294712721608,7.234192375388885,-2.8845206305061417,-9.425955560755444,1.0889235412734575,7.867213976837987,5.421958438319693,2.0154403172711275,-7.82223471377407,1.8682115646423714,10.198285312216912,-8.126505324647624,0.26686769958896944,6.969098051571687,7.08186201006578,5.4102625760962,5.1127291637250165,-4.300487997759054,-3.264006002426079,6.3748897847122095,7.425728033099762,7.663841466729014,8.258093385091124,0.4606322735553156,-1.7753073978785527,5.198500307167706,3.3726141542585752,5.17872590356065,5.365360272409902
5.771820994212824,2.612376828393762,-2.2205364544650403,-8.913709750524793,-5.286101366250922,-2.6563890197230315,6.277825320796252,2.1049071029576685,7.265700584808813,-0.04004086667761941,-5.986241333448914,3.745061598734673,3.8832511913397436,1.8569625576623316,6.21841167223352,-0.11795662227695829,-0.10347667201756905,-0.45480090183696154,-8.963581460570133,-8.610606977037405,-9.322321554959643,1.3765006932509618,-3.026989922035546,-0.09081974608879961,7.715618646137122,-5.047029902174935,-1.7520338399571584,6.005952832426534,-4.832946158842329,-8.616811082216943,-3.4413027920056436,-6.374837001228299,8.167353410565424,6.037689433051853,2.519852241365349,7.934473146928558,5.706418923260649,-6.659008008700917,9.819937279233516,1.7265803200601182
-6.490442981710132,-1.38246150429109,-10.400640813368478,10.746911000931327,-3.073474426072518,3.218927173751536,-3.508405371794431,-0.22948597939097248,1.366558301065933,-7.0200927902119306,7.359338790992787,4.18110068071124,8.81107157913437,6.765479773050387,1.8907221113081678,7.362823661029472,-9.012503881463603,-5.227177445203904,-8.847973674149134,-3.50305780604806,-1.347490233139708,-4.092410771174735,8.021313474289956,-3.324792728443354,-4.810944784779894,-0.4471876032263755,-7.6104962178771665,7.008709509383241,-7.20899975414245,10.698043900097014,3.650703519383711,-4.9425411566558175,-11.728076280800023,7.2073458932190295,3.769362350381288,5.282676674753603,4.0929585858243485,-7.347939332612046,-4.295660175219436,-8.351073720350584
8.72692160040496,7.511021168360708,6.222140838241183,-3.1668374934653665,-11.27913281286418,6.697459845283854,-0.3073478322516281,9.235385491008099,9.006953163559553,6.8717832931964535,-5.248854309401255,-1.8870692629473265,6.8920331036045965,-4.418968552853859,-7.21777375080315,-0.09143346404529185,8.316852610313784,3.6809680527169455,0.9689400726573343,-8.001315567243044,2.22163282922164,10.031845540749872,-6.255222658347925,0.9596165244878159,8.502051279069443,3.9676381252578596,3.4316999258167034,4.703278363688153,-2.1386993041728104,-4.806783732247014,6.798807035352015,5.258735776937675,7.822502095743869,8.238514850263787,-1.1575876266875798,-0.4037479280154149,8.148171389030995,3.2020589783602977,6.339787521872328,4.471926858846984
-7.962523095015362,-0.011934813990271756,-8.402013794030887,8.00287986941849,-6.033599079239268,3.3071873703764596,-3.652322438155228,0.5871980524589693,1.8540771028200231,-5.283987649399561,8.797481682909506,4.886513009173347,7.749780120328309,8.595362678833451,3.4068196845594176,8.12240277255341,-8.471580523686603,-4.6135601947181195,-8.589896368574232,-3.0571576799336575,-3.417370712184086,-3.894291295242663,5.645613842528831,-3.998953652063172,-4.728081383019097,0.2681289397162796,-7.403115194889787,4.6029579805558765,-7.550170819936912,10.865425026526776,3.497552911792333,-5.047228563650002,-10.700086287349578,7.1662041060794675,4.068700384285927,4.608918924900745,5.2403092842976955,-7.306977761084706,-4.070273441639576,-7.074778470762397
-7.729087660782154,1.5402781640560435,-9.495530287221829,8.166613697054935,-5.306713938935965,4.349429044521605,-1.8059412234671055,0.8519734729876045,1.0169784906510186,-6.266128056315224,7.007385766505426,6.247807331507109,8.924145247279625,8.3248890592137,1.2465373821379977,8.053027821485243,-8.641174895464783,-5.058719767544057,-9.474214058392333,-1.410733062624915,-1.795591787195322,-5.848702024517814,6.446203889786632,-3.5166085882846296,-6.5756922760724095,2.4533926032787594,-6.478372958284743,6.577146932980107,-8.34358346610488,8.355721163317908,4.961278246377711,-5.183905594532539,-10.940777687310455,3.777459252845868,3.910040869171417,4.438385806792208,5.560970350133624,-7.790588321803656,-2.1930796168833386,-7.423849004253484
-2.486885212215195,0.4997832211150577,-0.3431764088579721,0.3555418078013187,8.419512498038255,-1.6910722336242139,9.595555185862281,7.477106796417487,-5.632386548555914,-7.063879374224609,-8.996623553578026,-8.881788775612575,-9.224246522575875,4.835561530673947,-9.288154087909614,-4.3706095945791805,8.046716360583059,-8.812986339527718,5.6102770843654275,-4.235535765758726,-8.346655348053439,2.342005548808939,2.768142053725166,7.193018102734246,3.7555873198228795,7.374333687309334,-5.271328727408561,-6.307230499525007,6.092206603296156,5.8806394368083525,9.075927389232733,-1.4498981573016756,-2.103938560561961,6.404819911531246,-1.3127197434461333,8.157855497113854,7.364109042378065,-2.6893597688129303,5.683798355377278,5.274574124389412
5.1352350297126055,2.4975845104614063,-3.110355918446986,-7.1380372521082744,-3.659718804793302,-2.452308430022679,5.1759606483003395,2.3159012300990947,6.3352941047344915,-0.2806991984692029,-9.10021709837933,5.560102817129543,5.053638870301125,2.4207213629013413,4.939129164958821,0.14476271368880678,0.6640054449745704,-1.4942237508399319,-9.924276978514689,-7.449715441663391,-10.297579549748523,1.5187728963165497,-2.4700534851466385,0.8985818121861568,8.217221087124098,-3.3490130344787192,-2.060107058012251,6.433725990849953,-5.248462605241729,-9.48515255350053,-2.356930749953789,-5.784863408295826,8.472932015841897,6.889578850822288,2.264371696210563,8.258360838813898,3.682362972698331,-7.288400155973878,8.83043971408652,0.5371893000940946
1.6596693052387348,-10.155308265157863,-7.226192547773917,7.5868611557098475,2.916134599996847,-9.799144750490804,-8.460897587021964,3.1540366560005295,-10.93774180679039,-5.758432400898741,0.18876022452221441,2.6979726819179684,3.8571071567594815,-4.940449602424953,2.5198990483917054,-4.400016615353776,-4.233598675908702,4.555723574796564,3.1796780886382314,7.571093092500381,3.5977370206943933,1.316353735803429,-8.55114797235406,-2.233463245245882,-4.814340483709719,-3.314852673292404,10.046620105018814,-3.0614611316551468,7.363331152168616,2.6709646972050876,7.195657285903423,1.463846871215977,1.1419429721616174,-1.0832803402121645,-7.156637885245297,4.701471062445886,-2.080768441965391,-8.974586567115821,1.3155333914593494,-7.183790515105023
-4.102191356584419,9.45476086615872,4.62024103730142,2.5256596383578795,-6.655713057086609,-5.515969163302103,-8.713103253988104,6.89411737437345,2.1445977378964596,4.7047495849572964,-9.539450043758247,9.438788734443769,5.946861128201681,-6.4161187039854255,-7.766105927657681,-4.582333059744384,-5.159018376200531,-0.19777656515115005,-2.0795068927268825,-3.28049281909472,1.942108216155562,-5.962380714285429,-4.830597653539505,-2.393768971902364,-1.7139473689190379,7.848668355633661,-7.1941227758623185,0.5945094784992601,2.4820682581729483,-8.657192648148547,1.965609379151058,-6.719338225987596,-8.6551566683153,8.830708743438178,10.276519778286097,8.378469963920573,-4.46521640154042,-9.416360699451399,3.5963784818918825,1.3827592124463455
-2.4588626385679717,2.7622864612615605,-0.6920089071407609,0.5315549139779466,8.39470502770449,-1.2932263957358234,7.6948723711282,7.045385893662087,-5.40944332110358,-8.685673441655846,-6.9929273204286835,-9.277631208845548,-9.444845443925084,3.7229698876047235,-8.041679229706205,-3.386447735591454,6.4292320457616405,-9.808501605403684,5.729284496017962,-5.688101586133182,-9.09944301241461,4.324764263377381,1.7073985700687762,8.125038697993118,4.106353388626186,4.756470020982022,-4.767252183798418,-4.35683415198749,4.916684253634137,6.782561453677512,9.978906649937544,-3.1528444979379318,-1.1106750381211663,5.280437405016001,-4.494441759658338,8.102913003627961,6.96201094188604,-0.6706399289984084,4.336658175219667,7.711203081677578
-3.903340072583087,2.604509116501195,3.898709508998823,1.8414240121292265,-8.622633033667412,5.4229644754083175,-4.0155784209148555,-6.738107442734828,-8.738050385599944,1.7128573608607152,2.798023025108507,-8.56398035418221,0.3822870334304542,-5.0346688433103,1.1784703740577305,-8.936936290597457,2.381208980604912,-2.7458364995960274,9.310955792348498,-9.591827987487433,-1.5858209146228426,-7.559963548418092,9.854167358521167,6.66081698514549,-4.337307511524397,3.2848768506543675,7.162130317078872,0.87022486438953,1.066226776127718,-4.060758863219766,-8.789120937773792,8.186559391556184,6.12049890604426,3.364532164528717,-1.2647416355634964,-4.260244555495477,4.4277323169768446,8.822686499965656,7.773145958768897,5.762610468645702
2.4825766295123106,4.315954532287552,4.12111319834071,-4.633524084450251,9.287933689390824,5.886810826562116,1.2187978733222378,2.4021212488024997,-2.4019397940697003,-5.579803771655951,-3.8933620648157037,4.418904620807717,-8.460901116940715,-5.869937879854536,-10.327222044194336,-8.790252168583823,6.791520290019701,5.470125754316237,-0.3816632000755758,-8.050792491720838,-0.9124518098230889,-2.0623446234811014,-5.775024119050208,-0.9699884404890959,-1.6524611715321011,1.7176748583857318,2.556104571842838,-8.302848818445527,-1.5256350777394634,1.3387266983661965,-0.5706228988996438,5.739913401694301,3.375137044972266,-5.856973146268178,-8.867340569040822,2.185528933126598,-9.805075642972854,4.021824940445752,9.996532928422699,2.240480730247241
2.4381492402618745,-7.872103442256878,-6.215578137465214,8.550128668479424,0.540497078147425,-9.822723468057669,-8.167350976062094,1.7378529660796598,-9.882784556353426,-7.034266189086789,1.4862014594496102,3.9191510300936665,2.4899046597687584,-4.588851360331827,2.0223509261755925,-5.319283378493608,-5.255256968806581,4.017634831154363,3.5174716839536435,5.710270729442756,1.728540027302932,3.748117050125056,-9.485793694858314,-0.9951630357233558,-4.868154810944752,-5.645036253857304,10.026997485637116,-0.8014514311202927,6.694863161433939,2.1125227302167273,6.74309580551722,0.3407361745308418,2.6399955231685643,0.3654658308090578,-4.286916234889961,4.627630904063757,-4.162741602851923,-9.191959299355126,2.766957066416799,-5.609699253058096
5.626972561793101,7.010655938445018,-2.4152917693475473,-8.182439528370352,-4.595890192379111,-0.9219872849862363,5.49798838228618,6.627653455150583,-8.56713969856146,-0.5605365971330979,-1.5269123268289413,-6.34038507691184,-7.9166448402422045,-3.293858515897413,8.075327567952893,-4.496388313568777,0.6620857716447648,3.2156417691123798,-3.538065508112793,8.496588510717244,9.171037852510905,-4.020652449092876,1.4514987541599766,-4.708351889658386,-2.1528793191194366,-10.26696591361614,3.2748352029258063,-0.6681159894382124,-9.841348244870224,-5.17182687205216,8.112870019683955,-4.628790015626942,-6.4322345202707165,-1.1549298097966276,8.723349794700745,-6.075533263133538,3.331356545732061,5.022236702383476,-6.197424582221801,4.833930666300436
8.669211024558333,-2.6557443046939215,-3.822850019313248,-8.213635786999522,0.9991391707413576,-10.882747038590125,-2.1028590948267833,-0.41306712964880044,-4.327604710877109,1.3587122111768584,-10.349182963314925,-9.644919254636664,7.199546185038644,-2.439491074502686,-6.456920939340402,0.21655233637683852,7.002428252653861,-5.3354995663646445,1.968892093038614,-8.20009889043427,-10.214441529217662,0.3209074951151902,1.2426766624287378,3.3602675380627214,4.111664451622033,12.250932016773326,0.1537992228686171,-5.219264583318234,7.116991087382571,-3.9762276709088384,-0.9888827649320278,-8.895793264246459,-9.099638615664407,10.871984539556134,6.921235347584264,2.4494505350630345,-5.27429519490237,-6.149554037944699,-7.8571726878383865,-5.094854754103898
6.606740994311076,2.660930242541917,-3.9349635191832504,-9.78697942557394,-4.957385197139827,-1.9339790500918295,5.481111315944924,4.4816673789322214,8.284205752281634,-0.9856929053758527,-6.284774158744028,4.2318277430981315,5.436542742628301,1.1827195723144062,2.472439379807206,1.480646939582668,0.945660533597635,-1.1193565719604979,-9.553393527388657,-7.67874363974778,-9.968695222111563,3.3447875775828795,-5.019978722872598,0.3574822557646032,8.712902949092964,-5.212824550845403,-1.4214737468163814,4.119688378626723,-6.3898634610635145,-8.223684682397748,-3.526421287103587,-8.650439910421623,9.115973681962227,5.619206090912002,2.4752690429010573,6.089693880189319,5.221824297795583,-5.302473496748973,7.884043343779769,0.4040664366034555
2.063920832226344,-9.387109843265232,-5.772532383219346,7.373138305917452,2.026704838154747,-10.737084895893936,-8.718727079977949,3.1431061820896433,-9.510586030351474,-9.372198135201476,0.991595586498473,3.0917829412688285,4.441587843502236,-2.571861164783367,3.8843053919970014,-6.977246810777193,-3.375129066896079,4.7243987728672785,4.964008629945584,8.651057553259102,4.017632816603431,0.7794779854967733,-7.448738077257346,-2.380677579743025,-4.4546294430661,-6.6784369809861985,10.522006433502558,-2.030237178353557,7.740089755997692,2.0226160249364304,5.102609571179591,0.37000044338282373,-0.2110851093309003,0.6398526360273209,-7.149245681034795,2.3903616190248145,-2.562657435256863,-10.371767720716502,2.187286756621661,-5.323248080850947
5.5734657352381705,8.175009694169162,-5.0691973802338675,-6.974292884755035,-3.8879420501052717,-1.418044773358858,5.692911264089733,7.574742616404429,-9.44349835801302,0.2960898834009357,-1.4730648126884671,-5.731658641054765,-6.606737725099937,-2.511469126762314,7.875090931106236,-4.54653196274349,0.12143801784076041,4.797216302008735,-2.5793505385233058,8.79249124429656,9.510464495568053,-5.295164603014989,0.8254565780718413,-3.6493753685975596,-4.6184682999027915,-9.030742280862883,3.5063347391221384,-0.5160496119691473,-8.567767993353053,-4.497531055733766,8.592301403195174,-5.863327128256282,-6.991767125016162,0.8968784879680616,8.776002100965908,-6.488299673095073,2.1512553836306076,4.061729776374162,-4.651925832259343,3.1584672863717262
-6.122805783545557,-0.8003781231901408,-10.366934032661552,8.11917773437951,-4.906992943350952,4.0204144184148625,-4.540741302275765,1.7694546603711143,2.901122549373847,-6.3420549164578,10.64140297547549,4.4461593965970305,9.865200372465699,8.943823417112437,2.821436856411581,8.42192161159204,-11.184398900203641,-6.722069895269225,-9.721370239473842,-4.47164832279519,-2.104211201663293,-4.991982810043317,5.750138173273567,-3.923733614376034,-5.096822791737614,1.975420875014898,-7.842540555132241,5.5290009086475225,-8.96568474142783,10.076732245819766,5.90114487446168,-9.070342908559713,-8.867922443700344,7.745596603340436,3.0869603395906737,3.6078451160849125,4.975153545940643,-9.275110984774797,-2.606758555167941,-9.62914409585627
6.933179020841061,3.185290138380597,-3.2123463449757326,-8.246865167226634,-4.53953711185426,-4.317619943537919,5.537620871420676,2.671753045718769,8.029289593625892,-0.8620969238475332,-6.709388307220322,3.6570857644302412,5.080099732437066,2.011536764093057,6.592311298255487,-0.6478473637388685,2.4143405695957645,-1.1359379391353914,-10.534545726926835,-7.4731194115439425,-9.754415500748774,3.162276712458785,-3.755736626133804,0.2456875134842011,7.239736101935713,-4.024094186306141,-2.948468906438438,4.002257875455978,-5.056676341020064,-6.857557556246171,-4.557564038789046,-6.074601932215946,9.667293223715006,6.977092028582408,2.356866841034788,6.338165086560282,3.8658939723109356,-6.531439321741677,9.02926733836173,-0.3373211464489201
-3.4793218834323936,8.616728362706601,5.877532593740099,2.352937319981628,-7.847672949661515,-7.19041729866085,-9.452650900732305,6.613733923265168,3.001189793420955,2.7897084266574033,-7.979529258349578,10.226426733424509,7.739714486612134,-6.216157298459735,-6.513441374937097,-7.765061617456036,-4.439817547876048,0.9887834802879081,-0.06503656537628899,-5.2825740128416125,1.871551957462324,-7.361422007191686,-5.552896231488122,-2.081413892367766,-1.6025906474018896,5.508128876683249,-6.458473728744684,-0.5046497374474418,1.841246391760295,-9.286601324168068,1.7790391557501009,-7.317979147934513,-8.379443469511454,10.631328013558951,9.452527894330315,7.16406517724035,-5.297946541686049,-7.8887962805785525,2.5872922112720707,-2.6738750527398745
10.34548962476651,-3.200289359821399,-3.3184176464147215,-8.775712104797858,2.3463588223115845,-10.709635650711935,-0.2374566558865681,0.12907516650208894,-6.1279445138863196,0.8365929944666203,-9.362461191540351,-7.857868831522896,7.365340625139805,-3.0898773979454948,-6.486602677144212,0.0880853718570328,3.933359477226327,-5.66249181443046,0.95187552137322,-7.501642392639578,-8.160485487620967,-0.2528773081673028,0.958299939027792,2.884647264155573,5.393790056220471,8.271973335266843,0.9254944895920861,-4.85763979218059,6.680912633046944,-3.52065757342537,-1.8901629795271704,-7.211743506613142,-11.067018094709638,10.352551738769051,8.158058648406758,4.265299316025492,-2.0164668927439644,-6.221693778483162,-7.475017515309406,-2.37051535754535
6.61062596764819,0.5992619497472165,-3.8066376689691586,-8.331195492503248,-4.243090213683094,-3.8033819003901606,5.735689611689893,2.8576434073943546,6.9009565402415785,0.14632882690631288,-7.410439514279721,1.7432909429978563,5.644053886109398,1.6173726591060267,5.439464728672081,0.76761250835739,-0.2177369966866206,-1.112679844008107,-11.05857683628545,-7.435081076735079,-7.418356590725419,1.7333518728080672,-4.472682510461241,-0.538601619597496,8.281327704323454,-6.077191689876219,-1.3710941605964262,5.957862716330139,-4.889689476713766,-10.228817229062212,-3.209803276566033,-5.838206840666231,9.424114419197764,6.535249839944164,2.8882644444136027,8.461601201880752,7.996955025585745,-7.221639285644134,8.929305365594328,0.7006277403055612
-0.3648536166296825,2.5996688258143044,-0.5627104427617398,1.3444499516437736,8.661182401312782,-1.0060272483976294,11.156393284982592,5.813586560504773,-5.26935892922256,-9.507277792347876,-10.57724842632124,-9.118545230504813,-7.591867287381553,4.340262643389021,-8.205199152891897,-2.7454621708410993,6.294457418044845,-9.271226896128564,6.987535920207286,-3.009948381972625,-7.592857974814741,3.7209477419855026,2.523618041080014,6.3558471650949695,5.471045161799008,4.612301700898598,-3.968344445536508,-6.36663490214609,3.461322467399941,4.642748683613485,8.956411367033706,-2.09158843926674,-1.0791590024929218,5.417524048511138,-2.6374422592677274,9.8817518893494,8.241422328012835,-1.4271791653702812,4.311896080283228,5.589712041387999
-4.44283784079961,2.716302464294334,1.6568004742481715,-0.008011427566837592,-8.495423742965016,6.367122280435617,-3.442839433669489,-5.566473475583297,-9.552232752180688,2.2135563703728414,3.5661032467761546,-8.732749025564432,0.05326931487930339,-5.549011171815796,2.5290553601900907,-6.674919959858666,3.0352666337034457,-3.1478903601327652,9.510365160017415,-8.332782800264736,-3.497791068692733,-6.715186788917222,8.14117157056765,8.375527521305193,-5.43221316642373,2.148517314333386,4.7496181491234974,2.4167403012619086,-0.5438596145142862,-4.415767591865873,-9.137891670675398,9.261699077006355,10.215143867881709,0.9754990857750225,-4.3041606131848,-2.2426766439435575,5.032156500770602,8.719127053811734,7.1679729348979695,7.585045078175844
4.94061064492321,6.432022933104689,-3.5912138211689153,-6.657064972478455,-4.3127509716299794,-1.3469637245820367,8.369204737545989,7.109791299186404,-9.999525012773596,-2.3524898581876843,-2.0991428861856356,-4.7058287556769,-6.03873131646664,-4.077931205594726,9.320446407543434,-2.4890623272616077,0.3870205880632215,1.7770987203763258,-2.4801179528398682,10.197072278480107,8.301523003823764,-5.218508614367104,-1.2105259242810542,-6.55258135224496,-3.2761857006629915,-9.266009586711197,3.78896167630292,0.9109026564834074,-9.324634736665661,-4.51025137537218,8.731495110103248,-4.241878769904808,-6.779431927433527,0.894648350840745,9.416340345537543,-6.156038116555678,3.3779016945564417,5.437577197310534,-6.448784514891294,3.2276048880905694
-4.184715678245976,1.702482656578796,-1.9377396756633352,0.27139433705442384,8.566610391525858,-2.113364148908438,9.338356977272609,8.083153009721098,-5.751791876165978,-9.86256862383757,-7.9112612579466495,-8.201104460450658,-8.276943611745349,4.154808233893603,-8.174602319102075,-2.758218963522191,7.18464511912647,-8.689196056584152,6.796661030956161,-3.7056194958379187,-7.194575805288503,2.9279539594536534,1.408092588905075,7.196212812036796,6.2530614042540655,5.8979655637696515,-4.049749063815207,-8.418515446928138,5.206036933485274,6.222602803761911,7.136783882187062,-1.4567575198006826,-4.210618840799569,4.80291004992786,-2.1894571816646993,8.772598038909027,6.719804945890474,-1.954194651846838,4.599429122196778,5.251746436184446
5.215854633108229,7.294071011712374,-3.990603894221319,-8.286600582945045,-6.09947202329827,0.6409970028775653,5.330200241960371,7.361244252773042,-9.268436379615313,0.8450540471350482,-1.710387012806892,-5.798546362432704,-7.151145162086837,-2.9811749219492403,8.599235243482871,-5.097819931309326,-0.09211128746592512,2.9138290141960983,-3.394567502480447,9.468864892936173,9.607682042838839,-3.1839013322003105,-0.5924362610561039,-3.2078081683894566,-3.9972300880128113,-7.966263382269555,2.767515399193563,-0.9549009627090861,-10.693471004291444,-4.1158090156002665,7.636866721432684,-6.189075932611149,-8.369680262708616,-0.049969296861583745,11.220716781525379,-5.567566915476033,4.032981259192894,5.130125956356758,-6.5366312092553995,5.299138315747609
-6.503134051434435,0.6918298588614074,-8.398152413471598,7.199361862639328,-3.208527877877348,2.285552386893256,-3.552954079541812,0.3910081336484796,0.7603317665510066,-4.9643187511938525,8.68658203512521,4.153051211510363,8.809974317490202,7.4967202742664485,5.335382495304348,9.11399217690231,-8.639490534180235,-7.136454320804182,-10.975742632358024,-4.518612470472146,-2.1115124344512277,-3.145690712927313,7.696439325426508,-2.6358386344818348,-4.70447747195487,1.122734019577124,-7.700153497989323,7.762303610844671,-8.698177307679664,9.651400873763619,3.2290729609124793,-6.221121215839315,-9.05307351956301,5.241505992058137,3.3864265424595303,5.372854378553412,3.948749710200861,-7.461305957776274,-3.3628293192876493,-8.071187029988609
2.843389292326452,2.4546545466329723,4.100451717362865,-4.49602317896246,8.14812507991025,4.657303696992263,2.778051993379557,3.5693609044426973,-3.6087132126355046,-5.815219915992684,-1.9376521914054003,5.135178131504349,-9.730143567282115,-9.246873645654325,-9.825424001863972,-10.543629700654511,5.45589420213865,2.815419204202947,-1.4446211756998348,-8.80443025588806,-1.009812219723778,0.4898914890289139,-7.4431068068200545,0.1032176769450921,-2.5138811896414897,2.7562006207952483,3.1730160987517433,-9.991763225351908,-2.835838272478276,2.014254477344373,0.43516588441258125,7.000952334348601,2.4254743584319196,-6.6222531697120965,-8.249008968861443,4.6984302426689,-9.401647333071661,1.725519972277804,9.233003438959155,0.5600811948547213
7.357243092417337,7.147800348107258,-4.31598158885131,-7.086299477319458,-5.289449199519596,-2.143905754018553,6.008114870330274,7.144092112399448,-11.425811814331645,0.9805891580340107,-2.1304721259636112,-8.341560014383493,-7.626563621635796,-3.9892678308209484,10.547016270553062,-4.121386380504863,-0.7218309287112885,4.568311847865572,-3.3878553204217035,8.656185453166982,9.758447281666628,-6.004821391382283,-1.512303540351743,-2.2564358015702703,-3.723691374850003,-9.52647033790371,2.187809469896001,0.5594448226933862,-7.997087525386792,-5.183046006582782,8.531464245298757,-5.7154663628707905,-7.291083802688163,-0.050251926983834655,9.706330509159342,-4.423327671467419,3.929797507233166,3.724223097202173,-6.6050723272174485,4.194610287477898
-2.1020779543663854,2.611155915718209,3.9601878348426536,-0.07676041127958644,-8.132951888571448,5.00762300254741,-5.522925537505037,-5.673296208137441,-10.969523007974423,1.589641329330306,4.562582684818569,-8.921558565348198,-0.4227243219629737,-7.058587632449413,3.412950669844526,-5.17041463703999,3.156516683383696,-3.0686059323963684,8.209697811865691,-6.677972406273019,-1.950155372579917,-8.970136386568742,6.995590556246603,9.886783389552066,-5.018490233586927,3.452573716373889,5.652513163406679,1.5939785414419632,1.5530724418216517,-4.8631580104180365,-6.39708656686758,7.617570569125442,7.745478670231232,2.893435496742775,-2.7544425335198888,-2.787861245684173,3.2346985504496972,8.254720365247104,7.3675549004989085,5.016533903077831
-2.4988450032093694,7.7024498958481615,3.574765173152729,1.6679449795860644,-7.489139393310554,-7.067080896261393,-8.781677831738904,7.853215669855434,1.9518014568050845,4.647953199747111,-9.52383569927383,7.422730476886015,5.709517422189681,-5.897305342156092,-7.573195398699095,-5.7319810729351195,-2.384404308465548,1.713890484342074,-1.5745424980878933,-2.684691059189209,2.3857253516497012,-7.547208758077202,-4.770509692836576,-2.9752328206142944,-1.2667771342005092,5.873935450235761,-5.845950375782941,0.28773478842564704,2.2852295469871997,-7.880345470813704,3.1004511734700904,-8.074415494704073,-11.252889275196365,9.91203065630594,7.945761963075766,5.943181560436538,-5.0778376425919465,-9.848538157452342,4.226123258447926,-0.4377949649053262
10.412924310072631,-3.704315259290007,-3.321658704905409,-6.990544656823676,1.900811061956026,-8.145280247050184,-0.2892089061462885,0.658534847475757,-4.457860005653091,2.2494419897462654,-9.601108896933871,-8.033534981817843,5.149673973691971,-1.582043535713645,-9.332190494878342,0.5899674874573095,5.068828331348668,-7.199935153714318,0.39779009970126733,-9.390565370229808,-8.920681250067506,0.024908502583241066,-0.2282464689690482,4.100879112886517,3.2896419965246686,10.196158920800139,-0.5629900423582989,-4.663676474333642,5.299885268451182,-3.963438927554404,-2.5920373424853578,-8.14341711264798,-10.453745129362236,8.472201423312452,7.120243999285183,6.092966951818438,-2.7319581017022023,-5.814233014926083,-7.1839715238112385,-5.469885491504891
-1.1988888769331418,10.409969938988278,4.077710809649799,1.7639478101962043,-8.563065383372221,-7.685979659772135,-7.873476123538553,8.939105739046935,0.7879513629842536,3.5689872967680145,-9.614715871042877,9.678358202059492,5.839249296086789,-5.329156741970388,-6.8373400029289035,-6.346362073809603,-3.368870892805546,0.5015509024556951,-1.7974855176842537,-4.285026999964992,2.1486949352422546,-7.580133816841291,-4.415903091962739,-1.074115963621449,-0.3176808677180418,5.408038909831112,-5.30956995232207,-0.049130721483777395,3.021416014827491,-8.70134955340195,2.0435948940245376,-6.141800600443892,-10.269844292362908,7.850943276156861,8.118715655092132,6.310890057092928,-2.1752096170474946,-5.815257573679689,4.3227116316838945,-0.6961056502635161
1.8856688874427519,-10.172451239651688,-6.160759204617845,10.421539504673087,1.1133269198455176,-9.645611917254442,-6.86007186358778,2.000383116059814,-10.37872509216065,-7.64399775091143,1.9593524821562691,5.1634265232079235,3.1982614547837467,-6.356347879782905,3.800793489022869,-5.8855167643107515,-4.469274898437652,4.827789901542019,3.567484465406156,7.474725654312079,3.1440254814373563,1.4232259035347954,-8.208055438527929,-3.9428954779776024,-4.535817749382619,-5.703832717872978,8.112867875889474,-1.7673399395492082,7.229201067123722,2.8505264412040936,6.743863885902396,-0.8974968590413901,1.6301989746001533,-1.960069005353083,-4.562607153429833,3.0899758083413245,-4.8993724135802585,-8.175300767606966,2.674922992062371,-7.655184098159321
7.579531597287429,10.826612791762795,7.8122696313826925,-2.2569406851392317,-9.436822386467874,7.225952070150351,-3.180992057776919,9.33868300174074,8.818643424173548,6.9707522501038675,-3.0456065284050533,-2.073101277424472,7.781255971101868,-3.21623173469887,-6.926479259517982,0.1342220819739397,8.987813351329088,4.004488552845551,2.3163797392920458,-8.207370194307122,2.002802988867873,9.571577618303666,-8.117046330274965,1.8135029920951928,8.68709019317487,3.6023425261260416,4.74426296187791,2.20467661580982,-1.8248877424938743,-4.824513565817808,6.547123667248524,4.272758204041945,6.142742139924124,8.733514018378838,-0.47406020616402345,-0.8096369766282066,7.361765276787601,5.210237826828178,4.97635148197355,4.823972816986957
2.0677292593435537,-8.679442397856404,-8.281079892570043,8.223532325495249,2.1774123180002087,-10.749480234377675,-6.401887223838,3.8769490924481635,-9.20692651906677,-7.271178897689193,0.9733457093053994,4.4652766240412864,3.1920075571522473,-3.912713026018932,4.039796857533966,-5.7595787823001094,-2.8577531603432194,3.665180830073971,3.916954913252406,5.683756409291576,3.7908425120654172,0.7178985125367688,-7.649920496454756,-1.7383409927503117,-4.542531450861572,-6.319828084059008,8.56343585054176,-2.8667046476985742,5.9459242099444936,3.750250378677187,6.006333656589297,-1.082776183085153,2.9937525499855386,-0.8509742237608848,-5.844567754964238,3.6237717600339048,-6.4028129045119115,-10.878121230222185,2.4609554872769253,-5.559489540652973
8.844605480493138,-3.9444120117131733,-3.972667383086879,-6.989529380020359,2.0101045134539124,-9.35001081556978,-0.78643146445882,1.881175165256473,-3.9746466324250824,2.462277357648757,-10.082561396026097,-11.170391233822457,7.073924913401622,-1.6952592501085597,-7.683351714634789,1.332621784889601,5.0646582687952995,-5.774278611381609,4.210238304767278,-8.584570753831072,-9.31693496918124,-1.2428868918443547,1.5027755921831218,2.038756664509825,4.669051685465923,9.202002501817974,-0.119785749468037,-3.658600031036724,5.862871555814665,-3.4072759151232908,0.2996402708053012,-7.780157270713094,-8.221429218219992,10.107115764305219,7.214216512179938,5.374627057167405,-3.1294157426399267,-7.218575799832322,-7.692160673434372,-5.2965299533475525
-2.5646432782322237,2.0412422128624055,1.9195708238273703,1.3351503732583179,-7.739531857969254,7.257448254563002,-3.761298791056126,-6.841368374228105,-9.303349650925492,2.319020933833289,1.3745075358738008,-9.27413149107202,0.5509993533204179,-5.407933589955514,2.7541423863173224,-9.078790805832584,3.378901498948914,-0.47585436291187855,8.747501070302995,-7.556870955754853,-3.161766783404717,-7.37575670656021,9.15269261026072,7.317906904461677,-4.416247843303204,4.87633172344494,7.350694803457033,3.4443164478462265,-0.06375879123158712,-3.486764674488951,-8.92861828380461,8.297881305806998,8.740837672504707,2.151251953560887,-3.1314399015517105,-2.1053474052949412,3.80884267909288,9.61158865859919,6.357131860574997,7.537202359880861
7.242750213240035,2.567592590084583,-2.2148217696426435,-7.140385818039415,-4.465340744830503,-2.6951517954768764,5.35752572277463,3.824562129514708,8.242944763662075,-2.4981991877227836,-7.763537513761726,3.1091881695429837,5.013095199419875,2.205548187523819,5.724494434966194,1.0240027936852476,0.796410508353421,-2.7475055724979107,-12.012464471690832,-7.693362698454321,-9.58534275261648,1.7512624858937262,-5.413507628124844,-0.5633293901786529,7.956837993657083,-4.34827759331611,-1.603710457719426,6.719090018033702,-6.459640746212945,-7.579342911366707,-4.157672198595911,-6.080905130801327,8.157438183585917,7.234087965178929,2.9632998885537125,6.749766818836607,6.061417509069102,-6.508154681216383,8.34035832043735,-0.3929319110614946
6.430780622029981,1.975013586819292,-1.9971684091529722,-8.33220505505807,-4.613495089015722,-2.430369839733233,4.609955821291038,2.7887162858115153,6.541583343754539,-1.545715210664153,-8.43321238117949,4.311357017614089,5.293586699318624,2.76963661491397,5.804398767029055,-2.831653766384293,0.7172985755115721,-2.8991959889965404,-10.457588389729633,-8.65434093186024,-10.034754609777618,1.3530588332353053,-3.5093983750211786,-1.2393884617969029,8.507997085771706,-2.777184339960871,-3.1217005982214703,4.826512466521751,-7.947494052680021,-8.761337096394273,-3.5622537890931554,-6.054935023562645,8.671316777135557,7.051671016047315,5.214129666151262,9.141516491191956,5.550920608572653,-7.719702808746022,7.445028553225753,-0.16013792730433418
7.227900341570453,-2.798963006983227,-2.841548842720572,-7.234984212665777,1.252096134695737,-9.86127198691117,-0.7273361800205169,-0.4887594263318258,-4.4077569406666735,2.178757948738453,-8.52003573185266,-9.004079486377513,5.019409576106769,-1.443916033544979,-6.0226312405880655,0.5574324563668697,4.647929440823562,-6.215197386524682,2.2542871186619196,-8.01438224392698,-9.270850858137585,-0.23129490253821638,1.8357123164185671,3.005883918038233,3.4694546520172818,9.808352045536482,0.48787779480298743,-4.258923453119472,7.0987736549850595,-4.4484657683312,-1.4371932279694457,-8.514354121230102,-9.049068335836022,9.1807848790284,6.639058737205243,4.98544919019934,-3.239345439201869,-7.785666738178046,-6.094295786586342,-2.57929224962446
-6.6231791351684075,0.6804749051569203,-9.281753163775003,7.289155035414386,-5.477350523831743,2.700656327441607,-4.081044812128036,0.6694108511459695,1.6493799769936515,-6.354029582504836,9.407817343191644,5.645962772222295,8.274073518151443,6.971154750910019,0.20256167891099253,7.742335342385463,-7.757004505693823,-6.783254189656663,-9.33326125921518,-3.0269620973223956,-1.7057647097876907,-5.652552216688122,7.5718095394922305,-1.7375833767727287,-5.511159663470945,0.030084793523815656,-5.990424817358555,5.897086093825494,-10.728765073856435,8.338057227277659,5.195525760760666,-7.188729019601154,-10.302981428164394,6.3416247827802605,5.599401480987072,4.289689444591958,6.497948733291674,-7.090346803281422,-1.3963757597624713,-7.397864216111837
7.945676316791069,-1.7250704788645697,-3.430026923495723,-6.36578860561956,0.12648033051509233,-9.402372574786337,-0.514573971682148,-0.029739222166370594,-4.890409322366512,2.6132956907158804,-7.9484392587077775,-11.367646587511734,6.632247598652482,-2.909496075390545,-7.3513933913383545,0.12809872547988554,4.1093840924158895,-4.141282472018516,3.6171391147107044,-8.397039889021523,-9.45467878910119,0.017652002357079755,-1.7729507926123502,3.1024181045665435,5.302150264756074,9.654943705360461,0.23967053142415318,-3.407487032688496,5.050497914616496,-5.082910202128847,-1.386904614119436,-7.734195798389786,-8.114126758395738,9.023820450585546,5.6748168726787025,3.9551309126373906,0.19055000087431795,-7.491920033716819,-5.985418399445466,-3.6591814805874883
-0.5662442911153573,1.8513339578795016,0.47431077971814983,-1.025542878658081,8.847054133021622,-2.032743843939821,9.465401533047713,7.797417321364228,-5.966281712353623,-9.847993553131989,-7.119278485655045,-9.385773053515564,-7.748907371399563,3.3811190067730563,-8.904206655544254,-3.0957564999595064,8.487480069346498,-10.92819237588271,4.8452994769848265,-4.0966991921430775,-7.968903533921192,4.0588490789555065,2.55506762099834,8.171449638394753,4.415257445857772,4.861406817797702,-5.1491625096658415,-6.61166077930004,3.7573245639457697,6.099840878594296,9.87085749572797,-2.105450061642619,-2.350416150352542,3.9139806339776264,-4.137113533502882,7.47244762576769,8.048111774807662,0.8860445500810004,4.136601775857673,4.855615244726209
8.320088193262738,8.693242764398521,10.181633887905623,-1.906003680203743,-7.799180770244146,9.407150624096321,-1.4999004285752648,8.313734893887728,9.473919212933799,6.999319937130973,-4.2046694439465,-2.5071445048607446,4.970270722760915,-2.4007200803397915,-6.660598555495468,-0.27822786686163825,9.204858192289265,3.0647597648929317,1.9633640247580812,-7.174813664072169,3.3197810246527135,9.640160275430445,-7.612097423288037,-0.25894531298993495,6.824905350098611,4.798142290873171,3.730971757513621,3.22437786392002,-3.9539617294078013,-4.236919206968715,5.753025491626442,5.060900920301751,8.172017385023482,10.036903801954676,1.1894361912029814,-0.6898621179320521,5.9156738947455665,4.539707567242764,2.8656379023765743,6.698448515407246
-1.1196625058093428,4.321536041335308,2.0837033384525103,-3.4398287708827313,9.491307775395569,4.8813173502526395,0.516824665204411,3.834422564476397,-0.8545466507225161,-4.442214400956205,-1.680490462347326,4.138061345794513,-8.427392358365791,-7.943155486224312,-8.745217462962495,-9.34188696329253,5.23134607384656,5.030505448572722,-2.3410067411609514,-9.009837386992546,-0.6205071280914746,-2.4841801303979656,-7.636585224603404,-1.0781469244565083,-2.3765565035880676,2.052849087319179,1.7868665663642855,-9.047738480801222,-2.8329957326671744,0.8762329132663598,-0.13819349796917424,5.887884996848303,4.071569744321465,-7.13281819307001,-6.067100621260618,3.8152881006477646,-9.600042964454731,2.2949904586931837,6.714805639787523,2.4718629644273356
5.857471097156303,8.39221874047902,-2.4495690808106563,-8.08175471955579,-4.786608256153022,-0.8926440103902751,7.239602611158837,7.2539208638703325,-10.773282903442544,-0.2475531016486538,-1.3089264712427722,-3.7393794122038013,-8.086712276522622,-2.442909128400042,8.530137627573625,-3.4254726036987595,1.8912091841309149,4.824671759323989,-3.968707225155077,8.863166630607623,10.505167243283582,-4.822476040864221,-1.2038700017681536,-4.8013862486383285,-3.5996965897394757,-8.267850771691714,2.209141981080111,2.5288942655133324,-8.146272611544575,-4.670551784900671,7.34961167123373,-6.183646491299593,-6.766681237695169,-0.699721839362146,11.38675283619544,-3.692582766852132,4.075777495614799,4.053396133617455,-5.919467992704412,5.820004497978292
-2.5438825104395315,9.248500860734842,6.1903793290421785,0.974815643201941,-5.895304792674686,-7.094098437501455,-8.887791466288443,7.998342407665307,0.899578213301877,4.543861302104959,-9.421857905870896,9.890648307248036,6.9380214599162535,-3.2979176465235827,-7.0012406401093035,-6.862906757933141,-4.53829566723401,-0.0603484865154974,-1.9984867544642029,-2.9864006649316095,3.6575621424374445,-7.780869080708639,-4.989462602399866,-2.201347577739762,-1.4308233599402518,6.336451045615783,-5.803601335981506,-1.2310553467249994,3.3957965785709114,-7.275114072504524,1.5381083475443802,-6.977219086190154,-8.413102749569505,9.31216753505369,9.971184934164018,8.17815150109557,-4.084671844026636,-8.844854964410775,2.3053413022286104,-1.927880165149892
-1.2444948932774045,3.2427631129410126,2.74660181147667,-4.043984824115027,9.966620362897936,4.840761225079207,1.65367678471801,2.0738330214176197,-1.203250608535903,-4.693471143348142,-3.3895670526090242,4.80154233274011,-9.112003055053664,-5.866459381220274,-7.873128578255625,-10.314540009737998,5.983629940994234,3.5375258388322104,-0.4176020803759008,-7.9950605300056505,1.0725977792649954,0.7645487214580886,-6.5302970173841866,-1.5506635916014138,-1.5131588797649314,3.3802032810958402,3.254309827330424,-9.525465607949819,-3.1200015691778984,1.4065945958190023,0.2562120191970062,7.752916922086131,3.908717825508358,-5.589551088616508,-7.108315451329471,1.473419916448976,-9.065011355736235,2.1547711148499404,8.730658420081149,0.6811389875733024
-2.3466684303021417,2.4330028577788,2.977106421687689,-0.1789505186920104,-7.707494068586336,5.388951715029782,-4.412130090261867,-6.512544023090193,-7.442678753945008,2.6026842323133303,4.628479741113439,-8.251166388099733,3.8446933017964935,-5.428495428482807,4.323856731318854,-5.50003616549823,4.814787265356846,-0.4910534559490707,8.315286743750214,-7.748266141016514,-2.858907465512968,-7.913229347110105,8.81237321856943,9.10953585267263,-5.319314168403166,2.8950019580898494,6.518755007550895,0.8756978059640778,-1.320994260893358,-5.743081824689906,-7.450571401644511,9.38186190999918,6.853742575728882,1.5027467462345163,-3.1891703763086503,-5.091403572624619,4.074143374417661,6.206163139500149,9.110789785144812,4.828179762802072
-3.2014479523186465,7.045362985782239,4.7433169655362075,4.015245724084476,-6.602268729186594,-6.90238857245966,-8.516245445869025,7.312430911550101,1.209285862604046,4.984731471598614,-9.362548590972196,9.415810295173543,5.673486788730186,-4.449709854499718,-5.698797910524878,-6.884830640298626,-2.9133302871273083,-0.0024422057404498987,-2.143103119668722,-4.935120313519448,0.46598934135949865,-6.738580406540957,-5.9882519076339875,-3.9012069653919283,-2.954188324737814,5.61744953506938,-6.156844817104678,-0.0420074449141315,0.8057136825702735,-10.243225499036685,2.6152669015753407,-7.140069457962658,-8.382609818758265,8.092462058942443,9.49370340426227,7.471224999645285,-3.3215588161398033,-8.458971538088802,3.941859500599065,-1.4376152997381861
4.8467380205031585,-7.892304595926621,-5.835956198553736,8.795743333390838,2.0277202701127743,-10.255777327045031,-7.721634530818241,3.4384861520936094,-10.467573740240933,-6.653991141183167,0.26834608063543086,3.6664460232130245,2.7039417155346746,-6.783486403394583,1.8924262138385468,-6.194081500003698,-1.6879013722283445,4.620146320323755,3.7686261418406986,4.860023066790201,2.1439717780425394,0.01168244934708107,-8.328804653525264,-0.2237284582760859,-4.235713703137574,-3.4245945991402422,9.205774367363249,-0.77317613280972,9.914187810225158,2.5134034535347998,5.356961359605603,-1.265069074886311,1.229017433950212,-0.0677494484219304,-4.064186626689961,3.1540683311340203,-4.324890857485906,-11.327988792760541,2.4826830893047886,-6.146391054447003
2.349616786536558,-9.480017702760021,-6.322214839193663,8.632264761134305,2.7961172879859304,-10.087398132893417,-7.71603484164241,2.6198022959318297,-8.223966645139894,-5.639633812992096,2.0576326163723984,4.6320198884274095,3.558958496047013,-6.758976294938591,4.876885663206365,-5.140753020000679,-2.228641951863726,5.737247284742912,3.5430384510973156,5.300243412353403,3.0632573093983964,0.8082798068057752,-7.874138719255076,-3.061232210253973,-4.971898422458797,-4.661173227511624,9.028072981480136,-2.0164539670907793,6.321519212667961,1.7903710431851991,6.552269638035929,-1.1774502545926326,2.783802770130179,0.8247532316785993,-6.363370179378896,7.447776410732571,-3.141449173334591,-10.46296017807666,3.655619971843405,-6.391923345539264
-7.7093522543582305,-1.36046796572196,-8.826044786133693,6.237036286253219,-6.8747578252838615,3.989626181781208,-3.2587582060764237,0.34396505848218023,-0.461242917889479,-7.010821830163534,9.128945807604667,3.9067624986481775,8.05095017326055,8.548877346729656,3.3853049405109186,8.018049947803783,-7.473661604645511,-7.994402822204563,-8.436002980675628,-4.297341799462194,-1.9191085895023894,-4.820771782761791,7.895164192822422,-3.7393691144681322,-3.7537035086905535,0.5744141998684362,-7.33982097851441,5.860085721921585,-9.354660230898697,9.723639766103675,5.382247163811326,-5.784446120909823,-9.80505251183509,7.107223118708918,5.060655492999712,3.529520038991946,6.294179434309686,-9.705443392428046,-2.242829540976812,-7.062880024794537
-3.080125976842373,1.8561661262554832,-0.422728395021796,0.733359764280074,9.0673888202085,-1.058831255134218,8.570645092666481,8.201005945734142,-7.422109523288645,-7.4489882667548315,-6.888026258788266,-9.273675339536211,-7.991204682702721,3.1509875337639524,-9.971776225495564,-3.3149454528635998,7.653707030050177,-7.515189674230237,5.895820136031337,-4.092722886321546,-6.522299231165596,5.07927618614383,1.9563859788187983,7.2702808772823415,4.176270223318084,5.167774039161683,-2.887639135550624,-6.388495315422628,4.938049570085258,6.384402947837987,9.86386480518895,-1.9686238356811436,-3.321195620611149,7.093539672936869,-3.754201457834185,7.684634445563801,7.0876993859402075,0.737395764936668,4.195848051484871,5.80047270042227
-1.8503915419827637,3.9698771498838568,3.3561525784350783,1.2701258821358512,-8.320730648440485,7.4809644666987465,-3.298120477483399,-4.4651808200157905,-9.28294248308147,3.160866947500968,4.425401318663509,-8.932800135238718,-1.7696301594762,-4.54089493449353,2.7759478292798443,-6.956597914335062,2.3358417208714064,-2.270880207957435,8.768151371552932,-8.552583038894939,-4.651953151888522,-7.243910095060107,9.365577496632634,7.73706997754204,-3.690332796012525,3.113295936332081,6.290092729624115,0.18698820324845666,-0.967230410433588,-3.3082920481313813,-7.006645593632269,6.551802591928055,8.164113051097889,2.5619828343616926,-3.493396652189029,-3.4248263555617218,4.900382724372767,8.760380724523017,8.144119654330552,5.476992542773282
0.8207394650967472,3.7704719256087245,3.545422800309471,-4.272391017042755,8.597150137806592,5.22913416694772,2.0252386576179107,1.4485965233622649,0.9340352282714028,-6.578322367074678,-3.732237153315669,5.390890239589745,-7.465257109028334,-8.2411378815423,-10.145693472160533,-8.636182475191852,6.860617272502074,4.738412882554906,-0.5873039681539151,-8.900483329109926,2.1811934727508766,-3.484955183469406,-4.7157238514499245,-0.38970511100661254,-2.7754946035797454,4.1894220658780945,1.330453818108615,-8.085808842551586,-4.590392820517685,1.3713201213143515,-1.0856366540461235,6.379140163337645,3.185453747757559,-7.567287822479564,-10.625036003689193,3.311836332826991,-9.420822866240083,2.1244389663674452,8.976522737765128,2.4637188395027456
5.371941004659857,7.67357488460877,-3.330652115436028,-8.011681426377384,-5.210836868533534,-0.7848740214429567,6.6548721189901805,6.567775360959244,-10.49015699634651,-1.22475924506672,-2.5057002345451385,-3.595775428686866,-8.394696227421587,-4.441075384371261,9.178121940095158,-3.646306118876755,0.180219198018097,5.469425144315646,-2.1782812768557553,8.905648722715739,8.824469981250443,-5.466940597398402,0.819709739427967,-4.290581433117745,-6.096343614904798,-9.31058073164369,0.6542606784700078,2.237811066332132,-9.936092888847444,-4.588935480625501,8.423520454034211,-5.497420347339782,-7.392132959641731,0.21088249171213785,11.239225041008293,-4.391385487952694,4.921224826691114,4.185773198480849,-4.929886486896645,4.719573024295471
-0.269442320056114,4.772107199073289,2.2137435606509213,-3.9936693528574785,10.228604758466318,5.125405187250388,2.5556149524699454,2.0844274533342992,-1.8246480727485666,-4.97802891219607,-4.22318751077351,4.753971133670264,-10.027263397144948,-7.962547133148556,-8.811655992401533,-10.665753073443888,5.963597696359645,5.2052267842389455,-2.5237716423173047,-7.426945718107126,-0.5412421784610366,-0.37044210272523503,-4.9778638164657565,-1.4541498011058627,-1.4045173065467615,2.375568928726245,2.5924968475995707,-9.327095102399474,-1.806689358964349,1.785596448163386,-1.0692980169495097,7.204271797197531,3.366656635967396,-8.565469623770365,-8.599112480602066,1.6215086429118013,-8.842930681719743,-0.08817323042736791,10.729680658362241,1.1712851408817526
-6.363703915017714,-1.615431578587911,-8.807647763218242,8.812946404912585,-6.063962654079901,1.747575078397251,-4.5117206046873815,-0.26018101895907564,1.6876250503680237,-6.9174496731805535,8.535344037009969,4.891022730527732,9.908611165437994,7.909590382929927,1.7787485508647907,8.327479201761284,-6.9380896246350865,-6.829514478220338,-7.779945930849136,-3.282897085813209,-2.3868735881857073,-2.0721188665878008,5.519110693239992,-3.21861922569522,-5.6137410454163845,1.8063836337011392,-5.492326566853068,7.713862396485434,-7.28503837325858,9.54011826421438,5.079654408443301,-7.696856141810617,-7.853684122346159,6.77820664724515,3.64518997208286,5.908200249806715,4.452642416958914,-8.11248493109552,-3.003314563405382,-7.043941669617105
3.0602346048993034,-8.295967634323203,-7.338595734544919,6.68838714793122,2.418325220105834,-10.806234006237858,-8.109513493544693,5.0350072362875595,-9.247578553500242,-8.152971634031724,-0.3001757836805796,3.989723046597623,1.6639045079929906,-7.5163392920230905,4.77595643824744,-4.934082495743131,-3.041407705535513,5.1928632841783875,2.927347269271899,6.322279662206898,3.66839281209481,2.8960555551145823,-8.627733650881604,-3.666424149019628,-5.8310720657767305,-5.986937365752046,9.662809619524985,-4.277673070218352,8.280101527974594,3.2666855302414137,4.098147710890088,-0.9264385741737575,1.6177586723725956,-0.29311585392711936,-5.575502775770519,4.307905483713741,-3.119783224407919,-9.834850070414607,1.9264129314236031,-7.521228278120778
-0.7771060584341274,1.082187346970935,0.45331050496432646,-0.015341218202500895,-7.483780064820385,5.650205274350919,-4.565369619091358,-5.31860845582476,-8.721949246106972,2.1949197733932366,4.332716156311177,-10.093436374715761,-0.13712290807257127,-4.660305223479816,1.5585690274077981,-8.655391266298718,3.3854705884214655,-1.3344197849235604,8.990159473721492,-6.39228961295712,-5.1949672894179955,-7.4150327668647265,9.147736870213635,6.195989645008934,-3.9791098551503428,3.088162024177787,9.41578070563032,-1.0732198369074886,1.96212593479488,-5.55711227851704,-9.755096358322058,7.417360015501542,8.285840384604073,3.6994958150304025,-1.4974398908938105,-1.5939154190424396,3.5537315567002934,9.07236989131766,8.13301344242322,4.942907896223488
-2.5402565559236523,8.104602711216488,3.7033724614385055,1.3053901274718458,-6.587434462824897,-7.067438611682321,-11.076558989960983,5.2028227628636365,1.4154350570070002,4.619138141974461,-12.335814956809186,8.898466867088256,6.122604959491015,-4.364880008226029,-6.748522467570851,-5.948920818190395,-3.773898000721782,-1.6354378471624433,-0.5928924105259479,-3.960020690582873,2.7453265341221793,-3.283885080522836,-6.241219968794225,-0.9480664843650575,-1.1660478350596362,5.990848132263282,-6.052036602134048,-0.13954756512581096,1.2784584490020912,-8.741483010027036,0.6337233413570873,-5.838938358732404,-9.115162545179663,7.847641406026309,8.862627803495373,7.425096179191794,-4.44305970354881,-7.688104101662701,2.953704254527664,-0.4390282752843535
-8.397735919488376,-0.8389485755441959,-9.526767242213596,4.585322937116125,-5.525689938791212,2.3746308624333468,-3.232995268889156,-0.40416625895430425,0.7190917866951031,-4.760634261828157,10.386044075106595,6.4049278671657435,8.290106400872931,8.439579287842628,1.7241017757681085,8.241391489785396,-7.82046461521506,-6.677336340038028,-7.602451117346036,-3.65352352433265,-1.6080936399506944,-3.117418885264784,7.606403957613764,-4.2738525688187385,-3.9364139112425005,1.7046410576256168,-6.289652478343998,4.930644780966164,-9.166022363421908,10.732296967751967,4.683135015250501,-6.325382425980866,-8.313681848025983,6.261429318711892,3.4103727391185004,3.7025260039568417,5.758126263304102,-9.852254973795402,-3.0780213930109657,-7.349388274507384
-2.4140755642818776,2.072691551652168,-3.461531914683618,1.587011716198838,9.837744933521256,-1.5324867995845575,6.870396829109073,6.849001849431809,-5.603353826317284,-6.8272502470158996,-8.03999377517417,-8.544045230377321,-9.145547608319928,3.8672635009794614,-8.850887161751924,-2.4328979202938674,6.3576698884527065,-7.857548601418543,5.981657168158729,-5.432767500684168,-8.673010765304793,3.312316174935154,2.9494242635203958,6.939460295499936,3.880943500426744,6.959426659231377,-7.570527159012336,-6.881090760841194,3.6780568850820243,5.268140347001459,10.053852763602553,-1.9528791068065154,-2.8552042486147697,6.717768093804201,-3.1975473546860633,10.421203385678208,7.880446814861003,-2.3868291740319427,6.951513326114801,5.368962826184658
6.662712812458874,3.701394312307959,-3.2870116176749433,-7.000503613713193,-3.366599362739368,-3.2538833788292396,4.660330349364117,3.5691415263615998,6.006568653281187,-0.4703575412405037,-7.678161524961931,4.990314571617665,5.027999366463912,0.18680951722725503,5.42669427401092,-1.2069286015805285,-1.4706056249476038,-0.7220571513435149,-8.912555892423427,-7.375080516140336,-8.068487864319504,2.063176334971683,-5.143994521244721,0.10138404648601174,7.803829178815949,-5.85645113379257,-1.8721906927752021,4.499417624656389,-7.260041973524382,-8.901578494217901,-5.341346108428496,-6.543926183308989,7.937918288610805,7.274039065429391,4.271941197476336,8.108593176766263,4.52241535599897,-4.763402823400244,9.426900420173322,0.8056353496209547
6.461775235904494,2.4480345683013596,-3.4174596436385256,-9.255899112519302,-4.804013311817471,-3.7820201075573228,6.217453875836475,1.389474396640632,9.436567870631407,-0.815422667837546,-7.572743664145327,3.1781849330751717,4.444431555660468,0.722634301351906,4.373648628213308,-0.33300603008305685,0.04764069583311048,0.4016015096067256,-10.657591650798558,-7.739480943385324,-9.12357000436349,1.657887676623771,-3.0260528830206277,-0.22691318958757178,5.658939826938791,-4.354305804917936,-2.90928242338977,4.063247824721874,-4.736134607275153,-8.80756328584259,-3.2871987911731386,-5.565408159554593,7.949024586529163,6.955670087243369,1.912614328815588,9.662327720886532,5.380484533451075,-5.24251138131928,8.694969995681133,1.1029326604219478
-3.8443329257085788,2.1349188133102044,3.113347536526999,0.7574117217337956,-8.276147081303666,8.643434152964144,-2.8533611751797476,-5.4171885271815725,-9.350465576699646,2.0380040541161115,3.1201872473199566,-8.89069365591875,0.13146126188657656,-5.247706747110684,3.064067110344166,-6.530838301305625,6.75694282920509,-2.9319123514839744,8.058888244575998,-6.555484370268378,-3.773841978070009,-8.021935936537112,7.407461412215638,8.038344987022205,-4.336910201212737,2.8844888607601353,7.059260692504391,-0.7541087817443446,-0.11384183439421436,-5.332933368201897,-9.310227140784969,6.195602121647812,7.7004651782281615,3.356049232526101,-1.9372957875994739,-3.563096390952155,5.252329415026382,8.57874723712721,8.960336659636843,5.247319886798475
-1.8268523648446169,3.135356387283945,0.7045458022499764,1.158869663597545,-6.471576938207286,3.695527395471243,-2.895016157589658,-6.428988366759379,-10.034292171927666,2.6189874476767905,5.26099313745298,-8.893012692605124,-0.12933078527590636,-6.413554320449397,3.0480834419785414,-5.639502127518583,3.4317017358155923,-2.5556760656400486,11.556600024573088,-6.1709291711204095,-2.0285443006011974,-9.19081548124703,7.786683686277796,7.621468707073857,-5.842305003582037,4.800078219572875,7.7547563106149635,0.5704708946051933,2.3769301737276143,-5.167206278710909,-5.548554926492967,8.08900128959157,8.58455389359503,4.061932586634917,-1.9417708292181768,-2.5050764416108886,4.377973257960952,8.456337899044662,6.925544313426231,5.749644636016592
8.115083705755369,2.187842672184824,-5.28579890859161,-9.211710713570662,-3.7366431686947723,-2.273525637331651,4.024315724577175,3.2636930555036647,8.034342751161963,-0.5118009636376252,-6.677581761909375,3.6040545477073183,4.640514522694432,1.213643128295697,4.779197093997521,0.3839242183424145,-0.2585357167262512,-1.2228754250838734,-9.591790233904852,-7.627245495357205,-9.831157681328355,2.389119930748781,-3.616871110476416,0.373488329455369,8.147127563130702,-3.3087930605094167,-2.7830784580286902,5.04681897590826,-6.997665712284535,-8.088320324756754,-5.320217478101453,-7.053884510796488,8.221888721520134,6.443298717889511,2.1152842126632896,6.833906106060374,7.5092980020681885,-5.984032031804757,7.290129117777289,0.5360111665017832
-8.098826523841556,0.7984487582522289,-10.94424446272205,7.281460208637577,-6.631441762931478,2.975600386409848,-3.812039695478123,0.5154619157827361,0.9960889397527282,-7.230464220301187,9.201451710877956,4.0052097986165425,10.153207806416033,7.592920935654974,1.4691134571780111,10.026425028906418,-9.472396492510839,-7.205929865649065,-10.191674546657804,-3.5612647664341948,-1.7948225765727621,-3.8333438964042488,9.146745500533557,-5.114365920328978,-3.7725742171279677,0.29679109059273856,-7.76793064939352,5.424167486826917,-9.417756797212558,11.422263566613797,6.28719271294705,-6.002490390759177,-8.538541905040951,4.796699603797807,2.806441745621417,2.4021756286250593,4.725992393595627,-8.35740843861344,-2.7278268511822135,-7.533276898437525
10.245405801472533,-4.126236795983381,-1.0583797604114424,-8.189545822915454,0.74693608272335,-9.016040518683747,0.3410858076055707,-0.6998121065932308,-3.5675861081473026,1.8044867127231252,-8.812950918652678,-9.242060867676733,5.880142374438513,-3.9093104231466205,-6.78614463491528,1.1121371932949224,6.062143309663025,-5.255983130622564,3.4025083882194744,-6.886981420354998,-10.842783424034364,-1.7147048125061288,2.5306497920817748,1.4075515153789429,3.4355833876636104,9.229427277375768,-1.3279646126891966,-3.922457238482718,4.955618551251408,-4.8166958444555235,-0.9407302809801761,-8.774410598584247,-9.887032417087996,9.51096409035015,7.763894208194066,5.522448468795626,-2.0394793657168186,-4.709224446659848,-5.994552311817032,-6.22715049068127
4.765335790825263,7.799980387158828,-3.3746734769823203,-8.235251700440621,-5.126586806770407,-0.6519464504738054,6.3297022542191055,7.439211141835126,-8.47753331082021,0.6881426347765416,-1.4509556473499465,-6.515923170226755,-6.931666641937495,-2.9175466225355025,10.141933511951793,-3.489062816281584,-1.4404540652666733,2.360258309075294,-1.991727188654387,8.86544805672106,9.68571364995272,-4.850121438990361,-0.22186954984621082,-4.07879508925283,-5.168579617495874,-9.278038741809016,1.6067932468035382,-0.3186760555484746,-9.294074019709374,-4.65376398516649,9.08749117584016,-5.338553015865245,-6.07840022158544,1.3269101568777424,10.567953733268164,-4.6244260347014805,3.7695431576010923,6.097751015624421,-5.157888381555767,5.54889681819439
-6.248073006500807,0.7676081843643506,-9.006095024592877,7.955348504734744,-6.016275072190911,5.1939745682018374,-4.525451495964334,1.0650067705890578,1.9937711594889902,-6.858191386394788,10.429705082607134,6.266869670561146,10.517942666665547,7.427200542126264,0.6721355589419875,7.9319949450178235,-8.021296416427278,-6.022130024532039,-9.48889211806379,-5.402590843711955,-1.755971210081253,-2.600674885439882,7.0390014211615926,-2.2557979470747003,-3.808864500097283,1.2509683330473695,-6.249849533636652,6.4393132962664605,-8.82166429605786,8.941749822001592,5.195921730652472,-5.711556872865886,-10.205640618650925,6.623567252228113,4.576297010652761,5.413322792089929,6.708201902557895,-8.441099546839334,-4.138461994262208,-8.027722906316596
5.269786834330798,7.73627746387701,-3.623309519200309,-6.914978348976797,-3.8319533735512894,-3.143336620343452,6.042114600923178,6.94859496956652,-11.261627244262733,-0.2701639677527461,-1.224010992673809,-5.836522693424952,-9.147313821933757,-0.37361387391752743,9.124371943454566,-3.4242472294782202,-0.722113928199724,4.3210853398748315,-2.8916217364556145,7.547118241703808,8.178690458827807,-4.169428065818772,1.8889877678481515,-3.615268398621563,-3.2001068341572805,-9.418016361492555,2.104740518917334,1.1445594921966953,-7.307647685820744,-3.1259740218021492,7.098954643948256,-5.275721076975798,-6.824577873699243,-0.47062275795626834,10.10086662562761,-4.338317758101044,4.445520700072713,6.918262458795874,-5.576690224876842,3.2002938073978777
-2.5005999077940793,2.228293093062208,3.262506121462483,0.6963405910938286,-10.090206493829724,5.73896403898522,-3.57861358573863,-6.179519362771829,-10.590173976608723,0.2813991602187149,3.607532574418828,-11.071910727493405,-1.4267682605151657,-5.915225008672582,2.4150097168503466,-7.391071897239472,3.115017805324357,-2.251457350766857,8.01443687105487,-7.178884095415295,-3.5591415151121644,-7.562879419801563,9.372077931007901,8.386034913010214,-3.5529569746308045,4.03782781758074,6.583001535566122,0.6705845943491024,0.20525064430390516,-6.040731488426776,-8.133415352830458,8.641702637778469,7.282693540383588,2.6248112868015854,-3.896766407747755,-2.8064541775591674,3.9697301934548377,7.20269462775749,7.061761790370321,6.100839690998043
8.610954893314185,-2.7815711969730352,-2.7241056842264784,-9.365958642718981,0.7231290263868869,-10.138612433771197,0.05845756591359075,-0.8280045914926955,-4.316409773997395,1.5663808206081289,-8.354455983443595,-9.020299667340392,6.987221498336836,-3.3215471755047603,-8.689787934467567,0.11938922521959505,6.1770334478986495,-4.908688818911369,2.027221945264308,-9.153794504773199,-10.023044701535031,0.49046602863639827,0.9492536039214625,4.221789542939891,4.6451574320721045,10.13080758305783,-0.454461021880313,-3.4991695362459567,6.043802350910939,-4.723885502602894,-1.242390382757204,-8.304653905534575,-9.011948318596534,10.422086336972264,4.454054618604408,5.033221636012648,-3.53174922803258,-6.225350777546333,-4.515630177489806,-5.037682325133876
-3.2134413912660422,3.985415385832999,-0.5699081411290043,1.5288368271021717,9.643919680479238,-1.9219728562587175,8.751953728176883,9.119715310136876,-6.282364151516389,-8.52220471777905,-7.267049365813749,-9.694526893817946,-9.92898864321129,4.700722972880685,-7.321298200880369,-5.451603485725218,5.854215013727552,-7.5106816677979715,6.521404330282629,-4.359353231261636,-8.063086854616445,2.9040406564263783,2.3844392932912957,8.52386300970677,4.685742916696717,6.6799026935900185,-2.5936014000673073,-7.0316873048517365,5.31516993347561,7.1410883462809585,8.877199206546871,-1.5695936337056655,-0.6873137595179752,5.1880088343801205,-2.1155826569358536,8.474009634861522,8.967842054177227,-3.065587341336739,5.082377546840232,3.6120027865477566
-1.1975841688649722,2.2511228846048086,-2.430556719201016,1.851347298761371,10.153208027343995,-3.099758892058249,11.184634439977284,8.690065157957147,-5.650215326249178,-9.129460081297628,-6.967151204207905,-11.15994161411179,-8.450931230458137,2.926972232364914,-9.885159780942809,-2.757499938809118,7.238644695979989,-8.729869780089324,6.0110696428551975,-3.3778249525589192,-7.5595616912516785,3.4625969733105646,1.939968170033307,5.566536503916188,5.865792179494653,7.120523776631728,-1.4319396503556892,-6.785828829062659,4.34550143054204,4.4352595627543785,10.77006918381254,-1.0178200272258087,-1.0078583648459,4.61161719541803,-2.467563630474468,8.093105935725974,8.511971230807754,-0.8839043310073512,3.4617273248224745,4.959660442015703
6.155788019537188,7.285627557267735,-3.238792239298493,-5.943974151965808,-4.421368143733412,-0.9231402778386761,7.389862242272612,6.843547636226014,-10.369222535459507,-0.5328390528146664,-1.777066559793858,-5.979849687294474,-6.3944179126742045,-3.7230199896096297,8.05547236202547,-1.5933641807542638,-0.07556279621402118,4.213907635153907,-2.276085127670709,8.298948535498399,10.484429668345292,-4.327235043081489,1.5033541297284916,-4.661655740882708,-4.204064319974488,-9.22290529791515,2.455175173947959,-1.4010342839999308,-8.859588596307992,-5.853534626691516,8.523651790529996,-7.337411311179071,-8.953689392466124,0.6076039219912591,9.166170627017232,-6.146752643402232,4.71355656919312,5.560018523902766,-4.375158924618223,4.398084899916361
7.813090665254242,-3.640058212525149,-1.127729742348836,-8.64860749816244,2.0821877894935747,-8.359637554730464,-2.1806356314812083,0.7135223858776304,-4.70081139152025,2.7629584582098095,-8.714913160406818,-9.486238255074895,5.404603162777115,-1.7580404757546517,-7.526442523561086,-1.1735113645713748,3.867490663002293,-5.245946019990161,1.182003323614486,-6.433403206521026,-9.903435860987177,0.6267319060056833,0.9718143983624353,2.0192202907272865,2.2819996438752614,9.707936686866919,-0.4272330240783524,-3.4243321135586378,5.781392843135364,-4.320063726686712,0.3412985347687818,-8.977055385881803,-9.961829786033345,7.587170990804613,6.524418459144823,4.329354111148927,-2.30443598928563,-6.117683098177594,-7.04876767206747,-6.297408274677084
2.515011639935759,-8.922877912856201,-6.077918889778666,9.607265071598684,4.789899844949634,-10.555688016135996,-9.791444694497427,3.829231816239455,-8.288283587752423,-5.970149004609299,2.581022826862034,3.612417283251745,2.429650750278883,-5.399177903387492,3.9130312395838285,-4.591924228723655,-2.5222382588111545,5.977911766932369,3.503250651748684,7.230290536558859,3.946684535257715,-0.5968198409432899,-7.915933891104207,-2.5932058816408783,-4.482872250393936,-5.207830678672559,9.892066588510527,-2.7126484281988072,8.970454532995898,3.096422297358732,6.046911928716829,-0.6447747085322781,2.353394577735087,0.05701357487176953,-6.850623637576026,4.392380762816868,-3.7554701319416446,-8.962107132551099,3.396454885951512,-6.365255020117944
0.7910944136665451,3.110883725994391,2.726105747447304,-5.928000663846959,9.213802308956572,4.564716129556819,0.17128583817938414,4.019674733515892,-1.8534102344910421,-4.758827265897231,-3.5191795918202304,4.742574188550082,-9.387716756556348,-8.010798239668562,-9.076643802676678,-8.378599338267133,6.591185500701293,2.7409960043625876,-2.042787707931909,-6.604877750593107,0.7634642029122163,0.1252350827990525,-6.972015407671709,-2.6560470262283737,-2.3122069255486783,2.223647589758284,1.5703213506055966,-10.563576117607731,-4.238060313874508,3.174591501828571,-1.1426331436012607,7.439207144482382,2.776072778971652,-6.1516735495952695,-8.252800540022386,2.616448146235026,-9.339320363958347,1.6051755170925524,8.18925767786608,2.489566342975443
-8.093991973948746,0.19850965793422526,-10.809487222874276,9.46734761824237,-5.489822666129122,3.9723491725177817,-5.035777075605656,1.0702005541024344,1.6061501946800905,-5.918708817483562,8.39726403349138,5.752204656820368,7.6069226465493935,7.643783753456789,2.987412677177028,9.234186627533077,-8.214967016421177,-7.0551493275399375,-8.449866509615045,-3.4740121470366874,-4.546769804440783,-3.790389538205564,6.550517349168897,-1.6624822181451417,-5.476580325095189,-2.322782150031031,-6.902431642159562,6.335503291762768,-10.199658754011036,8.75923918614374,8.20011312965305,-6.331296983470355,-9.158598681151735,5.658568741728298,2.0468439780991865,4.409885114023842,5.159802373432809,-8.918985203986564,-2.94532626462094,-7.41835053785177
3.367397140090432,-6.39496172478556,-5.90379580752882,6.6474893785281495,2.7739658649486802,-10.800007033549962,-7.96313734023969,3.1943209785533573,-11.516432127708681,-7.596649461211814,3.1798630874908227,4.076281358695029,2.863629055389059,-3.7017235908478785,3.8473491168815483,-5.346438612033118,-2.501203180691796,4.529092303744133,2.246137241591793,4.730711794522842,2.2157595326241055,0.42014432071981833,-7.967937947969539,-3.2561422045391053,-2.537933635508295,-6.177836062653134,10.860857781906317,-1.9182925515372427,8.647705139254656,3.3687921146811277,3.6779905405205517,0.041189183127284625,1.2758495552933495,-1.2826242183139889,-5.635514206823241,6.165582621107578,-7.05755639506695,-10.048150347212644,1.663679754029734,-6.386008585621328
-2.44415080583647,3.5542577627130667,0.3811050357592214,2.135959037341199,8.447388814938027,-1.9728336108368605,10.712311186768732,9.63401164749628,-6.960083458907607,-8.020528765853346,-7.56123439967964,-8.709175942524306,-6.867523217043644,2.619159459032932,-9.266905335829996,-2.712878637817182,7.045536974239076,-11.761802492839298,4.623087209632917,-3.700331363233023,-6.797592524995222,2.5852556030027483,3.678024497725521,7.352292939449407,3.678946746289684,5.5093227176484465,-5.582051774622674,-7.067120107786607,3.143397061928544,6.062861836347165,10.397221527941467,-3.095071429230164,-2.542618013521389,4.723607186663518,-2.515128359575405,6.300739420772391,7.880143884909235,-3.237876049952654,4.807481009606554,4.381939365210948
3.713554905442958,-8.30177772921004,-7.621892224374757,7.922684719913007,0.7356485556031815,-10.41154937447426,-8.017503468514963,1.7189183235619854,-9.392385784587567,-7.747600012561559,-0.4770451706818295,2.7574862180254938,5.215179351887498,-7.492677952657644,4.679707515720507,-6.006654521083285,-3.842134208332207,5.533759031040816,3.5474766957832147,6.303771790721768,1.7944338393735728,1.9883130404100706,-7.574127450428805,-2.9306534475995174,-4.254008262557113,-5.566036613393864,8.633173530014124,-2.134083325543717,8.359963844633786,2.9320227894976916,6.4053887509096405,-0.7078370111852841,3.1199588172854344,-0.4920269789613462,-6.214055895515701,3.1303863960122387,-4.578407907480168,-8.981442934519407,3.6719565308360216,-4.895845674672239
-2.2522092201272534,0.5524191617414886,4.205927931856408,-0.14807467821472264,-8.976391342913933,6.862375055740204,-2.206168853895134,-5.2163426580505154,-8.278216048728702,1.5060318108902835,3.2236797107535375,-9.322299753462811,0.11179032470208733,-4.580766588711888,3.733573472684224,-5.9213300987274655,1.2927934802799412,-2.1373047103119878,8.625745894001989,-7.081555515320604,-3.9329976175412367,-9.055315485587444,8.957010845546296,7.190485749887556,-4.266474451989288,2.5287665429988087,7.760354644516995,2.1050810745600104,0.8898386756660096,-5.3762425953769135,-7.285535766083818,8.336862974303939,8.246945331197214,3.7048945550249677,-1.7928680246193458,-4.268219692232327,3.4687294700549813,7.161944473572745,6.239303887658794,5.5347623915833255
-6.736452522270421,-1.0591128096935725,-8.619460545846772,9.292241107870355,-3.9629638423668565,3.5017623353177427,-3.9970794211414797,-0.1750591527786276,2.405240277682697,-7.002406109657102,8.354626481721176,6.168025402255121,7.993842028097287,6.946483511086848,0.5143953140519375,7.954574861001817,-8.312864982858104,-5.837251023956397,-8.144147977489757,-2.966495461068919,-2.417326425763539,-4.771215040901802,7.084907651953772,-1.5923633031996445,-4.254995606769184,0.3847908089545608,-8.174381501590293,4.59873435066857,-7.842717454361061,10.315717255649902,6.022258911039809,-6.1543458156686075,-8.482622911636202,5.825110074511864,5.0924161141595485,4.541400465830204,4.817056169039577,-7.926576658000431,-2.4210493104305537,-7.325646050230479
-2.591348801445319,10.131581959786448,4.982604182605805,2.429922903094516,-6.309859910919066,-6.432401033258632,-8.195604996768466,8.652675445631134,2.2188214045656456,4.870455313509421,-9.678045808371177,10.838314258689358,5.972460513949166,-3.9522773535236615,-6.403658606502331,-7.762684905049372,-3.7870507258984563,-0.18592302483012357,-0.5204560781689611,-4.828041175341552,1.7908744612328102,-9.099663517904695,-4.609413348544714,-5.096642460755122,-2.462503139145004,6.46393388400457,-5.220724198181974,0.7101463300571973,0.8813152341116368,-9.118703101742025,2.147294498938198,-7.747882215446713,-7.195569838527259,9.855073035642338,9.091676487661523,6.194832801323752,-3.699341808585034,-10.088292588296612,3.4374831477225407,-1.8789343732057717
7.42023116799523,9.489524870759778,9.455437360068515,-2.9801948191191765,-9.902880561757193,7.428220606671467,-1.4290998875658156,10.093172493261807,10.063927278512828,7.605365284978135,-4.7294533258028215,-2.948174471388646,7.81813790357807,-2.849560964657716,-6.782140051710043,0.709853341601318,9.890342576661318,3.5606472686862127,2.14715562631108,-8.193313299442728,1.2526117529463956,11.413389142108967,-7.078255799538043,-0.34415093261334817,6.156655770783903,3.525371556847255,3.5674034158107593,5.974810563275778,-3.394838854279139,-2.680708282363928,6.056459440967188,5.021117502481935,6.868235183151679,6.983823127391984,-0.6291204747450974,-0.8554221681319254,4.062099711854237,4.512074684370029,4.250354575376349,5.229574983103919
3.187166069905,-8.176995573927778,-8.777453340852606,9.241169918221681,2.352260889687355,-9.935476637559567,-6.838146032690462,4.517532105729389,-8.744178075466435,-7.030925468353315,-0.028800773452472672,4.826826870995937,1.6741707469815945,-3.567357072124522,4.2715839721452795,-6.3159025057635825,-4.723874590971256,3.6522232783044237,3.133020887665137,6.978075889823772,1.916335672497674,1.0097162801535295,-9.494440029529493,-2.0563821328671565,-4.750545912478205,-5.498609638335776,8.172100364981384,-2.4382011068875573,7.426203222195941,2.9404992211548544,6.063244048949929,0.844801964183184,1.0535011490221193,-2.0100576258192158,-5.104047367441069,3.5130097921819257,-5.49146980419814,-9.556797216484677,3.2117164310978734,-6.988622817573704
5.291630729389544,8.413640399557826,-2.8665306844951113,-8.85523191719457,-6.147100804276816,-0.7012017623679365,5.501451040150902,6.132453529298872,-11.03964852117244,0.5669846645094359,-1.342622217506956,-6.2418898209644365,-7.597607257198109,-1.7205641877723103,7.884133921332163,-5.487683968595345,0.8308880105876928,3.949978014001968,-3.4374330392292216,10.087721891774123,10.088171043511013,-7.172632103372809,-0.7076277914837784,-1.6649175724677523,-3.719785196652457,-8.586157414612195,3.364180958229415,0.07064928977695632,-8.173740814908593,-3.7090086714305683,8.704359216085834,-5.530774157277957,-6.930043635809279,-0.7993063587555175,9.72582338677851,-6.327385461869258,2.6520869568446193,4.950080264649421,-6.190954551582083,4.059309701492015
-3.0695856913444426,3.4839502893960317,3.9977854380196813,0.38895707811884156,-8.443877566720097,6.544360803759699,-3.3095056916543113,-6.850697092062939,-12.078682226476305,3.0106278654119336,5.345976184008198,-10.28064328104859,-0.824792202933154,-5.607185018431463,2.715951924460225,-5.517152842737211,3.8733942036943576,-3.057915904360435,7.416190324176641,-6.383946932260462,-2.5791617378305802,-6.6699696970964,7.525685614850163,9.385223967147947,-6.584861952754125,3.9092819420850597,4.434861236827416,0.3136848502907793,2.1540344975680883,-4.331589927514977,-8.684165059369198,7.425478116244846,8.10898325410205,3.176170136226082,-1.9678247963432893,-3.4720425123552765,2.9073285139175864,8.099173826100303,7.284297647793951,4.296877212404029
-2.6017665572850115,2.7334494523177613,-4.014812429809647,2.120741835652834,9.730326351391101,-3.615778424467033,8.548344031450721,9.555534200162866,-7.239027981535023,-8.134315293260556,-8.47645670353191,-9.225421530283839,-8.061002759724367,3.3769036390500453,-8.187705157543967,-4.113534579973222,5.1132733464336155,-10.462283554037217,5.241511026897771,-5.967023662452874,-7.26730338121917,3.7619766166725053,2.932798001407499,8.070191626144434,5.457889712837957,6.476540348845751,-5.3389171453680895,-5.871683599154569,5.234099772024874,8.326799564470107,9.818021179886472,-1.3647466760385383,-2.6544638929586384,5.577155065536484,-3.2025425490227395,8.180522935870643,7.345608694615154,-0.7983590103765248,4.597914676459289,5.926430770203873
7.713416065376504,1.2847689971216603,-3.4548619355373584,-7.890818939743216,-3.881049438503933,-4.442647382212855,5.766937624346973,0.8721684823504356,7.416459795649068,-0.5973615201423484,-7.592206422834335,4.445391800537981,5.8261407921474415,1.1901365123445742,5.05128531694754,-0.5316774173718808,-0.15685921439847306,-0.6616363085021426,-10.138145944594612,-6.995400351125666,-9.352417204005445,2.206953418419479,-3.094473162729331,-0.5560401014290619,8.789513519250072,-4.801429295830716,-2.3886662283793267,5.639657586195533,-4.877446964478912,-7.302882197614183,-3.238823929315343,-6.284300234193629,7.4663620956426975,8.610994579462396,1.2644589191366595,8.378474978036666,6.504725354868589,-7.442741194760398,7.726879030921057,0.7080919520683735
7.980125975765968,-3.550356576889752,-1.8210785999361834,-7.758152650542878,0.8895555751444093,-9.39550757924998,-1.8064761411280106,0.7339512729192167,-4.688547144351049,1.9532061629709319,-10.099908898360951,-9.467467915101912,6.460783988381311,-2.7177694738180844,-7.184506031256462,0.27069753581510103,4.61317740304052,-5.601506177413559,2.278951690784242,-7.26840505801743,-7.815624075717486,-0.7449878040740621,1.4298569806198809,3.56634219105404,3.17599537858909,10.096514408163406,1.2219618837902066,-4.490517179053671,5.667382272253034,-4.397035038938294,-0.6501135257879999,-9.419311783602286,-8.335978433875237,7.2236201634929,8.043347959169617,4.469751589663879,-2.4427126228574076,-5.669707755876004,-7.919058190180408,-4.8802059823142185
-8.341833900523012,0.6105705618361886,-7.227516656464616,7.178496346147437,-5.164159375647185,3.482053161247732,-2.979372266215964,-0.15818586173325266,-1.898824703277147,-4.943721395325434,10.152198674875315,3.759708936735626,8.182410039504227,9.464729438080301,3.4057959946795684,9.37612472314128,-8.406262392921473,-5.997355332804585,-9.226380026915367,-2.365153601465875,-3.1022966127054694,-5.378819019406287,7.585024769874604,-2.9092949216397757,-3.0028424507985765,0.18240945618442406,-7.236293860843572,5.121526630236842,-8.501624444981017,8.259191795011548,4.957261964978184,-7.46194023424467,-9.195634424336694,7.025817908856333,2.4068841464679984,5.91402910632032,7.922822060138769,-8.473100578581851,-3.4717996893391923,-4.858288218494359
7.977428365723075,7.070234165968261,-3.848153210175475,-8.335307536402986,-5.995341133249246,-1.2796044835698186,7.761072594645512,7.6705800650074565,-10.664488350803278,2.9681755623545225,-1.5732067160632943,-6.135064746967508,-6.190596278648754,-3.7167671898712595,10.521107733237828,-4.406584150551562,1.8058428237886917,4.261426842185251,-1.4363557197116867,11.337407363120759,8.11633860832097,-3.6885822627343945,-1.463933786577695,-5.029618158912836,-5.106599572243085,-8.758624416731484,2.2243025565327965,-0.11355561958560578,-8.824189695977852,-3.835781125974298,8.833565843274428,-4.114595351045421,-5.282067745408098,-0.23230716689021624,9.191920120081098,-4.545358440584803,2.2984561318529515,4.5536881744627395,-4.247868173759217,4.440198597419488
7.616179091608927,7.125213428841885,-3.619916695561112,-7.045317227813001,-4.657636274934458,-1.015507967498677,7.612454355415971,7.091642718492498,-10.227675057952219,-0.13191793637329507,-0.7934067050522929,-5.192662750282748,-7.311408987636087,-2.452462322670259,6.80714167039653,-3.225872535709745,0.5943813237410381,5.729187259204261,-4.255995934677787,10.992828286795973,9.324355027766888,-4.475364552832672,1.6208889054570865,-3.421672535659034,-3.902821822988087,-9.019969867107026,1.70780854460356,0.02509134006683731,-9.685937741122961,-4.471637614693253,5.829387022277978,-4.779722619093003,-7.223839811959164,-0.5471485311155035,9.932767166152157,-6.592458492735432,5.371980944738855,5.129624845086751,-5.393093553124197,3.598930762104269
3.3694100819945167,-8.443080027493114,-6.550723726998184,8.545806711616848,1.7306686195737642,-11.049895553921603,-7.6944901371312024,4.459426760774045,-9.59961735011818,-6.4656966569536545,0.9324996808350824,4.577022606627065,2.8532897739140743,-5.968512591915665,5.348882679825582,-5.7855565683566805,-2.6025350903628963,6.035763564318192,3.5594749130063548,5.7352326903109265,3.1794127552293645,1.1641720696508142,-8.622503898773463,-2.5029323514649016,-3.926746298867943,-5.578759792549527,9.288828420775237,-2.3791044404967794,9.00480214908658,2.3656719021346713,4.661820413071223,-1.5206929768866722,1.9008072590931515,-0.9103278635086235,-5.426415738766631,3.1178223167229753,-4.923464917793492,-10.844249520891072,3.34405663369228,-5.808938871234371
6.7868425277600535,-3.7340328344587377,-3.5427499949470382,-9.729899280161643,3.4488071882543814,-9.964822728008576,0.7246281659083693,0.6315217843046743,-5.399979161986756,2.325733601309218,-9.78105185815194,-9.46013733067896,6.596917147532935,-3.608400007523431,-9.079926101082664,0.39359558636174957,6.363788764606053,-6.585170708974892,2.61177178264564,-6.787543551575443,-9.056130463901694,0.7131870031588184,0.867914785802516,2.066253604071072,3.5284721560198538,8.527779219929617,0.6941901630311791,-2.7829981792423366,6.708806133811925,-4.961897828513978,-0.12726304495663143,-8.123508553644255,-9.42224290989983,5.913611630954918,5.902192798637735,2.3983862196366847,-1.1938676046504937,-6.439080266653052,-7.943245532963387,-4.690779478240432
-2.874519174364859,9.19896643406323,3.292752546698405,1.0015556454300805,-5.6792132832068445,-7.537003872247342,-9.88523873931795,7.860175668025989,3.2080043895271726,4.880404866585976,-8.592262428278135,8.641401954670425,5.227042149266592,-4.25188413447899,-6.686180494700124,-6.582742819386371,-2.586960998960188,1.0513586420454173,-0.9052118550760775,-2.0104148511380773,1.5935396640674468,-6.282282658877926,-4.100093904398553,-2.404170855262909,0.6498681107532511,6.211354984149897,-5.468228277783172,1.3571961055820347,1.4833386476979644,-9.91020141293905,1.1060878440077329,-8.555874115630171,-6.6427610103540875,7.8745023793449835,9.091387037905415,5.891133662440301,-3.600317918723486,-7.230820507333025,4.545134018602883,-1.7800275637769114
8.03309550383275,-3.056857767170284,-1.8686347670220087,-7.656191668788468,0.2744222857521672,-10.553236878369,-2.7970987403716774,1.6194006949911781,-4.664904731145312,2.636862456756517,-8.98628442776452,-10.255462906586683,6.331788779658388,-3.251009223438834,-8.068013227225867,1.3601525265893688,7.910614532519889,-4.567375808319589,2.430853149022601,-7.033542940168516,-7.2534629263170425,-0.7652781509473376,2.03755719356466,3.518280048707337,5.70994573110973,10.330329045267593,0.098277958489765,-1.5079998969923136,6.243322503956222,-5.017681995452769,-0.7145935708469037,-7.45847647142682,-9.398224055828853,9.646104677080729,6.80796949234777,3.259408388773317,-2.642765570342374,-7.936929885154672,-5.353239112531534,-5.218559284837755
2.5866123569150803,-7.717937874698226,-7.026701692486478,9.535097788753399,1.4290916881410993,-9.335529305145448,-8.459271112911482,2.988528820740346,-10.310823977836202,-6.045230905556612,1.8930389022655938,4.395642782786235,2.931241723306741,-5.3744337797872115,5.141305995410142,-4.325706662856393,-6.18228166816818,4.6576059305877875,2.768399189504809,7.653720774009721,3.085487028296121,2.085355447658719,-9.205165414468702,-2.385629423350549,-3.7957469929149967,-6.594590001736477,11.973854563257815,-0.9471595737982725,7.842284406007909,1.7943644127064897,5.721140920559263,0.13654422171518238,1.9787402493392292,1.3510147258373093,-6.571238713481955,5.011752142802668,-5.676981913782997,-9.927281385696192,3.2861627660127155,-5.766523920850217
-8.19008085389528,-0.39432860273145753,-8.543197922253357,7.659018979936023,-4.8295070000268865,3.6492094515044546,-2.9805933959014044,-1.376320538813985,1.648951236754538,-6.536634947341184,10.099150266155553,6.27958815957712,10.39789389240294,9.250000656174178,3.3045712388319988,9.881155019628572,-7.938770974145664,-6.0481576645802555,-8.222637138610905,-2.7613124333016903,-2.5355204429486196,-4.168195955713815,6.539653716253994,-3.71886637458827,-3.0908490648760347,0.909120905695059,-5.132807242805896,4.4184473448809625,-9.06576589924795,9.770377568701218,6.582276483562062,-5.6262169967143665,-9.579084903347201,5.181964776542535,2.980205479722872,4.902648021109652,4.061300939900556,-9.050984715607521,-2.32976810002869,-8.664943081774181
-2.9551413369139103,9.127426585251344,4.276762175072535,-0.03428717680427784,-7.267974129452428,-7.1857287043442595,-8.204666731861952,6.625323240887654,3.700974908236742,2.2498110052691516,-8.277142616281326,9.17387807236178,7.508437688351992,-5.673416302375744,-5.223945119832519,-6.719271767484135,-5.013775565987058,1.9156329199158204,-1.4745802730398263,-3.953858722414951,3.471809808492385,-8.242078029053598,-3.5616161316563795,-3.2626578905890566,-1.0107696713036525,5.775798193244562,-7.5067462182797415,-0.4941482745482022,3.199364269653989,-8.184800557015249,2.0882574607015316,-6.346394067741277,-8.993210645930867,10.334294130894648,9.112288083697024,6.399789054464069,-2.7616944723905217,-8.823929204718228,5.243449714740032,-2.72741153495135
7.260680774891945,-1.6129774385788958,-1.6927100744329722,-8.038391998518783,2.9924466395391827,-7.960162335515839,-1.0242965913090205,1.1016225474506816,-3.6923824695083556,1.8453952412680663,-10.780865592123291,-10.191295728713959,5.0937484277329395,-2.3032628687507377,-8.64314206408605,0.6372832719135175,7.231774888247374,-4.25580926515099,0.6203928694460259,-9.571752170895646,-9.742882000807704,-0.5419310578564083,-0.8411119451196036,2.737757690238891,5.226927223869794,10.47107562797358,-0.1484692047199036,-3.8127742414906725,6.259401140498828,-4.691840536597665,-0.409964809791476,-8.000507510320167,-9.869289555204878,7.3963319819050595,8.218634015726112,3.2334018324296387,-1.4633824659843429,-8.450705267302183,-6.882575729964083,-4.894880075845895
-1.4504862715642464,2.9410551063006376,-0.16343511711196457,1.109644164005686,10.105585749274617,-0.7920596951523353,8.46334838931279,8.990658178908827,-5.576057755747017,-6.10810583741322,-8.782274991465584,-9.752299018000823,-9.143414418197299,2.6871992362251365,-8.19066300915032,-3.4149439735856637,7.438957313297268,-9.014807557834416,6.0537308989543055,-4.605443573230164,-8.60750218003879,3.233589002998418,2.522055159039738,7.746469912383139,5.412208767666304,6.678479267489144,-2.8022317830081374,-7.423897216903113,4.779709622173098,5.251390229147509,11.087389909375538,-2.2501203499678937,-1.4046108316997,6.981045348565996,-2.770492231478861,8.908205339796325,7.2069001823448176,-1.7372254886660565,4.580036592001882,4.943440757979339
-6.28816997709739,-1.0765240996152103,-10.93003019151097,8.567186112940695,-5.641808502414001,3.5717371578370285,-6.169447079312311,1.7938163650392838,1.6064989949059951,-7.803387438652461,7.912915431444887,7.174922371319819,8.052598927785825,7.062362159820351,-0.30805251792758037,8.086706494860781,-8.457869573797362,-5.36484965484761,-10.494532649973715,-5.013680176975322,-1.7754915714338826,-3.5662892932950174,5.003597831920706,-1.7834193798284728,-4.343767964765563,1.9457270022396154,-7.251735862022364,3.5216616975928448,-8.660954508720623,10.797882550681615,4.551149366849433,-6.413651338224004,-10.06569116107893,3.4097146892282,5.808494452389819,3.6787676809225727,5.931142366191713,-8.605808101466401,-1.5730663727551872,-7.276562687069325
8.138022578982662,9.548334229685855,8.457520631965247,-2.7311855721350655,-9.000097679837365,8.945233334496843,-1.7262938136365853,8.29786553805358,8.452690740558303,5.593379643954311,-3.97045260845746,-3.1601842104151667,6.527410448353266,-3.789150577503311,-5.566149874947465,2.064815847483823,8.668387011961645,5.186099422899758,-0.6111251075335624,-6.179249574818117,2.9926442482879807,9.903880287105194,-8.089679376021582,-0.07147431885572914,8.156812334137149,5.447451738615502,4.608708190496147,3.3211849453757254,-3.7400246886201063,-3.9329578703576265,6.9570770673417455,6.205452743088475,8.822930618487241,8.29794851331954,0.2261393333857706,0.7008858849366612,7.185133716927542,1.6500233557507582,2.921325837118469,5.602591950977982
-2.2452575229331013,2.373458543873587,-1.9694161077271768,0.6272636889140838,9.222655479989708,-2.154870875984938,10.703328206192438,9.052864875738454,-4.843619403692595,-10.645050592147976,-6.405105720067513,-9.36875189164186,-7.70221532245963,4.556162813988318,-8.554909722381794,-4.690867941628092,8.344913852518761,-10.30278334540737,5.303652272296205,-4.59720541953784,-8.02270738211341,3.938550141511138,2.4806486559588192,8.8965700381103,5.160743475129927,5.211821628564042,-5.079812807031465,-6.839397772063625,4.628094028046675,5.621950648531824,8.708360821969874,-1.4572443243353177,-3.0152427866831495,4.576457755794894,-2.698453999846953,9.462968510844586,6.92261793906001,0.3613669120188818,7.232942054861121,5.587747635054922
-3.0857080237794694,6.423243836053412,4.0936343879756185,2.3649736893432785,-8.358538759925398,-6.696749673496791,-8.853637605809006,7.902814415099791,2.141880603278329,3.1883826150393535,-8.39173861241946,9.239667470212916,6.621548276498504,-6.686485745507673,-6.806782907049498,-7.216712516958225,-4.088101200732669,2.2068371127871007,-2.7330007700890415,-5.788978593915902,3.7082282219411984,-7.419446464111029,-4.826179767955553,-1.6328584467300895,-1.4842158553961446,7.529528941407209,-5.328598485493536,-0.2032226398734701,4.005599590506353,-9.676706668603384,2.8929924100380733,-6.290224945847678,-7.397226850895612,10.53922194179352,9.344644810556954,5.414529091983038,-3.44775247359347,-8.724273089624427,5.6980477777697605,-1.0604147941252355
-2.242017898979217,3.6816121433111237,-0.23324020069910356,0.21565070147224996,8.609509924592642,-3.2857324389895473,10.686050263053442,9.084193317702368,-6.898094643062782,-7.9938984660018,-7.705847637614451,-10.321516412468272,-7.986813776252961,4.518520165761655,-7.636307503331864,-1.2885036980555977,6.991795372560856,-9.772350219394792,6.851509915656554,-4.54586704359968,-8.221607887849753,3.0089600714165603,-0.8487985927073187,8.284279700748565,3.063447144006023,5.189765164402619,-4.066864957378845,-6.772715918982897,7.161592281995427,4.6274548122647525,12.048823935913488,-0.36706185272089153,-1.6505418990460325,6.967571391317478,-2.7793171962236025,6.91189351485643,7.683106717976163,-2.900794844356642,4.489059076814156,5.012775383977909
5.9342821529453404,8.787698587054207,-3.9937212317050363,-7.713621733651571,-4.031862325110256,-1.438625375257604,4.665277525474553,7.5819310529760635,-10.55725096842858,1.0802172088458615,-0.9555902211981745,-4.086443442418872,-6.695160352533646,-2.157452288269376,8.189097318112672,-2.731954863694393,2.3442637242276128,3.3717292692667886,-0.9276696606870223,8.886291563217885,8.396974653792249,-4.668153640137879,0.6608805339765194,-3.0706836796923422,-5.26495253322385,-8.827720955655055,1.5057321081144317,-1.4353417914933464,-9.899161290532998,-5.177971081223589,8.686912879685583,-4.056548523591884,-8.575309188050804,0.1410162797593164,8.536310896441108,-4.529809160755991,2.819980367113824,4.181063288551072,-4.447584604804431,3.9774043667920966
6.9057558394090695,7.788300263017375,-4.161886066038619,-8.54606426311353,-6.948795665762917,-0.4659905269670165,6.185584280519887,5.968271371505994,-10.68744876508642,-0.6520274048812367,-1.6087554520092935,-4.490375939514709,-7.950682202921927,-5.50023008671109,8.669013743091465,-3.6921352596820913,0.1508922039318007,3.432918011427854,-2.509968871688278,9.501782769568216,9.224115584715575,-4.551712722049751,-0.48486270530014364,-4.46901947336526,-2.923066822865248,-8.702905643193908,3.0182327405407365,1.2796850499112986,-8.444480794375414,-3.4986820361315996,6.5859725572628145,-5.004608314664525,-7.284821019989866,1.4667392964510702,10.640654614015315,-5.789339760563172,3.815505106646778,5.4000736400235905,-4.792917686999778,3.5454845028625397
1.332229124300026,5.2707523488948125,1.5798468563765875,-2.555756635701867,10.254626000695149,5.271831051675796,2.011175580764086,3.2054912279621144,-1.315358864854389,-3.6171022570842815,-3.333206775592222,5.61873341448278,-8.390487426154824,-10.369746945920886,-8.641983813590787,-8.460818975177244,5.400770314335703,4.354977273617058,-1.3102293986131341,-7.646510505388734,-0.2626817940741042,-1.47689275355898,-5.426298938198245,-1.7413320392300449,-1.759941518030948,3.6310495845284283,1.7851785229696944,-9.085870556586283,-3.0030748525139153,2.2450186697470027,2.218810379508211,7.586572707836724,3.4874653090011067,-6.217224124439946,-8.158365424408938,1.0225720251411292,-7.173012968645356,0.25114210033062045,10.537199094525434,2.1274989225398313
-2.5016702648728,1.8503315562124278,0.47591467283939815,0.9948548905266823,9.692155016955779,-2.0944327832304235,9.687806407685335,6.74601711446983,-4.806073800257778,-7.734092332120396,-8.00328027312394,-9.347561393095743,-7.108534924655176,3.2881352642166757,-10.15930744545994,-3.9737513685080943,7.04989571154383,-9.56700107735685,7.606935809107486,-5.322806893451303,-8.469994078033656,2.876696805605425,3.0075980306551635,6.023406517467224,5.445177274111027,5.136734086387507,-5.132410908328387,-4.680983864414311,6.244874761512847,6.255908103102183,8.499064689470774,0.26677599487938775,-2.755959836580204,5.775840191308159,-2.2719954258281856,6.6522513055313635,6.52821770502863,-1.4881941925333502,5.148141067541395,3.7872506396239816
7.056414914328018,7.09760355910241,-2.8462912062326193,-8.671472786052101,-6.0858044510368385,-0.6995618413569531,7.2241226626056285,7.8120845990236285,-10.91063150513298,-0.23178081417151325,-1.4948811958259067,-6.407124752495486,-6.23172989319705,-5.649643515877987,8.079454562881232,-4.045507862454727,-2.4681312299044453,2.6641500476673654,-2.102118439872052,9.465925290972178,10.822081920885125,-3.4191276376078976,0.3780164964516566,-3.6691955546638955,-4.237259003871747,-11.917343070788835,0.7967271662718616,0.15425596767616429,-8.354399266252543,-4.13740090312963,7.2728527516174175,-4.271355904191056,-5.619658529420901,0.7270448058426006,10.702608411802485,-5.718120367725202,4.518645070818371,5.378150945902008,-4.735693591630001,4.9297588150619
0.9291589699186313,3.2676875667665195,2.419218066993568,-3.8869578615343885,8.634424481732532,4.020376439746037,1.5363120634130063,2.6143145816174616,-1.8232983368928126,-5.1943156406984885,-2.464598537094861,6.1258793256712725,-9.51104456825112,-8.870581100238788,-9.301374652328397,-9.592573791414015,6.056225573845699,4.571089953202574,0.058329161141838504,-7.31710836527401,-1.1585954517454433,-0.3731136473095136,-6.542237834643823,-1.0155639218986539,-1.900178820554338,2.304456016128024,2.569149257878328,-7.987079194533591,-3.3695617149898616,2.344027443519678,1.1440958384077138,6.318740899735035,2.4137847046349137,-6.0073705139195965,-10.012538892638446,3.509016687152806,-9.959408368414527,2.1255122409896874,7.583870261443525,2.6945598240759483
9.064583045898393,-3.850937752325567,-2.7661614487105832,-7.604774357829101,1.66629583591749,-8.89964207306408,-1.5064298920777848,-0.283377495317225,-5.155046571824813,1.2843470699178483,-9.619276383276423,-8.215760844375891,6.539352669218215,-2.3115900692661566,-7.317188734382173,-0.6705690524326886,5.417140587977865,-5.552797339871601,3.2177327377213123,-9.361638769768104,-11.006776441776207,0.8033564465334568,1.1665524337905104,2.5692132236470844,4.549847575180021,10.395813967833497,-0.13279861050360303,-3.81951138333366,5.982760339987905,-5.803169653927858,-1.3724688109350323,-8.494615690488887,-7.855942917370575,8.954852635930042,6.919613650188585,4.838101727263703,-2.6584258370250313,-5.158373211706919,-5.1073889145210005,-5.024038324356769
8.11209190753443,-3.445928996534301,-2.3655831257917623,-8.687311086393036,0.9102002969325855,-9.123743716512193,-0.9186395493929326,2.5771709433207968,-3.4704444452731473,2.3616694708479034,-9.567475802720425,-11.279059673492222,5.644416285575488,-3.4434806243590597,-7.7337741332522185,0.4115057017061337,6.055946027457712,-5.410433888993071,3.6170127078499092,-8.60495267364389,-8.709202632457684,0.9709368591417604,1.058428716560719,4.030488277904274,5.325600997200422,8.197638369749269,0.21167586696456586,-3.5548442234048756,8.055264959069078,-4.913146156003986,-2.20305548922346,-7.992546943678038,-8.99599941206707,9.17919542982881,6.499341407273228,4.8683880779360456,-2.6745392659744236,-6.875066941451621,-7.393409008691666,-3.9012474390875056
3.0875198246180213,-8.816491290904585,-5.980565649372568,8.56153607132631,3.268437797553502,-9.897660892014468,-8.4833879521357,2.5874033601489934,-9.591740805146262,-7.1609947544613,0.40550600965093364,3.389616689608542,2.3555347049277597,-5.315592698026072,2.831001244406656,-4.952001957589036,-2.815457276411695,4.348948964183186,4.914694920550842,7.002089520860412,1.5909148629069783,1.0849291603727609,-8.063848498502352,-2.196716383241115,-4.953383170476338,-6.131777408122719,8.36523047693663,-2.791644791846463,7.283155741023505,1.4877983550460006,5.163412909729269,0.7122003865431967,3.1864903002216685,0.6058155902482416,-4.789279157852297,5.423160773463804,-3.5514224227845395,-9.851476934428252,3.050356796530304,-6.878405754315043
-0.41222308539046226,1.8239091538808831,-0.6303329663936761,1.6236417505060996,8.544920334188145,-1.8618648727429368,7.719209463794844,9.432055985436454,-4.953028592772981,-8.711199881870341,-8.864275837756535,-8.842665339382098,-9.259260251183495,2.6555114024175364,-8.629836521864103,-2.1024458271367585,7.538088075324409,-10.181556455272768,4.607271710263214,-4.321384090900187,-7.385281661665277,3.861963225694209,4.385248615829355,7.417513380932613,2.4193005019019465,5.662479049520582,-3.904663970026441,-6.064311815653571,4.8356167465821365,5.794476599272459,7.810479955215233,-1.6618757055499365,-2.8982610602232985,5.777509096883396,-2.6926399209193526,9.856214884115936,6.212689935546369,-2.714101607015349,4.443454624705547,4.355264236637339
-8.736461720555633,0.3720783637714728,-7.529323977630488,7.9390676545504855,-7.2033964087528854,3.920495358895164,-2.7803787667617312,-1.1844852168296311,1.1106897705285457,-5.85168487335336,9.318585253282233,4.711885548136937,9.805916054847339,7.493167262584293,0.4728134135217703,6.388010214792654,-6.9693004389623,-5.463678775145977,-9.007480674660071,-3.9336680215855164,-2.7554526204134864,-5.648756012963694,6.143294538478703,-4.985020681248388,-5.117373459720899,0.5429841468138759,-6.571635453314328,6.004013151707431,-7.714064012529025,11.086873837123775,6.503065479757249,-5.555176521937995,-9.877694978347169,5.328440560683123,4.8770909283316595,6.259890743041276,5.767512973369333,-6.60184781689207,-4.356257137175631,-8.836782194276948
7.193865987179202,1.0592431039916004,-3.458278520267614,-7.231952720428671,-4.391438628163474,-3.73705786345411,2.8909830924940385,3.1252115152353066,8.008736536477905,-0.4919991369952428,-7.824942131456109,3.9721378256874447,5.717601206038621,1.1967273498013018,5.7343154706465524,0.09089474474236281,1.5780838747356434,-0.7721855354539536,-9.298755621967906,-6.323749429481731,-8.951147757208753,4.0331709140660275,-3.105937770086828,-1.6705052556374866,9.456164241841188,-4.878979175679832,-1.8442963101881842,5.3923711183505505,-5.769019852124618,-8.233372943035196,-4.796847008067731,-5.501301996185542,8.48036493323041,5.779823748565906,1.7431493144891959,7.697987592902997,6.260548638107382,-5.880174208601777,6.823928082294428,-0.814336360498559
-2.843972955159291,8.610637664956325,3.6847562568787486,2.396768749534193,-4.817102271908125,-7.94764250753022,-8.814108299963252,8.735743470914132,1.9426588436184604,4.613823352170643,-10.65070364223083,9.826504140447534,6.461708551003887,-4.767487790754614,-5.176114604293236,-3.7423461609127098,-3.3355219675956698,0.8209249492269237,-1.166715325580349,-4.52858348884985,2.575541737909281,-7.505524197098192,-3.988646053026023,-1.3551655985182063,-1.8851428809389217,6.843397788989318,-4.68940928949294,0.16662024128115382,-0.2735635217677448,-9.678813732694477,3.4478915845898754,-6.612385588553052,-9.69827037258932,8.47293582383845,10.15326068799574,6.7146805305306,-4.146656715702281,-8.41338213168701,3.2929023811993154,-2.1193603097064755
4.422509016584742,-7.105093987381219,-6.685564377025969,8.29704737586958,3.640707335568453,-10.762212548797088,-6.296878445358018,3.044922821475999,-8.374091580228058,-6.789065569112847,1.3122820098046948,3.8035955972814053,2.507381567240784,-5.784668708933116,5.622695830119284,-7.569182232736467,-4.730971981619483,4.2043563930023815,1.914313188508273,8.494447820299047,4.4099348238600715,1.958203876104047,-8.764308710915685,-1.3106320720171925,-6.284082572361035,-2.9782244922703924,8.775581297871362,-2.40008072850623,7.4115872530475535,1.549665105846581,7.821339194769887,0.8416364928883286,2.753548234606969,-1.3733153956834925,-5.91420241703511,4.97007099456151,-4.113796227633041,-10.674054122438925,3.984945939273994,-6.336236329073866
-0.027808489543705406,3.32143991047029,3.821488405061225,-4.927817635186356,8.48194289449778,4.577327994881076,0.923250219888821,3.1351829008807313,-2.113496449704412,-4.244140173952535,-2.4408412929203647,3.4829262219253305,-9.417622564421576,-10.346305624138777,-9.975170421216932,-8.722347107058349,7.09856857996077,2.3052650816389324,-1.635685185227043,-10.652229900232191,-1.5102457547076371,0.04849876492986338,-7.093395540374843,-1.1530214735139817,-2.0162609305130346,2.3495850315439153,3.725005440465927,-9.296830446730135,-1.5970793344106693,0.03985492134722435,1.1741511284458004,5.839718731656667,2.100932909300579,-7.4459289478626625,-7.504769831159967,1.9590857149816545,-10.125662568403918,0.753823907443486,9.05999962935859,2.253091892405248
-3.9167093177705716,8.236469440607447,3.5293029907622726,3.7254401273643545,-5.943948798003809,-5.608554498281788,-8.116655692592776,6.194471144281474,1.497779968584402,4.650826117148827,-10.810437922975897,10.111195473412273,6.4085274178503004,-6.1280385939840745,-5.652540687654496,-5.887646491445284,-4.276121306628325,1.6544584360090053,-2.4421629547575825,-3.5594815890948976,2.8301591524159737,-7.5196692262731535,-3.830974007053519,-3.923876710511469,0.04542670354762046,5.518617091417283,-6.529247377351846,1.3336979941091218,1.1439476866980907,-10.479453041963605,0.5942678645048627,-5.98350757490853,-9.979397492790692,10.73250492705103,7.230711253607465,7.864403330619259,-3.6967071493299684,-8.143270831742715,3.139741443434188,-0.7978140108559022
-2.633004967247202,3.3222182255215023,2.4551174990535545,1.278472863400026,-8.338791366238283,8.529408873821225,-3.5036849738388365,-3.9289071804772377,-8.832485577813857,1.604181693176621,2.651839260585975,-11.111131995500571,-0.7495811184105368,-6.349690805205231,3.298275828601174,-7.038836790960358,4.005681814603817,-0.9833147116125658,8.646791423099836,-5.170424418613331,-4.354483959334027,-7.881113123563146,7.954559441960278,8.483293673676627,-7.080959076063008,1.7565656315057687,6.237097181573355,2.6553939529987405,0.8188534011574365,-6.514501636255201,-9.335111236572246,9.617304861911487,7.387226344470367,1.7190657730155952,-1.7420316183951254,-2.0047115021597914,5.793173220671584,6.992163318785726,6.216622844287985,5.730677406515182
1.191599018263467,6.3783582360291415,2.852667367504619,-3.4419911048553433,10.601690450820767,2.857900409369571,0.6298058987496924,0.9580293129982429,-2.414275789422365,-3.3433685088302214,-2.656866940550576,5.945745810332556,-9.756029333368668,-8.889099835597218,-8.40183146234624,-7.932848582177776,7.4265858963888025,4.562281549360408,-1.7513248046202796,-7.336453153830744,1.1783313252629957,-0.12597911011723334,-8.332745847676588,0.3126624855347415,-2.9747292056962946,2.704788787934241,3.654849285913794,-8.014301482508117,-4.307804519250421,2.6344155703576644,0.11374678248436249,8.568825011492956,3.6325961747895303,-5.293193797326446,-8.04870745210625,2.774219359565095,-9.275914367629404,3.239108542571728,7.507672992997902,2.415438067638112
-2.201849389075311,2.058175933929224,-1.0892523054476406,0.26848701524503116,8.03092754263672,-0.5731530863599295,10.004354759815255,6.627149856949129,-6.95999070898148,-7.755324953161779,-7.015753128646959,-11.020646182621851,-7.412535936190128,3.9251645844601595,-10.517896995861022,-4.023685112518083,6.761342903038587,-9.486069479916134,4.9687868644586946,-5.125920008716708,-8.25964718621529,3.399067590623262,2.059859488344863,7.416807359626575,5.011057491188133,7.84384433221155,-3.488419795027304,-5.134345734895791,4.531539347793485,5.132771635102351,10.6115281155608,-1.7638574016562307,-1.8293204840147994,4.645958990254894,-2.5353520961720006,8.439897025661404,6.707354052391969,-1.7868752181496455,5.507854773077825,5.8649987980380365
8.100706837580493,-4.42628927870811,-4.885925654215426,-8.68770635488991,2.65052765582176,-9.709624612411773,-0.2279424390015537,1.0373781425965989,-5.962675252048712,1.4102695176738986,-9.031115670772433,-10.040182480520079,6.089473056165215,-2.4044400796776304,-7.386159747819325,1.4917749420208024,5.783541975135696,-6.639429448465154,1.9802628024504687,-8.272754415898364,-7.627950500113804,0.15356700108065346,-0.9198663701958982,3.18916493345532,3.7662284261092314,8.231740269675724,0.3448099788497443,-2.5680028993667774,5.329843355713054,-4.086781087575886,-0.5386579228448451,-7.639075879488052,-10.22525744130945,8.131886235625117,5.734849305285523,4.71045879399643,-1.1535479570437914,-7.491264199283419,-4.738615120234643,-6.0715060032952595
7.65688595342527,8.433241253491744,-3.033200498042616,-8.875778483073521,-4.703768685694628,-1.18259553990651,4.775967740601464,8.638895079400724,-9.702274065757457,-0.18113791452795325,-2.0297696830096377,-7.573065696017771,-7.00935605369498,-2.9858393646817154,8.66411394591729,-2.2574561521332233,-1.0080465841285233,3.463606701535941,-3.5774162071745064,9.156846674647662,9.316415924099445,-4.534340559681362,-0.4020033352574074,-4.859789538819501,-2.6171831626802033,-6.850620861120776,2.3345733514799623,-0.703199902443637,-7.494970843957919,-5.873827821596236,7.830544394628247,-5.9048792380068535,-8.261638108626027,-0.4909690273705088,8.84883700303805,-5.146240105621337,3.469888115790036,4.611060583052371,-5.6177624767458765,4.333478004333481
-2.705412195063913,3.134717923223821,-2.059385255416939,0.04047217875337117,7.146607037129601,-2.9064122264859806,7.991291026287058,8.731069571036961,-6.83333582980438,-8.33615269098011,-7.236533531728035,-8.464221075460483,-8.464565326192462,3.970772967266931,-8.233725530231915,-2.348396012602593,7.681064298473036,-8.231216296496772,4.624718193498102,-5.027175514603853,-6.6048866133429485,4.515445144180838,2.4538113898751495,7.075390387181046,5.490105420706645,4.090041536257848,-3.5671173632611355,-6.360520858364729,4.523455515224903,6.639135687248426,9.42405375772835,-1.7186277270456003,-2.605884085034694,6.2727891388234,-3.02474737375638,6.70602686095802,5.776161234357015,-2.5042856556985607,5.473966022608529,5.647709903216401
-7.766219892202792,-1.1274870729219033,-8.48987910679988,7.349427687136056,-4.272436108667834,2.9063476588173076,-3.8802508500106434,0.5491163309563448,0.17238091520674426,-6.092543775948572,10.922027119645584,4.724561681389577,9.961788974557628,9.39464464204076,1.1418445871936584,6.982430095371782,-7.928189058789845,-6.627750274383969,-7.226851002626237,-3.4585858442348805,-3.0286536142455387,-5.720178875533794,7.664655142129419,-3.4361174402124006,-4.337481006791957,1.8097244082774506,-7.665773852435577,5.998010786340634,-8.525555536227104,10.421063243526438,6.035639721443474,-6.245800100571381,-9.825908596031434,5.937449557573194,2.6595344700328987,4.8377442182178765,7.317598694551982,-9.402826106009256,-3.6037151387172504,-8.553346581141147
8.069891235190417,-2.977347312818407,-1.8208454484877639,-7.906368310058857,1.0063203414742568,-8.652345383956899,-0.66715247435172,0.4053155152619781,-3.5788143328564006,2.4676990696622148,-9.175228509618218,-7.535917071021155,7.778837947963451,-1.7943299777209398,-4.8924241741535575,0.2984017990983713,4.935070732656123,-4.823216350759778,2.2051752183857234,-8.281122984476818,-9.952285542378151,1.233752089076087,-0.6583048133354799,2.6521598088047624,4.506470936937474,9.08100274683086,-1.4312077926375941,-5.305501634949531,5.157551488702273,-4.044304645996451,-0.9316467244453339,-8.447307731985823,-10.377573617708327,9.59410051481961,4.9205731322052,1.5229346395019827,-2.064012662929608,-7.080164978680114,-5.85808784893082,-4.8371582589352595
8.36978961349432,3.0325646849438836,-2.7377290028388157,-8.582357382626208,-3.2570297829581674,-4.296923901813164,4.282613680834051,2.9431536640729394,8.021770710408422,-0.23551364183914064,-7.746450363250344,3.8874723433295695,8.373472255382246,2.132331224322324,5.832491075043843,-0.35729657091857914,0.0034377606960050433,-1.5799802265559635,-9.198788621531413,-9.722607004196993,-10.94080588164,2.091325836336651,-3.5057409416948975,-0.06785932385779508,9.629450704621343,-6.496552204018269,-2.5436870088907764,6.631114511852075,-5.2929173654924035,-7.575559220622982,-2.1537239984551757,-7.469378672821734,8.494638709059428,5.889980690357468,0.7134821257251942,7.118814999998387,6.954503725362956,-5.728009280467043,8.470263139187566,0.4113358576735145
5.844880455665876,7.012173972636825,-2.4027795250840063,-6.486753515844933,-6.325405890191088,-1.6116293926210659,6.216872101990932,7.181955761386557,-9.796662510788604,1.1618075131974954,-2.398997245511164,-6.404190782098055,-6.366072911183368,-3.710341313808739,7.595158724673318,-4.021071301684765,0.045759699623321604,5.615341905629321,-1.8025817400373831,10.583162271051457,10.06891954118901,-4.0181104118774025,-0.7431120087326082,-4.181035959018091,-5.293105425474197,-9.472749083446379,2.875391670532678,0.188163749389477,-7.658944156039919,-5.56848650749499,8.665556070031315,-6.45706498852987,-7.007926089001896,0.5293886281077396,9.498506515387795,-4.607767965683036,2.482978613284638,3.5687023283779675,-4.690219497664204,6.308337206312924
-3.1268495184871004,8.698213272171271,5.255649985999243,3.177054121109548,-7.019073466832269,-7.3302988581273585,-8.837799797779413,7.924729664427818,0.5784454187306338,1.8652706027836707,-10.138846963575535,8.177484617325728,6.140712618361125,-5.900998105251948,-6.816749064881001,-4.879442268460578,-3.5884103762069257,0.7956029922555856,-0.7388924831142832,-5.31425031381993,3.2761696818678585,-7.285887073494623,-3.4866264120544246,-3.7446203671663216,-2.4323590816753446,6.521408885885301,-5.630114830735289,-0.6173627860852778,0.9786282959661554,-7.945556961185275,0.9614851451614386,-4.946844572998207,-9.599588874942278,9.61610267067505,8.984022185742203,6.771134393411565,-4.4518386186467795,-8.209350625944616,3.7255797056388587,-2.199137580989446
8.038611710159921,-3.0039620490102696,-3.3280585043164663,-8.616438375540197,1.6923476860742956,-10.007898267031736,-0.41658684307418953,0.23876672592495296,-3.2691749313570684,3.379350161951151,-9.68745917587627,-8.332777464045607,6.239706671616567,-3.732618368516085,-7.884507487517467,0.5304349418523004,3.612913397545145,-5.057922688617641,2.5438303653163685,-7.292506742655485,-8.358228022856487,0.7470409485268479,0.45686749685266703,4.27145975166712,6.691699361289263,9.177892184190881,1.3683004397264569,-4.247620200140383,5.316037941685012,-4.969599926257015,-0.5358888982809283,-9.50578566749374,-7.943020904686615,10.190840550931533,7.3811176156729985,3.6256694558712717,-0.9914535218578618,-9.45147645988615,-6.430357783085779,-4.835019969045348
6.158309954909554,2.7255581832501123,-2.608162329504194,-7.887791717317907,-3.2059672145528797,-3.993703092605322,5.306673328224786,3.0602038652085506,7.878196734478544,-1.167394618462812,-8.104991208575495,4.338782680584453,7.65557543932345,1.5267864314813153,4.808155096840935,-0.9564775176816279,-0.03711002501632121,0.7281138147200577,-9.89087411106406,-6.9353009255236255,-9.747344531736672,2.989392766555237,-2.921135104464744,-0.4004890265158677,7.510217824369089,-3.355285722567171,-0.8077486443916093,5.901695089551701,-4.636760397044637,-8.000826315113075,-2.187195128549574,-6.7316659530427545,9.17121541405238,4.711494662694326,1.8431144436172289,6.2283928039193155,7.34750512149844,-8.821138974300034,7.448869947046834,-2.2068617643476087
-7.173265210535548,-1.2731067416746493,-8.384138966704551,6.415926903799565,-5.402513826715305,2.992437150882031,-4.40200219086371,-0.16370004999497623,2.805280069173707,-7.153794978528357,11.832914277763086,5.939783246953343,8.882033968595774,8.372787361940642,4.487927325473654,7.443891696530887,-9.350567877898,-6.835208948189017,-9.063311074824679,-5.219164509547286,-2.2041149668917512,-2.8794722311084104,6.726157573663366,-3.157618925103491,-4.999470254936012,1.7524333677165342,-8.007348273742794,7.890335535680043,-6.575627378690227,9.994489530672134,5.433380297856503,-4.995026561074992,-8.794759155300627,5.5032368380372665,3.6105917438156414,3.2577959261364517,5.834471872052972,-7.8524790818613015,-4.18061106697582,-8.137817714313565
-2.0571906337990358,3.5602137518957724,-0.09861532275758755,1.3218565481816682,8.40265993207388,-1.290003489875368,10.2176312432928,7.952734533024672,-6.867732108255133,-9.340677321694836,-6.619622257119255,-8.684885102050579,-8.131180567601461,3.46096226080614,-10.344413791651098,-3.704888498502866,5.706391064834916,-9.375561808791725,7.474616898540158,-5.343356057504442,-7.398116687178841,4.932523069292938,2.7991523308699304,7.025457308690802,4.711807281349829,7.026867319924847,-4.096730688676429,-6.4545797069658875,6.168438159028794,6.651612655295704,8.60720041106352,-1.1162337997894753,-1.61007952936207,4.290942827752448,-5.452668690806265,7.573213843292944,7.065755349176623,-0.4103311074516989,4.126469321646819,5.645977748348114
-1.2960999230735668,9.156003041838225,6.959208376209796,2.366487523335104,-6.687578074661238,-7.189226057478448,-8.704786851853727,7.17105307911816,2.7304089115527663,5.118153872715493,-10.3742995745919,8.066964089682108,4.812647442905139,-5.245226459521933,-7.466867262031862,-8.484800395883806,-3.5265765362782813,2.988128150077548,-1.3671705386975785,-3.3369264215875196,2.3188872529951547,-7.309012440150306,-3.2380305463078685,-2.963037678314817,-0.6112080015873775,6.025217034056286,-6.6746148104758545,1.2767311178087555,1.6733316205454412,-9.82673690509289,2.68740688159917,-7.487985508045207,-8.670786982925282,8.968591748422464,10.398536227322765,6.642645195209174,-3.9327515752777304,-7.228791420672034,5.074868079260451,-0.6391398188561108
2.3839653331810284,-8.245149849912368,-5.393114097453486,8.163867848265884,2.6568695256664667,-10.113701503663904,-8.049058767055698,3.2211581486415213,-9.605462087058601,-7.079806544698288,2.3146756728079323,3.4647377153517223,1.3319840548466442,-2.7718172064187843,3.916215736006965,-3.941848462972651,-2.087215194854887,5.875042414610865,2.794630761346892,7.271153029757902,1.8777476367019397,3.3563198405277075,-8.97831064162082,-2.899584901552205,-4.59696615932524,-5.227646887255289,8.803337812755517,-0.7437064546101035,8.791210387030548,2.944819724270951,5.496673014836218,1.1170177339483125,1.0736090597496162,1.420745716715094,-5.9839193285556815,5.678823832202822,-4.498373077366467,-9.44214748932998,4.134866979602023,-4.263861260054576
-3.713324859560598,5.057737540286024,-1.3464152594497654,1.961596451287642,9.030462568096334,-2.0361517429653446,8.057737350632026,8.950453698202912,-6.035530172299671,-8.1426342938123,-8.075154295296585,-9.50552042405238,-8.9983123791132,3.5072443914964135,-8.996116239114766,-4.326058591880889,7.032031959084003,-9.171174329464966,6.540141661508564,-4.465165299368467,-7.22559439253662,4.1769075192647875,2.676384140092658,7.715591290510017,5.884423865845652,4.86454504629432,-4.677904718391764,-6.1130345157826715,3.4295591303345017,7.519279268671351,10.064920715737948,-0.7907446973477303,-1.439876405589453,5.940712143750589,-5.416522900383693,8.762840733801506,7.380141950388836,-2.506986208071038,3.22774789907713,5.552526784495
10.309908069716226,8.267638315412926,9.26602237783076,-2.980916913101911,-9.828376413853428,7.472382045803145,-3.129389887485123,9.301534668241104,8.316417625673811,7.988002787919239,-4.392100402128407,-1.9894552090116213,8.39025918425257,-5.1468550786565554,-7.334762454827837,1.3169088737328534,9.03562029903888,5.024093434771785,2.2683765308278963,-7.959536498853891,2.6035492045806508,10.132152893075755,-8.668032059943275,0.2102175699197737,7.7959346565561995,5.273923213869195,3.015951379841201,2.780883767213295,-3.044709568122977,-2.160797003618639,5.367975596841603,7.3761961409384265,8.926186014647195,8.310277577362621,-0.45299995743469423,0.5431454574022175,6.160893871434999,2.1401746353649944,3.3805347187822914,6.369433240867351
-0.9226447334797938,2.3720706229858535,2.8432986317948483,1.9600426722582287,-10.53917686843304,6.194356039873048,-3.971515974145088,-6.605939837453559,-9.357983759618675,3.2649936622096813,4.224746112572872,-8.710208152814047,0.2889814377965438,-6.869457542186742,0.8237587730429907,-8.0420791431318,4.178520466215339,-2.233523361291617,8.524436127178683,-7.618158023820271,-1.166951403552083,-8.553433166164693,9.421691821687315,7.548700003640612,-4.902106957482885,4.376318469300324,7.806974386715763,0.8644667751044088,1.3922142863622713,-4.799062819840913,-8.130507505072101,8.148570101723559,7.32035232842177,2.3559297521342746,-3.8000394587786923,-2.1144317913178625,4.4239124618637256,6.644491174436505,7.018291262139258,2.398246271940298
7.589134341738888,-3.20227163505758,-4.22052710533784,-8.643010091322628,1.585372010960708,-8.739994887767262,1.1583568680617016,1.6588410828905522,-3.8080197568008964,3.0881400036605924,-9.693817447762246,-7.699108061380858,7.571284003255283,-3.2420649624172038,-5.534834571229014,0.891800516002766,7.592840038033955,-5.380397195779831,1.8958796568693688,-9.060587343478046,-9.322109031360785,0.05579768933329332,2.0840909891608237,2.71962378541388,2.907804001890821,9.730045905122381,0.4515200091341922,-4.009478162344092,6.171315917358344,-4.6274644078874125,-0.5868062185107115,-7.855893434471461,-9.128082275291778,7.954112389788438,8.838619138386429,2.3634984185416497,-1.9496502885296936,-7.628546949931888,-6.474920984918153,-4.856736311900786
2.3524951990273286,-7.497779492893753,-6.517027020828419,8.797212404364538,4.015747254863047,-10.993022172726732,-6.832658967874774,2.939671919667484,-8.963418503800893,-6.825059715018145,3.1016803262247183,3.967990890115602,2.398710965696031,-5.094739187997036,4.567527207668987,-4.116921155953551,-3.04395323820972,7.404892741529786,2.881253845542022,6.884848260103086,2.5483717959538126,1.4518404050636085,-7.895445522355195,-2.3644734088554515,-4.628764970871492,-5.730028349145627,8.578545966966557,-2.513219231500348,8.982468763777382,3.979572205436737,5.819261534392533,-0.8888411043635829,1.4569040822103907,1.9420193116473579,-5.096172408722489,4.999784996762654,-3.421867834130315,-7.973114060029611,1.7565797165962371,-6.849826280556144
8.439069154302208,1.1534952331026085,-2.84565028409944,-10.399980159074875,-4.618715445687563,-4.708990692088372,5.374066102213199,2.685739193508869,7.730751606933554,-1.6624344844904646,-7.907808577166855,3.5014304411507875,5.599155987192165,0.23445281605831148,6.749137964296296,-1.7996685223362796,-0.35186324481667974,0.2280208771370884,-9.92675621308013,-9.157050124538323,-9.152344723727646,2.2528159830610663,-4.548750634091772,-0.9244569875046611,10.919703084147802,-5.265707317206637,-3.7179088996202836,6.604732529866507,-4.81296578505698,-9.226868234443929,-5.138090030410781,-6.10210145876168,8.347034719362005,4.236429772843238,4.455315094813138,6.995221341538399,7.569013274464717,-4.990163864313569,6.850170425316742,1.8200347026761619
8.00035692951816,-2.1012706231979847,-1.2674826265533767,-6.7854867804613495,0.9173220440712776,-9.489116531958363,-1.2997417120803125,1.7479891568928148,-3.936285728070571,2.885810075393453,-8.27725619816178,-10.98029571595462,7.802781343747039,-1.8453262140090245,-7.828014630147802,0.7946579676257163,5.2762014903895125,-5.067523771431961,2.0864131356751283,-7.814123458955533,-8.899060271968494,0.19489872786765422,1.0028386771041886,5.455067603452889,3.8362900446275483,9.267097997989122,-0.34210543360912493,-4.1040869267026645,6.719498248759431,-3.8674725151224476,-1.2264350892085876,-7.40457578788557,-8.69954183619654,9.090634107532289,5.185737668449912,4.749267129822963,-1.6512764907126283,-6.511890134882493,-7.337307166587994,-4.250493087591778
-2.6606800896409433,2.7662883352781766,-1.4633654797755828,1.3999925187808455,10.46422543246818,-1.503613028365937,10.617202125157402,6.704188056014983,-6.7598864064872135,-8.047538149698676,-6.476145797568025,-8.985123060062431,-9.137364870255295,3.2254781335082567,-8.24282259420728,-3.7851469157555213,6.09873376167072,-9.824815728627913,6.274933633019138,-5.44782581000958,-6.65219437503014,3.4951284847239728,2.506280709286885,8.584492974265045,4.576422209971761,7.049977436138559,-5.388509409490597,-6.018253209789261,5.851617388531121,5.306826786866232,9.631733247647063,-1.9053220464020506,-2.34999906699463,6.003060832179704,-4.095135393561954,8.555091653769978,8.759573210434818,-0.36624266087482993,5.811265201073784,4.898077883759014
4.4009997405906365,-7.440066080721174,-6.178142285150128,7.46413508028196,2.4238109342972316,-10.72910815166414,-7.594787008994584,3.7100860428546887,-11.859613464543816,-6.74510036245832,1.389550686420828,3.754194096714842,3.397274028908582,-6.8563360541451175,3.467720121390458,-4.220080086900066,-3.4914343711688685,5.269707083675391,2.4461368202357154,7.003962233160416,0.8502456658716682,2.2121840051301978,-6.318571804485679,-3.71070148802597,-5.6362848338750595,-4.679327234180846,10.934090385555658,-2.1401428240477367,6.611613082729764,2.4141552833073847,4.866293990521176,-0.6161044307649347,1.234036593373865,-1.0789707118643488,-6.873045968213675,4.52357630545235,-4.169516939045654,-10.937661005191892,3.305827640652694,-6.839720274990419
2.301940241617628,-8.708227017864578,-5.350885367114581,7.9684056829834535,1.160618353730003,-10.773842324570374,-8.221453322261727,3.5078933161891226,-9.414788161109435,-6.659680367802812,0.13280243641463407,3.4139626542930817,3.773133071916636,-6.660705771241899,3.7778310338732544,-4.657555392182646,-2.6167246101794692,4.736912731269101,2.5814511703734784,5.662350268439819,3.677897768733961,2.6849517518562207,-5.561350584838458,-2.2592377552932827,-4.746832298009472,-6.040017745569235,7.5813541813057626,-1.9610862569249585,10.19127022369657,3.8935847496021707,7.012790339946767,0.29834467916175733,1.897600852807504,-2.573393441900699,-5.332629663275113,3.869701735654291,-5.086280097778771,-9.836937624419532,2.552441428692342,-7.1754220038306835
2.939145144165446,-7.4245362811634745,-5.297781831449301,7.794054314626769,2.3359070273854408,-10.117904861820163,-8.783174903154963,2.3170671228287105,-9.055617950479133,-6.575211691164379,2.821278859412776,4.809955966777755,2.308012200515644,-4.674271630562033,3.9385088878484615,-4.038158540934997,-3.9783399140576656,3.877402142117811,2.1969029038828847,6.239803307468645,2.3120060813882026,0.7935637911043247,-7.269812773112912,-0.8496397305451449,-6.026142161918995,-3.8566940895851793,8.982507379074484,-1.7901629754625579,6.18678507296897,3.1468075372901136,3.8909136740169057,0.36667693441400717,1.795333739556518,0.041361510672745794,-6.830050394672039,4.99856897965975,-3.993471241766167,-9.723633455012044,3.5812962253185505,-6.5533905584245264
7.948708908898988,-0.2263035802512876,-3.119459320994553,-7.299696976225928,2.0888352721328576,-9.959793516732745,0.11762976583013207,0.6885717572207292,-3.393931739857593,3.7776278348019297,-9.239196110584912,-9.534161454084163,7.50356739700358,-1.3995340058404002,-8.342047286354354,-0.008091888441987882,6.075294333813479,-5.815611460477856,1.5034775033932177,-7.752355872229245,-8.294875860921072,0.29270687546598406,0.8740511975333666,2.172024961018013,3.4265892485412577,9.019976982622506,0.39993931619981254,-5.015959762644377,5.479710964121914,-4.495524844165777,-0.02591167576241049,-8.743464727955212,-10.738887481800072,9.043308280860774,6.1530331061540275,4.471662676931324,-2.1588464380768326,-9.244680220162355,-3.179634645380474,-4.852778745117164
3.3871378766941684,-9.419100673087737,-6.408878004228497,8.00574520259877,1.8248930035149615,-8.6434550089244,-8.874317860590013,3.544937495243337,-8.44410403169058,-7.490460727606326,0.6777898046394238,6.183208517325692,3.5136162552080688,-6.020811287431421,5.046209187029195,-5.823111801655024,-5.056921960974717,6.302192047625653,1.8895987168132797,9.436180834880851,2.6629254705446614,3.499436748271287,-9.495175711958208,-1.6201903525450763,-4.196226373380841,-4.282460906863177,10.428233801725172,-2.6357906489459637,6.532087261539269,2.57185478960604,6.1192563284181025,-0.419102759051663,1.8156316626870435,0.1799794075520188,-7.005166690582976,4.844013586920572,-4.65176477487753,-10.213661571574296,3.69682105636735,-7.234777623552565
2.14294177903955,-9.370445860232895,-7.316801486714452,9.214275789686441,0.7355995755166085,-10.457759998089925,-6.759811403061767,3.7642116715848686,-9.719640509296669,-7.432285107066276,1.0051806018321507,3.3000748854005635,2.1798390589812606,-6.594671286090544,5.0276800233232155,-5.315424382280134,-3.1774922930119494,5.081501288161887,3.4335768087526537,6.729749419897667,2.6706003949522925,0.5508917373183091,-9.540473776845264,-3.767717109434246,-5.061370367465712,-6.723246616853807,8.077925190912882,-1.0959056140296144,8.06511058839606,2.170935791741737,8.167800529737528,-1.595507856609187,2.513688968989004,-0.2611122064021376,-5.310093221126298,4.557996022500913,-6.2567978134281415,-9.418220203812096,3.2450017727829548,-8.649771710383435
3.133231368826585,-8.391806089217779,-6.803336121746154,6.9415191783144135,1.271446482757258,-10.011240640581985,-7.699296112570064,4.218185393963226,-9.80620770590419,-5.43106479589578,2.5798738025412478,4.6331711663360675,4.264206598107896,-6.505327332176898,3.0943854922626546,-4.737044873773833,-4.833215848681693,4.63945625834455,3.7638498862740333,8.397841134568766,2.8980421957188014,0.7162277714017411,-7.806043021926567,-3.7192273823352187,-4.869231294658918,-5.12820718069461,9.432227102378118,-2.0495420328469103,7.006416247970126,1.895779527326841,5.149109809800348,-1.5673524770912153,1.8799080143732878,0.7450113280692834,-5.298830161185574,4.186545444769352,-5.195557990646772,-8.769366029008236,3.5483689405179084,-6.240365769422725
4.034615196264599,-6.88657630310063,-7.00397229774866,8.126801090072027,3.112943662773827,-11.145552539860326,-7.565821637363854,2.4421425147953064,-10.070593367752345,-7.242862222144343,1.4100339143798704,4.388207627862954,3.9303038674494086,-5.166414982324356,4.4152381969196135,-3.4009944496253968,-5.016365107011823,6.625437962489723,2.7028360720758973,7.555359796251865,2.826598165413266,0.6636304371578055,-7.641927450643921,-1.6035556301968859,-4.2229446913980855,-5.662322919101211,13.071561157864581,-0.9394718357985397,8.77427340774952,2.2698082892030538,5.271060282543929,-0.22709721373909753,2.619484236919665,-1.1402504606985495,-7.163344075493427,4.988589838591125,-4.065356306540764,-10.28399420926182,1.818242339728132,-5.019889418490589
6.915964245731856,3.3156073192578104,-5.294890856294845,-6.951538226249073,-3.2965124406602944,-3.5386654551252716,5.498957713134207,1.2993146819358279,7.079553946375517,-0.6767769291515675,-6.242554710801788,4.218399163333341,5.665755643523095,0.6359649554537974,5.906185668058711,1.5531515202622717,1.4501832793139957,-1.5306356206068872,-8.816126617852627,-7.264654505526699,-8.86482861456804,3.840161586136017,-2.6084026746359994,0.04425522641917201,8.793208539999629,-5.397250338182294,-2.715413935602984,4.841529015156987,-5.500314841907134,-10.121982792602132,-3.3446383823079184,-9.54289967752231,11.308769986337783,7.664286725084658,2.407066406036156,7.438638164318129,6.376413411569573,-6.857759210268226,8.043799117386493,0.6428448606113529
7.539117501963317,-3.9930187320716186,-1.6883885174849793,-8.591564242962521,3.7665266374948483,-9.063257134168106,0.4939568168724242,-0.16171813265183443,-4.257452808348447,2.432838309750439,-10.423295243040812,-9.232693513205135,7.503870245393703,-3.1236371796982274,-8.31054225153493,2.2478246565686053,4.228125760325918,-5.52768882168155,1.749533178043198,-9.229884938982192,-8.224708493924586,0.4215567197004215,1.2185888976218275,0.49345230883893754,5.02494645641529,8.796445677434358,-1.5528449851343629,-1.656130986387905,6.5047374218687,-4.356077562078918,0.028847263852587846,-8.183303091766145,-10.291599141834455,9.078000683076127,6.041236197052066,3.419131229049251,-3.0786447775738446,-7.504134174383404,-5.976673613909603,-4.663066597904846
5.818139595019644,2.4852534169251013,-3.4043480418594476,-8.385278417239592,-1.9051281772033675,-3.391819523389238,5.190295717096075,1.775616491489631,8.512192515043068,-1.0820923618716916,-7.536694248652873,4.156047119390737,6.24867520725198,-0.08443260298507438,3.136104964476181,-0.33752076980010964,0.9231878445450057,-1.2969102570215079,-8.259413227704185,-7.404798785954243,-9.935264618125176,0.40278807113592796,-3.950192612668684,1.1993728255518543,7.759281695854744,-4.985835153344737,-1.3709812849806977,4.095730396611158,-4.800800793528733,-6.823280013422435,-4.3777842936180456,-7.904638676752214,8.527352019829486,3.9380234826794704,3.004978394185086,7.881486181402935,7.749077831827853,-6.462593614845908,8.259665307946026,-0.07444326407288715
-4.008213583511152,8.922441363863367,4.552443507450921,2.521489311495231,-5.930032619786782,-6.939524774548441,-6.982824441841747,7.547757660033995,1.675873728857276,2.549884196818081,-9.85096963440012,9.061810097828749,7.609157612289906,-5.290734162367623,-7.542869777490605,-6.159655416520287,-3.243623969080192,2.02315999203259,-0.47359565974362583,-3.4145705417276835,2.2971438890627534,-6.821810781535714,-2.9076021285894784,-4.005540531605815,-1.2280396428762366,4.930950479104032,-5.627371238106681,1.5149109439230202,1.251317090519776,-11.461296113069483,1.7386762930042963,-5.676043794236763,-8.16133823734453,9.405896992877242,9.032647359616707,4.888916226109435,-3.3924302949081193,-8.880839529906947,5.868757263623594,-0.6264429168534571
-2.7695122659097984,4.7172879144047,0.9299147787305111,0.1933634952694222,-9.741483150158754,5.4966274578929255,-4.41260440622458,-5.954320165232324,-8.917670997824334,1.1385685441372313,1.3234876795090673,-8.190550548410725,-0.04390355005073615,-6.58637466634238,3.178386589259085,-6.308226249376997,3.4960782970493547,-2.116762058347747,7.579569934326671,-6.489668273903652,-4.1755400737517,-8.33609923049165,9.142674181722832,8.750746032629852,-3.255392877650549,4.255479159150152,6.020371820222536,-0.43701683711121575,1.9980671527230227,-3.79225819308599,-8.809920797235511,8.865504196891093,7.6761833493358695,4.163306028977088,-3.734268841429768,-1.0371572201982788,5.305234125003033,9.73975004373753,7.277931215652467,6.00254052159667
-2.6106873870794045,3.028038281874599,1.9525611330456205,0.115771835563789,-8.342627246071034,5.576161823882009,-3.629085102005473,-6.658375085674416,-9.65454235405959,2.1383652763634746,1.7306277436463453,-9.897333524826031,2.559214931600481,-6.556194182366866,4.188956304673411,-6.458015298987472,3.2157969531679016,-3.5859347335190583,8.874281740019923,-5.796184011265458,-3.5678841241915937,-7.811490999924992,9.504243215761589,7.887657858965899,-6.413443225421466,3.2985681365387634,7.856678914689916,1.0670750455217488,-2.1484778623572476,-4.7747391903998935,-8.33640108342605,6.115220745145317,6.329153053212824,3.637136288754168,-3.951786924621066,-3.9233048884827744,4.483475016473119,7.298002200731604,7.8417771130800915,5.394790887715806
-2.3810166406263464,2.5206616482518096,0.2413490951433388,1.7261587183422349,9.107915037392402,-3.329714791496995,8.853577682002424,7.05492857188654,-4.923809482496931,-10.187501340869295,-6.390068784287013,-8.34791060956981,-9.029669675516457,3.2436512046872776,-9.288657435229673,-3.1902535964263548,8.309954446076414,-8.348941968944326,5.8564391783632255,-3.1080974367875402,-6.464881413105604,3.745909398529119,2.5693984576747617,9.09115435518783,5.759782756324071,7.294402592206206,-1.7739244365237679,-5.903942108093172,5.337959753727957,7.494632246670941,11.797923751480473,-2.3590403922873318,-2.761496805330964,4.5096885942928475,-2.841179220528476,9.504405115895368,6.219377752225667,-0.2863239322779636,4.564094443259109,4.556066727862587
-2.847493711948717,2.956303128700293,3.2144008691060124,-0.18412497605061995,-8.808395017037327,5.0531153494118,-2.5446364109605017,-6.611248258773231,-8.718175519721429,3.240117372341164,3.771157379219595,-9.781213897391945,0.43578264286955415,-5.406890892191014,4.149620806066943,-6.201833022361381,3.2743537424704074,-1.2174440170995016,9.965084131093041,-8.587911743900598,-1.6458890942267244,-7.365817801979733,8.777142315717855,8.553411699216133,-5.408143836701167,4.153845434874504,5.967668534286463,-0.3709344477210912,-0.40474471198680495,-4.5959323490877395,-9.083412983876674,9.554391282256184,9.197644596706251,3.9954683114983243,-3.094625599348574,-2.757946890451823,3.3254017231605104,8.937988709209034,8.121561940339431,6.164816542444736
-2.5262878789251615,1.4291540350280694,2.4174457151749498,-0.4880732147336626,-6.603263240357729,6.045718648984644,-3.091915215820661,-6.7403029369850955,-9.799884478667234,-0.09239531751621399,4.149461839836216,-8.369062168813693,-0.6741064153795316,-7.015313611039912,3.7067718509268266,-8.158912769006422,5.038287697997578,-3.169688196943872,7.6313070319100635,-7.001118695948843,-4.2168122640062675,-8.437640656481427,8.847854298242263,5.117674730452972,-3.1987481997685654,3.2433210531493177,5.05147799162079,0.08677086270240553,1.5846579453809313,-4.561901246916863,-6.751163986596804,7.261572314262299,8.30494498041741,3.0885970572490367,-2.524136678773749,-1.8885273843147128,3.801849671560441,7.828034931291062,7.131578739722201,5.544899043796101
-0.740976306913083,3.9798163622804243,4.276046632332367,-3.167770347912452,7.217920907532403,5.424017814408836,-1.0977169515996463,2.6935954795196304,-1.2086394385475456,-6.769360239492395,-1.880500283843081,6.900758110578301,-9.774610558407359,-7.537547314884711,-7.600830956578039,-10.311755987708578,6.008134222597253,3.2337736836812727,-0.4794413139425027,-8.00890094271749,-0.7209727729436071,-0.8310449958462252,-7.075530836750449,-1.8147670266211513,-2.7984267723311174,1.5565622225701448,0.7009291824252752,-9.317594898937095,-4.463327029687845,3.2677574329921484,-0.49719267254340627,7.010387245050117,2.8006629996269443,-6.985425233719633,-7.325250236394686,1.4968891521990306,-11.093090711510047,1.834883952133229,8.308725104759832,1.869107478861526
6.241184562280219,7.522129507633872,-6.551734445279989,-9.243602762514879,-4.666360642052692,0.5613550252363901,7.26297346114911,7.538244137639845,-9.882289771007272,1.8976089661994293,0.49645926493322046,-6.144686470109581,-9.602679213636634,-5.345884035198642,10.180075070410187,-3.582999900359282,0.5590543453260409,2.269728184946843,-3.4805968652025867,9.140160840518432,9.456784282206293,-5.362946122406476,-1.0923560804536327,-4.76700079626713,-3.0948668265034147,-9.017476433305845,2.8034434865534887,-0.8452933463000994,-11.924248460400838,-4.950175022152267,7.298747164907578,-4.859749918032473,-3.816378844493696,0.48422122316951655,12.448969241595503,-4.5901248744305425,2.8128247105448567,5.580308384695234,-3.4666105206742985,6.39388956855843
-3.188772358543636,3.5873272225184163,-1.6616833360223202,2.013663597952397,8.730020787926712,-1.5034571471574592,9.623670160849159,9.166257673116794,-7.019353900242595,-7.70715079755005,-9.84702862568073,-9.59243672485532,-8.657062717184447,2.2555940843321007,-9.469749155788762,-4.261143120404108,6.700954537285224,-10.059410937132675,6.369395625318372,-5.193062820120571,-8.113561148568209,3.645677242242151,2.7609531579284363,8.398287552378621,5.555083883143094,6.307102599499135,-3.9290555319682716,-6.139342208560069,4.697652856953621,7.03727778796316,8.895621747529704,-3.795791930075316,-3.601127670898692,6.931380029944223,-3.479362333437322,8.889275518255062,6.894305020290034,-0.8584541236732761,5.088134021836325,5.0222654724613935
0.11957134563509653,4.008945993633053,3.7602183929885173,-3.5108519718462063,8.822994303239044,3.319247919103179,-0.12521608339416757,2.5208026234277896,-0.6206716219337494,-3.927904958392732,-2.7124538515639864,6.124221775468805,-7.7997810098128815,-6.488199477125383,-8.157909258160574,-9.991981136712882,8.071831300648148,4.534389665489221,0.13412221011364334,-6.782210508035458,0.19087535070483747,-0.6331109150501499,-7.6058284094606154,-1.6194833328858647,-1.8170530448898465,2.594621301226858,2.9457493160231993,-8.134409944798067,-1.6423830072534544,2.4551100728281297,-0.7845369358541944,7.513154760544016,5.420210179994355,-6.420068683092362,-8.884549004364624,3.384221716593473,-8.87403753040629,2.3001622258750407,10.177485023544852,1.8955765144710504
-3.439957864465516,1.8103003487378018,-1.5832561683359245,0.7161893555659639,8.787985112422662,-2.437918269719396,9.1095663154078,9.988258437042344,-5.2349272176209,-7.424557225948455,-7.520175980887487,-9.563160814652758,-7.701182545267219,3.8859556409425773,-7.7682488221838675,-4.595627860773208,7.622253314005517,-9.367502616506181,4.482282614129578,-4.277182817900909,-8.94292124845606,3.3997456338969623,2.4196662758427383,6.042338401699387,4.6476796931714945,6.138086684767479,-3.604234816776985,-6.904974474689749,5.286770037136657,6.04128203623147,9.391832103811824,-3.41822375691184,-2.671238591473834,6.272771712242439,-4.11764598552476,8.39736265077302,7.097767710432603,-0.31767882071787046,5.047529179685988,5.378944857006737
0.528216464103177,1.2084536608326912,2.0215983634485344,-3.6860605273807385,10.058331421838616,3.6159337986023496,0.7624765011536375,2.2600210798150386,-0.529888612602091,-3.5162853434598613,-2.7274641717517456,4.89630555370515,-11.155823836105517,-7.570477955300615,-7.00502465807468,-7.895231403683279,7.28406997647905,4.376534996300585,-1.2050397797055517,-8.400452415756492,-0.0200833220790044,-0.37993024407024417,-5.525212668896636,-0.36088408249924364,-1.5093385318414483,1.317855782845041,1.7404576961710727,-9.981811274843697,-2.2722274182639137,0.4908772595285851,0.05645009913713203,8.53843954022058,3.8406986670595407,-7.09203906931719,-9.286880465741184,3.6541008489029947,-9.16371842311529,1.4690791728865245,8.21557394959301,1.585866547204854
10.202036376809662,11.55233069716431,7.0344375642605375,-2.449520780922667,-9.545341791215677,8.552173181989845,-2.521141604619215,8.415898935230842,9.512805153701175,6.1148390360399665,-3.951750186441278,-2.5439952125070997,7.164391333458419,-4.614860367308881,-6.452675823943614,0.2550726656904132,8.883791091872538,5.259992055938617,1.662207251803369,-7.734599742201572,3.1173510514809437,8.397518657612002,-5.479398121546508,-0.6889969453376348,8.427122435928045,5.562282342340411,3.0381484584005998,5.058567816508948,-2.3123642091915877,-2.2381844703078753,6.380601860911566,6.093724562061019,6.82668384368387,6.521455779778254,-0.09137958753240283,-0.24557250051488483,6.227961761892938,1.5761755046728374,3.8003253339671885,6.492104780744135
-2.0488420448929623,2.8323690717728556,3.731636074401475,1.0003795812104872,-8.135600659386116,7.834956507661983,-2.3156181121514416,-7.656189850783913,-10.001103356044306,1.7122659044761586,3.649724860770233,-9.894226624795126,0.6760683438475059,-4.4739797067241405,4.626165518909726,-5.9337583961272715,2.96642108359621,-2.41266929918707,8.659247533475133,-6.734940877098976,-2.7905049455608877,-5.680132924076709,8.032359230316349,7.931537601386422,-2.486456047952796,2.6144740237799784,6.489592700194673,0.15913573086523158,0.6750984667475608,-5.9431713301286075,-7.0911437403906685,8.09163401809793,7.072963883284315,3.502596843257031,-3.0397381401543986,-2.062989730523327,3.3714509494570395,8.311029611300205,8.515070179947054,5.17413342691674
6.991029213337926,-4.121005847165882,-3.2536150804873873,-8.795236563099186,2.3418388084063158,-8.707510730928574,-1.896028460161971,-0.21884203221547693,-3.8900530529649395,2.8691675768157365,-8.352853641304886,-10.255945065795943,7.441322645093392,-4.572456806093592,-7.661674163972344,0.9318916437047402,3.3210660489305655,-3.5907225259776747,3.7845046993566207,-7.646046727764051,-9.931393784192768,0.5589890067858266,1.6031226019651519,1.625936462964318,4.341352443215213,10.427425439061674,-1.1685880357491443,-3.2084458301546257,4.148954265752892,-5.527201730337169,-1.7251641915633722,-7.917316760435902,-10.193774234197052,9.378516684887654,6.032374272435885,3.3888673497588084,-0.5702796039284543,-7.684341776825324,-6.112105172631094,-4.9962059221830755
-2.4502134014631527,9.46115862900102,4.297329635370336,2.143633454937303,-7.842359756435882,-7.086720872971993,-8.228111587046788,7.480495876467137,1.4357689653002401,4.385667960211702,-8.873700323447332,7.348255764662408,7.807926880964334,-6.089472525115549,-5.938010722617757,-5.134662879286096,-5.286828838039711,-0.21431236978278934,-1.64964832303339,-4.959170717163589,3.9719944702843986,-8.066894880785956,-4.712653808782504,-2.4683741025231893,-2.0807498417353694,5.307838516104009,-5.689071095582631,-0.04817163611027869,1.7549045183409016,-9.600323858048416,0.6364267288479994,-6.267924314914931,-6.944035068647168,8.996112375850105,9.537904778738737,6.860669717446081,-5.177055113079286,-6.344043061742716,3.8869893266659394,0.43490677388113586
8.260796067423914,7.52085442352211,8.383094904332358,-3.945776339609084,-11.179855172060577,8.545639723738814,-2.200086534841728,9.678405937038162,9.113103939223182,6.453554543124593,-5.815937239337251,-3.1509335537918526,6.206596940286047,-4.886867570389409,-6.939189361520535,-0.011226742007648172,8.559352735924405,4.161007147168116,0.5750534473981206,-7.631061495166045,0.938786662735692,8.688899603688974,-7.311536992894289,1.0536341391633737,8.414860980048374,6.427762977241647,3.56372594508785,3.922180361063881,-3.8428525046228836,-5.381929446701156,6.415795195897797,5.426396394137374,8.573825571619365,6.802425319262037,0.7132011830434533,-0.9754133450730371,5.145455112563419,3.5383906808073338,3.363457109046159,5.40006932120212
-3.9531156501008917,3.63106671487744,1.8872854584928311,1.5007490410667175,-9.343509176301996,7.737465818218768,-3.262563510542513,-7.050987487619861,-8.493140787824196,1.227497171959506,4.300842274290778,-9.942354896823598,-1.4791859596440429,-6.452500736522178,2.4730410995017134,-5.144482396151593,4.7198983925785445,-0.6414316616671099,10.388234990764548,-7.78433192167105,-3.3671598387536594,-8.141809499518757,7.82236176027018,5.70529235828316,-4.85591516371373,1.9141153269724693,6.310272122489991,3.2197870415522316,0.08366647078942069,-4.968180176362899,-7.2312962580727325,8.224606451032441,8.300845331208905,2.2996267117772793,-3.4512821540872185,-3.9758190299346103,5.3651585862941955,6.200713542437446,8.712816823684548,4.193812532407234
3.0695603257885087,-9.78088791026654,-6.460733018494311,7.630460719313409,2.6230476815441723,-11.19988777159201,-6.672405991235454,3.0870008971674254,-9.135245655170802,-5.823963510365138,-0.1827691650342329,4.720161463461941,1.614158414907686,-6.884751553548696,6.207583662939151,-4.143164881267374,-1.4183418613808905,4.559614071752573,3.095086645022303,7.511822956635922,3.1400622794129727,0.620036046013527,-9.022589341318199,-2.4318217059823795,-5.762812488027796,-6.215070624785181,9.853783106203505,-2.233204858150407,8.778137374123952,2.1978611098624157,5.314970120857433,0.4762952581393128,0.7260528179733546,-0.8077738491794069,-6.713594634418524,4.239340198934554,-2.6121162078869817,-10.89046949632808,4.204953500260816,-5.719999655569104
7.818344037198408,9.06261291018725,9.103765034332095,-4.699875511761086,-10.964356685657307,8.231282952531163,-1.4125934070212378,9.274484959271849,10.161694327220767,7.5374003550026,-3.4143873180372264,-3.68792116076586,7.1675572851365175,-3.968702406112391,-5.148073184609383,1.3104208865449034,8.05404154849959,4.7730972094545,1.964521197651946,-8.87807179722511,1.9516548312142208,9.469630542476903,-5.970858602989983,0.5698349211531771,8.274243917119279,4.322100633954006,4.275115111044801,5.3530425826718435,-3.171253740855544,-4.013008310872356,4.8239168533326655,5.4367098036735895,7.0070034796042515,7.203971742177707,1.5488216547406035,-0.8076811264975208,6.752702171452748,3.1861148530867798,4.070189493664531,7.402017033687178
7.666889178331842,10.921958704123606,7.3696526535214595,-2.8652336189660743,-8.983965388795731,9.322912038941912,-0.8640803067091553,8.932807899544303,8.66546791442958,9.59472167795334,-4.150336097108119,-2.4598168126003306,6.309176939398384,-3.4168895478034895,-6.41212226570008,1.1197990404627083,9.104822130003505,5.684133435941813,0.8061706954964,-8.01338638238251,1.6522960814328398,10.095775362910892,-7.766789196643939,-0.15884994415945441,6.087938064503481,4.913167137903763,4.370084441810338,5.910158032934481,-2.3406744944150515,-4.577847238007452,4.827544021884183,4.980980887918139,6.045818032130103,10.142853086578809,0.5146584741451267,-0.5526403255179007,5.006043974182239,2.1431707751613813,3.4300381506476887,7.232108604977173
7.580876857140127,2.4450414991680813,-1.4859162266926695,-10.089667972580607,-4.889809121132975,-1.7836221481887864,4.638084502810214,2.5085663908144693,6.545050526430888,-0.10800523036600179,-7.063655211706504,3.170401383625003,5.07542538678752,0.8900281193568591,5.675320745509992,-1.243338314932829,1.7066040421530388,-0.5333558512314036,-9.854793023850913,-8.058590171772282,-9.507838436542931,1.949899672269105,-4.156309796708502,-0.09885654438055275,9.764197849228987,-4.067537108692064,-0.8576868319507827,5.480948383865364,-6.541363699098786,-8.501892908001519,-3.234482482111259,-8.0338388842872,9.230506253724725,8.485016816551106,3.7298917761982016,8.843240939316344,6.291780288424452,-5.300666873514293,7.133326755445521,1.5827086506542405
-1.2499643832659513,10.16072699859905,3.6664999982010666,2.9803030204138916,-6.5434822281250415,-7.107585853229354,-9.66226324360801,6.604413464049517,4.072112330650102,4.162134374878391,-8.806180112552491,8.607297661572332,5.868999869786797,-4.671232977184535,-7.713076867409519,-6.747123570836595,-3.8811277297370137,0.6065012344848096,-1.5401929121738414,-3.7795974149432383,2.9299136502654015,-6.4754852414998325,-5.142910837963464,-2.956918232054963,0.31616254621765716,6.598166415434145,-7.37938380831387,0.6361686686244342,-0.12993387213396046,-9.024056843539675,4.0486640547747434,-7.537410243523156,-9.533291185785991,9.741740526639525,7.769839146281541,5.5351919324441825,-3.311283478950834,-8.680843567561725,3.448690543032166,-0.4527644148929385
-2.219752249567791,2.324528927445882,1.1269636933442098,1.6829231006492278,-7.285790359825673,7.416823936959954,-3.766344138907702,-5.672573692264375,-8.290735371516892,3.438017548721544,4.539813341493091,-9.604422196409239,-1.0663920894387515,-5.3144261983695,3.1600332040383052,-5.803641644581867,5.172646621372746,-2.3604435860460313,10.835586964547801,-9.008868137120713,-2.7593311065332045,-8.529049967372247,6.586650365882454,7.34501269132046,-6.298340144117844,3.038253022650763,6.379213252118775,2.2225576413251966,-0.9145735676438083,-4.254509016345194,-8.039864193602222,8.97316431267613,7.576609968235481,1.329784558701914,-4.436903505241852,-4.307615961413898,4.996927730325443,9.419127221266242,7.1767769586471255,6.22664621541026
