7.727838577780879,1.0548906100108957,-3.711637180897027,-9.013586373554071,-2.957233539740283,-3.910039195336732,4.156612666885467,2.865775844802886,6.366143594149133,1.3450804433495858
-7.4259397525900495,1.4450065980036089,-7.719135959530382,5.876439441137203,-4.574693206777123,0.037492076564617616,-2.9707466844267456,1.5195298384514233,0.8939613121734074,-6.218929311994704
-8.104147278903795,4.384377497314501,6.070168316694182,0.9829287655967499,3.9169337596787965,-2.172425450521403,0.61697439711538,-2.1146791647574372,-9.648978853981982,-7.512630304981708
-9.28127087683213,9.346961207707695,7.274437409683436,-5.9764893748677865,-6.670746881519719,-4.962815220168473,-4.013876035264919,1.3215509568365236,-1.586451112201885,-2.508753936811638
-7.9087065410218,-1.151647742405769,-9.352075000476418,7.594075836721615,-4.053617220018406,3.92317266483633,-4.68852704177615,0.39905307815774144,1.5727221661139568,-6.478219209653488
3.1248618300264384,-5.811638793889841,-3.3759316930080376,-2.8881514229862426,-0.7374858189536876,4.1785342877162135,-6.140303729354045,-0.5757496997946006,2.542617758390149,-6.498239356355571
0.8380567649360404,-8.776898441230212,-8.523602899639075,9.218198394534427,9.595865620101906,5.209018694614605,-3.233580611412598,-7.330295223403793,2.4295114630379797,-2.662988326656845
-3.185498883622321,-5.297811683885884,6.537872123743836,-2.8862764168011377,-5.463237171548683,1.935481044178021,-6.456714822953922,5.1842229297176665,-8.71735313932127,11.747278382807462
-7.581887822794758,4.412616522461725,4.315003502439292,1.0689814910498128,5.322954768095541,-1.1343164815993365,1.2550737709420747,-1.2266944195526615,-8.678364255199968,-7.354952919848811
-9.436652841938933,8.374441095532035,6.015263300514623,-7.6594544065238575,-6.451873943384384,-4.121220076915559,-3.11022175007692,2.6855456338331805,-0.47870253736770496,-3.1479378526864696
-7.343524749202323,4.0884694309119105,3.548910726268839,2.334583276842774,4.981746919265017,0.4411551397216821,0.4432633389315329,-3.0640780512603043,-8.223074360314142,-6.763587882139479
-7.6540059751095555,-1.7534282535133243,-7.759749203910559,8.432193058956832,-5.987499553050716,1.1829223668812316,-6.0933777111421294,1.1718408602437196,0.3152280184584977,-6.757811557594592
2.952536754932458,-5.94578352506206,-9.560380869480753,9.629878630182352,8.476700885324679,4.557777164335787,-4.274868187579818,-6.923588348286586,4.340621082384511,-1.1985219325811673
8.163159356848075,2.6563701707025382,-3.644973878220572,-7.907817453270648,-1.8675559801042727,-4.054174701682949,4.504391899745047,1.7604639723110118,7.899468395972665,-0.7121008662114305
-3.4741210836328547,9.70033758819676,5.698303323077689,0.21443019751761772,-8.062885703817045,-8.919341771036047,-9.107734591080568,8.041065171294665,3.5246572869602035,4.2355463363406844
3.729000953609231,-9.087161941589471,-5.763565930336051,-3.1610709208376577,-0.686606527037013,7.295744301509048,-6.191790271763164,-0.3235503797923067,2.159681314937277,-8.601395262305644
-7.1683627929644596,4.245613734707668,7.331879508092199,1.80338847975736,5.616733070858697,-0.8622125610367203,0.11236392487602648,0.06094071718692895,-11.976593346917987,-7.785372487707044
-7.9833118964714025,-0.3599612707006351,-9.575934883272186,8.744345823100016,-5.932416761980429,3.2752234335764014,-3.519660748761376,0.7976283401217193,1.1570695830758861,-5.78700465917543
5.250477743626764,-5.0512636301508405,-9.905235616908952,6.91951265498973,5.902854025458906,3.999665180373554,5.7282818343773565,-7.514713404382515,-3.763589062581144,-7.504565981431601
2.466630535521843,-7.934486418762623,-0.779338788006275,-2.15704351495603,-0.9569311645894377,5.188049954776414,-6.48668664002585,0.31482942958740995,1.9602733098621075,-9.527690890293558
-1.8568747446393306,7.437893971214072,6.116419185953998,3.3532610380881835,-7.505189892660799,-6.484306059838538,-8.344297570353271,7.58419668132261,1.4719950810187554,3.4898281879828574
0.602314004407374,-5.794496066984998,-8.603664741140792,9.758719699673819,8.678119338057245,6.813130458810123,-3.0638958420469624,-8.397892655328034,3.7024130764164234,-1.8454717547126265
-7.069199387657917,3.5415040250784964,3.918064974323062,0.42831218748625177,4.198967589820504,-0.7358444315098653,1.050673918084398,-3.2055978632909805,-9.831306477585164,-6.884553229439959
2.281640897047016,-6.048466542192506,-7.713747967485309,7.5793536706064435,10.628887958652461,7.863310456509157,-3.497573048818993,-9.084606301296983,3.3565512418828964,-1.24454737032648
-8.625888672023198,-0.23356232016481848,-9.499733461424405,9.181926618738602,-4.769760926354624,2.4578228567084572,-5.084187928769829,1.2669946083758896,1.5337168280298425,-5.2423510113976395
0.11543072075949379,-4.114119292575943,5.467550809007469,-3.1405645657961054,-4.375839228247011,0.9403202999140833,-5.931512282653039,5.087650702416436,-9.8404994255168,10.340062415015442
-1.7778173704777578,9.604708189449784,4.497732299287556,2.311857001862422,-5.850169709552913,-6.007794213247497,-9.98134706870974,8.143681102254188,1.9576116298316573,4.234325653936424
-3.3696109883367025,8.629730583968497,5.646171645442542,1.3962778144175831,-6.043935079086128,-8.009816447933565,-8.308523578720727,8.765091536156604,-0.44934426526311366,3.364556300450432
1.8453872849435573,-9.092643538426627,-3.665102975192677,-3.803831764061137,-1.8407415438496653,5.703743175856061,-6.101649234386276,-1.1273868380433978,2.0137829413739903,-8.104852084738997
-3.1063748087154295,-5.4217252885864,6.1687615814737775,-1.744038041133344,-3.182400356095603,0.6816657683900834,-6.99844539039115,5.24638172220733,-10.21889557075829,11.52607708547309
9.160633976195871,2.5386030391996193,-3.697595492834627,-6.607282902736534,-3.558066979690845,-0.9528357970816077,3.1758047211965685,2.514010560373117,6.374235604623469,-0.6778247768986845
-9.892654985137902,9.085268076049871,7.26740917298636,-3.767541375419637,-6.239971454016895,-6.548641592087785,-4.174376953813338,0.6195133995524714,-2.189393387506084,-4.055218637293106
10.552785255282913,7.067153241162838,8.062016966553992,7.671275700435177,1.9044034772687988,8.08005085796499,-6.91138898412247,-6.157170452628561,-10.71400188659761,-4.1264072070484765
-2.220028979144932,11.469586268109216,4.0021388519767855,1.4421727289389144,-7.502767717576035,-7.435586712436201,-9.475714883942528,8.512539446606255,3.4428044828540303,3.590705262171433
-2.186223119435082,8.953282156342938,5.140119305664671,1.4395693775015652,-5.658805892338222,-7.756883374487791,-7.126287472618118,5.575886405670442,2.457070299421067,4.636882238447532
-9.972184855414733,9.600477450861105,6.630957839000086,-6.729617835098274,-6.408754957822324,-7.565011107946178,-2.524182782807845,-0.8608417122152066,-1.5568848981262664,-5.21768878408641
2.5270956975014918,-6.8161322147841545,-3.56102553516315,-3.6228677032718153,-2.0967763824665995,6.099838909868136,-6.636756430479245,-1.285786277095738,2.819635661782331,-7.6758898390977475
-0.24118500144481803,-4.4768103229951075,6.963692214255864,-2.540613385381302,-5.193728213253197,0.904742686479275,-7.503758188382849,5.703792023911911,-8.19202798538582,8.822095758775006
9.04014407948679,4.403267239492967,9.574536698672986,6.293778030477699,3.3476081299905287,7.501617498715874,-7.3934965871156555,-6.056116890556628,-8.824638938739643,-4.083436756012077
-2.067342240050054,-5.302397103758928,4.33492315246062,-2.6740383685119866,-5.1345497963546425,0.9704600907814129,-7.303846552743456,6.307230863152599,-6.947117005748524,9.191555719283224
1.6323390278121117,-6.580564420893327,-5.042433461513697,-3.4454000237792664,-2.899602636535524,5.8734639389117556,-6.167429295109405,-0.9036959024678384,2.0420900910079416,-8.043921444955906
-7.141673701386016,4.23690656867906,6.225234039065424,1.655962934459495,8.374876699967652,0.16732984813300772,1.692321087105957,-0.5670974952953984,-11.541515746351527,-8.578959739053069
4.810059034383352,-5.392182413678974,-9.469978359829447,4.757332819565884,3.7500105189355644,4.0798881526359905,7.380102217436161,-8.22679378501657,-3.9081238481450824,-8.459416732099056
-8.917039977378597,10.144220996222703,6.0213128132643625,-7.806704335090366,-6.002744901194153,-6.259621455806454,-3.3593291132341183,0.2686011602619192,-1.791527325958401,-2.166944185057462
-10.873909228136723,7.782350572273054,7.021501002488491,-5.586724659319352,-4.820764288578212,-6.088434725794554,-4.319312300288548,0.49692350552286435,-1.243392208696727,-5.8471784693673285
-1.659118290635197,9.431966880437722,4.747323210568994,2.3605411645737218,-6.556441708693065,-5.596292733422385,-7.543342171819054,7.86774326783905,2.8681031074271037,4.675514108345685
10.266683740659149,5.03255819387857,8.49394314203943,8.430660416764761,0.4476698068074012,7.348967478928335,-9.21992496683117,-7.876659116442591,-8.010514447601759,-5.48152519892638
-9.474001361024703,9.4000005495963,5.559510178296329,-4.644773184711584,-6.068305287699151,-5.937028312928746,-4.7216647698348275,0.03590823465551668,-1.5372338248684636,-5.709541889488013
-7.697071185180402,3.7724470977574187,3.8145458796004377,2.7866512469650324,5.449738334877281,1.446012570039777,-0.6621475384443505,-1.9098760149556249,-9.489536190212247,-6.394680544673976
-8.017024655963443,0.2421123923070524,-7.5289996859511135,7.623603710277751,-5.451877852380815,3.1182839347243165,-3.7363457777917874,2.288911773812063,2.500026180959706,-5.682035473582712
1.3786439671455708,-6.980695689889891,-9.222653672971305,9.709383071687578,9.659423216085383,6.864704825043523,-5.068061472632738,-6.6148082356312425,3.257680158736375,-2.296966767282636
4.041468721146015,-7.444002390272531,-4.527804944511819,-2.060351481210791,-0.32778748047577566,5.501573159107254,-7.25655001242041,0.5903899590220096,2.399727915416395,-8.345170597561248
6.680188693742118,2.2885275267878757,-4.836462086041495,-7.6880801367682325,-3.8773313729539343,-3.441673588330304,3.7591933513661124,2.4737647212446445,7.866714627853799,-1.1689587232380259
6.7247778218600835,2.869978426667566,-4.084154322546353,-9.644442748063227,-4.571768621167277,-3.7687429385640714,2.211431978995554,2.0049904144430606,8.697008063203445,-0.23182291635447588
3.7954419063283718,-7.889344724177263,-4.057981236819477,-2.6334073791319708,-0.6147118213092587,4.248904479283112,-5.895687978140583,-1.1417751431515126,2.206625448437771,-11.199640870118564
-3.599596700495596,10.425218507944592,4.541290703943839,1.9920193068855796,-6.171412767894713,-6.646893462012445,-7.885191122722765,7.610647080700527,1.4098628602237377,4.5229550811270105
7.9530555390554225,5.629763432197378,8.20820812628847,9.536492957306892,1.3882077140886513,9.956477788210918,-8.827605029772837,-5.309166946282966,-8.84350860342654,-3.6316660512490144
6.602132774290409,3.217629099169078,-4.391155439700017,-10.027460946124766,-4.565556276266585,-2.612938453440883,4.931282129426013,0.9679075231075982,8.341528538827728,-0.6042095762831515
8.725194975622266,-5.4116150103317615,-8.473245667834158,6.744598072595171,1.5017037912492062,3.796578329203523,4.739823993032607,-8.909242242881819,-2.471117128861118,-7.181286085083041
-8.215605516123984,4.096962765743536,6.33174735853909,1.9750502206309615,5.502260988842417,0.01782433614131676,1.5103574080362026,-0.1457993606854584,-10.992355346836874,-7.61514174035042
-2.1689886565098395,-4.393737785071368,6.337938308249264,-4.240789068045381,-2.754588754005803,0.8320875869901991,-6.998018987802104,8.122083674475274,-9.192272389622168,10.393224056724451
-11.206110727899288,9.778975114604938,5.831444681594096,-5.431926315677089,-8.767169256958518,-4.939453861448256,-3.2428617327688434,-1.0053479165182444,-2.839876751003971,-2.5031512919416334
1.6111702398769965,-6.447112659626038,-9.201075965124108,9.287886572249505,10.426875008233791,6.844977432130028,-3.0267112693673845,-6.960639308365602,3.9674886903618405,-1.355591151251074
-8.561163295276469,3.1906829518137454,6.422274370368353,1.757914786282,4.699789884228298,-1.1084796331641744,-0.46075015351196624,-2.1689063938684408,-8.338959253022987,-7.9522614338113735
4.501104294911606,-6.374828986447791,-9.702326580662659,6.6645974245676465,4.20258897162356,3.979031213770159,6.485365198393248,-9.046673370215451,-1.5761726837525583,-9.041998700287072
-8.143508684380365,4.23882497488231,7.829188527272398,0.9843073384187534,3.8805495425752,-0.18146870130544895,2.127586143097891,-0.39246503328754234,-10.471308484319028,-7.426776746420498
-4.018192798671605,-5.408687172902854,8.326571964062799,-2.567456730862866,-5.104940802562965,0.8197481835095063,-7.7420745571913585,5.951519035253209,-7.765118407371623,9.406640742103306
-6.933734172779649,4.723950738927322,4.127476867086981,2.1806245734727168,5.77102211119269,-1.5971735088179422,-0.029023992896123285,-2.6622612953530975,-10.917824748661891,-6.9888472157742285
-7.249314255211724,4.067428968866974,4.652502047253752,3.2555538962334256,6.7275207866719375,-2.1469116207035865,0.17356920612136034,-0.8182567801228569,-8.16071075010619,-8.26214821823144
-2.5822891415598224,-3.050157642819095,8.744622869874622,-3.2040828711880254,-3.339016332549834,0.14717200419966725,-7.769201454193808,5.657694663582296,-7.824304438798235,8.662825437671287
3.509846989295882,-7.117848415364594,-8.28244459557924,9.175079207301357,10.440643287692694,7.32819509415884,-3.714673813574472,-9.564508851715573,5.464322417330827,-0.6409626915178341
1.6739211780747074,-5.90267054919045,-8.003222347821767,9.169152792411275,9.319565382534902,5.244517756607829,-6.189386688953164,-9.15840842653635,3.294356381131438,-0.09952743778526618
4.126602139258841,-6.664335946604755,-7.586907460261252,10.649064829159794,10.339832221531601,6.151145646351481,-3.2656168575339732,-9.333936313007667,2.9046173720931856,-1.8016253068398922
-11.220324999110368,8.49324921030182,4.84181142107662,-6.028063087104269,-6.40976187312433,-6.217808310704804,-3.85327178792211,-0.4324246981669707,-1.551340471570901,-5.67286386464491
-1.2454909453980816,8.167970150732586,5.1833582148981945,2.1729801176594457,-6.6156071098176,-5.607756093169179,-8.105835653856207,7.6122465783237265,0.3674127986358795,3.201405260641445
1.7621282875991846,-7.851394969612655,-7.4919978156621605,9.11355249317478,9.451991869390115,5.5346170407989845,-4.5245799496361645,-7.199835381101478,4.669316328380748,-0.41312671946131463
-7.690952385875169,-0.09728498663849816,-10.885772801085864,9.425945786809883,-4.970097767721216,2.2447151367316587,-3.026055991724353,-1.7784207684080355,0.5049313639924149,-5.394599848277618
-9.67100785910235,10.534388417882429,7.007907909488802,-4.418988592261787,-7.060864883774158,-5.1937594719637055,-4.4440715199139005,1.2727246944370294,-2.819858019688379,-3.940281896672973
-10.266644743419445,8.7840535119927,8.17336999712434,-6.19816417732973,-4.762426349693595,-5.440069223336511,-4.069804847370079,-1.3181648393724013,-1.3804179314295209,-4.073787142505736
4.887462447358001,-5.855740827589994,-9.875913275988456,6.341811639596267,5.160279300065395,4.377232718648723,6.33607530677882,-10.996450358255695,-1.7192594722705006,-8.972696901607183
-10.561138006666908,9.360633533873695,7.2186117357126145,-6.077394647475118,-8.561001661120017,-5.0631959083547535,-3.724931918964352,0.11550413596792342,-0.5039412387343968,-2.6507785995564053
7.131734558561666,3.529949765062728,-2.7769680069363307,-8.21560293343625,-2.8011049213867834,-4.8830281239612034,4.05587971595679,5.152563954452582,5.838027759883391,-0.8534940348263929
-1.668463140923201,9.222088635551636,3.3472534890758388,1.4410011208135425,-7.486981624363482,-6.957330638498992,-8.412484098006182,7.741728671386675,0.24628848081577348,5.225392543481765
-7.778659887670012,4.151353258825139,4.38591335459118,3.5272389026702533,3.2589056103428247,1.1165927595000802,1.2547288003491401,-0.6408920279736967,-9.395768930336565,-6.50859288674499
3.0700033372726314,-6.6224278850913505,-2.85877253952022,-3.760241302238534,-2.264526981629527,5.697185087395017,-8.167686460404516,1.5153345724502438,3.069006572736291,-9.504342300684572
2.135926619997812,-7.759979235542794,-8.566039675466909,9.45920606563379,8.77747639432355,7.858399631915061,-4.744830943279498,-7.763081115853339,4.532977749947743,-1.2742396253573556
-9.557833700163322,8.500944037078629,5.9959026601763545,-6.303007146072511,-6.678766989774243,-6.06385937534157,-3.199980750681187,0.4440099396293796,-1.3449748392572127,-4.032110891039157
7.431822817462942,2.2930193755391546,-3.161501010301954,-8.175561456291458,-4.074718737208571,-4.233626787514426,2.5857209356974584,3.5218031436717654,7.823020114607017,-0.7318778771726291
10.735227208899634,7.182743116561757,8.286479760425824,8.67647735316451,3.3877893962271175,8.838866091242714,-6.945072369964799,-6.116204404955396,-8.701140078018442,-4.115002611196915
-8.214452397059253,5.180632756469011,4.003758746061098,1.5413153892220388,4.983813919164057,-0.0031584299624964896,0.9409297800489455,-2.5948419558115727,-11.162549477770972,-8.773824245221242
3.1726223067888393,-6.251943792815156,-9.10206043004842,9.06533590023663,9.784737352546284,6.3071703607928375,-3.757040387680673,-8.815607827459027,3.2516842650009217,1.0615106709466713
-2.7578887492362973,10.621631704218315,5.130853787866353,2.7080474699905492,-6.216745922483858,-5.706635735790622,-8.657306197932304,6.026690967542857,2.4219881866168174,3.51009466212908
2.354897419106458,-5.912367552120877,-8.901411314477745,7.85020649798017,10.618417239778708,7.176938439260869,-4.148778831126551,-7.772621982940984,4.925599717627944,-0.35059869900195295
-9.055394490954376,3.3211294622597354,5.1169954575236005,-0.37806483658619494,4.9331754966743695,0.5147549500420283,-0.7707609245993043,-0.6528808716073286,-10.29779107149972,-7.57052222340862
2.6903319365807654,-7.708314707660602,-1.4667920220069433,-3.2421243262170343,-1.3137936478570738,4.828743003605905,-4.7286478357908335,-0.08808702619252057,1.123377223475353,-8.364036735679502
3.049938570865891,-4.192493608052983,-8.21692834307476,9.701804947572759,8.841810284987405,6.70932633496446,-4.28761582522017,-7.930696961030322,3.8591761917889325,-1.5492549985571435
9.174594492964497,7.125014625985656,8.65631909802136,9.51586908487628,2.5221165026219,8.788654843224066,-8.343424712239765,-5.106386058071175,-8.982462454211245,-4.425524599848244
6.199295815252192,-5.871760556751208,-11.553789714141516,6.432607331549986,2.6445988607068065,3.153155102761884,4.428587045462355,-7.4692957739397725,-2.2854300834330035,-7.360028111614805
-10.385423680308932,9.439121791968809,7.083793854376334,-6.147204467677597,-5.825732465489504,-6.025520320857909,-4.9134619161003,1.0139216500964785,-0.497571384636164,-4.003947878448771
-6.042490505570607,0.5614508338181647,-9.222519008576315,7.526243954962083,-4.845187551890563,4.889742822286916,-2.8971244197751522,0.6050527020326757,1.8581799210331882,-5.75730022610863
2.1434488710812234,-7.200895793963694,-4.7438016180575096,-3.4239303537500447,-1.87717070214172,4.311535941063196,-6.886241718217362,0.11042173380530693,1.9514089596864868,-9.342288308747685
6.550800468420627,2.816896145901805,-4.306802089916471,-8.319256104965316,-3.83384202029124,-4.250151213883393,5.086507500582523,2.859470796458352,8.504575290569791,1.0967518770784783
-2.0563477275530166,-6.091652413525158,5.944555538861648,-3.145689274146287,-5.2336414176865365,1.102374926117734,-5.269867317018646,7.561701207742412,-8.265107264573377,10.517172804035175
4.515144661280757,-7.742846009679759,-10.200886269612214,7.203255622938513,4.911083219256616,3.8280134745790453,5.645652012250601,-7.161507150102101,-4.35075247445978,-7.841454789869935
0.3854710601570033,-6.391574070519164,-4.703945484490419,-3.660621207758407,0.39224530541626756,6.031145445188688,-5.134434161299022,0.11844669595140209,4.527920071140853,-9.67550560615984
-8.943324295116847,-0.8962597354949049,-9.456961976614169,8.540456550163189,-4.563034625886088,4.328318763644442,-3.1291801007031137,0.9761073526817213,1.1356979099988673,-5.016112036763557
-8.176721614184434,-0.04490958034183313,-9.514143177976706,8.407825103299905,-5.439137314965597,3.04962845253799,-3.3718264692178455,-0.4616467144467755,2.023526943493747,-5.117430370447826
1.9272129930835167,-6.424996201499108,-3.313155628776706,-2.956449355053339,0.43774452186023893,2.794858483379769,-7.229274635570981,-0.6309435280862272,1.02857635437346,-8.73472879441415
-6.205623193557658,-0.09615683351230649,-9.251493452114328,7.41886154034549,-5.367061266973728,2.8421090064339567,-2.3228384103738495,0.32948963774544227,-0.3879673697744155,-6.0475565473774555
2.8038182755652477,-6.1414805673690775,-5.2387581255596976,-4.1750283864664475,-0.7215016650154504,5.772199937510811,-6.550434410346063,1.110541438099942,-0.014572209210386156,-9.60576400165785
8.322483630221742,5.972136685214594,9.986505617966667,7.532120156941913,1.3618737971748662,8.023279699304435,-9.338337066900072,-7.3690846472367735,-10.741008674682577,-4.8229143430528865
4.4034059991787915,-4.622565554212265,-10.18499079602563,6.583357575280449,3.8631968603821387,5.141808689646105,5.496119599725292,-8.587698974550445,-2.2169070940641022,-8.148296748116229
-7.960597127822417,4.37288245509883,4.303965293526767,0.8165875941701165,4.83942820962951,-1.4580068829835244,-0.45330793438208394,-1.463886981099801,-9.193044946435787,-8.526105116664207
2.8723034310515465,-8.236365162262063,-3.5468720236016407,-2.198021029286275,-0.50104558282137,5.521478796774617,-4.175780532001544,0.7778844567621112,0.8799555139872909,-8.822686269864061
5.446174566302657,-4.611897848538124,-10.842621986736948,5.180364134090984,3.537674433307789,4.917609747905858,6.649114824077458,-8.605615873008162,-4.276564175066559,-8.915701637777456
-5.089956126218445,3.0827449243254326,3.3529408129392517,1.8146614949760456,6.406056236114683,-1.3997824576665292,-0.8200722316581648,-1.1048133458187173,-7.777134646017805,-8.718780210223878
7.636107355601171,2.784533058922081,-4.106258069043203,-7.702416818286405,-2.0743102564329767,-3.447335591599682,4.8942612098739335,1.6462148063900583,8.481444376900289,-0.09152727983355097
1.4664399443222509,-5.689482690942119,-4.471708476737685,-1.1425775103296052,-1.5207274894908838,3.6769414512608374,-5.604326531920455,0.5332338733912197,1.8826851725484328,-9.713224224044035
-6.62738296924218,3.3457821532573813,4.145486184580873,3.6219451411140935,4.7212658499459845,0.254565397392512,2.086121554432789,-1.8926855903770272,-9.851739905448747,-6.915707373486118
9.24709101716899,4.183497865510092,8.975375919660296,7.964644495756068,2.9260198509448463,9.294741237124066,-7.6786319504920275,-5.686087058836083,-9.16870833554158,-2.8838374157389097
-8.319726878436482,9.889609799595412,5.425632585946506,-4.3285900543572335,-4.812255389430258,-5.449623310332108,-4.6767430058454655,0.1891146782873484,-1.2156724097519258,-4.879127595370594
9.12434517289049,0.5884997002664973,-3.3278356229917714,-8.532925499274805,-5.5273132309312185,-2.1722041576743862,3.8516471682558784,2.849604615977448,8.072293149199936,-2.009959454909511
7.789895070259445,2.8273452643526458,-4.319569060945161,-9.622135603926619,-2.8407868017944464,-5.179863562438335,5.150304642481872,2.436673629957088,8.303818458256629,0.4326042305296902
5.570062685876891,-5.609845013642021,-9.966683534982035,5.1126291803849835,1.8184862805153625,4.612723235613731,4.0130438432041355,-8.16892975000432,-2.6819353419303913,-7.558185113450046
-2.1320972291505638,8.985023314513343,5.76592908700027,1.9217759603522457,-8.652659659358152,-5.6181880925619545,-9.74406005749863,6.669756576849883,1.4266389408206837,5.535889649091726
8.022386074320858,3.341851843140078,-4.160313212467517,-10.266826270906993,-3.502466908432751,-2.5719478617042912,3.0112251184168373,2.8199815034539575,8.872590531254481,-0.6721595929309887
-6.739591887736945,2.6851755940607447,5.867444021513288,2.4844617730655445,5.367984334824401,0.6899317128563408,-0.09971510597360955,-1.4109453099825158,-9.764729807405974,-7.382358768967119
-8.728491306381617,4.1682208964943595,5.440214491567257,1.5503094834378253,6.285137165537151,0.6959959164512938,0.48015109400513295,-0.2968004540522644,-8.522832430908798,-6.953789535927083
4.0825613119587025,-7.37102548670925,-10.417486260632309,6.312571021985254,5.145928477349141,5.297865430009967,5.057578762571851,-8.158951660700428,-3.674224668244718,-7.608273053847583
-7.1236104235972375,-0.3505705093729549,-9.147591046245894,8.6604499981373,-6.253256981893097,3.4081399070424503,-4.215901951505672,0.9086604091859679,0.19402366225931467,-6.907612744586541
-10.496812625596142,10.00230449867893,5.031680925962891,-5.406905076209591,-6.993549087206329,-7.066071669052338,-5.361653344349933,0.030052686443751198,-0.27659909686675954,-4.2006058795686405
-8.258138185128729,-1.0956336406205907,-8.935134850253288,8.700673633990501,-5.28303276530139,5.185597955344957,-5.512507844727873,0.4595243225284795,0.7156253827776677,-6.853611771456715
7.046206767445201,3.8522539611044833,-5.132081472582328,-8.544271293218193,-4.565819632638247,-2.1598435696306764,4.411396265924004,1.7039948527127247,7.528644813840867,-0.20606723902569996
6.891752259500809,3.9185508113348755,-3.853598497812451,-8.592751645774133,-4.540565641633779,-3.2372930819773504,5.172738001201335,4.434044936296082,6.806905961553923,-2.003575701056226
-2.52771075904514,8.725627489278184,4.962597396566191,1.145938740388409,-6.360280676910098,-5.347370680273369,-8.947087905092868,7.725234637597644,2.712444226575288,3.760231084035073
4.891935952792581,-6.6843497165273655,-10.593383674060494,5.256756875965585,4.404944542239655,5.475125333159747,4.702417715085101,-10.362232750699963,-3.857800026722971,-8.130904758791457
7.527094938565521,1.2381564128587907,-3.113278820953204,-7.384698841031822,-5.4528622128053055,-4.395967873923873,5.456850985251786,2.2516786856839097,8.159419242576446,-0.13838763431985995
10.182112725054195,4.379994900222477,8.609504600045765,8.806930858363957,0.46340457444865235,8.76990941148279,-9.98491958858279,-7.024189507195749,-9.600046827465334,-2.979837772015934
2.1234760262168013,-8.657504120422253,-2.219012129902497,-3.6142970543939095,-2.2386238919698753,5.490659345103905,-6.967996170343312,0.23297597771196152,2.5360552258026186,-8.075688845070822
-7.350356302631514,4.569520843593785,5.108363831140717,1.177003774416227,3.7668499931460255,-0.9923694466435158,1.3917474157472125,-3.490448426761434,-9.577611677521364,-8.154737344192068
-1.8836896062217146,9.899517611187312,4.0475228805760475,2.0967173798963143,-4.925469757400984,-7.385856297537884,-9.89723534369261,8.805186317961303,3.9848874253949704,4.165147227768756
-5.8526684627721455,2.1368810315310465,5.213423131469183,0.706799424558407,3.5032909589549894,-1.2489164636879966,-0.016454038563981033,-0.9821028458857333,-9.403719103427225,-9.154655407266787
7.332108816097979,-6.794079317089317,-9.653401250540028,7.437717457485832,3.4781310284589946,5.283867568888718,3.59323583285994,-6.760352425907454,-1.8359276676073324,-8.363293806706377
1.963905647927688,-5.865838211724567,-2.7726020666446027,-2.4207291541912888,-2.219860042896018,6.242022384499316,-4.45224191522178,1.6544698702346112,2.582717230050517,-7.648568790314224
-2.576627130893834,-6.498662389080416,6.513416026698148,-3.0690550509418215,-4.8123942827437185,1.5396276896464538,-8.514711069296345,6.05692502994039,-8.719959621017022,9.77556395992205
1.7967322097713994,-8.018386612026088,-4.919688458792685,-1.6289861777244108,-2.530702647352215,4.940896311424753,-4.5597015167212716,0.5286749562698794,2.040213382276963,-6.938845285456344
6.63096846128705,-6.237003302393716,-9.892343106816922,6.624893887175138,3.9590773496475262,3.1941421040685922,5.639536977407848,-8.293650587946734,-3.195850510529997,-7.814933726026708
6.739276347269204,0.9737408071698792,-3.6774846776669015,-8.90339878173887,-2.584712901791657,-4.513064729340741,5.075752074729862,2.8378765564221684,5.851749979350446,-1.2810021962799183
4.357679762643867,-8.276047585944507,-9.783724574453224,9.750842608869892,9.825683584857002,6.944868817089413,-4.481480166936963,-6.0590235588489545,3.802709996932912,-2.4139127020514928
-5.893556222590528,0.6344736363269817,-9.65530550843703,9.387037702555366,-5.957860007050121,4.3270210023238995,-2.8378049407917367,0.25001468890693557,2.073391900216365,-6.750132018953309
6.44179866309148,2.1434410831100594,-3.7809039544279,-9.753564321280988,-3.5213049317548304,-1.3408639115034244,4.096496411652582,4.047923726866707,6.858915135555385,-2.092364602046114
-11.058799665315203,8.135427267541322,5.872977992841951,-5.674253740766392,-7.004581922396343,-5.672855459017904,-2.888260522551331,1.094706173890113,0.25768801250318285,-3.7595905665838183
-7.045245405035066,5.921670113982867,3.042776404379239,-0.6108338359308088,7.147170139180936,-0.7715141301583381,0.5664286595715567,0.30139858925176144,-9.291967233914965,-6.152562692105332
-2.01428466734624,-5.442239743173929,4.874770376414242,-2.937480081401725,-3.3144395596441885,0.5309836561042958,-6.780053001299378,7.470436887799377,-7.107470813174224,10.166554619612128
-2.7395983372585175,8.090052983930017,5.530077247352888,3.0084190186644846,-8.725815053389365,-7.809620453468357,-10.33485701172609,6.673498981091805,1.9388622650738148,2.711806336222379
-7.5608236626733785,3.8761018093238477,4.755743331404722,1.7695045202683546,5.561404305069506,0.6469281181951124,1.0013038664799443,-1.4294595112377642,-9.107407664239101,-8.434703940202875
1.2493315427252503,-7.357711761259652,-10.07175939004082,8.473780065105327,10.624242691215109,5.322013322226253,-4.639357881719828,-7.852635773390786,3.313864096443611,1.0312043081416769
-3.343520668544332,9.77831590977118,3.0970773210184555,1.340414654055693,-6.283186053569517,-7.51439544096535,-9.074297743846982,8.067708625813738,2.443846318400737,4.4282699522163105
-8.420568188556173,8.623152080223646,5.794359353270382,-6.156283654471199,-6.0912639305306,-6.389180213753426,-3.367088216102075,-0.8443607338839016,-2.10348599758842,-4.291414268360695
-7.3923759132117475,-0.8289156737459161,-8.914963242074135,8.972504361680018,-5.771010278211209,2.9491138256762577,-2.2890247483628525,-0.32026176767314884,1.0008753422793781,-8.927322055533343
-2.8723142842083167,7.006829267453312,4.251531897926943,1.6675505728724191,-6.245966166377212,-7.578309267886996,-7.159653083263445,5.411882364846946,3.3334677326668,3.937132585042804
-3.227116513800352,8.78376150301807,5.819604044588812,2.16727731489409,-7.410841485758868,-6.396232942087907,-9.940619906472433,8.004882425941652,2.430907542565943,3.853643084782025
-8.461288975793538,4.655293748804461,5.89701469027144,1.1174679471821851,4.514523214164878,-0.57863924888114,0.13823586630710216,-2.502772147549391,-9.877713620822636,-9.294135546834292
2.2024856689617707,-7.72138224482869,-4.459456595627388,-1.831130878361091,-0.6943830861291871,6.31347061519225,-6.2383928634585954,-0.0573285775325425,0.6948088463522062,-9.441028358168243
-2.4810164656836218,9.005167131554119,5.725774402059679,2.4478679168206847,-6.904654149896414,-6.062343294075659,-7.448120207618697,7.881333221850565,2.0326528547075564,2.8496153235707493
7.256316348415023,2.384106899294091,-3.0264598141766506,-8.544205688202357,-2.541472500176063,-3.5223960544822694,3.9646198983143583,3.68087526360186,8.075238857793039,0.3284459336236276
-3.0433599525808503,-4.29085562590825,7.999562369404861,-5.257418297669332,-4.722558125581147,1.1155576617324587,-8.973564886448155,5.5143282248283265,-7.46448848226277,9.033423583266456
-4.034722793977489,8.322378058317078,4.594292819872604,2.2165091332634237,-7.1208632490076,-6.52805419676165,-10.089867180826454,8.767287519571962,1.9401490564716068,5.2787473875090365
-2.2856859577523636,-2.3458803039863962,7.332493500486445,-1.854400699089859,-3.58404736783354,0.15640805048575257,-6.870683271388587,7.141633876023129,-7.680649658622793,9.932289739378731
9.872748279432965,5.47636026635665,7.405543227377446,7.462473186793568,4.140267385917196,8.64026506326733,-5.929699982243349,-7.524269281492132,-8.344712429125398,-6.027729576541828
5.096468300585261,-5.789353359503844,-10.855728045317614,6.002108990921385,4.153824920417611,3.04052323460741,4.37410958854565,-9.17911150133761,-1.262453696377234,-8.51334395222251
8.780645230495928,1.4887384214438244,-3.265360917535174,-9.157665745917416,-4.338578645174518,-3.1190016839435697,4.173920240456398,4.6031399317561945,5.7696619421405515,0.07546929540109881
-3.155770507295277,7.932738124583927,6.327020471300666,2.8548094408901825,-6.887599832467887,-5.40016545438592,-8.760959448988393,6.462238714170439,3.545424312133833,4.700361599605568
-2.556568325597186,7.432109364852194,3.699479919743748,1.4124087769608717,-8.915847694007207,-6.832616125024304,-9.087399601289052,5.650629014187129,2.426513100141508,4.8773243006118685
10.028852298842168,5.076316649556974,9.339000918405699,8.487613944888036,1.7282837368099342,9.971771675765993,-8.955224895968112,-4.608977048363929,-9.320653650972446,-4.33671973796068
-9.653082373881828,9.491132695922865,6.09892798354409,-6.263281736530559,-6.076228141830561,-5.388194297175279,-4.513434475007093,-0.37363891192815246,-0.7476394614858481,-4.207921089096851
5.564831488111858,-6.5348343038797365,-11.285106852228095,6.6147705103578565,4.8933476876134305,6.599514971872992,5.031857417971534,-8.248925347107736,-1.716281212713269,-6.538085930636588
8.448206376476769,6.579993354500661,7.999550116934315,9.136241538617218,1.9446531114517212,6.439198023924598,-7.499992794930168,-5.270796992116315,-9.552034276277821,-3.8646529631287296
0.6936233798293134,-4.863519524159833,-8.119469402693765,8.713501460072301,9.309163451789251,6.6738113204453775,-2.934387166919166,-8.802533011187334,4.05080705620882,-1.7036543014182115
6.307117550333933,-4.975010064004706,-11.63041734702293,6.0045853550755375,5.130247697563971,3.656511658181782,6.644674510900588,-6.708729350179917,-1.6394311096553866,-7.021028402394191
-3.16801088739003,-6.095919078660903,9.108461012168718,-2.9134659921064627,-2.5579268534920874,2.01885844689176,-7.502680801995155,6.224904252420604,-8.357071344437436,11.581939420942785
-7.5121150312935,-1.4958348439200975,-11.391926612841639,6.657000318344012,-4.4646346638336425,3.282215399777275,-3.975942125767788,0.032783516816079605,2.94592716230834,-7.125814480465933
9.087201101215847,5.557434234209664,10.714016675122531,8.809206146104701,1.4942418814221827,7.492528429682585,-7.227957305158355,-6.613701708837451,-8.878714133924264,-4.8631698739938285
-10.398034949851235,9.585997381282407,5.86167874602144,-5.549858326435709,-5.681757247042846,-5.369406917131222,-5.141334498621929,2.6917746876237114,-0.5936202826035546,-4.177131349708225
-9.524661052587433,9.026418031716398,5.171240409088991,-5.4956169290363475,-4.47130889502492,-7.215628943622386,-4.6881848504119485,-0.3755991389989841,-0.6365078484345627,-3.726931741842721
-3.0340491338280384,-5.2203128171064,6.299765796748675,-2.8982929655181677,-3.7252348407668894,1.1270672242350348,-6.0223123090348425,5.732037641561545,-8.251824182234422,10.081582959789147
5.550042369957711,-5.366459473020635,-9.230258670744709,7.2552265318665405,3.380235465119483,4.099615454671957,4.611849479524662,-7.7523840418245005,-2.112814454707522,-8.955861682019776
-7.998186073603244,-1.3457587235097428,-10.63951361557378,7.009387653552949,-5.030799425440204,3.371441121443141,-3.495954845834599,0.7089133412846639,0.17568232588639265,-5.244507981394284
9.362666149130584,4.499448447358639,8.271168549108902,8.150927488179335,1.3200842378126914,9.108676692189535,-7.518734989756971,-6.0753614476775075,-10.92108930880624,-1.7786084510687536
6.6515548508365265,3.2432686581547485,-2.557255610658677,-7.988890278011185,-3.8214995074597686,-2.2672413016603303,3.657198260544627,2.7608974739856667,7.855657360143259,0.6156714456651882
-6.345155618903572,3.9348700117318716,6.527635821701706,2.343779205964745,4.709483496014629,-1.2321488991623462,0.6200888055080946,-2.6894779393166792,-12.396319238954675,-8.331583752045487
-1.188783613268916,8.139850479858403,5.267485133789933,1.6936622206441985,-7.037932669160934,-7.063963486435156,-9.684000861130123,7.3094239495920315,1.9596520127423542,4.402691804327638
6.445777358976444,2.751709799367265,-3.2224959221678753,-7.420704401426006,-3.4782960583592817,-4.765051608033448,4.046795921035053,3.494213166373065,5.921639257199785,-1.9670603904524577
5.091470844622117,-5.715048870376758,-9.547056156964446,7.581319950618863,4.920704956036289,5.883488349606457,3.760755475438299,-9.183377975390043,-1.7988685948906207,-7.1019169725995805
4.97593216283746,-5.535038325576233,-9.688694102967037,6.1350204227548035,3.8750683000765362,5.751333781592239,4.9935595899018725,-7.17243103848215,-2.6485492351143423,-8.050499626080025
-1.8128101755960349,9.969591336768833,4.728285722519948,3.450699764995994,-8.021316305284776,-7.073769052555665,-9.555150077238816,5.456986298425643,1.9396195490214765,4.039704047537625
5.717127133341074,-5.593572203991478,-10.057671431745671,7.581148564683568,6.0697288854566525,2.2867170822032454,6.240225308710426,-9.413610775169378,-5.423493882984321,-7.165600553033213
-1.8205677407906617,-6.828165085647276,7.077869965000649,-3.585529377944547,-6.260161757410653,2.7386612179521457,-6.58050197401012,6.271217027760393,-7.2595682766647185,9.985308013398882
-7.854268159661332,9.782406264889348,6.7566128714609786,-6.003111522246523,-6.071351813739189,-6.051673856928829,-3.6229863126019195,0.6099737229225103,-0.49230128885213587,-4.15231285003843
6.2052218594555795,2.0631727151826373,-3.9884238259898472,-7.127254240021694,-4.8272911568677594,-2.4589714419816624,4.324385623436459,2.544676473013754,8.145442942137922,-1.9742390488841215
3.68623075466728,-7.453085885964063,-9.481154884296508,9.13403588902211,10.690870508161337,7.221234096281621,-3.0014434963565657,-8.358384772746875,3.357053004151026,-0.8510064572279065
1.862004623694719,-6.574129961752901,-10.777487889184933,8.667858520376168,10.427770913324002,7.577396445431389,-3.188861196991887,-9.38202301332044,4.944062333235261,-0.47294787020795725
-7.907260082892248,4.344472765089509,3.4599115883319307,0.2182860343513382,5.359251921431532,-0.320665059762602,0.30429366013134174,-1.1611667366589487,-11.163300378553629,-7.133511392858511
-8.814752407877137,8.902491096664987,6.522188788660772,-6.3043340264751055,-7.782933852402998,-7.18935223247854,-3.7169378130884256,0.8203881308743391,-1.2125517235650463,-4.477150249997797
0.6062758694213528,-3.7154348282442564,-8.432790275090229,9.089404875173342,8.214714298424141,6.428653124300497,-4.071938400574081,-9.935081132587728,2.614405090228721,-0.40202410753402806
3.5829328976253065,-6.591660394570944,-3.3711329304301767,-2.083931182584218,-0.7116326923251174,7.1641995599894095,-6.617287012564543,0.3913584236392774,2.595350205064973,-10.392200977456174
8.487041246180983,6.4556017279339075,7.974991946973673,8.706283695075046,1.1980855823290883,8.786643084249615,-9.289901173827971,-5.300457397285014,-10.32912587729849,-3.220436055228011
-1.475425374516261,-4.108153724291937,7.748193098381202,-5.136547250106876,-3.5275638486872234,2.829379190322846,-7.803410975463605,5.310209756718291,-7.222668113430781,8.810999392531064
-5.494740913260749,0.5673417809317687,-9.522027738050163,8.884531646982,-5.34594354612723,2.4497679442004525,-2.061648848678938,-0.7409142303640572,0.5800843511882424,-5.996877607125948
-6.864070719953357,-0.08110834601861922,-10.700534086009126,7.665718946056498,-3.943929262571268,2.8177512264713673,-5.986034793051394,0.36995740663171245,-0.15813071108541754,-6.17109315689274
-1.1177502091416467,-6.021853803654842,7.97077773320216,-1.9207734079170593,-2.776962372458612,1.9645019806737052,-7.280563686380425,4.872813051043936,-9.111040026768622,7.976588344812226
10.411647597801501,5.453028077844826,9.474707189920029,8.292592972955191,1.6675839993790582,8.548360499344287,-6.631227844769533,-5.837264456579131,-10.08147524596031,-3.812903811867588
-3.107635203633797,8.047698237213007,4.571755411060148,2.33714031479347,-4.786429258941325,-8.39199301283916,-7.678946713335488,8.296624476513776,1.243207495487475,4.36468751050694
4.063704973759528,-6.792675752548363,-2.9883842350644003,-2.9180706203139684,-0.2558311904317304,6.526876057337446,-7.986118632685334,-0.1287500341042777,2.7979917615187198,-8.79652340996348
9.322558990403119,6.171295037733371,8.617491947109848,7.597220035257091,1.2026587564944766,7.664800077088303,-5.561267200738354,-6.276544411696177,-7.730395900277015,-1.809400047215642
5.953010253110772,-5.868643139195897,-11.022928405127576,5.97718881872659,4.306242149151686,4.686577196103866,4.402274958936888,-7.227894506276626,-5.3242588550322285,-7.932743697262044
-1.901301113336211,9.20089525135468,4.193445221677573,2.1672596768390395,-5.805995441291498,-7.906624892687007,-8.705358082489134,6.62340210055953,3.217346863789018,2.638264651137134
-3.4098690055652305,8.050086056775077,5.719934895367412,2.9159581980808076,-6.392321954106276,-5.808179728064149,-9.717610539047998,7.672118035359683,1.8971258064810115,5.008333659805823
-12.390221683571843,9.832460693161957,5.2222036051980885,-5.2541072796355355,-6.235573453483409,-5.696183276490774,-4.414402755303901,-1.3781114791743947,-1.8114678184143533,-3.7685695608993783
-10.134272041198878,8.048547373019746,8.069037754790385,-5.161103886149559,-7.070169759931128,-5.6123103053064325,-3.9853787613838714,0.20801912778241438,-0.9258880988680829,-4.9169154459518865
-8.844204049406377,-0.6828790762631546,-8.344895213017466,8.328994333671217,-4.0664773339884235,3.4202021166165117,-2.3917219270517993,-0.6061504320770295,2.276665476272303,-5.131914396285192
1.301873605946731,-5.124138098755651,-10.494581360936726,7.748539711548349,7.013185137821289,7.968992158868556,-3.575378245060583,-7.387155930023827,3.985661764161613,-0.6231823640633884
2.51950765850319,-7.934507952081333,-4.742170200692236,-1.4989211137594634,-1.9301478739994415,4.725764826818224,-6.058105614048384,-0.48720160691372205,0.9632627449780511,-8.96591577439175
-9.275487877317104,9.971964153141787,8.046697123039934,-4.562044741494381,-6.9049736623651565,-6.433916083058586,-3.244137335891476,1.5631264107037293,-0.42213015845289303,-4.239295028870508
11.268591830667853,4.501966350880806,8.05255909126837,7.456678046144156,1.4101915226962756,10.37077721427437,-8.760717788649396,-6.468094666143225,-7.479276748614414,-2.9167170731954117
-2.626739858622793,-4.616846181267818,4.4296139389454074,-1.9507204651449093,-6.2567650450588435,-0.7185678609823634,-8.196186284796394,5.946405661311996,-10.131712481583444,8.677346497945516
-2.7034667550312697,8.258494628039958,5.688585962644665,3.6285767970290275,-7.363188674997807,-7.492276510430767,-8.347120091224014,6.965493535751717,1.8829030342009414,4.9011047076455805
-1.8877503462699887,-5.904196161907703,5.706718405528976,-4.27600107379581,-4.135203390470083,1.9702831149992672,-6.833497976692062,6.501772664003042,-8.341028230249702,10.420432242880985
-8.19685214712801,9.185952733399956,6.681626453564217,-5.731995135600219,-7.298094550756459,-6.254324413444933,-2.5183949634107545,0.9400969480209331,-1.3300362007587538,-4.33718447720483
3.859694025762556,-6.444343427672899,-9.40925303598644,8.185693180401413,3.9318652541017127,6.023442419887868,6.212755354568761,-8.285321999064845,-3.8430272127806617,-8.653097353028363
-9.508736579141786,10.157021459403495,7.34517567808876,-5.474417974049016,-6.572169027078454,-6.644578248663681,-3.0572563155179027,1.0486981637125505,-1.6183996277754749,-3.0933048830460206
-8.780749760166717,3.861771342534766,6.412015987642285,1.4993684522917403,5.400463866437787,-0.25450119006944283,1.5345337780030233,-0.4345119430832589,-10.892795852048197,-6.902243304494229
-7.641093049464086,0.016558912524232167,-10.065350528128294,7.618346427206042,-3.446520726181188,5.258401782941961,-2.1735805641736006,-0.9218969332123312,-0.4856519477193797,-7.493620321434619
2.7079267538229708,-6.22228836565117,-3.710732784537101,-3.31299362959418,-2.0136124138453493,6.198016759640594,-5.865045403898132,0.15889614061390278,3.6707547202346404,-10.017791839781378
-1.3510867495526824,9.805948822161257,5.2639986532802565,2.601515193205012,-6.891873963998185,-7.777363964761778,-8.762523198442285,6.646361203986592,2.997419968281927,4.01439417441877
-2.7653773755481303,8.772788682327542,4.578114636367973,2.452611202026796,-6.005110117018748,-7.529874820124213,-10.041528612025155,6.281478503255601,1.5350973136692485,3.8095302381044
-6.941397084225201,-2.0381558452675415,-10.172878709610362,7.09949434665893,-5.77878009130229,3.665983680916643,-2.730213410434371,0.7459909281907271,0.707560963299284,-6.933765928201878
6.210481870537018,-4.882058376751736,-8.435335438474077,6.453875953584845,4.0725391591787945,6.056108055662207,4.724391737041827,-9.69763958570144,-3.169564881683649,-8.13836211883162
8.819823716536519,4.389533215850412,9.462623943330808,8.56381900075181,2.6202718239125105,8.865081019902908,-7.28545108712214,-4.674273471847454,-10.971872069195758,-5.8351908286038014
7.689376470806336,2.4042403897634848,-4.151034620704534,-7.609357553741438,-3.2213041193448957,-1.393363882871336,5.118342830754225,3.3610663178876843,6.278986036129531,-0.24521711723295314
4.914738032880973,-4.9391030259714155,-9.091509503060388,5.896949705769462,3.871185750619401,5.557954902237975,3.569956032495597,-8.96103607521289,-2.2102679454900307,-7.990725580892392
-5.383281141268936,-2.0745259396434363,-8.876106488925842,7.434771770556356,-5.174528539517223,3.854376615759973,-3.21095976337286,-0.2793359956055744,-0.4236184197677011,-5.68076991578882
6.497006619441731,4.14900194696065,-2.8363126272959236,-8.584162620738043,-8.075744549754761,-5.404602964943855,5.319911598700121,3.5331922197106014,7.00200664739711,-0.5280232859752406
0.3787063448829384,-3.9685298043476562,6.592438247956988,-3.400196170638554,-5.03645807499947,0.9045325103371842,-8.11211853216599,6.723590663025541,-9.154629493640922,10.74269424645617
-6.1081255669928005,3.623167451302293,4.939110238665115,1.6887543608190525,4.727291925075151,-1.408398423810408,-0.4833353551897269,-1.6458632638115875,-9.02230212036337,-8.180061926080022
2.9868669623010433,-5.5944999466382805,-8.238179292033008,8.58431830711093,10.209348439859891,5.498580723210468,-2.156315542783676,-8.131228617371987,2.145034836037177,-2.391633593224525
-2.4521844981556655,9.28287840706158,6.1683472626406335,2.481005440230356,-6.341331112101637,-5.807602255966144,-9.203280486178896,6.484313248159697,0.9774910408431421,2.1950949665449073
1.6134906591249525,-5.81489189097902,-8.393008115856572,10.273708415706455,9.888869381086813,5.159465535042905,-5.630770645823818,-7.735296020204817,3.156209532342747,-2.17726387115857
9.734803218722538,6.314339861977511,8.496382876870516,7.22817938382173,2.1908420269583417,8.439317701056817,-7.2266450965451945,-8.708863892015053,-10.014161697937368,-2.931816500818657
4.3615701250201075,-7.330730372459469,-9.307677594188325,6.961075968015031,3.655134958826375,6.012180589377253,5.056387151379509,-8.789087979222334,-2.8667242041089094,-7.925561586149711
-7.816125287029312,-0.49627912884919656,-10.87310728417644,8.847748005717936,-4.9298857351574386,3.7603769284364357,-1.9239004761205403,0.01060865365159902,-1.4038031299259583,-5.821840519978687
5.9814306872595395,-5.611393602579971,-9.538735890505032,6.2121548921343415,4.19014118513797,3.6726435002809894,7.9056111587164075,-8.362107524641003,-2.282173148063737,-7.900530025925748
1.309775670468374,-4.8475949943602314,-8.710735978118043,8.941149802437495,9.864648971806966,6.737248630218604,-7.242617327158417,-8.692915257021685,2.2718719524518605,-0.7966440320531534
-3.4312426270141074,-4.070294304116662,6.043139590409918,-3.2099491864049505,-6.310106358929046,1.8170044453416037,-6.657499288589054,6.752008400392625,-8.12166150600684,8.221781778320082
-10.354355316484352,8.936929992741579,4.396059421277096,-5.4172496129939,-6.636345202198118,-5.361734720363464,-5.013564358771799,-0.12399431560517438,-2.8676248851968005,-5.1797077595334144
-7.528083992396069,3.932850108182606,5.194345684234082,2.441267870673191,5.072721177437755,0.5347128524101548,-0.07376177139803308,-0.4359052983013125,-8.912894493874317,-6.870052004517648
3.1601451868977195,-6.7593523697728966,-4.573422286639665,-2.806078940644272,-1.1976632354439807,4.788865492534543,-6.894487293434428,1.3125726597056422,0.020126449313709882,-7.45363304815499
-3.372587828351548,-5.294735409794413,5.401016784348046,-2.9106781548878646,-5.240529082612329,-0.6667718956398248,-7.567520723085898,4.315355839299843,-7.181794022758442,9.180215670767073
8.774105659044025,1.034147839325721,-2.360003447290768,-10.289089123788324,-5.222884875757133,-3.2961922364854823,3.7438145165308527,3.0234844938660546,9.546299759811516,-0.7107153875246487
-8.603765468753426,5.658731199509305,2.9459532669162796,1.5008413019833917,5.679625072181421,-1.2367176102107447,0.18150471597944529,-1.0736362601634397,-11.269743098920658,-9.121728140145208
-2.827896667353445,-5.477150738514013,6.172167111929081,-3.8773134399558162,-4.780187562460834,2.1848725989877917,-7.952755299754147,6.654820898132783,-7.745563313420381,8.65813741347443
-0.9548982927395029,-3.718871893775367,7.069364284974409,-1.4097905308347696,-5.689784437177709,0.16945946191573324,-8.00241702736084,5.7425516984413365,-7.823086768320289,8.622635279823598
4.027184891740429,-5.625146190707506,-10.89516559312283,5.85423456235176,4.312788146515162,4.543933558744162,6.079625239747687,-7.748407313476582,-1.9850515898319252,-9.026819752637568
-2.50004222512269,-7.136309151418649,6.659449819751492,-4.597494808832925,-4.098889285686008,1.0393811012819152,-7.249477886669564,6.480348282618888,-8.304789657790497,9.444738128679074
7.069521806910366,3.7001095240131203,-4.776780945273328,-8.508328481002785,-5.687715031952053,-2.626303917565753,4.833687847948362,2.1830656485515694,7.326305320291874,-2.0547695679783975
-1.8342964006278135,-4.742608518191236,6.473429498496655,-0.4276288421180445,-3.1472230613301506,1.8755011964844015,-6.650944860027774,5.35242549364062,-8.247505439666863,10.321063032839016
5.349829450069513,-4.473408311709011,-10.025441803594644,7.185252907115784,4.331536715548983,5.501118276976907,6.1508552108056165,-8.922219064719974,-4.674698050772918,-9.356527524041583
-7.692186837829604,8.037362064938806,5.539397260562216,-4.040506375158204,-6.317539719809054,-6.574492839221118,-5.114359465904888,0.9428248990397692,-0.8166397576302229,-5.2699115568740575
-9.13624227582428,9.042222958854053,6.6780433199440035,-5.055243756304379,-7.596040967078268,-7.016401533544121,-3.4578308597224803,2.593350107191504,-1.4991819618191669,-3.584281078115229
-9.988210104193268,8.653029272922536,6.543885108444812,-5.1404270448511875,-6.388994784443187,-6.54906861006818,-3.85678484999135,-0.1087302985921974,-1.7043055540007228,-6.261209634944166
-2.206562157813717,8.260010278178964,4.575740489635109,2.3019320942442123,-6.558269975700997,-6.458188839040662,-7.2246164875773635,7.777057217012683,1.7781435995735269,5.1255387242092665
1.9426743284160135,-7.125863553210692,-9.25301252438249,9.155950488971722,10.713417937686838,6.623915362209811,-4.711255577959679,-5.293328209069115,3.7632337512042633,-1.7741710815900864
5.469979523787394,2.3117245897936227,-2.833041005281478,-7.980459321720285,-2.9665805851034883,-3.2450752984084352,4.2128994167838245,3.252620312280301,7.444541736236315,0.34535489013790144
5.964168883433026,-5.345559194254668,-9.518529779624428,7.184253792380357,3.5340980756080986,4.8434777499746655,6.123573202147483,-7.166150842758816,-2.7868399563624138,-7.896414374794915
-8.924289746174841,1.850794940889686,-9.28423003250107,7.125523785876059,-6.056268922156272,1.9728408630235807,-3.6254155714909375,0.39496810349642913,-0.3017165866436,-6.6593666760453605
6.901997935224927,1.3833678354641057,-3.58917136095006,-7.379473204993708,-4.685224742526859,-3.9252134192387533,3.7286126676186977,3.7075437558299327,8.032108914976197,0.3701787475994682
10.32980191426177,7.467483408882206,8.646440394021774,10.704197791831856,2.170669532391857,9.386649763152693,-8.841212673526677,-4.461028771986413,-8.05374402324661,-2.0219420821667153
-3.8028519189197865,-3.901308499419906,6.931112648031951,-3.640577114316835,-4.0170008972356435,-0.5540385469389313,-3.917225989635737,7.355511001908738,-7.886684448996711,9.813369102687833
-6.816014172483201,2.963818364608077,5.617450596922578,-0.01628542004119593,7.1771251521426,-0.498344110238976,0.8326224367923416,-3.237952255561363,-10.986419680205286,-8.615567930649158
9.251319219679747,4.72712302294689,8.974737478137452,7.115056141317854,2.0324348067307643,8.165178949471924,-8.382373213641433,-4.029402371818996,-9.455939448496444,-5.427826472351903
-1.594054161255382,-5.0038657821379005,7.481202723558386,-2.4662899943315626,-3.5434530279759855,-0.5151701964912474,-7.9918296577020165,7.53241044520397,-6.815849634840528,11.1528514589784
3.3401804914684092,-5.2560783602212044,-8.574189560616997,9.235572362361626,8.11892880724691,7.163730472486712,-3.5278911614955013,-7.479252094580062,5.37297234169602,-1.802913109155483
2.4431932740701936,-7.212234466943986,-4.905178833617304,-2.7470152416192484,-1.1585664484658098,5.816268165937022,-6.754907537523839,-0.9919294319724286,1.807010603848479,-7.355873527421265
-5.612901880248613,3.155284090537392,5.331847043562361,2.141220807500412,3.7863048856827044,0.9401852113052547,2.161192291764096,-0.1652927704856353,-9.05317257809875,-6.302711824667336
6.427123468450079,1.73769788259476,-3.51381987387085,-8.553411172866456,-4.887080656770444,-3.9098400191911065,3.600978153845321,1.715839657099602,8.877814483687416,-1.9476868328534689
5.593496478870199,-6.441655359134488,-9.69939516387077,6.9954011673085015,5.058382667794556,5.250447480112785,5.839392562647908,-9.939320238337721,-3.9119513586604366,-8.506797089297898
-8.267638534562412,2.4197094035250926,7.533847900807881,1.7588575073528998,6.327853432519677,-0.6597486460358575,0.31604431697709146,-1.7930450876356088,-9.427280726156601,-5.996384297704898
2.0687603744747203,-5.602755908771347,-9.14044394560732,9.871058007674812,10.04971133210886,5.869009565309391,-2.51892451291301,-8.402104391063027,5.194207392855769,-0.7628231436670005
6.273881998434172,-7.085719563890162,-8.767076381553446,8.289517602787399,2.686212534267434,4.52983896461216,4.360994081051484,-10.247416929254685,-2.9370070803184243,-7.047451772398858
2.643506524841819,-6.136754938406105,-5.9981016707448145,8.901525075114748,10.248978042320518,5.6969571520652185,-3.117083032644915,-7.107237829639867,4.049086607378485,0.4722968171685269
-9.864645409128169,9.831946729200848,6.864521586942054,-6.105764029171096,-6.804402844468843,-7.448360658115371,-2.927293558402736,0.9543328142442865,-0.4433314293625479,-4.485813332514675
0.19861136956541703,-8.266430917434915,-3.9932356275591814,-2.3431296013183744,-1.7903826033279224,5.962939219123432,-6.630364605520066,0.007729674045066914,2.8730651779058607,-8.162054248711446
1.4326963926849727,-6.984334752873641,-5.438598002164461,-3.421574805149743,-0.21532693439480266,8.305999102734585,-5.528935537279801,-0.6325728739050549,1.4811772071685387,-9.039402739447468
-8.49840515499312,8.827013069155699,6.692681615468864,-4.797415041321996,-6.8477590077888175,-6.377838631671485,-3.931723550631766,1.1784531441608492,-0.7703552916473594,-4.39553092729399
5.078734290554333,-5.136530195639658,-8.986795668242811,4.8324474889535125,5.462444711174523,6.956552553578941,5.070074250687624,-8.645908536981414,-1.5912556348743945,-7.61585135419169
5.338912442019071,-6.877330331580804,-9.661471129188994,4.725033018720145,5.203182330958651,3.6235494741878997,5.579252255396899,-8.197628630010604,-1.6679625094601698,-9.363782167600728
1.4022279839009166,-6.873521359396996,-4.700128975681427,-3.3697045942642627,-0.9531929926673569,6.047116763038489,-7.442876813871966,0.8348172494901119,1.0479980956334731,-9.088919713849844
1.1883982031094442,-6.507487596866055,-8.849316506580676,8.368887582643302,8.136906214824226,6.1264289930611495,-4.31179406678506,-7.358210682834302,4.349766581764617,-0.09615031978525601
9.90879739399865,5.945816453070217,7.218215858056567,7.764984822643732,0.45218017688093726,9.073061903918042,-7.462483402111326,-6.6911216492587915,-9.212213177123955,-5.604833681856959
-0.2046667154107098,-3.6847645663296866,7.299575743623998,-3.698027760429581,-3.1898264485658787,1.6701962513978084,-7.034425918666733,4.327636492208548,-8.528907128882413,11.467669446175725
-2.2861082165148567,-4.551559104497104,6.310429227188248,-3.308347613520361,-5.391900633646172,0.937986474360822,-6.826466893908591,6.454709954273691,-8.444623299537506,10.663909536830328
-4.287785207059267,9.3339379541173,4.13569900522043,1.8916470108390862,-6.531950707612934,-7.367338157389499,-9.514035835797623,7.3576753329867275,0.935054296001373,3.0756264270357234
-8.854203778276702,7.860489234709884,7.213629080322586,-5.068731652881481,-7.243144331409228,-7.152238264063791,-4.138180822075648,0.7771648431069778,-1.5139546189719106,-3.741854735847282
-3.356066568019095,-5.116038499768015,4.956482993988291,-1.0767178261452353,-4.238810058466383,0.05851477283450679,-7.559159662786808,3.5934756318407257,-7.074633901332767,11.074286776224579
6.959216273907771,3.0704561928598038,-5.382500583378402,-11.711374906682908,-3.5162449959802586,-2.491640672730061,2.88112834416427,3.277192646444089,8.93451842510524,-0.5600850386718845
-9.382854427047649,8.622590438637495,5.848517409843132,-6.252205042413589,-4.618639249234494,-3.9270722606773507,-3.6979472032808447,0.03036140873302956,-2.5383260446088958,-3.7068770344930924
-3.4994130891662065,-4.662225429728612,6.381354381877889,-1.828533777087127,-6.401802976776933,-0.20420805476232995,-5.4342646918742314,3.613373491235833,-7.694563154717083,9.037411568983204
1.5761038108134493,-5.309903407076423,-7.249675711890584,8.864540096776603,8.86197248392318,8.427548990071699,-3.186562794448432,-7.790233066903468,5.04820647688275,-0.8950194902049518
-9.266476438309791,2.6463348065954233,-9.639598268639384,9.49957782866699,-3.419609526039903,4.195659999330022,-3.9638056978091827,0.6880452434305591,-0.34030462243933424,-4.312763115671183
2.8047615426711445,-7.940314948864854,-7.836910549747865,8.866191848560874,12.38397736309719,3.9907108934324858,-2.538610248857836,-8.440715816398395,2.0675088158030936,-1.723905268772965
-10.423999119103987,10.495417234846325,7.516040228836174,-6.25057215784857,-5.787049310735565,-7.84046577114418,-3.7301845657360895,0.9478849847214518,0.3462301824015377,-4.94623599876785
7.441521770766773,4.761989230573175,8.494810233318006,7.177133259051787,1.607756241313838,9.736709124808629,-8.771973020232933,-6.421281932173861,-8.355922935105488,-4.912869103337516
-1.6610234103860821,7.781762813429813,5.192178773907624,2.5988006175867326,-7.576399009580845,-6.29808302619122,-8.577885493302455,6.7846810593059645,1.0137455507879676,2.19882586424833
-7.080047772317463,0.6266983148803563,-11.077750866611435,8.966051893937161,-5.180612818127289,1.9276627123534031,-4.719542144083578,-0.86353378489715,-0.3475786082490173,-6.242363069125249
-8.00546866988887,-0.6776113088464979,-8.531598903344138,7.612222973559268,-4.845101371116524,4.629468928050931,-2.5452081858666915,0.7031492543533999,0.6380660070318828,-6.426289799832963
-2.548752776909405,9.695786825570947,4.668197212358563,2.002925823436477,-5.941343385175273,-7.39615432149332,-8.742206979695027,6.861247626793661,1.58780400743186,3.8522794324522693
3.398560942929566,-7.394999543204428,-5.662854829859803,-1.8328185943841384,0.8071014383756909,5.057276903713678,-6.485078623550524,0.8003493983556268,3.4701651250259014,-9.590825891325272
-3.2963200138712794,-4.869535682167407,6.787602450201272,-2.5873141259456856,-4.1374335075820605,1.8134315229260136,-6.316150800287626,5.981851373624198,-9.356249233860533,10.121096668787917
-10.422683726379073,9.163618013620699,7.3371125267808495,-5.205478807696917,-7.069038603136448,-7.177949475558958,-3.2582564344895983,-0.22721877197027218,-1.3011898530781816,-4.051662553514884
1.8890683448520067,-9.462656301742811,-4.346287364454557,-2.828957034223362,-1.1035205465948024,5.076058061384571,-5.789085276106963,0.3508298834212343,1.8234610631142028,-8.65835038415708
5.247592551800819,-8.158873868979365,-9.169507279823828,7.565019592574035,9.437404524368572,4.965255933434354,-4.016475639366204,-9.99665287989108,4.3022811953277875,0.025395131260001813
3.909099667489911,-6.7129048065059695,-5.99674490185794,-3.9376519782288746,-0.8233923066669473,4.773671279467623,-8.974892787068658,1.634235082105976,2.5685153941462575,-8.550014872108273
-8.120374620366285,2.7404148365046748,3.934293290668853,2.1358917314659944,4.815510642301352,1.1197206075054924,0.41740896775087644,-2.8170058600435057,-9.014418562153649,-8.643512603591054
-7.163337196161055,1.2878499552561895,-9.831029620067005,8.918675661503874,-3.7469838691474884,4.465771657556097,-6.025149362043479,-0.1979140547089283,-0.0849650344363111,-6.153322603918773
2.861376029088113,-5.429977306688458,-9.625306387619746,7.336313266320248,3.011520719373941,4.074002269048029,6.325943666699563,-9.578775522776024,-2.5883711716631663,-7.699557392402955
2.4834058473960887,-7.918308948318745,-4.439184086171986,-3.808195443156735,0.3773367243564163,6.278080945396988,-4.882110206861917,1.4976726968216032,1.4340805963133172,-10.015744597608935
3.0531389385615286,-6.033778730787708,-5.429344656527601,-1.959737283693217,-2.825940188321204,5.614183362389227,-4.8944775147296,-0.26682696183074794,0.34136907810283623,-8.924776949222485
9.849426597860878,4.96008055629645,8.89020406085335,8.33870699740475,2.1616784172735186,8.896423655426915,-8.735864820521584,-5.554097707377497,-9.077896384205957,-3.965203906271066
3.6924592321737815,-7.79814130599613,-4.343680282351001,-0.5015702730636709,0.5657430963206647,4.031114702047921,-5.6193760407719,0.28524876061192794,2.6747444880996123,-9.8159705130851
-0.1459088746151469,-4.311667927267051,6.92302445213271,-4.010047769045181,-3.9708875313473166,1.5122536424884343,-6.071205372566881,6.674024139982297,-8.635725354488567,9.568315419147137
1.805759807552176,-6.825551716410211,-7.620118573785446,6.818441809746899,8.813632397061397,4.407310518991718,-4.192820132360925,-8.519058612957226,3.7643545976258497,-1.8018245242171564
-7.595145706742853,-1.126026390001769,-10.169364288130174,7.991226368661065,-4.553127337890368,4.198595698881751,-3.673217861040346,1.7541345993104642,2.539403602075118,-5.507643677007255
-1.478914169020908,9.253075287224835,4.380836690407398,1.7768198348557538,-6.951228450565334,-6.917331829785788,-8.110698212999031,7.375468801306003,2.754940312079755,4.080734975812327
-2.5288354219794313,9.566776082615469,4.863792970292763,3.337310113914576,-6.754402688503363,-7.3095151344012,-8.716030253603726,7.866820944535091,2.07116030518988,4.2020432471247915
3.2700321293616206,-8.520099341334163,-6.440345663910676,-2.8861958312140903,-0.41006905875415645,5.855788603667773,-4.774320119418895,0.722061442451901,1.2844430453809899,-11.396411899739725
-1.7205388182097987,-5.127952080525256,7.158596013121104,-1.8836237086852508,-3.7153102592310168,0.9571901675450509,-7.085912650850691,5.429144528692412,-8.564361450608361,8.713507844775618
-8.36242759823148,0.6761611881934368,-9.381510698024764,7.865562147240546,-6.106070284652649,3.183051433885848,-4.333366833196529,0.6446999888203786,-0.20876161177985786,-6.125004629983258
-2.646646137680442,9.96716067540126,6.252157094216747,3.2880841375247796,-5.239662661779877,-6.137982102204054,-8.762894117734417,5.721557103601535,1.776237746734227,3.3182049606047173
-2.954076719060371,-5.194337739765444,6.393618093059163,-2.788100691121596,-4.408225687041677,0.8519370390269415,-8.80719820798619,8.375989219344904,-8.277006797336574,10.175306077647479
6.893492773765683,2.6609657477101685,-2.7434505005798755,-9.48212394424704,-3.4074496557949705,-2.8843626856068423,3.6593482022999204,2.8142860708828987,7.659406378760867,-0.48185180402007666
2.116414860317755,-7.560008136082166,-4.337914474382863,-3.3874272509671584,-1.2385114092259522,7.734677940933504,-6.919203117528673,0.006032434392923169,1.4608027139711595,-9.318163357844444
-2.7610384738658125,-2.8099776725439987,7.349878709309551,-3.317186236837118,-2.0893504793164057,-0.34301574880667496,-7.994210225321302,5.933425444372868,-10.039994191780899,11.528047896638192
-6.298805903881165,1.5801735428623673,-10.23408825762321,9.124799375635229,-6.347870877303209,3.6753482188660254,-3.8370963687265998,1.6443106265982785,2.106457099850434,-5.733127538955056
-10.872697150156466,10.874076193743852,7.140298326902838,-5.982298817356186,-7.500533539005475,-7.153724631352669,-2.6125647440230138,0.6327905735128033,-1.9116866941583917,-3.665727964814505
4.342097900439478,-6.666627818580828,-10.152243441532596,6.473811664172759,4.2516925777466685,4.55628353141957,5.757792361767008,-9.768901606659071,-2.75750671460973,-6.24815978297906
5.663030620428693,2.405495235335484,-4.5328003699889345,-7.99889890516793,-5.444674257538681,-2.3015886102671197,5.428738463370789,1.6849137074872516,7.649987703773427,-1.410079334956142
-2.635226191052508,-2.766784826175571,6.276657143408629,-2.453284900965269,-6.03950665624812,-0.24851560615349366,-6.248831890882746,7.711968053625684,-8.287576529116059,9.431722472620681
-3.0565309054239607,-5.22837026613732,7.355506185426693,-4.29341459277499,-3.930726824788155,0.13010413551552713,-9.040285056956755,5.063867398167201,-8.481453316725924,11.132906125503162
7.033362361821138,2.5261025288608807,-3.5132073100005106,-8.30313237279886,-5.360106742185732,-3.310073102066868,4.188761717396717,0.8880755321602667,8.865143879215752,-2.6632042634228115
-2.7641748404736055,10.51827911678101,1.9889090278350894,3.0646765358631938,-5.633541998653641,-8.953499825684096,-9.18101535071636,6.952082049502912,0.6147885401463544,3.3836348683300335
-6.479252133470222,-1.2887192067683861,-9.72438613288745,7.434664476888455,-4.863017501548376,2.565764794566986,-5.533859720598395,-0.653777123376146,2.5719606054037047,-6.056182678203186
-7.140154106334055,1.6616632219642273,3.3337326457454166,-0.9281352809786458,5.040049744805224,-1.5217479472384046,2.1443113511568628,-1.4705645991498337,-9.274929012215754,-8.93196357652781
2.4040608161433283,-6.476774779780982,-2.79036029260124,-2.359620110992634,-1.769296400921558,5.7591493516260615,-4.189731120170433,1.6323668537848566,2.7570548553652086,-8.275304725477659
-7.733048815996144,-0.5748285143625342,-9.891587071040831,7.876263046564963,-6.224645596750838,2.2908383748678,-2.905658086226814,0.7031729096320849,2.5684800728421235,-6.60210603965878
-8.498773531007311,11.763604815239859,5.210132714951566,-5.97848042892583,-8.741932315731315,-6.139258270283299,-3.549760898884105,0.4559665172019978,-2.015633198155995,-6.2249317122274865
11.006322389677745,6.079306047201361,8.893747080955782,7.993854825996284,1.4878334966598639,7.933712553886279,-7.328032795650074,-7.044013044064651,-7.480681586227013,-3.6451166376387323
1.5474592035401589,-5.060738690543863,-10.619981279117665,9.633629884725503,8.020337286562736,5.2066954748781535,-5.917457983401304,-8.595612151031187,5.195392181782351,-0.9321258827431951
-11.141345391923771,7.994638413676223,6.565069716119371,-3.4991796775133577,-6.565839562728075,-6.515155046140606,-5.357065496921055,1.4410582179151357,-0.40792337282833135,-3.3863419946392512
-7.656283712272661,5.60584616687019,5.22641100001698,1.0083534011909654,5.629828028464808,-1.2896584079921016,0.6755048724446258,0.24686438330911198,-10.300231819337563,-7.575116309867975
-3.1606156266671985,8.530400294144,4.319531528033782,2.3973356303426483,-6.35679170311577,-7.4538095972145255,-8.862682348896993,9.465793274110567,3.7498434049648868,4.597775225594941
5.775965467940429,1.4398893771772898,-2.6372507195828048,-9.40822442932948,-5.6569152754900935,-4.219024016056305,3.7623525961488293,1.4887836544051631,8.294341565601963,-2.1025141783229775
5.090974498447723,-7.053391835533052,-10.32932070162228,5.6255009106104366,5.829062268061451,3.685647603591959,5.810242229326804,-9.465989284671775,-2.783789392438431,-7.392703407543016
-0.9790024241893989,9.679213290500062,3.7153147218500013,0.37557051434529987,-7.206644508761041,-7.093566372626385,-8.342128569272694,6.788206202931044,2.533799810226037,6.0966055959811385
-10.004540031511524,5.160812442692506,5.209299035841846,2.187958005560118,5.51135659044222,-0.1026128569496999,1.9523600563111396,-1.3308860784605492,-9.96711769939585,-7.930546575826204
0.8788009083251029,-7.302288597780639,-3.190189628220169,-3.3958362390383106,-0.5690446688921291,6.246858824859321,-6.867048224814045,0.21221104867819748,1.6917875470316397,-9.622729597432338
3.6150322283730034,-5.0614164930221115,-3.635891238106912,-4.757094755468966,-1.436830578057065,6.316344549529594,-6.428007353999169,1.55688732252233,2.436448641676715,-9.777467246365841
-2.7990147987636322,-4.605392150906627,7.891448247553457,-3.6940636496585926,-4.828984172208781,0.5464893177156532,-4.0234420743191235,6.652182277587962,-7.3769187873567414,10.505864443888731
-8.199749527460403,0.3234128250171714,-8.988286796977363,9.32450513568609,-4.376347569394736,5.725510326248943,-3.877182613614053,0.30174047377574253,0.33031953681253867,-6.217242551135282
2.0920242029191676,-7.331811472646432,-3.7490109707256924,-3.576056244905275,0.05554112657441401,6.136971669559753,-6.326356620960885,1.8855967601611479,3.4047074128126167,-8.138096390406236
8.10521650029012,2.4593829500591022,-2.9442724152783337,-7.918418327744914,-3.7905432658968974,-4.704839847867271,4.891592884877088,3.7533711083126042,8.337436233668337,-0.4963976598741271
6.573728026183882,3.325355933703727,-2.5084935265296546,-9.93136293908837,-3.47728468968931,-3.167019280913247,3.8839101880581652,3.1081474201338137,6.16380315183533,-1.4825933497316477
4.1882297473157895,-6.048246485592477,-11.5075187155731,5.476274551006265,4.839096048691789,4.149514759029612,6.167817072487378,-8.163223606641434,-2.8952037004545397,-8.712031404220872
-7.240734450106251,1.4662869872784152,-9.79037630040191,7.8817290789819126,-4.650089364473085,3.022127261054471,-5.679784306225268,-0.1787672191427233,1.6215788291030973,-4.865364138556812
5.569222394561618,-5.167301671882035,-8.949638130064395,8.641212265165858,4.231436030124109,4.342354426708438,5.987547197596752,-8.702069504385872,-3.415589869397426,-8.608402045363858
5.991128577721485,-4.941427082513814,-10.273825826820516,5.195266004271501,3.353161553691768,5.544684933956418,7.507158546205587,-7.684653553305473,-4.092824858902899,-6.881965928384568
9.411911916084307,1.8196743282991275,-3.614045111165367,-9.485599214877405,-4.376467177308354,-3.8990275908006753,3.4972379780873224,2.4875373602904585,7.79848724737591,-0.9588514020662187
-6.845806277087281,0.6911675611803584,-10.171770399037745,7.089456244421012,-5.212969614751932,3.233061577536985,-4.00769960534407,-1.4753299077816593,2.655898199000735,-6.576956878375194
-6.066634439827304,2.911583605041267,3.8175906528982946,2.390763414344019,6.4208275711979015,-0.7410155351317604,-2.7823371054569876,-1.3682925136192208,-11.009115222648537,-8.669870937430375
2.024755488151448,-6.262846604712002,-9.634403545753116,8.790111923789826,9.805590471958157,5.84252569095639,-2.5987352068034744,-9.557482281689316,4.807431770476479,-0.5357646503919684
-2.8543623285025466,9.503540663274649,5.326232391242635,1.1342770099149957,-6.811788677234333,-8.900036925432083,-7.39638275083412,6.811148674822009,2.0781641747086725,3.8518018419328475
-7.818511277483177,1.467552220437217,-10.011719082746332,8.666937704097602,-5.3131023382317855,2.968939125658871,-4.177834132972357,1.1399684896496316,1.8525687017994639,-5.7451720605570875
6.288839177750442,-6.8438956774424105,-10.8659239912954,6.028667738540012,1.9630804872592713,4.540563770551781,4.765823841310703,-8.196893631690457,-3.0957542181177855,-8.698051622132041
-7.539408149339057,1.072549128089219,-9.36549213768932,8.613863446272584,-4.8803044011509025,3.8634017712459148,-2.3722831811642573,0.53890225302841,1.7160559444485926,-4.847581954607262
-3.4088033771164508,-3.8577578308216776,7.535775991613323,-4.006938001441234,-4.705914355326761,0.8795278182929639,-6.103405361662636,7.573034481597785,-8.355904871181561,9.477122076428113
11.590882703685864,5.639566457975686,5.734269882139582,7.614200636175676,1.4888283192223741,9.232733867829612,-8.681335274159741,-4.981372755797958,-8.537354849382531,-4.493483846204773
0.844075696867618,-4.831245368378892,-8.258720110084012,8.15436120670403,9.071319273553334,5.878969704063063,-3.382611673646771,-7.004645115694844,2.5364532382714273,0.6418043757041407
-2.5357188823018104,8.132411476970603,4.476811872284338,1.228267039134283,-7.554805466125652,-7.024628263991464,-9.630747677635972,7.015561385859663,0.12868556791039,4.374745263293847
-6.631415846988364,-0.09454886175360236,-9.373169089481628,9.363045590192387,-3.361869985308217,3.010896230194802,-2.9665757589696384,0.7652517857062701,0.9416427256755076,-6.098655946832433
-9.01966549807118,9.781118753297148,8.275283550617296,-5.517174722610107,-6.749523453728686,-7.247664844064884,-3.6655456825995336,-1.9455753821303268,-1.545388628990397,-4.381257055960505
-1.6618990674059377,-3.795182200516227,5.497758956852073,-3.239432805303533,-4.8533993286817285,-0.6545030400601983,-7.21789283066987,4.898697938642226,-8.349993435149258,10.006860256970137
7.835557374817229,4.255227852200198,8.925503128812984,7.76887196413906,2.148231110478401,8.392441166129226,-5.711199752073396,-5.9536043176262226,-9.474533871276515,-3.392261599373203
-1.9717516025642596,-3.1592369606627284,6.867957054117419,-1.4304000893671964,-4.873658987039186,0.4937454073220622,-6.3946732516570215,5.604509154798464,-7.911640745366581,10.92154294858803
-3.875021778468189,8.865316818431024,5.142663263123295,3.769530506867696,-6.173548277336138,-7.12279087008798,-9.864696964301903,8.553523488217854,1.0575948091134608,5.789920110693231
2.4003135207397555,-8.678040964597963,-3.697945713317079,-3.7729055503972018,0.06060253600276666,5.032308152726384,-6.16780979049395,1.6569676817188075,2.344673023769695,-10.15046566517459
-8.94399961397575,9.544672654893205,7.172176598737025,-6.553808128782582,-6.673010541785217,-6.139905565962647,-3.6376392819273553,0.8153164875666303,-1.499434909174063,-4.5528405971694905
-2.538584618735804,-4.451156180952814,6.288191626342515,-0.7563430827710391,-4.2764571158112785,1.3054267718763632,-7.4454997974219586,5.564305048830005,-9.81098978810626,10.83760735673568
1.1200719113093178,-7.154389020461082,-9.317000214200467,9.822991049673515,8.426678093491297,4.412179104571168,-5.874819179438741,-9.51693785454804,5.046198733091249,-1.1807435257239214
1.655985164728917,-5.625566275199458,-9.748881685663937,9.246945877952925,9.355547987658879,6.165261236465979,-4.42616024841009,-8.62641290133565,2.606296366448272,-0.7142850991666665
-2.3580578444662788,-2.5421378095992515,6.294096255553489,-2.616241988610128,-4.154441486741058,0.7535228932171284,-6.426041732637902,6.13733601553584,-8.027135388359502,9.95134143686731
6.911290942936957,2.388057842934411,-2.052738010067295,-8.12214397323333,-3.2453346969906844,-2.2507027052716193,4.427366122912581,3.670164947383671,6.483768858379949,-0.1381772786349844
-9.188313561140344,9.564056070038559,7.48584397064211,-5.384720199595439,-6.821177648846421,-5.260433872676764,-5.02490526869752,0.8183758201783196,-2.9086694212939963,-3.9714733385231664
-9.914845966618522,8.227272149432432,6.851236186607131,-7.310168873140955,-6.323786834138353,-7.754786710742878,-3.4538830564914145,-0.42922870098561827,-1.8120936441869946,-3.8814678080959992
-6.47782875871194,-1.0870661348504242,-10.38043340914995,8.72595557493666,-4.505203923357541,2.4801321491887443,-4.856982056627006,1.8392574169246483,1.2912100121651549,-7.666446753217492
8.73929463628159,4.6367872003044805,9.62479598995137,7.660940765189093,2.4317103811292737,8.944311611840153,-6.960196470006507,-7.28860049323812,-8.176438559269483,-3.476931762296666
-7.783959932048388,5.076929472634875,4.600303538617507,1.720061654523324,7.3295964224871595,-2.736454449226403,1.0475491818785252,-0.13011255874862449,-11.04795444749765,-8.56276831690691
1.5560767275746903,-6.548719308030358,-9.773957707424815,8.975367341917146,12.242960946983697,8.013748282701153,-3.855102486515326,-7.886413554956947,2.7050952156085866,-1.9987392331590235
8.42052046088206,3.885710705216038,-2.59405404965994,-7.68206864989814,-4.485189782365508,-4.45126547756526,5.0289409424857965,2.7711696843655487,9.74344373284418,-2.4773459796897663
6.076994463635288,-6.158229231519483,-9.93999164220605,6.772434250971044,3.6243370313350116,4.800552575879364,5.5054910802449655,-7.552081327864159,-3.441999767266621,-9.682550714774866
5.105104940356442,-6.758849605278775,-11.19849040767534,7.1722160244123385,4.478285353543242,5.384834866013905,5.147106924795395,-7.53402741334511,-2.753543672799351,-8.154765143469854
-5.788353095443983,0.07759424156842448,-10.100815289623622,10.263204626905189,-5.159101835976026,2.436903114374105,-3.9555652241165933,-0.5803302926008613,1.4603544119889387,-6.908579271247971
10.718519290061456,6.504513661276093,11.35634440409253,7.750083606555259,1.4931992469056086,9.297847799765695,-8.48278425695589,-6.068415035969273,-10.081374187539545,-2.8867339270215853
7.789738989786629,2.312109963613331,-3.3656769413233922,-9.047845648263475,-3.041706735723496,-2.6359984308910587,5.1834214820751585,0.5546081384755026,7.757395608782727,-0.7422371971186679
9.275479178135573,5.75760030864604,8.965419175864119,7.766652397601767,2.406664281265718,7.59248479137071,-7.633606572438552,-7.838696780009525,-10.393523973046369,-1.6676688375661974
-1.5488928267712798,9.476769752265175,3.460509714595484,2.1454240703517695,-6.208096019422217,-5.352078233888114,-7.950823789221951,8.084369569810182,2.082386229479339,4.549763561344358
-7.259582994234012,5.4226663505541834,4.576099121253872,1.5707312164637603,3.465692995098551,-1.0425031821620592,-1.0024892384687631,-1.274300874022959,-10.681053094834855,-8.364529191105927
-2.507992147690526,8.19719749713013,5.299124504660506,2.91073982156729,-8.487187055520245,-7.642834371842161,-9.607470106423309,6.383619814389839,2.8517750767959242,3.9676254171481053
8.31131221872573,3.5412360580892535,7.595247097526091,7.913784543556046,1.232652447015257,9.334098290287484,-8.44399580690294,-6.405081106338039,-9.415735172295332,-3.5918877908642517
-2.198087631909555,7.124636836102169,6.655153946688742,3.263814144863279,-7.276822507297258,-7.982379333731802,-8.490766142832458,7.4102206149131,2.377969183427405,4.3530289521149985
-8.623613067342387,1.8059680826966016,-10.651721740665668,8.06434834620662,-6.551236516019814,4.85001580915023,-3.364496062034575,0.5383335131548841,2.4085185261573185,-6.155488448066847
-2.533430456922442,10.216737376181394,3.544608317385297,-1.2035341292552686,-6.600543332806085,-6.588545916593974,-10.528999384242463,6.345023369632097,4.777517978584077,3.8558409417671053
-11.653175391767594,10.620001728216588,6.249082304565378,-5.596072002731942,-6.365738772332168,-7.399343735891823,-5.174220052257439,-0.5101864933524782,-2.0842680659870783,-3.8088109490253563
-0.007807302623501933,-3.995651066308219,7.081833545869019,-3.7781403673520266,-4.96184124709869,-1.134339259144582,-7.503001512872454,3.985413526247547,-7.42802095554089,10.1261376005608
6.88908366468375,5.06718241918412,7.615925050985517,8.390081319864478,1.7668310476544666,7.80918415629583,-5.587239476337306,-5.042168274922861,-8.039582080433181,-1.29117824005254
9.079033825276579,6.540296481985477,6.293180714164696,6.721413932467005,1.6643924172240763,6.406701702337443,-7.629265510120206,-5.767384626180847,-10.086281871649117,-3.5093520145992114
10.549842110950717,5.119287642994227,8.57796593894924,6.758396363469935,1.9652167223096002,9.19756081285075,-7.438622222233836,-5.535166575986163,-9.713885388983774,-4.143522428161864
-6.729202066794672,2.817968926892053,6.962237469049368,1.798572002507562,6.012307017006342,-0.12543332758553785,2.201784819817766,-0.4868567240242624,-9.85919346705235,-7.084781782864643
10.759218309206604,4.017361285440183,8.065361442734096,8.077430633118825,2.2705243920449627,9.54098220173466,-7.362996829921012,-5.983409125886356,-8.792049551191985,-3.1623174937442227
-0.9875519749320172,-6.938162658027496,5.8380813921432155,-3.8632987724774885,-4.505134909644433,-0.06875111342849827,-6.517410000994839,6.216349956129696,-7.619796957050419,10.690746689383914
1.9090791254997863,-5.66541939741338,-10.270457327870682,7.33219849994132,8.921372946583647,5.279022153269451,-4.424433725962472,-8.266084302319461,4.404674062079389,-1.604610703773908
4.037735213659137,-6.270126317417537,-9.91319010552846,5.201660365632414,2.3541914197052534,5.175706742606591,4.62077393798101,-7.270335346758211,-2.822490996506713,-8.156887629759142
5.71110629232209,-6.154277567667766,-9.198302619762657,7.152253338512833,4.406346673656686,4.967735188126243,6.072042480014528,-10.163033691167442,-3.181490640571004,-7.306384878288742
1.6149304140912009,-5.67459201358728,-2.858565699526553,-2.058726870168958,0.9503744405950725,7.935865261046011,-6.181767719797117,-0.5241053501441987,-0.01597846001562253,-6.826309490169789
7.650714297314623,4.886032828054388,9.111940918417728,6.962656874540942,3.987554364642834,8.550363464114918,-8.983526298539134,-7.203286394953145,-8.167926633753536,-4.14125532172867
-8.86388130171889,0.27535501322012634,-8.247773369554997,8.065366549508104,-6.445360417453302,4.272096522137318,-5.542077439777559,-1.1445943543668249,0.7558671993708742,-6.051125643813959
4.685410350938027,-6.765735334553329,-9.437570016334837,7.852148135080883,4.523125774795542,5.55861003767072,4.899534601421001,-7.421256055348211,-3.250153821249322,-7.442459538251207
-9.959772135171637,7.622214796277993,5.667906088995066,-6.524031417048566,-4.929875636037041,-6.140459086973971,-3.252986386861746,-1.0035068645044547,-0.16688514414369338,-2.8743151330150685
5.579758766140072,-8.066837314976958,-10.744035753197497,6.98868124124849,3.3861394998879297,3.2776836499977344,6.48701546667351,-8.003422911248489,-3.9192187819316384,-7.544114965065307
2.2246378242353115,-5.586796111076856,-8.51246192341101,9.204294674093974,8.60731233054852,8.136805813534098,-4.556080986855088,-9.7143411804198,4.544844650461214,-1.311767164856399
-3.2363347988776185,8.766767492646817,4.565445407128055,2.59384178149141,-6.701926190218016,-8.215453951986047,-8.458129905630047,7.934108660782527,2.5820906827952155,5.24223228147553
-7.9838786320203345,0.315758895790851,-9.43061741503986,9.991762500701567,-4.23799135802976,2.3270300620892854,-4.243378429585432,0.44955260081604576,2.233636801936048,-4.891805880377324
-1.4766514187110928,10.140991265025905,3.548912406012903,1.5623553959861471,-7.985331859637206,-7.095030623564682,-9.146362040821751,8.103183447768043,3.332608980983784,5.557135366710865
-8.24161988857599,-1.5822012634971032,-8.340310883875388,6.822544891908504,-4.876363546009536,2.3041344413547717,-2.9899345311418557,0.06700859724226571,0.7997429313452482,-6.403645152419491
1.734191554437709,-6.979279662370601,-8.590183234433614,7.9092732592208375,8.96453331628989,5.952377500969453,-5.2587990749840845,-8.885005970769896,4.095167321729519,-1.187438285266979
8.242444199704927,0.5273933855293884,-2.909548121481438,-9.975064518525217,-4.303652978552264,-3.9550434927660856,5.873520884779399,2.2498701685863676,7.66563545379104,-0.9938749701738157
8.039997769248249,2.57821067439116,-3.5840843598859093,-9.269152949288118,-4.698863681163172,-2.677664641335416,3.0570896494730135,1.1931403529920115,8.648612664466542,-0.3478483950468212
7.035635540498109,2.1340803128265913,-2.801936756345331,-8.413637409524325,-3.6189566521083094,-1.8594830481745959,4.861853093848742,2.3333116509920777,7.449064440090091,-1.3200062471867906
-7.198233356927322,0.21870990611789448,-9.93634980056257,6.622077715126549,-5.325786457076952,3.533079543339533,-4.210477957956726,0.6930875906235872,0.701843710009288,-5.872331404862935
-2.1425993769559017,8.074406341870967,4.1260119188914075,0.9139561620517804,-6.942306288424442,-5.924967272774708,-9.824053802971553,7.827569431016547,1.4920426164917349,3.3685787236585645
7.781649955915242,5.444450414089211,10.800919715843836,8.015647577050682,1.126651435920389,8.357783574023,-8.613815899275671,-7.256800908749249,-8.226350033582232,-2.9090408264593504
1.153461349775052,-6.17173674979953,-2.05125068493231,-1.9086048341942716,-0.08825130696699168,5.873116904255208,-6.53119313739817,1.0458811409737412,0.3422084668387815,-9.488746870520862
4.38894759120786,-6.1781454261921676,-9.713569468002492,5.5007321698962865,4.879479810477583,5.4774950631414026,5.688972458618771,-8.105124813777792,-4.28351426748329,-6.320431582653878
-9.76444361763493,6.498683163371404,8.320200391445912,-6.654593466331652,-5.857765223385188,-6.4186109390795325,-2.6575360844498856,0.9011847550728382,-1.5960238986786597,-5.068932288558441
5.3824150549306715,-5.884686494339588,-8.410441454541047,5.182896535008702,3.0360694193294506,3.740759856900546,5.462489038029907,-8.484691121055713,-3.383975704394801,-7.983099220954944
1.0262413496957725,-7.08516627913351,-7.982088605474958,7.0856258194817405,9.17105624219685,7.9385888347918945,-5.041670952500391,-7.966172681108667,5.887970345500895,-0.5647984955172003
-8.21198005287814,4.477707249306396,6.230105232634163,1.4951104783105633,4.97621457586834,2.0084004224045025,-0.18109609485009204,-2.8588105400874815,-9.39180182739849,-8.097732245844096
5.995149191835159,-6.069211532245783,-9.712552016352829,6.992272365955726,5.020522681325785,3.76847109741802,6.1730983237015975,-6.852644441832747,-1.9485037870970077,-6.146155894207546
-5.021304644612601,-4.861349637675595,7.249965048364821,-4.688429899343015,-4.594642722453467,-0.2855355813875724,-8.188693614511633,5.641521407378774,-9.632135016536754,8.531438028858533
-7.121589503542963,3.0561511000147723,3.6529159031334935,1.643361530667895,5.364878646964935,-0.4599750236065165,1.3011230044659599,-1.7610203837557727,-10.124236713670676,-8.58299146653559
8.242011028733248,5.919535979225941,9.349469960492677,8.980310318813949,0.8345803134290977,6.932250482107787,-7.951246351622598,-6.366613985484797,-6.192803959295519,-3.034894908491781
-7.517739216881563,0.2688285296843093,-10.515887203607555,9.513029681075585,-3.8189893525172307,1.878684271791771,-2.399946189421906,0.09304605434636903,0.15571402174724436,-5.223633196742933
9.227092397617414,5.936372637098655,8.093359506238015,7.672960635412221,2.718873257168506,10.490042233638436,-10.279588450610184,-4.103766084293479,-9.355325986212007,-2.5284935157073276
-6.960103201729531,-1.521473781196947,-9.299748872209692,8.52939238293475,-6.729131586623657,2.176117714217903,-3.857568325024572,0.9155073311905207,1.116704897978293,-5.742456636539652
3.0748797171489164,-7.140005786521799,-10.467231649795895,9.562199533714129,8.37166340020847,4.779654530844369,-5.226125999006053,-7.445643937456987,3.824112996272335,-0.4144841033332993
6.095076139121117,-5.660032182447184,-11.106897389636163,8.218531722827658,4.352549986286289,4.29107851891211,5.812938702772468,-9.155457692713073,-5.168356993405902,-7.110815888563804
-7.712640689969044,2.588716353512482,4.497573532279059,3.168052543747415,5.98687878184969,-2.2220095565709843,1.6624753395241194,-2.6020009887173146,-8.598242655390596,-6.5499372855816445
-7.588704107301609,4.648522412119915,4.647572171159376,0.7029410268148595,5.5664439296736345,-0.7065922391228209,-2.109429544117007,-2.11598031421116,-8.414923339717902,-7.769362439910613
1.8977485379858214,-7.793084422483003,-7.108026781740304,8.31737948226655,9.805124146235809,5.697273817347041,-4.5231119262951,-9.956811901153372,4.2828351332337045,0.10223112742121088
1.6167753964158709,-5.463059769125012,-8.55841173708766,9.320693712432984,10.466875466390947,6.0447050234780875,-1.847510543907906,-8.494372723744087,5.6826087347560374,-2.1716853071203936
-0.06795360029406083,-4.445537776728397,6.601655366328915,-3.046232251797989,-3.8283309691064966,0.821863401679022,-7.16830635543998,6.061769475087052,-8.643595695894676,9.129065929857939
3.753174074802633,-8.717675731592584,-4.147085877555067,-3.3614575675714007,-1.1895717821453529,6.106035437595594,-5.337085985290337,0.17256232466088767,-0.06504895748195305,-10.036037326176224
-9.92762130122211,9.356859838430715,6.668452432586064,-6.555647826299314,-5.784572007286753,-5.871867479070858,-2.374713901032572,1.7504784129332323,-2.0467745447478154,-3.355118821530197
0.8833193334956888,-6.428542028667015,-7.191260440981045,8.569038399360625,9.90291097256651,6.0656806121116285,-5.19710670563598,-7.311746376361905,2.589968486215766,-1.1753234946144084
1.7639121991506066,-5.699109521067329,-6.171957721965804,8.618884374123116,10.114245821217558,5.422553630291492,-4.019988383723884,-8.01699543300022,3.490976870198757,1.2660635635670507
-11.796590890312203,9.167610644716273,6.7847122400900925,-5.805722854973129,-6.508379217805874,-6.288868932080936,-2.892313669258481,0.30468244671554046,-1.935182204244955,-4.456542680927248
9.059048108845394,5.13617634079499,6.713005308889402,7.43251124780616,0.41733244503040856,6.1068212224249425,-8.492462787456933,-6.376487872420954,-9.340407804748573,-3.240535138836361
-3.7059862694790615,9.907983817587432,5.532832706336871,3.802789885656819,-7.289313783780767,-6.167787433695785,-6.556675920097168,6.705881238565007,0.48725998733181597,2.281441522013145
-7.619533818638798,-0.06030926984876916,-9.040202681066805,8.475629982492261,-2.236959139222204,2.0745859164923957,-2.785686858013824,1.5847362293892753,1.42698956078912,-6.953226284362533
6.994110892675087,2.283149250780611,-1.4368365050852558,-9.552809848687826,-2.4859445431260436,-2.903807080542153,2.613138343683061,2.380058703398493,8.18086084279055,-0.5201296685852019
-2.442206905827878,9.530225345902421,3.0773329793415587,1.4441170065944373,-6.085362511529443,-8.134399016445196,-8.54476982446938,5.9669411108752985,2.488730217297702,4.125810073623425
-10.08562726044162,9.6922790820331,6.812187496685974,-4.291500770177358,-5.392088298185628,-7.6271684235984445,-5.102708307584286,1.0740384507138914,-1.4254372745368518,-4.630588979992925
-7.301979256075087,0.09454583652087106,-10.047139728328562,8.735934716005286,-4.433318858582944,3.040492903438521,-3.0939281710365867,0.30575627699071095,1.462982745774355,-6.428790216883549
3.5094862772641853,-6.99271693423216,-3.3022031066592343,-2.6633677795503163,0.1776881680868425,6.1010469844334265,-5.993103871444346,0.271405679313213,0.8938527509498865,-8.564076025463734
-2.8514911839959742,-5.219599584329412,6.619441965700872,-2.790264420034754,-5.343635735575382,0.6047909882664266,-8.635118770357955,7.316260319991831,-10.269317639236263,7.9662993101175985
-6.691575162048808,-0.1329610752207619,-9.870511970705897,9.402182797983617,-4.642800228870381,2.673189866087894,-3.2868382892791494,1.3725788367487244,-0.07346747792216757,-6.503364802842394
5.68638302402268,2.170191259629998,-4.239087218718257,-8.591882687310303,-5.111414377927351,-4.042151936643222,3.72486244885825,3.2747540130244417,7.229395980163587,-0.9268791915191092
9.561092635884721,4.462908358290909,9.910429322794315,7.877727330191635,1.9917033884792108,9.377884269408465,-9.221495706654148,-5.851794981745172,-8.67199173018782,-4.038961535028561
-0.4508661731963892,-3.9111338411180485,6.507763694193873,-3.3945793815300314,-4.515138089452063,2.3379381535938535,-8.568481803527115,5.224931498621701,-8.727973869938147,8.905423262463605
-7.13946767287415,-0.9331305761976435,-9.916123228841338,7.452087538301667,-5.389531739792068,4.537626733785731,-3.03973968510142,-0.6755626951281293,1.371703883274048,-6.693493202138029
2.3431304708344283,-6.502331172804145,-4.816602466134064,-2.502278453429252,-1.2936916523846094,6.408667886798449,-5.771207188348169,0.34119644270149996,3.4066413373828275,-8.408685603231742
3.7920651651484167,-3.6078037912800673,-9.578254051540833,6.3223318273749785,3.766018886356554,5.310365819468434,4.2631066745119,-8.831811257261005,-3.7828563117886214,-6.961055955826053
-2.0151337040772304,6.159659465293931,3.783026971100302,0.8471157230296817,-7.135967869523762,-7.4181573517660855,-8.040483976740244,5.464186143838646,2.0677917111949276,4.719787979132614
0.6480953267236966,-6.789652080482307,-9.947549829394173,9.18452710685807,8.633221100548296,6.458527310203759,-2.8261438881678047,-6.457110783767614,1.1566559412226471,-2.0311442190817557
7.738217179925605,0.5890255607244801,-4.134719834636503,-6.732836670961155,-3.609913078019269,-4.070785961149846,4.802593729121926,2.1747907669645947,9.456776436215462,-1.5467285099360433
4.986125901407365,-7.001357587228688,-9.931230392941991,7.723754508525436,2.9333284301440994,4.433777184321981,5.417155964318438,-8.853693213886153,-4.409110405195769,-8.320444331674295
-3.800487169229148,-3.473435919311534,8.013206421201229,-2.5191182719766823,-4.576835587281746,1.1663414832648926,-7.7852738692358745,8.66856629424354,-9.095518416838875,11.055139901667664
-3.202397949955538,-4.887893433195142,8.979554958304629,-3.3492141959666832,-3.92584896498098,2.729832385756201,-8.13299418140857,5.734679393059234,-8.993353060039125,8.219843369043154
3.473677636590565,-7.6727675288404615,-5.420142382872703,-3.1578930762260358,-1.2086530509032813,7.258481955586038,-5.081698144456069,1.4322093849044748,2.668265019587636,-8.124748073984732
8.004775363237517,3.1436354066446004,-3.7123045024449195,-8.025631282939152,-4.586449505999127,-3.868649996386203,4.999453710899271,3.7849512484909695,7.361815494316796,-1.1516112656955824
-3.18558992511202,10.815226561109137,4.599720885583758,0.5423945818226839,-6.751522776240481,-7.5611612507508275,-7.9976842076472865,6.670898936196313,1.576116801649396,2.271910824975378
5.918321895607943,3.9071964229951517,-2.351347203849665,-10.142585284166502,-3.9616641865543234,-3.333937500210275,5.311441849694799,2.739201304699801,8.530627038306603,-0.6264674913702656
2.3991435870943656,-6.347732211041476,-5.774728487921787,-2.2230505266296574,0.4517431918304382,7.591378215818912,-5.675301596972929,0.7914913628247068,-0.2848930503872942,-6.971239197604056
-8.580827869511667,6.193148431251325,7.164489116864319,0.3671262883341758,4.827535404453121,2.022724821072087,1.849927369857059,-1.8185263596137113,-9.060181671008902,-9.228899820811852
-8.050913383399662,10.812307433846668,4.161396057302307,-6.2114408156909775,-4.6993086010740885,-6.807972360709191,-4.405767374835898,0.21236930501538892,-2.4819966009258447,-5.8801929402672055
8.577926189084687,1.9496640893069963,-2.6406231522024957,-9.171589611801862,-5.617577866109982,-4.517802026471834,4.716253297107802,4.672647248405757,7.284667305590271,-0.7248899256604947
9.16940588160127,6.921141499825763,8.551114440104145,9.149989831630588,1.3873009056906183,7.946600742801576,-7.748695853148469,-4.5121960460453385,-9.307231351057117,-6.056161246595911
-6.795722735929626,1.1282627241351593,-9.317973173211548,8.257511898892988,-3.8907437665707643,3.8969436526756334,-4.521239198412833,-1.7854689477152528,0.7586775242685446,-8.399825068714637
-1.9974552415312075,-5.182152866867032,5.61189307780505,-2.3648852246824927,-2.7228008894997053,2.347261082121311,-6.559370481994131,6.013711455621599,-8.724529447323496,8.83323514556712
-5.077240532075118,4.681440016121236,5.325540276083553,1.5617768851154408,6.6906703174941455,2.2051872128808467,0.28819084239680054,-2.3615589581696534,-8.32906802854752,-9.205259595909158
8.427061835147406,1.839956328796803,-3.7550745032339465,-8.896838379867743,-3.363668729938685,-2.406828716035632,6.462005019149428,3.565451596839461,8.56584069320657,1.3709293899000687
-0.66835542087642,-4.704202150387405,7.200138188544358,-2.8063664984462986,-4.49068597600569,0.620746365324607,-6.48045715199852,5.312337748959454,-9.641010314955848,9.812213705441433
-6.541359671366822,3.9209685977581534,7.154786958444775,1.916243835362279,6.574300662431792,-1.7497155935147792,1.514083210422839,-2.298569316077927,-8.775852894876646,-8.205872760796957
-1.4465403322652237,8.638652462432786,5.990992926214816,3.2659149734589388,-5.215894359007796,-6.574866466744593,-8.250936056829998,8.737710203829794,2.4696941719331513,3.6602174481306964
-8.793880720586289,-0.982700231138059,-9.633381764825788,9.251822819813995,-5.590284436320283,3.7063483202472876,-3.4620858842905835,1.9875576886353465,0.8925258087361784,-8.057669307765718
0.4683681259851511,-3.9377075809400135,5.979063956928806,-3.540485506753054,-3.5760785332854743,1.7588418128241035,-6.383407787420337,5.618382256431076,-8.203143481990406,9.84865382964373
-3.3560485891781147,10.263905033494988,5.419227840133434,1.9341501645631878,-7.297536736917161,-8.905917466387324,-9.909180175320449,9.234942002638427,0.7418446638617089,4.35093137714199
1.5297622392325256,-7.532480898703934,-7.221595579663549,9.988807750653656,10.586700304757983,5.217905082063405,-5.432830257546947,-7.913391230509616,4.019786663316801,-0.8323483215031413
10.673303666817025,5.1180616288071334,9.945973284956098,8.294163842606167,2.8099433546179657,7.600729009359749,-8.015849726907861,-7.488424061641599,-7.3841537064787754,-5.50739170631922
-9.08372829960656,10.024735406576829,5.409290529928196,-7.256088395116866,-7.109442782333589,-6.993451245446615,-3.161735677306815,-0.11941015104633768,-2.217448145438889,-4.78705093273372
8.601301503750989,2.0619551107369105,-3.4130885380479064,-10.171277415178768,-4.015937082308986,-4.503913218899816,4.9381875646613445,1.0869172389160215,8.724142446095088,-1.4268745311817983
-1.5956129968195008,8.211107177517977,6.132567405187623,1.7020460828981632,-6.900994485499706,-7.62732127242377,-11.262568016908952,8.207568311859752,2.7591441319566092,3.8801239988026954
0.9954009959000023,-9.159665074834523,-7.6719637285067535,8.973962211264814,10.91031565819617,7.025269154235398,-4.261934378198036,-8.12973837997673,4.25083792101331,-0.23006670845222965
-7.339663946963347,0.035263490290555255,-8.748595252252512,7.69396665765438,-5.038687675362994,4.0607803155370865,-3.4884055266538985,0.2871165094540906,-0.46631680416511934,-4.8048606049528635
-7.32466528316789,0.5046209403331678,-8.299983670042726,7.537961388203721,-5.979475988959801,3.2129068857073984,-4.0955216370816485,1.1872068367123663,-0.1402928027932151,-5.282529015311779
-3.2674031073815373,-3.2207382815996968,5.342565505110027,-2.1858161345787677,-5.27030681463459,-0.2688842699935916,-7.785354127427638,6.663855662284907,-9.880452883002665,10.025193992517048
-7.0039769737397926,3.206141534756447,5.834433909773156,1.9508809658670252,5.907863769066588,2.354096574943675,1.1809755469031198,-0.48135666688779166,-7.615759107844333,-6.992054357084428
-9.06494496548373,0.07221906163591316,-8.932052190090186,8.280240986961212,-4.803691684314258,2.181718732873314,-3.9046956151867036,0.052954594051801085,2.006914327633033,-5.9235855254588445
-8.811532070530877,4.794060431764937,6.362189633177188,2.297288924130405,4.519374488117486,-1.364648434604079,0.6841629210249293,-0.744431353089114,-10.5695766969797,-7.540388640144815
2.9350672117532426,-6.560645046079702,-9.578838545004501,8.177370113030717,10.842812716711709,7.603624066129018,-3.785169459581815,-8.562191753952648,5.053283952941648,-1.8914532865927831
10.412598438816058,5.1464860579202885,7.060153351353675,7.681759840086082,2.4114759808657706,6.830858981749522,-9.115252317681996,-7.3109311917944515,-8.308737117080277,-1.820530747722217
-9.2574430856776,10.147963671729071,7.258091646898189,-6.085082648256456,-6.038719061747873,-5.851970061783045,-4.922350128336224,0.6633591738284517,-3.522403513460047,-3.6928834862179762
-7.400668607635813,-0.7069200635023722,-7.154210566838437,7.128779111340837,-3.423753681142257,3.4701986422071895,-2.9590044424993915,1.1473800182920861,-1.2840299434468236,-6.3144635684660155
4.702372943336059,-5.117319942152462,-9.109551696536315,6.274546310050688,5.8683991862429075,4.992657941590694,5.781634480055226,-8.269986718778105,-4.092972246847792,-8.576898640904776
2.935457015776991,-6.0931433593190345,-4.24970642456403,-4.541737209953043,-0.9508929753737664,4.712325010235719,-6.738383566690869,-0.9577309055601793,1.3709465187970153,-9.667615439583495
-1.7202929805064127,-3.531354241906432,7.814584542332677,-3.277139918625879,-4.893336205666503,0.433527238606339,-9.113552450590905,4.841127256533877,-8.543540132343267,10.117010472454316
-7.25666496816864,-0.08345703379128686,-9.355502766656748,7.6680060663208645,-6.3991297413417545,2.1318947275377846,-3.047298739531135,0.09554096022991859,0.27019580914311325,-7.708639033907504
6.467029381263068,2.6009897643844044,-3.0312786296208856,-9.682583823594518,-3.2764819453337606,-3.1374108195359396,3.7931585618391725,1.5630686172737172,6.932141974069063,-0.4203245997291441
-1.5591918589454226,-4.21081081188234,5.898702938259517,-2.979286521313035,-5.499746310029598,0.7349802419326549,-7.600887687421484,6.180480566671512,-9.218901023546524,9.523307041924147
-1.9473916975250667,-3.2427029384858654,6.611375215189979,-1.8620233314106251,-4.835251353473912,0.5166426936335246,-6.127479817976162,3.5792651304115233,-8.496003297501668,9.337777382454481
-6.88146873692362,0.16854456129370776,-9.070906374396241,6.628178193007773,-3.762605029546015,3.3582540153908753,-3.8666198257563558,-0.19879607145261124,0.1405890872122154,-5.985652308210477
-7.724261583672193,7.256766162920181,5.949252007306072,-5.96259339974639,-4.908674481711337,-7.968312822137809,-1.979294115128641,0.6309845342110477,-1.4571002888915434,-4.373476959258068
-1.119099162042876,-5.581509108964069,6.050931619369562,-2.7434506560565763,-0.6534764614891975,1.626321805296345,-7.0748266920979574,6.7172143368265465,-9.112101180815438,10.00016424301265
-8.443609034278818,2.923746617110787,5.184824776356067,2.40979741595043,5.932360056969935,-1.4397287258906102,-1.025937021245282,-3.6407583632814187,-9.783222076438772,-8.315262394527114
8.658814935527005,-0.09015924486650162,-3.7009960390841306,-7.519708759417203,-3.3951535875025574,-4.974908561966162,4.7624222496963755,3.1367733404117266,7.949040298311402,-0.9629815527223257
2.4581009839266383,-6.545311351373718,-7.866857923073282,9.524679218193866,9.048160312722565,5.624145366867855,-4.06766676483142,-8.597238566529084,3.5544649974383757,-1.1805091965885914
2.83645540124595,-6.034885325613488,-8.82549418982306,9.752625299980654,9.598918884573072,7.972395934316346,-4.006169930709335,-6.703549636136191,4.558774612060997,-0.4615068390038143
-6.7723752343692665,0.49399050301012826,-8.172372973333928,8.104806117228582,-5.337219177456005,2.5678136650675185,-3.458750960282418,0.024204640744943384,0.3650358091848037,-6.751198153734781
-2.6301457716605317,9.433818572105348,3.7523866584260013,1.5357113836173215,-6.157245833323499,-7.252942745367713,-7.111363905402605,6.923886729884101,2.2469849606160617,5.094042387793999
6.945037281824284,3.548724151546484,-2.1510301923663744,-9.160777029181249,-3.4217067076469734,-3.264119123044341,4.993894739218231,1.97842412149156,8.887031276659874,0.009516951061059098
-8.806951994277437,9.450569811967455,7.694313056490689,-5.95463768651145,-5.982256000695889,-6.372516034609854,-4.0113674028498245,0.7540590608704472,-0.8242921579327814,-5.424982107963166
-11.833896011649113,9.593600264523205,8.567459149884643,-6.106481921872635,-6.588994079192624,-6.036398111340985,-4.473950959694203,0.1830567005920244,-1.6989147213490883,-4.802837930465534
-11.811884282021147,8.88012802376483,6.347872503615214,-6.38465481391766,-5.120094858670826,-5.103879593323189,-4.2499581282537475,-1.2987924805472058,-1.9278047352127379,-4.775238589956222
-8.99954455315875,4.211691442191039,4.91156326885936,2.0559368156372146,4.516855186251511,1.0309734084402609,1.422043655793319,-2.8235805603330277,-9.711220545570608,-7.893506930012787
4.165795014672126,-4.705994011390664,-11.097013039712524,6.919452132307716,2.294095850487065,4.62527320080806,4.055876444334086,-6.592831728306705,-3.902315941910062,-8.511475818478248
9.674997734671658,5.323918347532357,9.652796386514115,7.32479275619531,2.228320822065071,8.305810918007015,-8.844846781969277,-5.577458066498324,-9.30318996913839,-4.966399843444259
0.020418912166189518,-5.135610056202707,5.509003870443002,-2.3156919876994686,-4.629904213970456,1.5191773581194017,-7.252296050405167,5.18677307295084,-6.160111155990354,6.783348132929627
-3.685370959607531,9.50184642528504,5.821769929188063,2.4540777766896276,-7.0821514182161005,-7.408406639938926,-7.802240105589754,5.90054799023703,1.052175974484532,3.7638937904291874
3.202018785786765,-7.4186764487395696,-8.256405711271602,9.849064420797683,8.2416210989597,6.025661269884074,-3.6067562398901756,-8.842689225415276,2.8055073311495913,-1.3319947270707473
-2.9929068722978127,-2.6572747127016045,5.644132863312384,-3.826816432933602,-3.1518241244456853,1.5152397227652896,-7.3115743530311335,6.875848515069956,-8.208387125175417,8.55154631627152
-2.7890079654297564,8.04974833328813,5.145844389683966,1.244897481534119,-4.714571123344667,-5.68956099893235,-8.625753726003795,8.350509178818434,3.1282006592214846,3.5975040678626655
8.860376735965259,6.0078075376769435,9.106425589865998,7.981167056946524,0.5949034226413836,8.537298369283977,-7.269588605478381,-6.61282984771689,-7.780517176448944,-4.366085320648722
-6.747727449805372,6.00996962134067,5.667243934247902,1.5406254620212718,5.305725643531454,-0.023625971405493676,0.1189183468455417,0.18416937633902575,-8.69764429518176,-8.189579659908118
-7.4420559642000494,5.695861000136278,5.639620170859772,1.0093049079911631,5.369574886721124,0.8884293931204115,1.9202477527405086,-0.8687252676772452,-9.887655350061388,-8.331650386870757
-7.543928728258914,0.9924487148906425,-9.922721903967666,6.813083761814822,-4.5325390549850075,3.1946713493998273,-2.763053928130156,-0.053147875746054174,0.6740488072389178,-6.452441254032728
-8.790459412701813,7.524755739285269,7.2947432362843285,-6.85226253798935,-5.111216993901348,-6.170610260268629,-3.2710313729591367,0.5771174464694766,-3.1134767222986817,-5.0361463594344995
-9.364909283644046,2.8394642947201487,4.722032650785443,2.1273267715118958,6.2972950664698235,0.21663177246911214,0.3142025084506809,0.9221284111855756,-9.457629427310883,-7.9291567939817575
9.692159377597031,4.624935186900567,8.482320890082867,8.641389343757458,2.2761635196947254,8.212452431500745,-8.879950284226238,-5.764264559463482,-7.387767504635869,-4.394745327358336
9.776373612891291,1.925430568335354,-2.5979901663234086,-6.7422486797921595,-2.892133454503942,-3.237154117175806,3.1598566646558126,4.7921783678266765,8.609391387538139,-1.970555363306042
10.794725982818038,7.165155233005958,10.584957467428392,8.986667629730487,2.42427083599494,7.005199108529221,-8.417674661861959,-3.923588262993408,-9.531075800541894,-1.9792489099624377
3.117544354671721,-6.877064351892115,-4.472385216747781,-2.441244362079704,0.436447743864921,5.133889151313896,-5.6038673751856445,0.21422842780623674,2.2752750611029495,-9.725556687195775
2.190393799230956,-7.241915986716648,-8.836259208204776,8.797608143715308,9.305076001816538,7.111463780481929,-2.1470965819080945,-8.886992482542029,3.2926669054554223,-2.0219620236141598
-4.3454029961560465,9.522277455110865,3.5365122300542278,-0.17972090901175086,-6.491048586620306,-4.387110075843156,-8.844398668175904,8.162013689950346,2.1041295934117406,4.062561902729766
5.582299037024592,-6.772745712255359,-9.801546275368018,4.342954474192451,4.110390540963402,6.278814667053242,5.479548094951241,-9.293789152368733,-2.8511521540243727,-7.746867545683492
2.339567485538765,-5.650488368755024,-8.077970574421673,11.720823617530412,8.59730309239652,6.4201784422485195,-2.3588066631143834,-6.56039848285379,1.7345826037187568,-1.2003077452479542
5.264127286055186,-6.795742671520787,-8.689698791333035,5.437338404388329,5.0318419382999835,5.0476720348378805,5.0599753111193095,-9.855084770831834,-1.5890228872972045,-7.182154752138046
-7.740443118381848,10.588726686957562,6.448167597633106,-6.157913643297803,-5.333896294438294,-4.349439352762396,-2.9613948849978917,2.6669313000413593,-2.2834509562196033,-4.994804026537952
2.4481826712922565,-7.628371702238994,-4.506805774654388,-2.647090818918554,-0.6290078395848971,5.5563475800118365,-5.987320935867259,-1.2325650922998728,2.515646661695528,-8.889879456710615
0.8567049590344047,-6.585012240710215,-2.375707312694779,-2.1061553012910768,-0.24070199939935566,6.5735794447677565,-4.296816328157287,1.4945827282913369,2.2879610995138737,-8.167100344964044
6.54291899525091,2.903238299462749,-4.709940836883369,-8.90703970262248,-2.5319162937056965,-4.443266656984943,5.341480987464951,1.6703832549190976,6.842343820258856,-0.5646767709840176
4.969772224954366,-6.039993430417822,-11.048568354204452,5.965395897454847,3.194311876851387,3.728616314393986,5.372592685901944,-9.126024932818192,-0.2014472269861356,-6.846724658357056
-3.1392226025866448,9.746241630708168,4.442957028231212,1.5085886058251137,-6.835268393635663,-8.625817026135598,-8.343622102860978,7.706957946902348,1.6129917607684545,5.167376067717326
0.7265118440780935,-7.897907081784594,-4.83411820608598,-3.04715316733308,-1.8051135704390286,5.169975602037191,-7.5209384192309265,0.8333892446671328,1.7657778583294552,-10.776199353376061
-8.789711361281675,0.31780510201679496,-10.419654623296342,8.290413464724212,-2.781455506864631,2.90285806413482,-4.72722292218616,0.7833676290089793,-0.2915861539161344,-4.582926359160055
-9.159957200312503,9.790025750955987,6.668973945589296,-4.861517205364902,-7.03589424018449,-5.995410014110423,-5.482114511976598,0.902219016043589,0.5919600683822113,-5.170273548506702
-8.051474303596308,3.3934062234604467,6.3026142549983355,1.9601496140986538,3.6427500959133083,-0.23091312551567333,-0.6505419386427174,-0.6508411953472026,-7.772003898372164,-7.304452473951087
4.094914688029208,-6.2223521212111255,-7.595884862001043,8.821955436483456,9.226094500810584,7.258925989948686,-2.2449473273531177,-6.7454610264067,2.618297454858318,-1.2639090155232189
-4.03548523889304,-3.8415363433234835,7.5633059155504005,-1.5613698317637803,-5.909348579038998,0.1512030260780407,-6.605005547748667,6.192381593924905,-8.215627483840748,9.377452126201014
-7.973840355611102,5.292685562625632,2.6255477231694315,1.0471684298138093,5.0565649943535265,-0.13259909180928178,-0.08961818330081905,-0.4252984978518446,-9.749330296778716,-7.709225191678394
4.327631686945608,-5.494535549007998,-9.762682916731247,4.478972358684016,5.695419866687006,4.234531944902756,6.9066246297433,-8.586768415420176,-1.848359365815809,-8.542143921237688
6.456738485975813,-6.484569463645917,-9.451894100750641,6.642275365256094,2.302028534845223,4.514495975910121,3.6826711119441615,-8.167821746863961,-3.5610069630917165,-6.495949232648009
-8.514754071523662,-0.33298231318033267,-8.714568576417637,9.647311467720176,-5.904332649896501,2.8039621014852134,-2.383359848204627,0.8650743028316632,1.6053769459172014,-7.354042625265627
-10.485969499359005,8.760709608414874,6.273445369524474,-5.80204762236818,-6.128044860746873,-10.020275094359768,-4.7228056985560105,0.103558655288718,0.1439624114506448,-5.255419804421294
-1.4779631984151436,-5.709770443582753,6.087680771060695,-2.346671056143265,-6.4589545879330466,2.709505699564307,-6.136257586473814,4.505604034843475,-10.613182926336336,9.767356319344408
6.621852051277612,1.5275942856099087,-2.982672859856821,-8.295038920059381,-3.82384145691896,-2.5287488408178973,6.082835223331227,3.1042057997824,8.415325881450823,-1.0972515365856337
-9.639819307837879,9.77355673938436,6.533664487231957,-6.936303301684243,-5.429690229782991,-5.8286774183988275,-1.6095183034420564,-0.5204527470057878,-0.5385267059572046,-5.486961162076162
-5.781368162825616,1.1079461583560504,-9.806756662147912,7.399198353790579,-4.622460464664179,1.8029834300524807,-5.767921203044214,-0.057974700496350284,0.8001568203634017,-6.208483665135929
-7.811216048515383,3.7660200915901534,6.181999825407733,0.4514636447010488,5.575959935597818,-1.1725580620570406,1.1192062075813167,-0.633760773284516,-10.780311263443098,-9.286813252106619
2.638196155711819,-5.355135429478507,-3.137178423867882,-2.138059184489968,0.15096660816347063,5.33245519895942,-6.514789502916126,-0.46309633609374934,1.723004754471412,-9.492997642309126
-8.345483220757124,10.125365032131986,6.714744424610676,-4.088075403890695,-6.631266174582833,-5.009206582942344,-3.7395810558834235,-0.5296221174316329,0.4869405646131646,-3.1847063494150762
10.198169785214297,3.399606950352317,7.516489815049126,7.561458709329631,1.981723202854178,8.378873278860791,-7.340855173525899,-5.603131505961699,-8.39881938121818,-4.883269117539077
-9.367679309776788,9.046109295786005,6.973611055541977,-5.1726500993988624,-5.154270008634049,-6.35619629860135,-2.2761946132094124,1.4031512951809484,-2.068539171969873,-1.9655615302906972
4.418671300559284,-6.460343704135433,-9.55615322093981,6.144569047465935,3.3383744192339724,4.2898889174753165,5.410970914959336,-9.604028270795771,-1.8461763565778124,-8.122233632056446
-0.9580456475302273,9.12996076249118,5.819176020291928,2.040688165350841,-4.818879266269283,-5.124768750832742,-9.087291905115084,8.295093866453058,2.667676184449323,5.530083113453258
5.176405526244751,-6.047948558931698,-10.386918449502371,4.610991626907833,4.438071313959889,5.345979074567788,5.271479655395008,-10.784185147223761,-3.4024004744362997,-6.7768967376294755
1.905818585569195,-6.930882685738164,-5.867282130687431,-1.6355916615941615,-0.24601751601708322,4.460647641797138,-8.275601629785207,-0.6923833778691686,1.6056249158137272,-6.49069984690927
8.413327522245268,1.648617335650159,-3.3003957916269973,-10.87942453703235,-2.907189857774953,-2.7007371937619653,4.572145780814142,1.4238682568904184,8.4111381095639,-0.8006994291086371
-11.019141315708623,8.921643241806361,6.350032726979231,-6.111462164341985,-6.915761907970596,-7.4290534525601375,-1.6232438739905595,2.3625906368061083,-2.523165447413968,-2.5933004447355943
7.601621482082625,2.5402962796935715,-3.135363004902016,-9.018936432720638,-3.098066216707244,-3.922894256698534,2.9672640255962466,2.6739276197585045,8.545611485061771,-0.06366283029843228
-8.729103171994131,5.8161343813360755,6.998113296932665,1.641365963881427,3.3875957621603416,-0.5495662033359696,0.7679240741322306,-1.6771459028828,-11.61178355570891,-5.99265588409179
11.080099739535632,6.16069385841472,8.26318995986016,8.97942380310497,1.8057007029252559,9.791824747454173,-6.018419608565397,-5.052181012350904,-9.000903266566663,-2.794083511218353
-2.935278970454255,-3.6865602623856297,6.732933683885795,-2.4833152270283962,-2.9408044827022324,1.2104885407411676,-7.110103646589434,5.961351151972673,-8.643644086185326,10.050038096213953
-8.198545980137595,8.052987372431284,5.645413912508932,-6.084570085522326,-4.9470888641576956,-5.558669816265565,-4.072992650649505,0.8034206962835783,-1.961485320028791,-4.035763506473811
-6.325695478550653,6.223157863408429,5.567235986610381,3.0908399440203276,4.726441080992656,0.0918537520215516,-0.6061625568960041,-0.8758455580827319,-9.206873859872596,-10.296018236165008
-0.8475958329152478,-4.802167207495039,5.529964645473173,-2.829286675364784,-2.3698186936634635,-0.10388477196876444,-6.295674753371935,7.379900171201401,-8.86900198623007,9.037014154291306
-2.704295993117681,-6.099697967287898,6.691246878731279,-3.0581556704867636,-5.297105018301014,2.6391814719938167,-7.426926983551588,6.330492559160415,-9.147620291250046,9.323390711273046
2.0368040676348143,-5.22123814820431,-4.746443593880818,-2.438542720526606,-0.633323383441673,4.581551107910857,-6.2923966118119266,0.44620226751063985,1.41617033411143,-6.63006778014351
-9.329422598371245,8.332394331891127,7.24370718940568,-6.366429678910474,-6.688120330255929,-6.094178075025337,-3.812076919278397,0.5191086516603503,-2.1117264491344407,-4.474966607238353
-6.94707337670907,1.1067355603677802,-8.131911738518006,6.938397452681983,-4.324608637502702,4.684195721293876,-3.2561153705016572,0.8797701068999928,0.4625630082304344,-6.082801065695795
2.395495107677984,-5.726103454692559,-8.669816227969397,7.9528158456858,8.595082022291134,6.16346516595243,-2.6732676377678954,-7.618719859336278,2.911245603628122,-0.5485773474981831
-5.72599618451032,1.6829096047095478,5.969471467597748,1.6946709046934518,5.866841421922349,0.11650273220182039,0.6945388304436666,-1.1128131198032154,-8.585622622202159,-7.015875573900295
4.898973453630132,-7.430227753311589,-10.783079782521293,5.6685728428173485,3.940595194848477,4.055293708970554,5.5054329072585695,-9.349265280906762,-3.307543130115881,-7.971684874538267
2.9048091032208996,-6.081637681185549,-9.402801398363874,9.863181328006762,7.782509732747855,4.43263625873645,-5.183595616434511,-8.080032530199228,4.359824931231431,-4.172982599217498
-2.2531678887388744,9.996977112143835,6.305353280690678,2.9875397489588624,-8.720501422482915,-8.159686560011648,-9.46314633433169,7.349613965709537,2.5399592553332986,3.4357077427674434
5.3997405408826324,-7.6510724208950185,-10.096475825774224,7.560593467615631,3.4543512684510964,5.698746938220638,5.6011316467539105,-7.872225410797336,-0.9718294309105042,-9.519882716865679
6.443133666734619,2.817911262961759,-2.2729038005741606,-9.55439341867604,-4.462382402528758,-3.2472035079828245,5.055144364762003,2.552711872714343,8.146594581683253,0.29784772654200076
1.0397317391287808,-6.933863431187878,-9.25049554039604,9.030650213301467,10.643092333053504,6.019064166308338,-3.9958794854029773,-6.268912901052892,4.5608665219147975,-0.622868843101438
1.0655747644766036,-7.337110600164143,-4.989078137374168,-2.0782541314946963,-1.0265890631821342,7.413282479524846,-4.8435347611554675,0.13160826379082982,2.5639004452139407,-9.46422815476289
1.4327593792660367,-7.204909852009047,-7.6458984226994975,9.125913713694564,8.609913596063894,6.185588771064241,-2.5288133735309044,-7.752771031597599,4.277611339668267,-1.9491846617354156
-1.0450203843003127,10.01114490166413,4.920515240718238,3.7317901681358654,-6.507521718544407,-6.490950397608018,-8.891448409653556,8.54709179791733,3.118769468675059,3.5357742684246967
5.120460528407934,-8.15968176131727,-11.002886223441319,5.195747907704723,4.586499694493691,4.1151110212996045,4.979797217446664,-9.085419235179609,-1.361395151292589,-7.637266848667558
-1.5693202982671286,-5.345872789123192,6.726597840271482,-1.213621705632376,-3.7661304778234435,-0.7443306963340905,-8.096754929142511,5.052004112577675,-7.068257301044616,10.994019967874001
-9.37123915967725,1.951835773705029,5.107662397438589,0.8462686480489405,5.210978593743168,-0.3696619758358868,1.4602335655146128,-1.491641386379576,-8.672028064689437,-10.319675089512959
-3.3053344262392454,8.064222630732194,3.1962745740583367,1.4902598444802142,-6.962342215047763,-6.637017865615248,-7.887021512336527,7.850420839164497,1.8314280153109959,3.963255879541189
1.9470274929813973,-6.788295500798286,-2.6308910704993584,-1.9052540523088686,0.5999135629142622,4.656900119766771,-5.6891617235774445,0.4399348203305118,2.1993826689175844,-7.6947597749644725
2.319260820710386,-7.541716565890709,-3.4030212242571385,-2.8310827467215445,0.9894326092998293,5.699606718565194,-5.306027293674642,-0.4699156141210403,2.3513806305775122,-8.795898268656291
-8.845844428504162,-0.495045462075458,-8.504799727400034,6.109792029377058,-4.036035567222306,2.8904143629712737,-3.9892019509534324,0.6549533652470227,1.2035228247120044,-7.015339479426056
-2.2850162567554135,-5.546016129044778,6.526567256060198,-4.034794572460433,-4.405027568789288,1.626703129624628,-5.463735434312749,4.956090499136507,-8.759445730400511,9.212927647785065
-6.848507113608542,5.485015997165523,4.857490475140282,1.4134973709061553,6.6573173445366605,-0.08655922416440037,1.1741313187595228,-1.0248683601911608,-10.155893343905769,-8.758306044025488
0.9496842191355035,-7.427259200603028,-8.8144254574836,8.424279499091446,10.202500150142122,6.454325445330316,-2.1421634389053263,-8.293743085226737,3.562458379202394,0.013432483853790034
-2.300843390705886,-4.667285705775948,8.453800806903356,-3.7906651899917034,-6.715591015135713,1.1713660222115232,-5.980508971742673,6.263836241331826,-8.006783575196572,10.49013211313724
1.743865211082707,-5.9822625084992485,-7.5342573550545,9.217941370837114,9.284692890212895,6.997290887555503,-4.763825443969817,-9.001267553565244,3.418088245314152,-1.6888295800224402
-8.108555833387676,0.8293006526823811,-11.533463078470756,8.122142913146032,-6.587651299991597,2.3382524158735203,-3.240964775202431,-0.8728370568845867,-0.4895122318383418,-3.9209659060738344
0.5549906107498044,-5.894023335108681,-5.112189317431464,-2.9982765471211024,0.44261081041829575,4.089617772381281,-4.514259847357747,0.031048314379730657,0.699708062002111,-9.318342672748958
5.626991608263904,-5.176839087478989,-9.035894650462573,6.546712560898847,4.567399893557941,4.892010276665222,5.110764757855367,-7.618523962700313,-3.7451665215983105,-9.730764277801251
-6.748043901133243,5.764955363511861,5.77381683967914,1.3079016535529877,5.78350094266663,0.9988863206491752,2.2047748790850106,-1.147128457756991,-10.114548865445963,-6.917597130165907
0.729227989969734,-8.56023880809974,-8.472652187395932,9.474057156137158,8.590340473537594,5.589295908208766,-4.6679169382734855,-8.913482959216756,4.378156350847737,-2.3774486122056118
4.967153207155535,-4.35504721099066,-10.74997254042849,6.79782876284204,4.315019496484178,4.454277809644561,5.4197484818562085,-9.141721957224084,-1.9267808736507013,-8.525233850086314
-1.207456333653952,10.575797324925174,4.671882985293868,1.2197518135945487,-6.419655048212154,-7.557824963028053,-6.824940509109387,7.460058246581441,1.656978683552067,4.346131861785818
10.139227527136649,5.859352564494347,9.791847638905686,7.668234143833726,3.560556766903346,8.785564584160827,-8.719067382303,-5.987390941926726,-10.343530174379056,-3.799578520982482
-2.544714370520225,-6.18060028813897,6.576921030234531,-4.351381104028631,-1.7042492750447877,1.4834198872458453,-6.403385051150289,6.82270989810685,-9.20257680702791,9.605708239493291
-2.4751141547935243,8.244312897139679,4.873664748018849,0.4172740377371047,-6.548746958936813,-6.046580631667022,-10.832063399207465,7.697579485346275,3.249969227337468,2.9518105372297034
-6.216981776800813,-0.4266298602814271,-10.24431599125299,7.316797006672456,-4.169300096377131,1.8473072789906406,-3.9669646483626977,1.7288606690116373,1.2268040326064233,-6.377516278608213
8.783202812251556,3.7998014606964894,-3.564752049704295,-9.096572697861781,-4.129689562350003,-3.3614786304391506,3.418620104178684,1.3927783625335144,5.472760086363406,-0.5768544699735667
1.848550827328737,-6.384565712089597,-3.1960135720635536,-4.345847146631906,-1.4601810788864986,4.847991539919649,-7.819252321905949,-0.747844507937178,4.28954722250619,-8.461481849387605
3.712042756738798,-6.541787808288353,-9.926656627325748,6.5227204007936175,3.994715540158234,3.8869321170908506,6.346069079380452,-10.170760529517315,-3.1086093011296416,-8.200549371818395
-8.305001453888545,3.091834886688333,6.121056085202303,2.856762770459838,4.571287572815612,-0.4089847515619939,0.09522638737871103,-1.5732764597187754,-11.259389596622812,-7.0354452661769
-2.508990558134553,9.004985807059708,4.311984119715183,2.128360367799711,-6.054528926483635,-7.747239808986847,-9.496444245711267,7.019796886722038,0.6764293113909607,3.342193696199411
6.536640035892196,3.4757064222907887,-4.2567817599486535,-8.031769640281333,-2.060882399147812,-2.8428516813615285,4.511191108282623,1.4108251647150825,7.9075576426728125,0.4533946376313829
-7.982263905343346,5.788006615868902,5.499965730791408,0.0779543831429157,3.82325613966083,-0.421282288667005,0.679468117742443,-1.7371258158947254,-7.498055066278669,-7.438187933889178
3.993435882075582,-5.663724099769333,-4.124271220194331,-1.1371321553151343,0.9045142043332255,5.77792589978642,-3.534590584400948,0.25334761560251007,1.633770426904941,-8.205119157015702
1.8900844413424727,-8.087478522114056,-2.4711000795251925,-0.26112294233759714,-0.7353136437772552,4.946738860839406,-4.531070225790511,-1.1620683380562327,1.5135180525360221,-9.767108796946347
0.8916014861487283,-6.188459218560538,-9.426433846528083,7.757296534255581,8.884038424542478,7.236651942463839,-4.280042970103071,-6.48110305991321,4.233539045763471,-1.59104060418855
8.938102469869357,4.116061460665126,9.126570870185844,7.414444490584051,3.132680708749734,7.650338104932431,-7.685636736533167,-5.966349162225402,-9.77171573240265,-3.253343556242771
-1.8308431570982344,-3.012066338899317,6.91519435982176,-3.127477676169453,-5.677359045858754,0.7550725020622332,-8.513665320794189,5.734015393660565,-8.572044774796188,7.377197241299871
-2.9880350790611545,8.1515103641552,5.333357748142095,1.5811570440216025,-5.8196908071046485,-6.2631036436992495,-8.154758433435532,5.957567204298169,3.2342442202505763,4.422702087154765
-8.918524354524589,1.554059105313377,-9.484431742274893,7.661578920136668,-4.257613977411457,4.58703976262414,-4.911846420320109,-0.10888936617231415,1.7810753215498454,-6.014916577062459
-1.8083476680134485,-4.858066929538701,7.188429685859033,-2.754165837200217,-4.767884682581432,2.4187520682000345,-7.283828086051724,6.6667626296426015,-9.208970032396685,7.712199400879166
4.134169693949527,-7.38990863055086,-9.581357443373031,9.527380558554716,9.39242909292351,6.494799368590155,-3.680410821040269,-9.136949918679761,5.298019459322622,-0.3034079193188637
10.399737848024023,5.857032914371108,8.471958925278168,6.375850621175839,2.6904131238359525,8.650343015688438,-8.96791768961571,-7.210263016611723,-8.434021372405988,-5.094629706351678
-2.6784379531489058,-4.225530780381163,7.453123152727102,-4.435846520109449,-3.728612286095248,0.7355414076347646,-7.178201718972199,6.632551461113641,-6.76288180628726,10.041380532416444
2.5184260855901783,-7.914378830104409,-8.873330976706944,8.25209328850338,9.670110847339911,6.502073209667456,-3.4265787257674,-7.759261147123235,3.0778351884567385,-1.4579536145596528
-7.780378619480988,4.381182682809195,5.059430627010002,0.2538619153788614,5.50424357447243,-0.9184752479582002,1.269219789693694,-1.391766072108936,-10.531360244870138,-5.435295793849284
-2.270353312174145,-5.783572010257626,7.2528658802572945,-1.6123580946853926,-4.0639355900837275,1.3430460249249045,-8.416316886871531,6.750803248230021,-7.1629733034782355,10.142324206281799
3.0517886160692713,-7.515754841744843,-4.107515201634051,-2.264884083228675,-2.636387739601353,6.274103927980132,-7.463823644416637,2.325035367178722,1.4437762925991544,-9.255866922794636
5.578071471926833,-7.249365339615597,-10.12576843850663,4.856247214285153,3.639519194198367,3.9893378097188585,4.770743960048374,-9.57111512310724,-2.56140815531766,-8.000689115209267
6.831415118081372,-6.614252405636572,-10.717128682128319,6.230335489543859,3.628909184110478,6.795129261419616,6.485764227094494,-9.109799387773355,-3.306022540372979,-9.702067084565144
6.232048271779134,2.82830440243584,-3.6526540273722468,-10.549830240530447,-3.582697273169693,-4.033777325383154,4.93788020321465,1.8960967704848395,6.53787128950539,0.6244228012280557
6.551974846656192,-6.717767600434531,-8.702870180299985,6.005926746897308,5.567766431179781,4.039234357136191,6.160854258447308,-8.47639714540373,-3.9570632728094903,-9.09858326213056
8.057183483179044,5.4093818834053895,8.22351518210166,6.294954494028008,0.543180118745717,7.171524876662003,-8.288579712404406,-6.538295751820452,-10.054642183885154,-3.8852764143556637
3.4345464344857644,-7.666618396463258,-5.952236225915505,-1.2871879001846849,0.48078490757146364,4.337307636958046,-4.497284337005305,0.6668059388647505,2.008976875366503,-7.456208491352718
-8.064213538111723,-1.21530831590597,-8.022069553929638,9.514105904507309,-5.020192069139717,2.857685764995446,-5.581260391531092,1.0973216788598208,2.587645695691436,-6.940105606749015
-9.750372216120775,10.593374454751302,6.168638381876036,-5.484367000033485,-6.154151798523299,-6.376953920942247,-4.347814654205838,0.8875846511152774,-2.2872628906408936,-5.3848525249982195
-7.491827218043603,-0.002916338388450193,-10.326651200979217,7.656396737534256,-5.754326977868823,2.025471680049832,-4.3594779051990376,0.4758728086525501,0.36156706744138967,-6.6264135589144315
-2.8309919319209977,-4.841981424247292,7.1301730357815485,-2.313573164224868,-3.13630075744069,2.7131658110036385,-7.702584377745756,6.178813773360434,-8.702392935956391,8.63043109461147
7.179237354762456,3.385235117284251,-2.594971147437773,-8.722415852522548,-0.2438219108133901,-0.5686883235962279,5.984016045498101,1.8459608213124832,9.17722171412776,-2.304233938216126
-0.13382747885884827,-7.741181957337838,-3.3387932929756747,-2.9668574425147995,-1.6994392745095719,6.144275982299037,-5.100181121435654,0.49532421348729094,1.0470710174279665,-8.614788426448301
11.276038638787824,6.19347878190966,10.681665730462289,8.737326380894789,1.894416181300151,7.41812321347667,-8.028630287812867,-6.141211923833326,-9.189101507127454,-3.7024924616339625
3.6492802484646725,-5.897058299505076,-9.221079123733428,7.125585552821149,3.3909571161314647,3.4779126311547435,4.838354968596381,-7.328235935358741,-4.54024107443851,-8.898585804549217
-6.611716143500299,6.2288184928647246,5.046245317511587,2.644174337276004,4.177779296640432,-0.21632667554992893,-0.8415370441744503,-1.7615434746082088,-8.775918608621273,-6.723537334850236
2.2257488502443845,-6.315995958779153,-10.181041415776836,9.134749915263434,9.383872058950201,5.2638081192277415,-4.446251070101066,-6.531381326428766,3.559485609948275,0.8742211773251376
7.751738276306708,1.8665412168776656,-3.8657985744792054,-8.65671851640268,-4.216919901931719,-5.2793264615950894,3.9419535269072106,3.36606911366224,8.39025794565579,0.780532203598288
-6.583624026642601,-0.20792788055401235,-8.52718255478282,8.29536175884645,-6.696645430244919,3.345906154638469,-3.4302226235721824,-1.7906248749681977,2.8782538806674913,-5.991703295316687
-7.1618013292486715,-1.0911132277458027,-10.248997010278643,8.15863931123429,-4.164826410593005,5.113341240193488,-3.4627876215460516,1.4088918260447565,-0.6786453478985757,-4.289955040055476
8.921167832882986,2.233343531592632,-2.082569953752656,-8.43837472488225,-1.9282465474740111,-5.2764328597453725,5.074292749105251,0.07825461425953195,7.686185381602475,0.46529097362045513
2.849800829530532,-4.344619112105443,-7.740260295332582,9.131258721490582,8.138536281115016,5.587029785135103,-5.343679594560603,-8.261619755933184,4.610728123475983,-1.2006212136884886
-6.971710013040429,0.7740889194259152,-8.669298245272989,8.058238871309149,-4.858284210813581,4.028086125055583,-2.9897756182770543,1.569593022575678,1.4853025701754317,-5.706305275897404
10.48326009451566,4.895788451177836,8.27588749210382,6.832216295949239,2.052034974936805,7.721026184101054,-7.237795227714821,-5.778303428527935,-9.667280007513687,-2.6431603328976934
7.435376253997955,1.7744873563786463,-3.4029764516839833,-6.972593413982596,-3.4472833491057777,-2.2560978561901504,4.077784756644568,3.0137903973171403,8.538569893978076,0.9420561819703948
-9.065601535415302,5.325740056158036,4.64441840341893,1.06151712408005,6.283660692785476,0.6471153175687379,0.9286027645322141,-0.4196973911234294,-9.082570865890972,-6.394638678346099
5.5984016909910626,-4.266058831472349,-9.972843466773075,7.24151151821983,5.652679273706015,4.678472376242563,5.882205043555128,-7.493091854264432,-3.1968703373267617,-8.496770525015899
8.429262383641127,1.2251737579069146,-3.1114995335891376,-10.569087647537032,-3.506008790798064,-1.3342533787241395,2.812311137957083,1.7364828849374296,8.471530066100152,0.2894929782091473
-10.7772512321373,9.839957692889366,6.8244563658128055,-5.905168909906463,-5.554242027734689,-5.09958119771666,-5.440817550096088,-0.10184339525635822,-0.5409560330346252,-4.643155879897743
3.4736398699085527,-6.458405330075736,-10.266740487884185,9.078657715356247,10.405166076169607,6.76738797763548,-2.8086515539786205,-9.412804349269432,3.2706552951047327,-2.121642355731505
9.551925382847449,5.368296889978338,9.480748820869069,8.27540909129531,1.6680227962388305,7.402253857642522,-9.049858760188362,-7.547152217009987,-8.954884671638414,-4.355532167188384
1.529131350439934,-6.68513054966609,-8.695194283739204,9.221951797927238,9.34965503898733,5.74083641359659,-3.564676085838544,-7.580410589377368,2.919525863133517,-0.770582306234416
6.809700432873405,2.764923149938118,-2.7211546725725473,-10.065407613249446,-4.464963590341049,-3.048689166388345,3.9269769604651286,2.349373340441272,7.916899553696472,-1.5356269774509508
-8.17816934276511,5.530901663956148,5.463653418513127,0.886711087418681,4.364705783162768,0.7224235144288359,0.40076916009555164,-1.1813773964709928,-8.88717612722672,-7.576418492819719
2.194201646787252,-7.135849096769018,-5.068700405881783,-1.6827019034098059,-2.0347276828103125,4.5947543324552775,-5.639164007685319,1.8875330154502021,1.4956982801764425,-8.37001942289608
1.8924230574394336,-7.846379621945199,-4.935694076107349,-2.028698211168943,-0.6515372625151309,5.626297516261848,-4.7113758126374625,0.6896301220875756,1.009633739720265,-9.751900574735739
-3.2791936892502074,7.718169463948427,4.183758008753913,2.1545963040547034,-6.284597725315705,-7.437532646384268,-9.251325578779444,6.396824606651393,1.9908610644893991,3.313022921730094
0.8077910147764447,-6.385454162267733,-2.6037523302397423,-2.6329636800101497,-1.5459843700194087,6.063650179137835,-5.589065325469639,0.36583260012185276,2.027006501576803,-9.244806596069417
-2.1775474069349667,-1.9815524932929547,5.735461746366105,-3.293742074832224,-5.15667881800949,0.21316559817220537,-6.3079117562953035,6.61026358134517,-7.633577700986822,11.080010324162286
-8.018695693479634,-0.37993778932890787,-10.032043128688903,8.588133679301803,-2.769207625408948,2.3756044098464217,-3.371815254477176,0.4463093805769264,1.6028353449981827,-5.606117928993387
1.9354203218644266,-6.026538344349314,-8.843554907620858,10.801069707103132,9.393354388217634,8.508669573854899,-3.5557130254417224,-8.260234890460538,2.785212553983463,-2.639838699265667
-7.768084001869088,5.680824088626602,4.733325620148833,1.2223477265387486,7.428735787111227,0.14214741944994636,1.5797951576214433,0.05461048111326483,-10.043480734168822,-6.9333966684876
8.049601650526155,5.5884823072352985,8.892861507420555,6.927938513099258,0.7712539617933376,7.955914017694601,-8.165216980388916,-6.537896932998554,-10.14632967144076,-3.2041211327304073
6.855328063626441,4.564561318190558,-5.274125790179671,-8.743334477083756,-5.678574917311167,-4.0460412926275096,2.8909686011573204,5.0519381671950905,7.388706983465543,-0.766730990071031
-7.001111290021028,0.6653079284891777,-7.455814059869297,8.946727357335066,-5.409586220598946,3.6427182137301886,-3.1395342121484626,-0.5933568504797035,0.6492747682224151,-5.202519065433993
6.147157757846694,-6.4962690257399505,-10.280879735048236,5.377471787291653,4.905400714210228,2.6186877987794466,3.2211706288618784,-10.523966337769037,-4.9733747118088765,-6.325477907999261
1.4365104783247464,-7.3698941309850206,-9.035118143012161,8.858287584330824,9.347865967838999,7.084325789692552,-4.4061886990734305,-7.849705793397502,3.8026882441869563,-1.8055784126740382
8.10243389859351,3.1595686620523176,-1.2178896927665104,-9.313197652639376,-2.3665702554054295,-2.3406884367395095,4.641589974775318,4.5904104672291535,7.597696697558662,-0.5333849402017752
-6.651578371752566,4.67323312336655,5.624882989166729,-0.4645772562247059,4.16073206599398,-1.2580578144729693,0.5130073003392152,-1.7307004909665689,-8.680289112590886,-8.807719146613778
5.071685753181191,-6.269800144664779,-8.626182841931234,4.9577321571694,2.513829954609859,4.699515687483711,4.929527209979596,-8.159483043974246,-2.114108189373232,-8.788962066062592
-7.3088366058251175,0.7296668360483556,-7.425063516024384,7.009444836516318,-3.6864901931950778,2.920082224586009,-2.8304286589370484,0.3601396801880988,3.0612101257585884,-6.172823953227721
7.433227189887835,5.795263708727894,8.678098732214602,8.746128876025335,2.3746207622924578,7.773504420753873,-8.939499997263272,-6.603126224614015,-8.515391174418612,-5.795607064289957
-7.628913720584308,5.602533181071589,4.863497241239492,1.0104593562862192,6.570049325557239,-0.27290399273942545,1.2315655607780385,1.2172880777011503,-10.06868176523291,-8.019226181227829
5.265222342216718,-6.144022714237872,-9.387953169206591,8.755167499770806,3.148015730016761,4.621894848809207,4.229698586494875,-8.540019314876103,-3.5047463327689217,-7.802525220549566
8.973479043086073,3.922500880330851,10.732358508432451,5.5118023913839895,1.5073804264352124,8.544391629753589,-9.005528963098165,-5.86821101432398,-9.8950557967354,-1.9632989210615637
2.3934929751822267,-7.183246719939912,-9.894437856959922,9.602317389960945,9.039034104957018,6.3391910100142175,-4.189184696420883,-8.052619545645916,3.235375182307329,-2.165033714361801
-10.77029211015217,10.394170722086331,5.950590967257043,-5.629042101689864,-6.744264059719792,-7.601375068944137,-4.0834555639808885,1.094231964508352,-2.5688590197010375,-3.3663044053077824
-8.563536001802223,10.566777407513268,5.650031946674386,-6.9755824014217165,-7.470370947392045,-4.997403669593486,-4.462346929691736,-0.7562275495945296,-1.7920958273774983,-4.414022727753789
11.072478208155376,6.221927108798679,9.77311905907837,8.680288488716755,1.8187112139922001,7.745887992558438,-8.632240218379103,-6.272169206003842,-7.319168152461323,-4.8297498157642424
-7.6181051583467445,-0.3746303713284675,-9.84951858858802,9.598477472384921,-5.871066426631351,3.56655014018604,-2.571731494549206,0.782801948875254,2.175323959360967,-5.73919616706053
1.2666210016683488,-7.076738467922392,-8.48658805427092,9.858517598550888,9.49207018278612,7.453705998839787,-4.569414487498906,-9.187136209360876,3.992788866779642,-1.2741304013216694
-9.16992959802167,0.28974975688790683,-9.366876522460103,8.029903392974788,-5.371237613760126,3.3372331133536814,-3.2559605697648206,2.792008557892065,1.0465376552527978,-4.791769729476785
8.889855837905852,2.79025429087192,-2.4261670785229805,-11.082065821566331,-3.144048869337908,-3.013569973999165,4.232054314775525,4.646680333319519,7.25104646720673,-2.1645757186163435
2.919051193701735,-6.168389934304566,-3.6054267970396676,-0.7758743862540847,0.7564068500721384,6.144555062711036,-6.845105016314308,-1.025298743459535,1.460909632226135,-8.317778299183889
-9.951622122472497,9.694769719934195,7.182548064014629,-4.260265163680649,-6.754525322723564,-4.852428041070451,-4.574178967468916,1.823775044189401,-0.5436325004593128,-5.088875775671384
8.79962888300869,6.57001117713847,9.146019275271868,6.482715716842626,1.0298676823719175,9.98858449965927,-9.656944991785787,-3.799343413542237,-9.66681639770102,-1.9125784784414794
7.75045815922004,2.9925526762902064,-4.528160600937134,-7.223568983233141,-2.8288458391135514,-3.2512101292973608,4.835730111065386,2.659674426008669,7.175546008291846,-0.0211532499433007
10.388630276092968,4.327678174949959,7.257607829841691,7.945796944472649,1.1901999594777966,8.469229974874304,-7.909746438351909,-8.224028980545635,-8.405604794130697,-4.663061887689961
-7.417087290574383,-1.4045833747470826,-10.066007036253243,9.739687229268135,-4.770885715419994,4.1805314918710055,-3.533765389803752,1.7156422665857407,-1.0646319457336268,-6.491128473508465
1.6618714448040734,-7.222023610053391,-4.797253534389337,-2.164750843071566,-1.5917926200254133,5.929823435605408,-6.106697125619562,0.4996147330489382,1.3885499821778107,-9.410080040126871
-10.1881321374038,7.8394100482160445,7.468226084147842,-5.329328303990491,-7.329283288721947,-6.870483476227948,-4.381913952760686,-0.9878557993376609,-2.178782023762819,-5.309247552845515
2.0172398576281494,-5.290846939109046,-11.527531389599645,5.429375125802331,4.429590468147368,4.258636566242394,7.5747041828971735,-10.02834693839872,-0.5919643332145266,-6.302034200446827
-3.394454490379973,-4.228640499790273,6.544177398696094,-4.176554843554952,-4.900729980341909,0.037140184904416396,-7.82318304675165,8.568910011887441,-8.811567031078614,8.856487787838198
7.79135965001667,2.9161997713095023,-3.7771322594861325,-10.448324016522518,-4.665290247218696,-1.9287382333376568,2.8985519737127907,4.068671669077485,6.015673951493616,-1.3288517238504953
-8.023703935881988,1.4739300425632194,-9.201008662212205,9.416189568548358,-4.9382206941832445,3.321978869120585,-2.540357416753114,2.595285575360661,2.4945724043704742,-5.425776270111609
2.3574026631745966,-6.500289239379421,-8.63595048139518,9.50139548644583,8.10011871440751,6.579307239898929,-4.347340769549593,-7.846575520008635,4.642070375475328,-2.4213498984290025
-1.977191424230807,9.375947189445338,6.401066961095475,1.9728560113289573,-8.061501316572071,-6.43063568044364,-6.752280707098897,6.308763422312851,1.6608374681701898,4.577897594022361
9.890975496137216,6.04892171223476,8.521830147340596,8.582730565057682,1.0354532477736196,5.983394449398201,-7.523257785841501,-5.914752246779626,-9.705532465803211,-4.964546146709758
-8.611878736885883,8.26604790252388,5.549936561280242,-5.065791031307973,-6.452044870441,-6.785801219084452,-3.025097408333786,-0.11213278144132721,-1.5613008814580551,-2.776189245968002
-6.799464443978578,0.27415217417325943,-9.851459114485198,8.69268651306323,-5.277558261685597,3.31351071656776,-2.7907344234889138,-0.2023806696100472,-0.23820602096815002,-6.448045472510801
-7.8945187776217605,-1.3653343903803754,-11.663387790807802,7.2473447916359435,-3.0202957034133604,2.940763905042912,-2.989810317315376,-1.723084719537142,-0.07408048109873477,-7.657400506851809
3.6290809736677683,-8.323284616262418,-7.839273088996644,7.881085700919348,10.168375982352028,5.6929902578078435,-4.721696412423098,-8.656460426821525,2.2390503294665747,-1.1565211853745059
3.0109350678904123,-6.369081509997543,-3.5827206781617607,-3.170132667266429,-0.16405055419577474,6.0125736659645606,-5.872582473880793,-0.3270043534295658,1.3514152498993215,-8.997104809475491
-0.7115110962032276,9.655128989465332,4.068699846445305,2.5457524652968906,-5.480271754565268,-5.955475910363178,-8.778697386715836,6.676586137793129,2.7205235484777655,4.554936941342659
-8.103776484059471,0.5176858962631369,-10.149185617394462,9.510170104410932,-5.623536568856126,3.603195295705153,-3.9533876228560603,-0.6155340906813849,1.835121348650902,-6.91704269835625
4.213460074501895,-6.624418058318623,-10.441084481808685,6.293738546979754,2.682192410700052,5.160256733812053,7.086345752418704,-7.08998975983809,-3.414729576412805,-7.013963648339047
5.642635721516444,-6.645075880754541,-9.919196314535148,5.333539226391467,4.480871554510273,3.433589782846717,6.169626779318072,-9.254059238089953,-1.8822926161263438,-5.775324551815429
-1.4274308953799215,7.702066934766915,5.26194882653415,3.302103003476142,-6.492818670462068,-5.78912916808998,-6.826057310935245,8.347232461605685,2.2716088305059046,5.206540030005662
-3.6008984991920645,8.62718642572392,5.3354165937938784,2.822271794683876,-7.173594138815452,-6.951708845134013,-10.35620150331682,6.966493714692094,2.9126833983839617,4.736656572027475
7.355114256455829,5.554399815431263,10.438764797013736,7.757989592121995,1.596664189530157,8.413116857966491,-6.05094484705284,-5.328438524963962,-10.02902947348963,-3.4652894808326096
-7.2795603538833324,6.5721344783558875,4.5076280325628835,-0.13435740673948238,6.593495696762172,1.742750040185002,-0.1805355390174599,-0.07137778812726392,-10.025073282507144,-7.2574184446270795
-8.976040303978559,7.838761264113661,5.571132070216834,-5.41005923223706,-5.74055662544468,-5.690368157995311,-4.702191419742545,-0.4831370166214828,-1.8677344609456044,-3.935544443754436
2.8673272416861666,-5.433784814133277,-12.006868092791798,8.826347841490923,6.4368672338629125,6.049738516758275,-3.9148958275139134,-10.52910170578316,5.609498892323003,-0.9109343175733482
-7.884213897273091,1.0987236046285014,-10.505125771332416,9.663320337885912,-5.89181735388835,4.099827264457251,-4.138736988424906,-0.7435478340827604,0.43730653971299466,-5.757981701310465
-2.961503942301827,6.590406801569365,3.055976012742378,2.7335843400850295,-6.093827032500438,-6.454652031490982,-9.805303899765223,7.275811559356724,2.018697695773607,3.003086866728366
-1.6567289796197997,7.785102530397905,6.0919965354106616,1.9873189489064902,-7.47603859912015,-7.1792913657033814,-8.029408487243291,6.739067623648265,1.272942545441398,3.939914958337171
0.7496430238289982,-8.179947784773468,-8.401800993069502,9.916306548241778,10.183685954636404,3.785955689192563,-4.152789703575848,-9.148649675464881,3.828397968063994,-1.6147736440173541
-6.989487214009369,7.67413523237185,7.342676269867538,-4.586689450213473,-5.472156754252741,-6.536265529576972,-4.205596622820395,0.9392738037320146,-0.5453451405056158,-3.572943759756798
-7.615957923787278,4.1993598963561904,6.546008922768665,0.9880058114959992,4.843766495816099,-0.9390793770806993,0.280109656434237,-2.184425901607163,-10.35639922765715,-8.732141585801006
-2.3224308585756717,8.258903195844999,4.028361033236153,0.5665085870925097,-7.802860437262174,-8.231794198892281,-9.814201009613344,8.377164712106543,1.0729013460322325,6.793833620758299
-9.74533494252866,8.188036099825728,8.24025318377124,-4.876503600048361,-5.399344771686009,-6.637354505373006,-5.644338030312666,2.448046015134268,-1.4221971351635534,-4.924216992059215
-4.2107526561009685,-5.603136787955264,4.31945836339635,-3.1896484608529683,-5.592528004552448,0.03960326442529516,-6.090947353721875,4.289110555345715,-8.379251385373772,9.86141517449076
4.676932361433091,-6.908880306867773,-4.768295531545923,-3.5051525790956086,-1.3703669283154833,7.880812675409338,-6.405781002778768,1.1915593028825175,1.4723631317694934,-8.809807204320416
2.43511482033274,-9.244478654843526,-5.133532569027235,-1.6974273992374065,-0.42965759746628296,7.451654800384557,-4.323876762819508,-0.05755636187455926,4.351529182310339,-9.046512075748135
2.3448185149127005,-6.526323922403943,-7.452803142416465,9.288549142605456,8.768239641912274,7.215796019218971,-2.6772402601742344,-9.384888346692785,5.217444415011243,-0.8322383519994876
0.7424736538227579,-7.089480023462805,-7.987922037749106,7.80666970540485,11.45361095782154,6.18236352496477,-3.8588762233231018,-8.7132029128303,4.1813982870188555,-2.354951931730205
2.8143202616485095,-8.661035715553176,-4.982067715886878,-3.8735821339612064,0.3954632678568688,3.150979075839523,-6.408834379585528,-2.70901783438839,1.0170034817589597,-9.561940695331911
-11.741223629841468,9.367410540826471,6.08692270215051,-7.182122392946203,-5.174274194602202,-5.664664655502082,-3.9433730197464754,1.8594548768156238,-0.6985635937590722,-4.998273097557593
-0.6050610334797433,10.640245043560384,6.858659069676236,1.8141244735406807,-6.584002702404175,-8.396752142696737,-7.3613933305177355,6.155743364230768,2.239075798626805,3.064149028288065
-9.1788715834417,9.12152527152074,6.7622472079751255,-5.294223784760186,-6.551703094630809,-6.435496656337104,-4.129030308363885,1.4654448344330386,-0.9423396670301887,-3.9548336583018004
-1.7159069903166921,-6.403792129405745,7.5280604928046,-4.305914281487293,-4.77679344523907,0.4456565531693527,-7.742955607260273,5.979137916599273,-7.730426772427886,9.696937150707138
-5.556349983031766,4.276103982844241,3.140384203031518,-0.16128280927519922,5.977580340729962,-1.9013152973496885,0.9527076722525598,-2.2291475938851333,-8.31390133311237,-7.674658593589481
-2.873275981527329,-5.491219017162669,6.784979781542804,-1.5915549762275754,-4.610434433262119,0.15305800933676728,-7.437686175776316,5.482545104178306,-9.175967645516499,8.294144150510094
1.4305281831321124,-8.032371280321506,-7.9144408798187715,8.410515594051565,9.955876080043748,6.557812120394939,-3.4294242242778976,-8.012956012518766,4.068304915212779,-1.316404526464308
-2.422150554814579,8.715278777732454,4.731639612763604,-0.0143992306601608,-7.099299078988782,-6.5229970217642,-7.360433711894494,6.805252697225056,1.213806631970988,3.6596945123363724
-7.718067663686332,-0.34818613838211354,-7.549054648322963,8.663935952686826,-5.397705290231062,2.9730282556499965,-2.7095200247638296,-0.3348262865324032,-0.5478220949454178,-7.7113600300915035
-0.44769404641635235,10.222652358791464,5.663941362039564,2.565696633141915,-6.101266114984632,-7.43129530960448,-9.656526640058317,7.320148458087751,1.8521156123392473,3.7082235065936335
-2.318562031787726,9.955596708965805,3.607354932700562,2.371096733887541,-5.07032084141816,-7.09815548866832,-9.685961685255094,6.671434026905643,0.9326671975217873,3.3766896477932056
5.388093609375207,-5.828656727474471,-9.178769765939363,6.918089228888856,5.694223642518076,3.607455268322178,5.192821523074845,-9.404411521515964,-1.553398359752477,-8.185092697693829
-7.39524120899048,4.760008199225811,5.1352743960233385,0.6991778083408312,5.0864024879891705,1.069887841375809,0.15903779855344918,-1.020455960441767,-10.460417867705871,-5.801892317218758
-8.35139341933881,5.56619516924083,5.3771506160336635,2.00534549061136,3.7166379530917455,-0.9226298939631599,2.5410455469247872,-0.5951322968455293,-10.564951301724117,-7.617140919438886
-1.8164285912038896,10.120119194493034,5.5013153618609065,2.2244863321788344,-7.11092813408097,-7.456529169610791,-7.367293065818906,6.62402769533106,0.9852341612941795,4.826820490953739
2.2075502958285185,-5.7466871326981686,-4.010096195682773,-1.5357042740806437,-1.789880372562239,5.498226706231759,-4.522090318392577,-0.3916509474913129,1.6969923374711424,-8.814306514708566
5.816973168630199,-6.200408030394368,-9.996983910740845,5.490631069773407,3.9211912275660703,4.0389008105725654,6.5553271124800085,-10.203178629176954,-1.9414255376700846,-9.426876490186388
-4.418553710560043,10.332588453050992,4.712559360557442,1.5616765393785519,-6.968861345372719,-6.917680238255428,-10.569529060080935,8.81846114295194,2.0636258671347942,4.604453686368284
4.836486736512992,-5.7429064925693645,-9.224531040806365,5.085403631205924,4.408661192477312,2.7860873376007005,5.168872969278461,-8.842787390798962,-3.0598224796296396,-7.994679265888621
-7.996076246210235,4.762513249121527,4.394796048409008,1.05885982549583,5.928942457407352,2.042361055604177,0.38018726964585414,-0.6096903180267653,-10.66342561282308,-6.1475386157945495
-9.450231705666404,7.512068339288859,6.701912128941054,-4.887928030299227,-6.8403771165018235,-4.654793932744453,-5.375656040227733,1.6863893142765898,-0.6859625707507644,-5.89145044434985
9.837946065248417,6.6525972978313765,9.326850993923628,5.44299143690255,0.8430100738246884,8.48493323109854,-8.474449364225626,-6.407617905556292,-10.078210914630073,-4.898977467812152
2.638910524404776,-6.568713502481626,-8.388814314192903,9.114137663133945,8.186689765355792,4.925326817384306,-3.9865504960060414,-7.966700884103018,3.6959929086108714,-0.5208485115580598
-11.085542508568125,10.124708665575946,7.342558928544621,-4.168723411277418,-7.153517752673196,-5.639094592630401,-4.198861869173977,1.6856036178382394,-0.33913685047954356,-3.9642077968147045
7.695857789149619,3.3072575206668122,-3.4723310718481954,-9.451124759032194,-3.8174125884064685,-4.25392859017985,5.106384224444424,3.696883085097237,8.190944633495187,-0.16856594643836909
1.3782236473683094,-5.803219295353892,-8.058912059261493,10.665867797969456,9.678968145032265,6.688624729409295,-2.507624804704773,-8.674220415899018,2.196402317420105,-0.9968560660795794
-2.9253920279380043,7.884216789157964,4.189865978232287,3.230318900803305,-7.4149622781674935,-6.521655975066326,-9.569284032351483,8.081444765422322,2.7078079736543796,6.010060389217321
2.4605816569891266,-8.69410184642658,-2.705180396980915,-3.620293875098278,0.37445789458463374,5.61327634641995,-4.830513371635099,1.4194573831389976,2.2784343515562213,-8.562456427972915
8.46479664165791,1.8574927551505112,-1.9727510686122245,-9.048459694730758,-4.108560435720367,-3.4023180567514717,5.431588479900308,2.1421512319521487,7.346205552693956,-1.8038691069219277
1.5306327413610878,-6.295770174580171,-8.372372180378054,8.464397656061005,10.096372058244064,4.769848947647346,-4.1521244520700975,-7.490699260554915,3.3970763826510404,-1.4037045286372443
3.1836092558710636,-6.389214265790056,-4.151649185014323,-4.200344075481925,0.33076886267548256,5.037255841499482,-6.4598778069333935,2.5967328246317636,1.14465493313162,-8.328781783173545
7.218832001974066,2.635408458232473,-3.754044035872935,-7.913464579823825,-2.67424385700099,-4.455949939457077,3.3977509350258486,1.9550351957940313,7.7929728704172705,-0.20007025618033858
9.398240447009545,7.037984200598904,8.108578918584174,8.95053249193005,3.9326519384435117,8.608528769386485,-8.757166946344917,-6.853081554567119,-7.790851518441914,-2.216699185395064
6.380959777520115,-5.9265613360472615,-10.247752657170967,7.565749004413894,4.666038973085348,4.466706864199839,4.6588156602738255,-8.773549756849986,-2.3579382063576415,-8.462967685612497
-7.536236802662016,7.692237948349151,6.02175999123614,-5.794135321629546,-6.509981326586149,-5.325498762904769,-4.97299175941948,0.7558954501278204,-1.939311725377439,-3.880276216701745
-2.0363179613083005,-1.8665497910333246,5.889213553212906,-3.114877057389783,-5.049422205885415,0.29070527763738596,-6.3657411471193885,6.759822074716863,-8.514850629725894,10.764035317279458
1.91131900126497,-7.096788323053861,-4.399835618606666,-2.5500342264206823,0.40834697045713875,5.578970748173849,-7.169234796160567,0.12304497379362161,1.383889595830939,-7.647092808353194
9.187289947977433,4.480672932207965,8.767212160064553,7.604492978303085,4.28106890344262,8.872878948942246,-6.650432491513388,-4.949055645258369,-9.057673621991741,-3.9371125876647577
-9.323387346246678,4.08721940295753,3.907551671067627,1.3882120506846332,5.2589262286493,-0.5261188657137619,1.5011727469883984,-2.435543834841706,-11.339599936519962,-8.06756450719109
-9.352272894886092,2.883770697422361,5.092517594358533,-0.6518805012358289,5.309204775411866,-1.018347695945367,0.3786798601402908,-1.2791760345078078,-11.349835932582204,-7.517094759735034
-2.4073413277907636,10.563306279693508,3.4007717605742007,0.505644418188292,-6.714866349914753,-6.8292218914199285,-8.664986092265602,7.567476113407204,1.7990979802293705,5.651314994522991
9.562195833457018,6.759099441018673,9.86492946998771,6.714686331084119,2.9434013931286422,9.62862807321037,-8.381327632313976,-5.571895647819319,-8.601452554486222,-4.343360001409014
10.473347737060852,4.91870269755192,8.220149573692733,8.569968415644889,1.1015234870941302,9.03025418598559,-8.073317792425419,-6.936532856209214,-9.06958771150094,-2.1883117925962967
-9.408656136701772,4.148004830238385,4.884156223765947,0.6891794266376807,5.569547977927561,1.0763398644684652,0.9086847572611982,-0.8006294292541447,-10.571405042358213,-8.361620649385
1.673976817395216,-8.156687305486978,-3.026580409758326,-2.641955999128216,0.6621520608574918,5.17703687306535,-6.441319050205022,1.1002830128683954,0.22531641523728574,-10.284455105752969
-3.626513469434604,-6.092192923368616,5.505725597184192,-2.1181687273679777,-6.379625552739956,1.6836955143093237,-6.789459752214517,5.78643766454888,-9.989616788804996,8.941271187119128
-10.256453162411718,9.591576495164045,5.300675770580946,-5.737535549962852,-4.463232231547023,-5.308853247679084,-2.2716136316887163,0.8862565095774835,-0.19358980417123917,-4.8993819265069485
-2.733438715136213,-2.1495132410552578,7.517970564514221,-3.390329918468454,-3.1684560674681785,1.5843324582479754,-6.547818353041469,5.9216956834923025,-8.088536274766119,7.6347808314176815
-11.80688008003505,11.81697482255335,8.144311061251393,-6.037843290688156,-8.335589682501805,-6.043881434625835,-5.359080687883003,0.9399821702022453,-0.9495339079934033,-5.116820365041186
-3.6861597358227183,10.834830036140136,4.073484245013378,2.804786470121136,-6.670157107503497,-7.864643643757915,-8.844282465848739,8.107525694809452,1.8340388997778692,5.354564501771937
-7.391133841842828,-0.819409315009648,-8.207675052704442,8.681079561023667,-6.5963600722337,2.7247853698357867,-3.4866811409902367,-1.7582062540864425,1.019275672252987,-6.144931516784199
-3.280969580445625,10.623806793974294,4.867374711960155,2.60913743465247,-7.701703202979197,-8.09939405979814,-9.40777753112812,7.199501528108706,0.9580802280468268,4.151606747270526
-9.513800520257178,10.423829157112468,9.290864726501056,-5.155118631387011,-6.314172490063144,-5.6094628177103445,-4.280435999013131,2.8830963381694894,-1.1810285894617036,-4.448350516264674
7.6188373078513525,3.1241129197345763,-3.8277224027606094,-9.328371579688012,-3.3197664485727545,-4.621178885889937,4.053921603736708,2.630790179008039,8.483286904433918,-0.9833745822249866
4.8637459318846865,3.4596348810131206,-4.718943766155329,-8.740553327892322,-4.22183998050211,-4.136992135602396,4.6390611180160874,3.64477696459986,7.775575964537601,0.8541932632926159
-10.245445076362008,8.70047813934164,5.995389920283628,-6.139759402332237,-6.999041754673544,-6.1235872943057315,-3.5547864249043846,-0.41551645453773256,-0.0900343011506517,-5.155479497879775
-9.355399962273005,0.43384438447500606,-8.75705780871697,6.946737602223162,-4.862251058809779,1.6136178449267773,-6.612152794538594,-0.6665158033754424,0.31758064460359614,-5.658654708678667
8.033429769830946,5.995580770246295,7.605626514160038,8.088965079370405,3.7899034024968596,9.865254885374481,-10.067566605895589,-7.359044222388102,-9.871970645969098,-4.662417073954081
-8.699156289296145,8.276445940383997,5.881988778003883,-5.685145517185856,-5.334731664434507,-5.830224757762536,-3.6668299982933634,0.5732463678807737,-0.9608637716309101,-3.9737642909099065
3.756394245538234,-7.09346103578966,-5.1882130825899,-3.185890380490449,0.8913127519963124,6.613481768720831,-5.366497738448476,0.6411013518066087,1.1871542650498774,-9.271562926255813
-3.670147814910994,-4.464950129961022,8.649672684528854,-1.574740916190895,-4.20645150999348,1.15729947186508,-7.870031861956804,5.686803986304272,-8.361387950820236,9.888373072328788
7.453719240802819,4.943561895117352,9.127379901608444,6.12479222952108,-0.6131372768837089,6.0981173806491675,-6.903021403461239,-6.157101764379825,-9.627919615796428,-2.548238649067883
-2.9415837776696283,-4.920624146669847,7.619354642988018,-2.1149320698566845,-2.74010258959085,1.336723527669148,-7.781914890190805,8.101084264036695,-7.9269063818493155,9.58304339320868
-1.6410968714147551,-4.922800696429406,7.188431211155222,-3.197111297727358,-3.513882114905424,-0.028185629977749094,-8.236627035513449,5.803360887862148,-7.680201730902297,8.578953267351322
-1.778238646676534,8.363626300829939,2.5495759373749447,1.8029114371448265,-7.145231751437375,-7.279987831944318,-8.952968592142403,7.587791187144339,1.8721832836103691,2.897445387973545
-2.364309789955859,9.038189171483276,4.288464600514369,3.53658304277284,-7.698055857093271,-5.347741868597831,-8.338463632895639,5.924216740696762,2.389949527855597,2.061425048269285
7.82925965413069,0.9015285517202587,-3.042761359976023,-9.037499841620871,-4.658950771957016,-2.76790661524507,4.769393957060164,5.10527281349804,8.228737012625883,-0.8529221246771226
8.306890931784661,4.113784949071471,-2.584190894687245,-9.575440597659474,-3.2727216952545475,-4.516676259240292,3.9947494282615663,3.0674298556935318,7.926273322406629,-0.09262609042495074
-9.56522945513353,10.02310063789393,6.842301391000232,-4.443352617000943,-6.437845985616512,-6.516461245117269,-3.322825593795902,0.5944424475961069,-1.7515083654381562,-3.6592731564527816
2.571869820560233,-6.60546725323094,-8.854030184992888,10.16618571157019,8.658298790436083,6.754462119947221,-4.676684529207379,-7.933872519711948,2.489085202019692,-1.8594672715147134
7.255907344608216,0.8565082134230442,-3.610191708866436,-9.344699472124983,-6.770759870255576,-3.652147773848044,5.628901411505782,2.64333444013548,8.452398906650512,-0.5472064793843414
-9.339058478427857,0.1178904105023994,-10.044368479666371,9.84943941978749,-4.414591568350067,3.078999943622865,-4.406890905756233,-1.093309796638013,-0.433666190079838,-6.925051844061594
-2.0082804354283694,8.03673088339977,4.739211141657327,2.724556807312521,-8.549032472272643,-6.336749400896012,-9.500951515581857,7.894121584091862,1.2590410783216588,2.35656945525639
4.989290883394334,-6.977487828361594,-9.404082462435262,7.157050567869972,3.8915097791521154,6.361629725338263,7.640927632750088,-8.022216811956916,-3.2994961483088985,-7.413665255120648
-8.286994604595867,1.146234681498772,-11.159629638551209,7.959816923048414,-3.9881693915887944,3.727218240082244,-4.7406140547403774,-0.4068850694318076,-0.07258697246101087,-5.70368325882507
6.387547403980243,1.4990798682184723,-3.3084214127124385,-9.536386105832367,-5.213094619945277,-4.694921787148341,5.767223270651325,2.6087770245368387,7.802018678179594,-1.522310700436055
8.596919468060397,5.835492610374919,8.912227384479786,6.53525107493327,0.6601584763143697,7.137806148131968,-6.419623871394433,-4.587620122925466,-9.947753220888837,-5.4699877047304435
-5.212833979111025,0.5599235030667262,-7.819397686330475,8.90713527987171,-5.358662390671849,3.450597351887065,-1.7524575321143385,-0.12219331907123487,-0.105121712012481,-7.437105312604729
5.461915656556094,-6.83033839749297,-9.220756822163713,3.9948214777977786,4.8490357250013405,2.762386763366727,5.215466587495521,-9.228025081800892,-3.191388355923409,-9.21200956627484
9.914172378385299,5.925585075733577,8.648102104900772,6.956479553161123,3.304212342334323,8.3359051117395,-9.113556119296977,-5.622874065529087,-9.838234192522497,-4.442479413019834
6.519857313230973,-6.385994817748595,-10.718975146841851,4.750854736817306,3.75853839340411,3.681356141360314,5.3892589520134,-8.517363102240722,-3.306271361578452,-8.137262989987661
2.6246286987974234,-7.19263761448029,-8.535016659399599,9.388170966968744,8.725827945888106,4.9640613279562364,-1.4816390026795339,-8.574329595817748,4.308077688844296,0.742513424362151
3.5261897298850347,-6.553716221469191,-4.636632023927421,-1.043444616684554,-2.7267104280478174,5.181752570561201,-7.215006561101882,0.6967722331436927,0.7352272760536722,-8.637927798858726
4.262510256446739,-6.066750783887452,-7.773677590608911,10.332603676588505,8.66216666203197,7.417768059382901,-4.409618731530257,-8.59118110921062,3.412660557935001,-1.819014960152928
-9.70629120869133,8.241200587575522,5.966778017984653,-4.600869147472551,-6.848129220458069,-6.188492172249847,-4.990805624384133,0.8317116781037922,-1.818784188836763,-3.1287044822633976
-9.044154600108643,4.989706342742633,5.0832131852568825,2.0010287179086585,4.144915541655685,1.297991190892501,1.7523666431619047,-3.0236080364888465,-9.99749765989479,-8.239500433674948
2.3196196153746436,-6.359336720024951,-8.619894282331796,9.322320065660776,11.504410993541999,8.729244739100327,-4.546940757319309,-10.364800700224821,4.280155830965111,-1.0106976653067068
11.116392609457682,6.296325012848004,9.496829816961476,7.378546325810863,2.2434064669749194,8.408013743744558,-8.29388567952826,-6.334207879568163,-8.869840754330685,-4.789738368871439
-10.574750613183198,9.915022309064337,8.805202447737734,-6.133912410229569,-6.739484235209853,-6.892998933912321,-4.404569375303666,-2.2501709210276273,-0.9560642413019724,-5.020969372393775
10.219750779396797,3.927079718042303,9.406947670740365,6.486409033535494,2.092088261805033,9.371459022480957,-8.568083274563884,-4.390422917110274,-7.177567896195736,-3.256218384715057
8.918481366840776,4.2216685434848475,7.934010379319929,7.010798946677058,0.05419570874043611,9.950280769277061,-8.019132928739328,-6.766621157235197,-8.87369647535585,-4.328873778376774
-7.940863874869484,6.304834768585834,6.659322679879368,1.9688363388475094,6.463941289071415,-0.8196790736274199,2.1722042673338082,-2.35356082252439,-9.08458458965774,-8.556131590591148
-7.822823064532524,2.441498017934088,3.6069987093397904,-0.8934378316587437,3.8653300822858947,0.8670761811468608,0.1842033845639045,-2.401883573187293,-11.409193223388828,-8.854995496855022
-3.60877318147709,-4.707825976484321,7.736587615159067,-2.7440712985254825,-4.576748995313909,1.6438271600945111,-7.7809044647113454,6.895350457034944,-9.76255031859486,8.218307028727448
-8.01156044646672,5.666686044345255,6.533538364808342,2.5315121030162713,4.1199306909198725,0.0652146180938041,-1.0950377225149153,-0.43808109965870634,-9.975270772368566,-7.339093309560968
-3.5304304401834634,9.722642575497675,4.8836795499993,1.4090910532040035,-8.159931589822165,-6.0076522649958015,-8.18812657867735,7.22434705171932,3.8689372309118415,3.0913667895947565
3.7435865307598566,-7.936040872952941,-2.006796235964426,-3.677467994832962,0.20494820766858912,4.98182277384483,-6.877447626702816,-0.4600673885121561,1.7958436775917306,-8.491019574566435
2.1058777401827493,-7.641123892792102,-4.833044694099464,-1.3502146712945051,-1.7380385024545915,7.120353309999076,-4.382680612563549,-1.6662116985171485,1.9406728362398196,-9.470688236436036
5.106272609854185,-5.7764364872730924,-9.398268383507661,7.5502969411413225,3.181581775638475,3.286161206304032,4.851440202594514,-9.2547002103745,-3.656095003830825,-6.237712368629153
6.755752248942212,-5.943167265108569,-9.026698816102675,6.492743029850774,4.601142008159394,3.2191476361683025,6.703510437675208,-7.640425314941897,-2.8495257297870196,-7.394616715624143
3.4198620634604,-4.886246600236825,-9.773430906650411,9.570881736064695,8.880875172497815,4.504560250969688,-2.4117214469770607,-8.34025024557795,2.6295588999764528,-1.6115139884566665
-8.15715799632221,9.138160793059441,5.768840834317672,-5.484036866179317,-6.579287782186207,-7.509671260922682,-2.44537088202175,-0.12714159024923877,-3.2013660119532537,-2.8472511420818285
-9.582111460333513,0.21997388565185594,-10.106511424830668,9.281377611271722,-4.81036663411781,2.5508629905823232,-1.967939745121309,0.9778069161592214,-2.720880928238513,-6.7893026582803255
1.8876329438118824,-6.30706462022223,-3.9396335462814123,-1.7649107492162956,-1.19304410595691,7.029019447581529,-6.173009941114351,-0.6865011008657591,4.0256117582830715,-10.895969492561163
5.896068674419556,-5.361975408775323,-10.916538550372763,6.524010194669406,3.5217633439482223,5.534873049158063,5.851420888563217,-9.175625292031805,-1.7901098937963102,-7.175274468856081
8.64683227615596,7.521222179605218,7.281636769403086,7.645197728911283,1.9416638138680826,8.757961489873889,-9.727320894788024,-5.906166495212496,-10.78155968426092,-3.3959645885392016
2.827785242509482,-6.698833783490211,-8.685315228219354,9.22936461405322,10.239640290225356,5.49222895991369,-4.394546489050884,-8.715454211601536,3.3524628141012043,0.2292841328717916
-8.199645593981469,9.540574955750353,7.03020565058872,-4.387691323908211,-6.993643486000335,-5.757867872047294,-4.025019263911181,0.3110417656288379,-2.1332920149620644,-2.509813982352634
-2.386967058301948,-3.7824865343443044,7.0421279598846365,-3.7432725063091876,-5.260439174239508,0.4036550712334914,-8.518353155167015,5.529800759281402,-6.9955537096731994,9.706348396182976
-2.6562008696543287,-4.713259313986826,5.3475871843355405,-2.5488284724388355,-5.804016050009079,0.09807920512371604,-6.170687802839623,6.4201446148059835,-7.8233052802032015,11.888127124828232
-8.068674247324655,-0.7992389637665999,-8.365292395740425,8.006609689070347,-4.342659335412036,3.3263467099640085,-3.860820481904701,-0.54542364018998,2.7463461741733584,-7.766304517994688
7.394432467048314,1.9759127551787576,-4.4075573796772645,-6.68637212124588,-2.873477957413798,-3.0966226587535837,4.426142854448181,4.36302810129964,7.584630667484744,-2.2678185643102218
-10.866662742886275,8.502769082314844,5.312284315693516,-4.416560428675494,-4.814861360833951,-6.011693224982495,-2.6938601951240972,0.6290870132249926,-1.4562112748584513,-4.508454815092923
-2.7679936857198526,10.61293329870304,5.20079828416934,1.6776893659115717,-6.182672786640534,-7.213929083031957,-7.6652031190493695,7.693165107696797,1.9149980908599469,4.609168481731187
-10.515683119779885,10.686630665743275,6.014578099191122,-4.624370298885087,-6.597107616840853,-6.129910792174003,-4.410119691699946,-0.5208667985232718,-3.1058600147629867,-5.230741354631621
-6.934325214635581,-2.415859937671035,-9.762648464263286,8.340089804752546,-5.169349683214136,1.4235353831136586,-3.0077510994513097,-0.8470273885708359,0.8666915793373033,-6.149876292421836
-3.0760145598851,-5.394408738071091,5.250940545772381,-3.5304132022536447,-3.4672120228412195,2.4784088500998953,-6.835998229221884,5.788818655070877,-9.575711944078005,9.625223575997053
-3.216658179914064,-4.165366656298417,7.706049328241026,-2.4974666127931955,-2.9127759040104526,0.7039341918122247,-7.398164821809112,6.111290912861576,-9.851628210203327,9.334787656393228
-0.8805820774814583,7.63418466998343,2.936496396872947,1.9176219850441132,-6.4955617422119625,-6.912804341370039,-10.905769856675887,7.234402875985915,0.7178307343593224,4.8311241047509474
5.143850588819656,-4.297811189539047,-9.291168750743562,6.632127255265823,4.967344167428028,6.000757368262228,3.8079261735538488,-9.084735402266636,-3.0628202276912373,-8.660960741800945
2.3377937025689346,-5.03256859827839,-4.594929152157289,-3.572621105761434,-0.4605088881526789,5.028581370946775,-5.51100783268791,-0.5483194875672074,1.4480490943089643,-7.18015132556088
-3.95640316729355,-0.0548727302161623,-7.891828654565776,9.199043295977583,-3.8283678646921357,5.024685305119822,-4.185091509196257,-0.09732460038016322,1.2539711003474545,-6.485610661411346
-6.661020837957888,3.7386070533850115,5.0505470657897655,0.35977620014899303,6.227002121018477,0.01948192547183425,0.179471824897797,-1.5991699989280945,-9.512927964274969,-9.27953241772059
6.320951772437866,3.939544271909254,-4.197617935419689,-7.055365386676528,-3.311701877645832,-2.225118507428029,4.962951693026742,3.4081135314585924,8.454387378105768,0.5890850458723802
-10.079854527890856,8.771148428542146,4.880796096834039,-5.733671941636295,-6.416255763858754,-5.678430820979583,-3.8462490076882734,0.3625245544042605,-0.184098990367348,-5.487884499487711
-8.535762803349202,7.55526013699221,6.896124268117192,-4.866638293676827,-7.814726954759146,-7.256178205526395,-2.701975952417656,1.0280203528717973,-1.9783853340365725,-2.9731681926779903
-7.1485399893268955,-1.2836822075174856,-9.804832448797953,9.288934998031657,-4.086793603522699,5.23064202876923,-3.5949943306115726,-0.20947757872196926,0.9854490985186135,-6.453499228898093
1.831156823761262,-7.723645188732602,-9.161084104094266,9.032046404532059,7.976371024939834,7.79392492233562,-3.040145139026315,-6.616384976253542,4.07678865573082,-3.2906475753380735
3.310398071311135,-6.395438349665094,-4.468315318469318,-3.7638098513202403,-3.0861478813306356,5.44067872839788,-4.8284369882706315,-0.8394772164897015,2.5485012247596153,-10.021144275651917
-7.821463440338255,-1.2294398924658636,-8.852603540479764,9.902948357453115,-7.497404011883727,2.7159760112379194,-5.011544642325403,0.47313824979390956,0.6085843037155969,-6.908588102246637
1.0405428462966568,-9.640245162686519,-4.522887774597644,-2.744348827020045,-1.762523265487626,5.846604164888268,-5.500137609599911,0.9553759389984654,-0.5076275476914724,-10.385276843408166
-2.2801229348470478,10.088604140913883,4.864218493006184,2.8771872387020463,-7.1771093920251205,-5.568125854702,-8.517542030703327,7.5175748591045775,0.7522391461521436,4.448407410222617
-6.089591416446,-0.27349125368941346,-9.10490374350199,7.884562147422887,-5.637006128475268,2.2974774277472356,-2.9226281056152894,0.6099877040418643,2.780808658946646,-5.330858876565568
11.13616648067666,4.30806682020042,9.813739641421087,8.576253805185061,0.4687553251227936,8.996385224204108,-8.157343830099004,-5.989248741703366,-8.758936655337537,-3.8437592291505176
-2.197017515467972,-4.982321252756044,5.647762001064071,-4.413908677706143,-2.9208946283158994,0.15486703767763899,-8.10718264379204,5.626401386753822,-8.78737591293838,11.37625116791312
6.172387672660121,-4.616712830473469,-8.083523448957825,5.945355431329221,5.326836643895271,4.778123274194612,8.16861060393129,-7.418662241058152,-3.008159517526863,-8.475691626692301
-10.13053831341741,4.664863937021622,5.354922149854361,-0.14469101636709714,5.855621894796703,0.31036404352823815,0.15244412473896507,0.5101866792825089,-8.222405805874459,-8.24124275490589
-2.96447264609286,-3.9691103889125396,7.414310828592512,-3.1524323056519474,-3.8221716183730434,1.7994189133861147,-6.936881079976833,6.516435178423577,-8.403556003455563,10.535258843537056
8.535798751560002,7.259585525421699,9.354570732491853,8.686810326934228,3.003472076687775,8.550164046711403,-8.10609454112307,-4.799002727422787,-8.984095726091141,-4.221570231531323
2.685638773699437,-5.652443515136921,-3.055887448567928,-3.514270593037697,-0.2454051369873652,5.039251362901691,-5.502369805882528,0.761302275292047,0.4648240647848638,-9.192837356911081
1.4333342335529045,-7.679852583448761,-4.457676419880886,-3.119740686932207,-0.6592914025272265,5.738814618605489,-6.729359152011055,-1.8908600087153373,0.8554226718621516,-9.62023039891262
6.843486985612895,-6.447217782997284,-8.82175515962225,5.762803521555604,4.460531115206895,3.9734032517134628,7.326562909915959,-8.740238297506911,-3.938617556070179,-7.5875002875951685
6.680574470825464,1.852207893051897,-3.658808640011372,-10.387231828237972,-2.6906785992421947,-3.512758703769409,4.794209651723321,3.6654878111688554,8.581997398754815,-1.130782422293477
2.0162687446555356,-7.615626153513251,-3.623126231876973,-4.450965861692014,-1.115452364781459,5.56932153857482,-6.9268829731397314,1.3417477796288098,0.7860510598975656,-9.206864793963842
-8.500917536970597,3.3159647613587913,5.353813082379094,1.336693850574721,4.7191048611873505,1.7046322498953086,0.6390477627222935,-1.619344710183034,-9.877707927980282,-6.833339506119335
-8.835088507785752,0.7776316049903528,-9.455144269688814,7.680005623301309,-4.8298117026523695,4.417836365780792,-3.761567957335995,0.9417345544872542,0.08760074447733557,-6.921540840236178
-0.6888081725198614,-5.207064316310667,6.116844418044149,-1.8982001457837065,-3.7577894508740592,0.7595370871052847,-8.444031309773251,7.200791577307705,-5.9987589788768725,8.165872543713594
8.253372130086275,2.7050690828406787,-2.8253009600146224,-9.224130040449964,-2.840955186748662,-2.2625188296262526,2.965132189261098,1.4549604070162099,8.506708548645722,-0.7280937914892566
10.187097028532106,6.314655399439022,8.61798384585189,7.470375100987289,3.125246669667402,8.077536035649088,-7.484217734437828,-6.217185926475194,-10.14298700282624,-1.8810812447110101
1.0155807567899933,-6.851305199878266,-6.774027627107353,8.669454115313279,9.280706771440377,7.600025566233785,-4.20804275909806,-9.224994432802998,3.267425695004823,0.17384170859780435
2.675762029753895,-6.760427579728913,-9.030132406150232,8.765476443451119,9.320915155833507,5.395711940987679,-5.295477697534023,-6.907858773177674,3.2992595537461793,-1.029907021038829
6.945540264187412,3.2923948249602693,-3.047355059787934,-7.743559813253604,-1.6477584517248105,-4.294695864917291,5.538830126286667,3.4347425939146223,9.723549639408729,0.14968307327058983
7.9529758600162275,3.7433088787963777,-4.332190240017784,-10.6765637625705,-3.463971566707498,-1.6427356652814973,4.1067878414258505,2.8529657823865953,6.174719695303289,-0.5274950730208618
0.6648273503694602,-7.517583686974305,-3.7671614299122003,-2.597875549754608,-2.125162281818707,4.072451602665294,-6.747687025467635,1.0924283242563835,3.428631148063819,-8.154424131822344
-8.584200825897506,5.812133749154882,3.7177991997497553,0.5692401735394832,6.28754505307381,-0.5227253865263344,1.1266298093420013,0.26801420980091395,-8.65851452983062,-9.044196625979039
6.660942611862035,-4.802063118294052,-10.271465018120427,6.6143422022443366,5.625646787242792,6.107142169194752,4.5495007790253785,-7.926861748674848,-2.40747985634272,-6.756231265052706
-6.825327421239799,-1.2425537582276918,-9.777982970773095,8.783870899456995,-3.9491189413644854,3.0575303159882576,-4.176985288782596,-0.9207575178875238,1.4598455095926872,-4.9841312043426695
-8.30499904721509,0.1378521908369576,-10.999970985819996,7.94527309718774,-3.3074950146637803,3.0704901378992657,-5.254323117243732,-0.2060488241199191,0.30351326118801725,-4.162602109652898
6.27463373002502,-6.4069944701191925,-8.930384032432627,7.315978204694917,4.988478844299076,3.90639132758069,4.246355040943093,-10.211974289519155,-3.4862000682620953,-8.05042976786704
2.194789896012797,-7.396271005924812,-5.405770454058264,-1.8872805442965896,-1.5305524696826662,5.603491368918937,-4.526341279950941,0.793452099321537,0.22003732952567545,-10.840501981952517
5.649504609709138,-5.314380405129151,-10.173933498870309,6.725310940338261,2.6325450642689034,5.9051865071349265,6.556555645160005,-8.617532864691842,-3.7105212944196158,-6.8897206619104985
-6.653743534388097,5.38890331166321,5.089365167505802,-1.0283405753693304,5.522907060448295,-0.7885462928263539,1.2432415063251814,-3.2194981120950064,-8.663382177161969,-7.653630607226643
-1.0741102238305147,8.666983839240478,6.093154312270646,1.8949390248822142,-8.721524964109127,-5.988041993544226,-9.428220074391618,8.022211729015746,2.0475111024042576,2.6183333279780383
-1.6007628351015477,-4.331939365322862,7.025796725200737,-2.973966141527738,-4.816628507818022,1.3240403459545378,-7.292963316382932,5.970629832966651,-8.111242160957723,8.704523133987829
6.732183018477419,2.984640374094039,-2.7948745300825117,-8.802884476356958,-3.8296499438301788,-1.0558218973948033,4.9167170109625,0.5259421581466235,8.514367250410594,0.0037637233118946734
3.7148583748884705,-7.419752159921455,-8.23671581100136,10.024589777389954,9.323848814687086,3.884666504801991,-3.6604346169583346,-7.285127095811428,2.7372376352246786,-1.45110465608236
-10.402708301530275,10.899040073520265,8.00165335090516,-6.2197918576372535,-6.992170902888848,-8.950043001623603,-5.396735912360613,-0.844341142312999,-1.2259092861702994,-4.501650900480521
-8.513088572902035,10.445473451799348,7.512290096198314,-5.7687808753047705,-9.317749597100018,-6.973636946583453,-4.541071158493848,-0.4831263054157201,-1.238856622610619,-4.594380641560396
10.044065936050949,5.979779637851858,8.688802119006358,7.764396118418114,2.4815472340930076,9.225955740475525,-8.167250041554968,-4.960153291210249,-8.436928259358655,-5.281857334461527
9.091944786715555,3.260294673657892,-4.564692133896463,-8.075549553430704,-5.283970459465724,-3.559299178302761,4.088894766981118,2.761299967465781,6.234712679738525,-1.950080573129239
9.721478781551468,3.9526598412036194,8.902786219205245,7.996088590448723,1.3819878899833213,8.128135528460751,-10.611442353677083,-7.177615681742087,-8.173627930281949,-1.7621964830953518
1.7191458629976386,-7.921762113017615,-9.916467466510277,7.68590329139955,9.790454814411842,7.644868984543921,-4.472676143187807,-7.417422421614538,2.1612184721075174,-1.016628876030674
-6.9513549699846635,-1.290053361808614,-7.5783464393170235,9.463782080088865,-6.734198037658588,2.448508212015925,-3.2881440872018954,-0.9183682325927878,0.8026115047022672,-5.876279103512662
-8.440100082819646,5.8249010461852215,4.764111738810124,0.7826152816103269,2.789943605626298,-1.9285680573575519,1.5648237515535106,-1.708607687799374,-8.500415579462572,-8.595870831696953
10.479731391052885,5.058270182116729,7.721471199131846,7.141688455350435,3.6747623254060526,7.7804410031894236,-8.35351806433851,-6.527261113903111,-10.328116765222996,-4.236111946981676
2.3775543976777604,-6.717645940673951,-7.655925613458027,9.573542609577213,9.433884393311567,5.613280087741153,-5.760067119642462,-7.799472064184917,4.21515032877301,-2.771817737682626
7.87979118304523,3.938558033937178,-3.1950077525597558,-7.909684201432923,-3.737599409244342,-4.085987349735449,5.657878498566952,1.5206654561788633,7.707947630854062,-1.124267068940046
1.1080946293144245,-4.817110492192376,-3.434330255362864,-2.484150792151154,-1.0602612428450853,5.456126287912837,-4.839328373473711,-0.20590697363119903,2.4252117879251425,-9.419419695891639
-2.6952595314211716,-4.931633964680835,7.10085012853325,-3.2384525214936986,-3.9412132928520074,0.06343739107595114,-7.476192180299403,5.258905338368274,-9.355628716080723,11.012572289294358
4.154345863053344,-6.381024346940827,-4.898950190304112,-3.054534330800209,-0.29016413541897323,6.1410254313333095,-6.58386637254114,-1.2253044023069743,5.136052564629589,-9.212141417942851
4.250146557283856,-7.2957408803222465,-8.630206389449627,10.031893909703975,10.26391805036772,5.840131652089863,-4.424455054054441,-8.279693652417373,5.132518296394501,-1.4760559815679195
2.337998575251039,-7.127866983765147,-8.45917130655242,10.081337655511453,6.786808975686579,6.659726851929912,-4.367911665430466,-7.586135451887933,2.788191092492937,-0.0006891369010979531
11.297597109820616,5.186448931959464,9.48149353771595,5.633737045862183,0.6998528480397113,8.528605729795855,-9.236883021479997,-4.041140706894647,-8.497574534492687,-2.5275617378765824
-8.824320901202658,0.881503215225325,-9.397472506835092,8.78818864487431,-3.0035137764402555,2.5281916146833434,-3.909157983051756,1.9709949281339303,1.6029373177208766,-7.002693633694055
2.757234316047861,-7.221712571277984,-3.5910495704635697,-3.156247042529982,-1.6965376060857627,5.844028132145878,-4.357333033498344,1.1455988728136952,1.3405986070607583,-10.411963781581324
-10.348112246071727,8.688181600348333,6.778851041810031,-6.816254059288195,-5.942253277167008,-5.485069857462158,-3.380807927355461,-1.2732867929933152,-0.36593196199907907,-3.2380497817854814
-7.199712142824101,-2.5202091160525737,-8.549718996931635,7.607067471999827,-5.526127714595549,2.927188734031033,-4.122782967662795,-0.3162751684154461,0.948077659041569,-6.861188485697512
-8.548252223290561,8.37932708617315,6.421081836884801,-6.693233718558231,-6.749613431944129,-5.316688911117018,-3.8071712200840166,3.101987795794527,-1.1676932599679681,-4.115725315459425
1.9083330814812989,-8.616933331564034,-4.703655325532113,-2.770383829900242,0.3499717664027169,7.905762501233186,-4.671050458982151,-0.49069026140037386,1.1524817666146843,-9.230320323109396
-7.664958660049426,2.7934192125146895,5.808178919292842,0.518736156926123,4.8081095168925,-2.0028193940379033,1.211474992718839,-0.24051291744607983,-10.1845597276061,-8.004186416006903
9.455677290109573,3.0093992914718757,-3.620057882132197,-8.88889839782471,-4.260733944301257,-4.147378625378094,4.709899264220671,3.4306339610975902,9.355028343791917,-2.512241471349241
11.01180416029761,6.358007674223377,10.237658821754902,8.210169719037244,1.9973189329995344,8.861428739532967,-7.1599914245490694,-6.32746099420496,-7.726777228432454,-3.127562827668836
-9.204855099229736,8.407105907908273,7.978647181213511,-7.428798236058571,-7.170020488314549,-4.654709292965228,-4.35029388877128,-0.8197500317596547,-1.1420280646200165,-4.650809438253703
2.4405398978998774,-8.620925072050122,-3.80043942204579,-0.4357920570645364,-2.2079593745933446,5.419008923521051,-8.529981719345276,-0.01624652469790061,2.4910085298723335,-8.350352514242777
2.815172242285892,-6.367129712119473,-10.600042569112395,9.061005382613473,9.630895908074615,5.839380446076263,-3.9686105934392892,-7.856247594475265,4.449260127878718,-2.771830112670708
-9.756695036556804,9.072184547423037,7.039219010403811,-5.907123013409165,-6.683885715294782,-8.111308733438545,-4.855122969959312,0.9717796734453148,0.3548080039750092,-4.272942579784785
-8.873503202430266,4.551964788172342,5.84636935373707,0.9650720761930234,6.352301565240593,-1.531979993621646,0.853195310436953,-2.3009572387184565,-10.422367633643034,-8.60708738421872
2.280481303264001,-8.54581430865224,-5.2886123306477995,-2.6569783607655157,-1.2830626035833843,4.390606251102033,-7.7005636380582105,-0.5620305596542735,2.042100385571968,-9.077392498203183
-7.399124412464826,0.6598494929148118,-9.819116927562854,9.558360092254798,-4.893734076148964,3.9449912390378232,-2.570371979288841,1.5164847390511846,1.2950339952673895,-5.483563983106913
-10.938083183465181,11.166366336299669,6.968818007153598,-7.160161186947646,-6.8053495830988116,-6.221023420102906,-2.2105630475118687,-0.612983825614112,-0.38505890780173857,-2.775930769066818
-10.786268076424612,8.971625790409313,6.259449254483059,-4.397412447002976,-6.39844215631662,-7.239236362303589,-3.3564598578874265,0.0904901126038109,-2.5854869005156393,-5.068190503315312
-9.381170677305382,9.158923896088035,8.12697404210792,-7.2356145734302455,-7.114846125461358,-4.811818061940222,-3.784035816134099,1.3799712154459156,0.6901473161117782,-4.869221613940984
2.4575168250106887,-6.441053844707281,-8.18121032458557,8.304723525901409,8.53309618613181,6.569413820810767,-2.3887050440016058,-8.035389710365994,4.109245626290282,-1.5185378096336803
-7.762913937676779,-0.6713706264802997,-7.234072960585603,7.6506934085760925,-4.383519356605186,3.3959681792900023,-3.4130282529529086,0.8304488271671482,1.8155670734717153,-6.036464813870817
-6.059490815578256,4.228976028796935,4.562732750337155,2.059202156928115,4.914179771559329,0.9081244056921807,0.7160059771964102,-2.3487363041192078,-8.553751926108133,-7.24113524353163
8.096064215819199,7.380698502671672,9.077789328210153,7.313580789291082,0.9981399710684381,7.5813768600684135,-8.839449353467987,-4.764087535361943,-9.12539766884699,-4.940859802008662
-8.256898149117482,-0.10342168068695437,-9.537757405017361,7.794531514463083,-6.123120002989037,1.6323338692691414,-4.054294953407346,-0.0007356809403140097,0.7371687265887653,-6.411532687378967
-11.461315945014572,11.44267860043983,5.651624528569659,-6.812254908446574,-5.259780642135391,-6.716398923972841,-3.978544992844056,0.9779187567050752,-0.27751652404768956,-4.508877889220933
-6.383794658148558,-1.5212077071207766,-8.82880134704817,7.57539368981508,-4.021899214306292,3.409093138291919,-3.3610743655513398,0.46618432231165674,2.2625373932499455,-5.955500411794357
5.252475223653338,-7.089800523460204,-9.931360590781141,4.772647552409889,4.458631442802403,4.524683775488894,5.580591671766845,-7.730972321624028,-2.605882939818923,-8.959396345881322
-5.528064821334567,4.313995555126943,5.82904492895647,1.9896882639250735,5.348585776306812,-0.9138317105928693,0.6538542635473297,-2.149291262980702,-9.120048668503403,-8.006411800126607
-1.444550154199725,-3.3162941626787212,5.543387365397325,-1.7230699558444353,-3.695434573544256,0.8470844654001851,-7.919370630145149,5.462549593800805,-6.686064510250285,9.916180546223403
1.6554133569294582,-5.424191927030888,-7.406674393409702,7.581820510603047,10.318881408802824,6.986855268676505,-2.354129806082759,-7.661449687745942,3.6404004099645606,-0.05173343863631419
7.758593958823324,2.868621787748915,-3.7544723499298205,-7.6679423748826245,-3.219743138809487,-1.9228584418597607,4.525694977206797,2.429384905441763,7.535788798727808,0.6226153806720953
2.221762035083903,-4.65885926719791,-7.961033214032255,8.332901808673183,9.363716965956266,5.314728844187342,-4.576157647181357,-3.567473468846565,4.703285040276948,-0.33585213620129994
10.119876268380702,6.442280783424459,6.5502316435965,8.661783762332375,0.5339259335546171,6.4674793440163025,-6.903831742102032,-7.0873917992294375,-9.811400961173616,-2.5037888419773675
6.935964038032879,1.7224700175991583,-1.534469259325356,-8.346062758206527,-4.698024861567486,-2.640789267049754,4.821780879569077,2.8100417574313212,8.722812147064232,-3.1684645847429067
7.613095031855634,3.3993017265140795,-2.387414729597968,-10.095413483239694,-4.1632500599672975,-2.2508656351258596,4.824292739589605,2.785254178124086,7.754788043885948,-0.014242949918009229
-10.628508825039424,10.097012713520362,8.097672924346151,-6.0682997143434,-6.604931220582981,-4.865127246032348,-3.409597287594238,0.9313643374458123,-2.5520161331314117,-3.496689126759742
5.857109181081018,-6.2046623913551775,-9.651465012849954,7.528344557946979,3.483980693140542,4.674136467432615,4.08747471464434,-7.355321249576333,-1.7342717154513465,-7.320730662064611
-7.82551931354038,4.390300550599034,6.701433045937589,1.7522554116481535,5.177313723328405,-0.09153751792481006,1.4918078779444317,-0.3229526225048589,-10.33374860673787,-7.47958018508704
7.1133714842930305,2.3783187484337813,-1.4210663798484438,-10.073311599838162,-3.423533438708751,-3.55778930697776,4.341514609526886,1.7977867978951254,7.080335451545868,-0.9637921938897257
-1.1058276529275595,9.71218940073735,4.196834815099619,1.4936767165414886,-6.583051646010508,-6.4169247980083615,-8.641035491004804,7.634831588941588,3.722257609440556,5.232994708155795
9.82166678551778,6.11432597532088,8.379816608452586,10.63043743607561,1.7857918330664138,6.759090658319181,-7.0168827669531115,-5.473215447767418,-8.863765400833989,-3.9583142758264906
-7.53032870977863,1.215530992617501,-9.9585972480416,8.244390988164492,-6.037115443798513,4.151310127628634,-3.886221340852957,0.7591814860761142,0.6208369555805192,-5.7164823878304425
-1.53138207336655,6.908639186357997,5.793469179545027,3.359519081203575,-7.181807778133892,-9.483246681103246,-9.1996383186033,7.2593387542098835,1.0117020149352622,3.646233162112666
2.9402761493043337,-6.885756812715362,-5.277305830736816,-3.406154505040284,-1.7377045897094212,4.978986958826024,-6.330207110873993,0.01814146399148525,1.1974977221723897,-9.829155565099974
2.271270166984327,-6.374532989921418,-9.521916766156767,7.51420764176226,10.27525423620282,6.209985999326452,-3.0004899564749663,-8.432490846387886,3.447842687206279,-0.48365194858734095
-7.458912347348277,-1.5836396123246292,-9.52628734832765,7.090112451889391,-5.465849686497528,3.3938445301131708,-5.369776092966738,-0.42104695371592105,1.5031699717019271,-7.71608873135526
-3.5287914457115552,-3.3588757284609856,4.701349435122552,-2.719831179766992,-4.712352536875933,-0.6624340404862112,-9.241534917183484,4.946424944975627,-8.463302799844245,9.135554603230627
-7.406452936004188,1.5054389869952753,-9.516017147112382,7.681847509339532,-4.1901474915282355,1.9857984147931282,-2.8414815459036684,-0.8993513770357666,1.572790252924143,-6.951184443662122
-2.4246924773598875,9.812280677810557,5.56338745227547,0.9225463621129308,-6.010854690560499,-8.0664460203858,-8.250471868498275,7.943261700201572,0.11098334320167158,4.254430802450319
5.905733547407767,3.6280068740589777,-3.7838552502672083,-8.897247852141597,-4.925822033822063,-3.050482331596152,5.733536387187561,4.274699552925592,7.296105032295965,0.08917696911812201
-0.8328045958445471,8.06877924825559,3.486528325632142,3.110484226305461,-6.541074314865356,-7.818035169812346,-8.621702781231392,6.297770231858426,3.1231216332867806,5.222822520794042
-1.789846950621757,-3.3414549985051845,6.59487359863462,-4.268160796661773,-4.788730732714287,2.409773443221493,-8.73809407097676,6.783089575482177,-8.899560239988025,8.854274421610825
10.160897204180332,3.892103265976251,8.434569925703311,8.967129678228739,1.7897828041184443,8.710301432740176,-7.143380994424415,-5.188013098219925,-9.535512994829162,-3.623786936938549
-1.1524405608643589,-6.4636773199500865,5.252463363245225,-3.0286713334013955,-5.445062835105812,-0.21475110390182217,-6.639921394331587,5.549044170507875,-9.995712013802565,7.650022841953245
-8.408559828148626,3.4464316393132264,4.419745860223738,0.3152793211018,5.963136897196424,-0.4600365581050321,-0.6584832897075839,-2.785446755346158,-7.190583855904744,-7.10342523875695
-0.11864559567976807,-5.63553642919682,-3.070626906405255,-2.2270032829090374,1.0288903568939876,4.726155110376562,-4.118899236206801,-0.6805253084783154,2.087029302532206,-10.34482907073425
5.081377071173088,-7.567437324233671,-10.855814257437963,6.354332918606422,4.421762830417399,4.415903228744585,6.804656359881305,-9.094600861174493,-1.5438135076047443,-7.465752048205406
-6.897001255459008,2.8750038830011597,3.980128382895634,0.7313234698712608,6.226896613576796,0.8084414131343501,0.594526853341931,-0.4658099993380995,-8.804006729707021,-8.259158755900767
-10.51744645459371,8.264176857304928,6.302081239241724,-6.339010509883167,-6.585100350243027,-7.772891437456242,-2.9563388343415733,1.6228149271611862,-3.3084421012984997,-3.1969593903726112
2.2290127305122316,-7.016303997177595,-7.993419575498423,9.133235782650322,8.309206850732958,5.199122848294227,-5.906330183088094,-8.877879128997938,4.47860633387531,0.12681041280429484
-8.862553019841231,2.310325226357044,3.7616747356017037,1.9091949025813575,5.318568975572103,-1.7228086098427664,0.554321617989301,-1.7731650092952462,-8.932122868930644,-7.047905056689115
-10.859261835176234,9.019617300026733,7.54752197634761,-5.715521213310554,-5.703969186268849,-4.56539800260369,-2.876549071600429,0.5882869703444996,-1.8720887973534124,-6.7289667920950595
-6.445635551917914,1.9747936563802657,-9.177173872911942,9.125771105647216,-4.481030018204187,4.005950593545229,-4.930325256321897,-0.0867758565859078,1.329675026911177,-5.090419945407479
-1.8615513498112877,-5.871875268292147,8.6937669111809,-4.420919169460525,-4.510018983067475,-0.24051168818383295,-6.785177338844622,6.182345339888103,-8.677753211024793,11.255511515948198
-10.497999902492285,10.157697080756009,6.032077454488728,-7.1012135708016455,-6.969180655793785,-6.3639521736118105,-5.096127624473631,-0.6565524763895862,0.7501967069418991,-5.035982599853048
4.391509158203048,-7.402102040509437,-9.52644489155624,7.933789764817683,9.872452423421947,6.310568354998104,-2.8209656395060216,-7.3752980537949675,2.30427068351907,-2.0042278952183437
-2.9565195187115014,10.295302489933434,4.707734346755505,2.8259433590629515,-6.394894373856795,-7.72646624826682,-9.481877588953472,8.353483733079864,1.6875249027576347,3.757803092678912
-2.7292851000289873,-5.4584849906532,6.846609330831309,-3.0002001463031687,-4.8906840045778806,0.40295771513126805,-6.605282046611604,5.246376085730251,-8.755951894796814,10.636406123799453
-10.30237523206613,10.576616360803605,6.349337778460958,-6.988920808483886,-6.53554201512346,-4.8937406017856215,-3.74991509074432,0.5076504969745436,0.2761120175451681,-5.606772043093589
-9.261315600813854,8.563072539267651,8.301765867238858,-3.6754402012360323,-6.396525919577548,-6.83556006330692,-4.087530098262907,1.2098603601624571,-0.08324297212717124,-3.604929865175588
-1.9941623558440904,9.52807207911053,5.154926522534149,5.825901174595453,-6.308736680458103,-5.744543953095348,-7.884325993142808,7.974914166804501,1.70703099022383,4.9204207764141765
5.670799631306009,-5.925020330742314,-10.477000459228831,8.502543525984658,6.755875697820997,4.315760000970023,6.298363799645653,-7.59594079399719,-1.77481228963697,-8.32270413127131
-7.7377701915839765,2.5733116407224115,3.6886945184305366,1.0338341427615825,5.710982307140988,0.6978574712002136,-0.4636456433292717,-1.6744383149826039,-10.301267515313079,-6.728457402635284
1.4983191691426623,-7.8371506387895575,-1.6488007562390736,-0.8659042499796543,0.6153278279829171,5.372860565483941,-3.5803463529910307,0.6530407721132038,2.825554747543972,-8.891296364493838
-4.19987757533624,-4.304985824908115,5.592457939801158,-1.8479119445265988,-3.6554930480714463,0.6624080132323182,-8.069408513947907,6.190365341801599,-9.15022093426164,10.525542724794182
-3.8868151238069872,8.449512124027379,5.6612621316575,4.061612456810657,-8.465610503389229,-8.760033978414992,-6.967362581264228,7.713137092869607,1.1540075029878092,4.696080642043344
-3.6663142417660213,7.681157773420515,3.0883665871691726,2.635221518699205,-5.691030368064262,-5.030747451889566,-7.99522242431277,8.486361493033689,1.442283902210491,3.0050357391770524
-8.12639937231051,6.148975062496277,5.39411633270942,1.4946682369295559,4.776670743814058,-0.5187752220141331,0.2261716420390373,-0.574981757562675,-8.292769393739226,-8.296521840154861
5.197223305025393,-6.502381722951151,-9.677112962501763,7.229133927117208,5.031880485071992,4.142360713214576,4.886247835223305,-10.009260411701899,-2.183765503759055,-8.072400083539414
-7.129885632612394,0.27037307105755076,-8.698786311045481,7.8008689441633825,-6.126274219872448,4.2044890985429495,-2.604036177706014,0.6533392344622599,0.38582996723122276,-7.8606280060190965
-3.0681194703243384,9.391498003262843,6.205402865462442,1.9074194228677441,-7.4348267178444685,-4.9989525238353565,-10.286341657052255,5.124716958878621,2.462314684917508,3.6593973315682975
5.231137808933975,-5.616378138312085,-9.898970819888316,6.435407728770153,3.2502795925254917,3.4061019156180095,5.271638263360027,-9.485221242266405,-1.4371297241569747,-9.059053893289287
-8.653585255870397,4.175962192995181,6.428823537094781,1.762394812556853,5.5096204673090465,-0.5008330445707291,0.20406412638663352,-0.1434004349494684,-10.597966061288545,-8.56770972069545
-6.157987331884682,3.9744228270293975,5.979990647512402,2.514631208387911,4.163523120118513,-0.5325106835025921,1.6593458716792335,-1.5756062318367985,-11.51020995706171,-8.35214123317603
4.993901518886429,-5.892737435705885,-10.192121924247862,5.73271609714029,3.8547505566544227,4.624273276212616,7.744149200790817,-8.844498320328066,-3.508114907867926,-7.835347801421024
5.413728281966784,-5.108225357985442,-9.865346649199651,6.870733856477108,4.188753208463287,3.5233396529326377,5.544331950896786,-7.391823326085142,-2.5163933593069676,-6.0589445257082115
-3.035077298947954,9.192036234466354,5.04036022273443,2.1042348701565805,-6.957070651877264,-8.075403356875192,-7.387400208356798,9.130719559136589,0.3396415407414899,3.1374229650345296
8.536981902684111,4.3481592403291724,10.04262383859683,7.037292504574896,2.6215865354207977,7.757793371203706,-9.496842695544782,-5.475143151315274,-9.726199088552772,-3.067967745495819
0.1746809736384547,-6.7906253215435965,-8.28668754215091,8.361610591827382,10.16216264848531,5.3012142916689085,-3.7538769563159455,-8.568629624370681,4.9040916131979095,-1.8733146282435786
1.0436821259042746,-9.04329323865789,-3.1391499768662774,-3.9688118269500943,-1.057281203267264,6.456410309354058,-6.621468459348849,-0.5404771314733053,2.074529465908271,-7.953057922872893
-1.5596281715297193,-4.923746975467866,5.876494769288808,-2.0592181813515316,-4.075254440200112,0.6074892105822292,-7.770546379410888,6.120322604768069,-8.812023890391572,10.52211830192706
1.817183732163232,-9.285082467854465,-2.2449289816326834,-3.610176922562479,0.7075138157620313,5.741603733579765,-5.441660224676847,-0.20411103007869902,2.056221069202524,-8.42050210561161
2.194540674908354,-6.449692254928117,-6.729311455343314,7.93921140745244,9.352102860795117,5.108525555247165,-4.400379469745991,-6.362585689802984,2.548324307087147,-0.6099077011401393
-9.836264321411841,8.91822889709116,6.132871826659356,-5.336344723844436,-5.704868703067478,-6.099715298288996,-2.919739950359771,1.0706905584751225,-1.6561558169633273,-4.638273481753541
3.077417222375211,-5.636868182561729,-7.495508083394013,9.51184668733265,8.285327238440214,6.028974230774114,-5.5587780115945025,-7.6314852101732376,3.515446872077591,-1.2374725087349048
4.130845406319365,-6.403355570672436,-8.6146271080962,9.827167000170997,7.446800906287751,6.196415902767632,-2.92868879106507,-8.689711717073433,2.458099950341172,-1.3827557353077513
1.4827478465120303,-5.620772905086918,-8.923523181885063,7.919260255645629,9.074826779342766,5.757089763192747,-2.898621204804534,-8.415557909123853,3.4084501490428116,0.2145965802844625
0.797114277237285,-5.96457803593829,-10.1061792397986,8.659144077005834,9.278327330741378,7.237638644068829,-4.984891442691115,-7.383174671024936,3.7034382536310844,-0.9241567389219935
-7.980947154947926,-1.6443022590532579,-8.420651121000516,6.4264561155035125,-5.895618591010371,1.6277391163357715,-3.558657201140907,0.5874081357074283,2.850659907881946,-5.389084233343908
-2.8784747622989535,9.157674595540573,2.8636436033297814,2.3818224954214027,-7.908998699333342,-8.23277987911948,-10.360686942853901,8.436211290488629,1.393036841171387,5.6951792658374085
2.9042768337521183,-6.226386743055599,-5.495830735431211,-3.558431318132582,-1.729383064287434,4.974729031482889,-6.4882414077683315,0.527291581327174,2.7139660284082194,-7.989674787831508
5.896913810756035,-7.154549347028435,-9.970447804716146,4.931451776699355,3.5823342441479804,4.0668024840816095,4.4411908575431145,-7.418575077873001,-1.8126938293155777,-6.368606066718135
-9.507032946492883,10.57704048726553,6.21377557443212,-6.064893672199711,-7.692508293081436,-7.074237815807895,-3.3881737494454924,0.5026888130388906,-0.41816100726045147,-3.994163247694111
-2.027130895717364,9.383019275515842,5.033676134444353,0.04549710459512202,-7.158510585302027,-6.034951622091625,-8.887224940110116,5.918333068695128,1.9698957842867062,5.8655570721764
8.11726937043143,1.5613158286316362,-2.6489683579819507,-10.224936656755075,-3.5247850443940147,-3.2334815167916435,5.0608625151079405,1.7428679520096964,6.196621793727033,0.17035042795579813
2.2147493555351585,-6.866568209919227,-2.2818816408122484,-2.568249098050345,-0.280428165324486,4.727986292245641,-5.238586693316268,-0.24170209683844524,1.919712209821943,-9.179840370669206
7.153783015067972,1.2940612669183444,-2.151191324427307,-8.413847708573572,-3.4482238853936114,-4.560552023654734,5.3711247495199075,1.8157514586708001,7.190345340353024,-0.43026359649774504
4.1618000734422,-6.969571176854477,-9.55525626395469,7.810792943695223,9.510719278522787,6.647301221147723,-4.453380010895171,-7.267874974146532,4.150044607062313,-1.1537184355630827
-7.034453019167329,3.4568015351949493,6.493060685699421,1.121927305392508,3.786315580398085,-0.919565755768427,0.8236652234642687,-1.7388589842721844,-9.88488157965031,-7.639238722186578
2.482877116263979,-8.627762544186568,-4.489379730545725,-3.285314036480228,-1.3403453570054076,4.399516050023635,-4.880090640086776,1.8866814228856454,2.8262943532392586,-7.800462521452902
-2.039244187726225,-5.407005630981018,8.64352961601296,-2.9657985758336274,-4.355099514733734,1.2439075247984885,-8.268460824821474,7.36531072074737,-9.534316677172635,8.486268169648952
-9.49625497677196,9.874437396627552,9.178780565260388,-6.746810790365925,-7.483918574794377,-7.086775999503245,-3.8830119938446845,-1.230642492167816,-1.3387603878390772,-2.4818700626254895
5.96799117800868,1.4436608947960963,-2.3960526146507757,-9.828757830830286,-4.922492570313873,-2.916011352754362,3.481339482739491,3.769358953994795,8.388860033555178,-1.3333453591283129
2.0082735505282083,-7.042431252099601,-4.473403565660481,-1.5140961107848643,-0.37051260123849405,4.112673371001577,-5.4827965914189525,0.8902327508578152,1.4135564091166586,-10.5661893329032
-2.9900314125647296,9.71045412535761,4.122186263358887,1.8850784399116587,-4.709690603070728,-8.30379223015987,-10.690170488210669,8.10711258029731,1.3436571735700724,3.8432140281782887
-8.087422009770261,4.046635858050063,4.396045589122029,0.12529265141294,6.787963311616386,-2.763803572670608,0.9587708566546777,-1.1658474081950598,-7.837698524427498,-8.078557329652286
-10.4030661169075,9.574347495127578,5.399032476419071,-6.018455326904679,-6.3297816009569345,-6.063316221887026,-5.02997732816166,1.6920395814061095,-1.9579944118896564,-5.849886656492407
7.77206405849335,2.027857867131575,-4.044593099545701,-9.13583297696596,-4.000361459875449,-4.36842381765685,5.645947553937302,2.5488756957138454,8.509135701504936,-1.9556223391666026
1.9899784576398705,-8.3397902462697,-4.647913495792057,-3.803750522611752,-1.0044196672076136,4.630427899497658,-6.8554290132032705,-1.0239953627169065,1.694790681671066,-9.937439515552443
-9.25930746808273,-2.9784751609426263,-10.187274272123602,9.562316460874616,-3.566661900496002,2.531847284732108,-4.14023339291316,-0.0635526519998067,-0.3992265585839756,-7.251742761112801
10.296456457020186,6.4421259545061895,8.701928705968841,7.843001356260548,2.2256832707555536,9.804385390479627,-7.162583838303654,-5.386956047818077,-10.174123497853131,-3.7682267912829697
7.300837757978057,6.581486420962403,9.213075075277207,7.644906493868195,3.0673835569824925,7.36632862305906,-9.050131014326164,-8.01413603191884,-8.321100526769028,-4.303734671043986
-2.2870638514190373,8.535537506534844,5.895634961801623,1.0785623817212282,-7.066498835312629,-7.3198406515501215,-7.3913498722822775,7.520077692010278,3.0541447743328103,2.675891182883937
2.998008245468169,-6.811911677333826,-9.353952628903128,7.509689096299315,10.295819142490208,6.180337038523229,-3.696852258022072,-7.000754804172806,3.2072542986453216,-2.571349373682102
6.870043390609055,0.9452562948654737,-3.2502720106881613,-9.047076029064836,-4.54826484621033,-2.2558064045162456,6.9844502475870165,1.8320242379278002,7.941695936293472,-0.9541410918168954
7.787172436952085,2.537945216949014,-3.3671250533916073,-7.74435928721377,-5.184965236842106,-1.7270844117438906,2.4071440355727574,4.201945122396852,7.9450918489028135,-1.0797450690772052
5.654816958151825,-5.885490795589635,-9.94141722620634,4.93122847743326,2.75343820588889,5.7494704874604565,6.307693639662008,-7.488835792850909,-3.653505472919167,-7.840186570666324
-1.4947643189139463,-3.1850261618119857,7.4242407880847745,-1.8758033093281226,-4.899140211919199,1.400849674275344,-7.190584130646908,6.229254131169615,-7.551555665950062,10.913226152657582
-7.200687589225196,-0.06180036571741098,-9.61591776737247,9.35901200031865,-5.728149085910317,3.525347800161862,-2.3111141868267344,-0.30526133240008213,0.6373196041732939,-3.9576063260176304
-2.436000632051056,8.864043139400062,5.831586333335166,1.88945172409152,-7.999173319534439,-7.2736394492456755,-8.659633039825534,8.552737699795754,2.6253949198130093,3.310916277173865
6.57804492270205,-5.959863689361747,-9.908621055381508,7.516516880571903,4.762439318102571,3.7754543222952512,7.212520355473215,-10.054933449337716,-2.5549883334669232,-8.505483500386703
-2.662507012082372,-5.906099375509916,6.292448569542441,-2.9582878374142596,-5.5128614729996634,-0.6157346498836502,-8.911828106908679,6.7013328026246395,-9.714345441607598,10.047149052726285
-3.2111893108595053,8.351385210647374,3.237273564428408,3.7227464271276713,-8.123490426542554,-7.573014791071854,-9.556735022205208,8.218447292443145,1.7273505565721479,5.409193628594643
1.0638295250938483,-6.605542516667788,-9.012129663174523,11.760945887313994,10.3625842610162,6.217608318037438,-4.019641301731792,-7.0955008573908565,4.683522690571352,-4.108500044528622
8.319130131731788,3.79425724399419,-2.955735539286264,-8.964905532117893,-3.5218836948783387,-2.691307992720624,5.59382187316546,3.1211962740892756,9.271916403569216,-1.1722135506858589
6.065546821342173,3.0610597432916933,-4.374819470309412,-6.400468542540647,-5.6717246893486335,-5.013642903035971,3.4706020168119425,1.661829778362223,8.265124817606495,1.2439787760819092
-1.8733626288800138,-5.570172544142181,9.184699603986441,-2.1117768552420144,-5.651394544765036,-1.623981845935642,-7.869018785642526,6.728300264688043,-8.01851723195448,9.626890221661734
8.506954095247387,0.29159509110404835,-3.4705477034673566,-9.94477545263738,-4.108874883186969,-1.9479849441475168,6.383925780290189,3.264078342354016,6.149635238078665,-1.7623863825352726
6.681123049549821,1.6736322260255796,-3.4321748013790856,-7.718826190545464,-2.8852773023638933,-2.788918011187503,5.078363400319086,2.275585367862899,8.865127434319152,-2.291604033714517
-7.061198432563816,2.127934060881388,5.608010389225455,2.8078115003807027,4.992383208574708,2.066592931499087,0.9985209834740335,-1.1546246537208142,-10.482387289072207,-6.3384711416986175
1.2872986452969486,-7.082616987230463,-9.005799884683004,8.982853885608515,9.706019005960899,5.9873966714434825,-4.937379872225006,-9.444639759791105,6.282097737618361,-2.326765155472536
-8.515403363355093,-0.9791406199351929,-8.377427914999977,9.825540169505176,-5.904652929577741,4.665191025047861,-4.474812589740482,0.7374833265017885,-0.33724811256222464,-6.424841303071457
-8.417259086241026,6.559425253090139,6.059918251720534,1.5949933788612798,5.933460564471386,0.18155258256688006,0.36576455557071536,-0.692459449260817,-10.318602161224987,-6.246636144105978
-7.548538095979193,0.8544603207465695,-8.005194145740754,7.969302294553871,-3.7635716810137776,3.3227135968485384,-5.297193460455011,0.39328388707784667,0.31529746224404187,-5.384680009011718
4.659626140624056,-6.180211099249301,-9.386191986976392,5.932215610702687,4.987482429932784,4.153184524391379,5.300622351327782,-9.80580136780969,-2.271208592310186,-7.94979450306697
8.485863792474099,7.001944225697978,7.01674025302137,6.842347980770203,3.438491728890783,9.078231081460988,-8.555612490704029,-4.8337464373284424,-8.648594105393231,-3.2607332927602934
-6.661557331826011,4.505481006286379,5.122918517498466,1.083634100453015,6.496147720653156,-0.8444339054159824,-1.7132508348418947,-1.674474622017397,-9.11335352500544,-8.2585333456523
-9.047809877386133,5.3591997971659495,4.820816839674157,2.1318665047559104,5.343822969726125,-1.9682928201356984,-0.029505529910044903,-1.9798912904377106,-9.506394962825471,-6.334136230816633
-2.8797057216427793,7.608719109019679,4.655497170177704,2.875446857727379,-7.787383371298191,-5.360825669634178,-8.327535668108416,8.354103501122761,1.3644656810120386,5.015976782987525
3.4338211194280284,-6.778002542975393,-4.202817783941464,-3.111287639731148,-0.5966514418502293,7.2833261852618225,-5.76795823069073,2.4516480355191983,0.9503493916006194,-9.090672499928315
8.65022135204861,4.448506710858581,7.355932970630681,7.593872097574173,2.8729448387500134,8.693651917323647,-9.432798224097754,-3.927683661255205,-8.44591558229767,-2.7159832689770265
3.409755471632657,-7.686140534558106,-5.101921519537357,-2.5077378716874543,-2.214206982305641,5.043137857324734,-4.784122195182303,0.3468679980845202,-0.031175586705316505,-10.867983392879445
1.8803603008674998,-5.966262102795697,-8.82173956598122,9.880036506197053,9.696295685357976,5.289810644243815,-5.2268965743647104,-8.20373621980249,3.16043208213855,-0.8606283155862869
3.233012822673996,-6.4738953417940355,-5.140210176439786,-3.6833537372847607,-1.1329747326858426,6.440356351965452,-5.858466942941991,-0.35846164185042273,2.10980997396668,-9.401802265122317
7.33922984771495,6.763496283756947,8.739525342066466,6.482293892524334,2.4397622852953473,7.581648531855807,-7.668009335990827,-5.198686291104635,-8.075817731119923,-3.6543101113895333
9.129146012345647,0.37131820823837414,-4.379632114743794,-9.429504842452697,-5.156070043157653,-3.3834107881437663,4.752056262191246,4.726485665723142,8.648043993379236,-1.0632279282490895
-6.6858104831570975,-1.4652163333706258,-8.806874946703886,7.722345511446987,-5.148832949748148,5.252021432209389,-3.962247702763306,1.156054173864796,1.6531194240689415,-7.482934803587965
-7.114024424190362,0.5647191928181224,-8.6446934829015,7.915068876349633,-4.569866066962714,2.6002126008503548,-2.0909768002760503,1.5455655822141479,2.0171624159062684,-5.508794954915913
-7.556208774306311,2.92177807777376,6.776418058997113,1.4718530717117286,4.721248319928754,-0.38444550692410595,1.7909563537118847,-0.9968949487040345,-8.912697389789622,-6.354092063656526
5.852411530753887,-5.954720553722007,-11.568665193423993,4.595273132001188,4.2190577903498605,5.454777472281402,6.757152990675086,-9.408845715691813,-4.339924022755826,-6.749659656602823
2.05370749420533,-6.570258558903045,-8.847251278221812,9.995506714102627,9.304712074037816,6.934997180821931,-4.341572139885159,-7.850917191560006,2.8807401860037163,0.019578107341563955
-3.282022837590322,8.777467521458313,4.154515288398998,2.0550438233270545,-4.564968624477761,-8.747374785867695,-8.152067566261497,5.7108070443090515,1.550368369074742,5.250402152888275
-7.487780080280589,5.066601013379152,6.789083547999052,1.7167514216411157,4.608855333856131,1.0954561186639684,2.1508471985089934,-3.3957017957709894,-9.593491438226984,-7.550733196040759
-10.046494698985061,3.5117363729055375,4.662066643692334,3.1161038567509878,5.646269225466298,-0.9221034529729173,0.016125869637214185,-1.0240920807137674,-9.86957130034711,-8.427517649239237
8.381092514640116,6.612234708723241,8.636528980156898,9.047250283219704,1.6284476982262408,7.788196039101323,-7.809351070134094,-6.156878690885495,-10.300982826399977,-1.6760250549528648
-3.931008289794594,10.51561978015381,4.317198997385965,1.7223366674856846,-5.551433049302212,-6.323879583875287,-8.382439984554402,9.488525260399786,1.3787820044840327,5.089291684002146
1.9946824363424784,-6.2479122083780645,-5.142840062723112,-3.4465437130168235,-1.8867068224197086,5.7884921904961,-7.094417368942064,-0.399553412243011,1.1425358150136518,-9.331600077934004
8.977449899389217,4.979783653848347,9.14538136781165,8.669435186824968,0.4777321193229207,8.431948341296065,-7.3608208549153975,-7.935129203077931,-9.159846663228846,-4.709177825517941
-1.089594618539113,8.413862562459617,2.773338884867485,2.980683373777654,-7.564257016911274,-6.089483994113178,-10.808431574347846,8.216120253798012,0.8111283055833944,4.892215674987433
-1.4653128935576092,-3.93968082691042,7.006662064678722,-3.7953098449076696,-4.7868879912095,1.6868400662862957,-8.388385844379695,5.003164509684919,-8.202789701638679,8.948206071351242
7.168184586070792,3.422867683587086,-3.5193889748139835,-10.80604126402731,-2.27647022047784,-4.471809039367755,4.807600326180711,1.4333711137700964,7.233375498237515,-0.9921873931494143
2.170456867425616,-9.434506895568031,-3.820203765319021,-2.2204887564775873,0.7970359781862817,5.509524435293648,-5.598039018686335,-0.5765993341136686,1.4918642567157712,-10.596177182262243
8.273199019825261,2.94829250637394,-4.569173042571405,-9.704604018858229,-3.7757860123366394,-4.139375223553997,2.431592279262087,2.006123198959184,7.465732293074628,-0.9557031291319146
-1.7677306637997299,-3.1249017034771223,7.114667782923743,-2.9390996706894312,-4.187450384714225,2.3775185802674326,-8.478447336005996,6.949894125201327,-9.136603117625372,8.895259647761643
2.384050178736145,-8.573225867540756,-3.8698866841203574,-4.652082928978861,-0.18490236064613563,6.427947404095685,-4.647232932496296,-0.7352799504954561,2.008853495538269,-8.50717518621354
6.550896457235402,-5.4940542827346635,-8.654352956531918,6.058267376467475,4.088594658261314,3.579272208410966,7.408312623810452,-8.70581943439475,-3.127900305649743,-7.0759560858705415
8.509605663494192,1.9654832289437367,-1.515939878713747,-8.352255017050458,-3.5221789880207495,-2.841315377603692,5.5672314767890505,2.2965755017372915,8.299078349474874,0.4909331856717649
-2.423988173418849,6.023150157297598,4.452982678066117,0.34269644022559187,-5.673632674604454,-6.1027022405114355,-8.37165677466993,8.844529142658082,1.0733837140393385,5.908814753836467
-1.9186391926540223,-3.9363494233607446,7.7267724858839655,-3.392748275926172,-3.5561934464897176,1.527465825473787,-8.476320321287112,7.5569249264934815,-7.202126610425051,8.454021492972618
-8.173975919222308,1.177484931700351,-10.807369236179515,7.048145906617544,-4.337764411854851,2.088798301442499,-4.966098930409097,0.52471521576338,-0.11931703345043854,-6.435995317410146
1.9001094308181345,-6.7221993059740655,-9.021029536772742,9.448791149163553,9.39428537050944,6.562490996645896,-3.925241979428335,-9.650678732342646,3.716028946342846,-1.1334121700511561
8.987242872822062,5.771118367089023,8.815734182207045,7.425547587799997,2.252145460110808,9.210745921882479,-8.415056575978598,-6.54089832477171,-9.437966629788693,-5.791305917520445
-7.4115294823414155,-0.9295995779641569,-10.88998280549583,7.404667569351108,-5.852174285913515,2.603758834016249,-5.0916625551654695,0.0062203149300023575,0.2209564587816204,-5.927297012343802
-2.23467310718958,-3.7374804482680126,5.992236587130226,-2.963269126387307,-2.7681523052935013,2.4066442688223866,-6.239543367912473,6.246357402371214,-7.991017698855344,10.108377030655738
5.798836451742967,-5.504935013713176,-9.13308882076771,6.716150310245463,3.1575382801581244,5.1596688860707225,5.647211672926621,-6.329002186193366,-2.822767089241542,-7.299719023764474
4.9795108369996415,-6.410942379829307,-10.504951286098237,6.3569818776682485,3.2869777884203275,6.747867481439375,4.060032918722662,-7.631797421295642,-3.092540139276435,-7.219820714235557
7.969491350864148,3.067446115866022,-3.7734263688002687,-10.164902625049836,-4.4921874441213925,-4.505814074352044,5.173669880815095,3.035670963724688,7.145637926680767,-0.9835770249565338
-1.9068924170424237,-6.0808653286134025,5.137711280661798,-1.9747881575619903,-3.678872489076321,-0.06744391197236188,-6.433885321530401,7.643331751800044,-7.051128286743983,11.342016768832803
7.486448145396024,3.579154963786385,-2.1426486158974924,-8.169291735331514,-3.5600795939527203,-4.48406504017473,4.383676425216507,2.3902541909166666,8.074250408972677,-1.9697681042261987
5.1194361830304596,-5.4758385336365585,-8.138374144515824,6.270400841862237,3.5428011689428613,6.6071321170197965,6.227967605573701,-7.145473693473011,-4.040226156814173,-7.161489705377795
-8.06702479391103,-1.1831736934516066,-9.195996860403064,7.126819557873558,-3.800719518837056,2.126562914947436,-3.2180722850486365,0.32074405874113415,0.37358070249039177,-6.405742395808749
-8.852860839186718,-0.4579737702250656,-8.579387770697998,8.781416843683923,-3.692721830998444,1.7600958796188428,-3.541931788432124,1.8272707558775771,2.267007317341692,-5.944000908076773
-1.0250815945167853,9.369899476983981,4.326820805704947,1.9724610893640862,-8.130034925120988,-6.27559426692058,-7.955994694312601,6.871432582665623,1.5522580871046743,4.427329785572957
-8.56046026200639,4.731543451035236,4.903602910557282,2.368064893933346,2.4670119299197957,0.798752198815306,0.8142862030732749,-1.5400037504043695,-10.783030731396659,-9.502048780640873
-2.1296969382961737,-4.0076651772361265,5.109258628245559,-3.3861048925090995,-3.8138240776834045,-0.23549760271095077,-7.49749402241821,7.132123184014592,-6.713804363278566,10.177653943259473
4.8874531920862605,-5.464836616532155,-9.879856365896384,6.111396677986204,4.484790465073871,3.9052462889249377,5.825801851791999,-8.938614047798552,-0.2943998700751118,-8.81655442663349
-3.071213353826315,-3.78298679698176,7.040183273119368,-2.1995147658317973,-3.6492955340121944,-0.757643959172541,-7.857861492978924,4.675891655863081,-8.319686065556986,8.41439439988612
-3.327076829014067,-4.328199273738051,6.228098991503051,-3.1290863398533646,-5.296316257240974,0.9001029869228593,-7.506763525701346,4.402974214062429,-8.709905795975512,8.495826905092205
1.8035460732440565,-6.6504612166347945,-4.715923321032432,-2.0037986524079834,-1.597143022438321,7.535638835437574,-5.661749384240511,-0.33533418080447897,1.2595996777715759,-9.58479149830808
-10.108774647841104,-0.9355600203456443,-8.756232526124188,7.877543411002487,-3.9789398350252947,1.445842777690417,-3.034667638522306,-0.2377787942288241,0.19800850248291868,-5.311863842562007
-7.782569672538526,0.33811670319082204,-10.083606804035242,8.507394010847058,-3.3650707163981295,2.5981825033358854,-3.307191698263198,-1.0043858523341718,2.957071705232385,-6.034374959244884
1.631067848362678,-8.152898027189638,-4.464684418859381,-3.6405154736732657,-0.3141021116117835,4.541767927683861,-3.6735079385801175,1.5806166298459832,1.860867146841164,-8.20359725260207
-6.346578097016757,4.823009284578946,4.588229821889192,1.028743274054636,3.957921852496546,0.5040561476700701,-0.17140325828063185,-0.22488134797276116,-8.89132048496406,-5.904171933884798
-1.271543865540752,9.394053764239217,3.671833077717856,1.6628619785558283,-7.493950335247565,-7.589898585509482,-7.859438198079231,5.951779786235198,3.631081090598549,4.9896812461055315
-3.034828557038135,9.046693141538459,3.967393240221765,2.196440519860993,-8.621848883786544,-7.426151392092668,-9.930448956984577,7.458861263390994,3.0167476103730833,4.80745774303546
-0.7814988761202026,-5.631177694241187,-3.362348506823703,-0.6663544964132293,0.35886427607425797,7.281861905357559,-5.127869506652427,1.6333819669177447,3.84241511797529,-8.85443700722184
-2.8833834009598287,-3.7326505440960265,6.637002642473791,-2.1759641297901444,-4.288943244807201,2.083303456968115,-7.0674816120603365,7.468028711861272,-9.489015703616628,9.610098662531401
4.315789627130224,-5.272166221602158,-7.714671695097364,7.587281739276857,9.518053931948938,7.377033360343226,-3.3146192171748474,-9.048666824506096,3.0345667749344822,-1.6488862632139636
4.963226761096655,-6.620288215926613,-9.977126367811898,5.219558133110009,3.946255192365675,4.919628407942353,3.116665535001152,-7.427799435780592,-2.0147072989866484,-9.537195984063777
-3.345259775152775,10.43878194944527,4.548172812082975,1.0854001724021913,-5.881995114231025,-7.166903829014216,-8.078812869149903,7.031764283240166,1.962474091334272,4.6550117602552
8.863956984423321,4.347011357929243,9.36522536339782,7.119099251224194,2.436425777056159,7.20416496409402,-7.320931037879071,-7.356825278283587,-11.436984631180312,-2.256130799571485
-3.068617970161846,-5.812602913175182,6.305580852542698,-2.2007401958546216,-3.8274339053191575,2.1106721607115526,-6.147539683208127,5.515342900162418,-8.48991572565087,9.705182637788928
11.028734769611447,5.204540809593831,8.98999007122825,8.815164613942718,1.1205148509112743,9.813225087338502,-6.4662797269043315,-6.109239039265771,-9.63488028324862,-1.8662739603443246
2.09674166640043,-5.192316338166133,-4.045883694454779,-3.0000887091985615,-0.38686067490306003,6.466912307442243,-6.462692704312865,0.7872635426436696,1.5194018805700407,-8.351664143770607
10.658820698015912,4.108852021322641,7.767200590296031,7.885378391273444,1.9936015441267367,8.385287194999474,-8.540927137749287,-6.406403074069115,-8.71119608496761,-2.3594508310955398
-1.68713746305826,10.911079110852269,4.394490720225231,1.2194335195832424,-7.769141620776793,-7.695919878241385,-8.915429466050114,7.664674890315347,2.2989910341941946,4.9886348049569325
6.0007205595667665,-5.349576075524907,-10.691179432886285,7.142231764577331,4.3771435486709445,4.214867971235854,5.5200268315036825,-7.458461147168914,-2.4388348261567305,-9.840420902197753
-9.771850436100417,9.283246111748044,5.166621392331127,-4.601552203387001,-6.4656037147494265,-6.2943567262707605,-3.5145135024694087,-0.29294762125891394,-0.9047436540249889,-4.542491842057344
6.947851973190563,-6.400672379589818,-10.64333171293714,7.076331599913823,5.14121168722872,3.7802396758284447,6.887603527624352,-8.467885873170305,-2.3219241329862803,-6.194337618957894
1.77970508676724,-7.532987350662326,-8.554340506504866,9.850880037448254,8.92558763525746,5.877563970678425,-1.0857243666941883,-6.967905773912596,4.83478920863677,-2.657236031266785
1.4748459497401794,-5.876855494127163,-8.547120590652838,8.291649218522988,8.9604602133716,6.097427409601802,-5.472579041488047,-7.280914613389626,3.2059683413039464,-3.980666349006072
8.14579020518195,5.2929964545245625,8.223409527193693,8.448725563610338,1.6200942498594733,5.726918078883064,-4.5385254577638054,-5.937979460026166,-9.00626271148066,-5.034803356731745
1.9883690733525097,-6.254299180036798,-7.755199355495088,9.902288610929517,9.545928243048566,6.00681947564322,-1.8836960801533298,-8.146317995186589,3.242970425814657,-1.8427991135019917
-2.2985967837551082,8.525810048087962,6.232548834510985,1.9925137547524863,-8.068590610686233,-6.929989747404064,-9.884448841698514,7.796930331211169,2.313247599203661,5.119291187029177
-3.3902659597140423,8.302065364549271,5.826613456405433,3.4095050896467107,-7.117737627463324,-6.834106846022673,-9.742942131629777,8.496279760766148,2.6877170585559544,6.1026689923846575
-7.5956243343499,4.914857374168402,4.170724797585256,2.3349627713171635,3.6193132062596844,0.9465540671276851,-0.26705428045057966,-3.1030582328610636,-11.492992236204405,-8.3183240396652
-1.864759106840678,-5.158775077289287,7.474850383280611,-3.818992808148506,-4.900654879411968,1.5571227178493392,-7.558430516989313,5.716589654758199,-9.152475580053396,8.908797991207498
6.117685930494525,2.3237809777131773,-5.291356689041384,-8.966480163468814,-2.3352856792267573,-5.002320080458852,4.2413752812016545,0.6272180207083435,7.752201631965318,-0.0895269001317171
2.321068085371941,-7.99936938184536,-3.7151981071314344,-2.5027529151459564,-0.5909182719835584,7.378649167550499,-6.044242306598397,1.0414157711256609,3.899800841326431,-7.764374676304998
2.486318358509136,-7.078294571167577,-7.025224386310985,10.444022547984526,9.945707208988415,4.988950789372326,-4.579943489084991,-6.790880194131221,3.1215943304480356,-0.07480839128844874
-0.452990493112428,7.911077762476639,4.418625212642329,1.6963563840518114,-6.5722204933421695,-6.06437238073665,-7.977854268276265,6.740445476929764,1.855178521077764,4.444031506409209
-6.5348891011185986,-0.7679593117220824,-10.399259905696907,8.399498616444614,-5.591341630382725,2.7244929472853463,-3.5073183038927116,0.07487779977665993,3.2458149621662273,-6.3777394328086565
2.583943416632713,-6.276279277253458,-8.63303703171551,6.322628727187176,7.918081148165112,6.268622465428155,-3.291698907784915,-7.756887907734181,2.7921955625274797,-0.2595438427384774
9.890526883569466,6.278070830716166,7.011700730028716,7.898555938698701,2.26320861830622,8.853632880981626,-8.401036220745564,-5.919591251819943,-9.815360626470007,-5.268238120432443
1.6297348489766748,-6.782446015949233,-4.8614673535165185,-2.467905833908475,-1.799183541495758,7.219807678416287,-7.57676101091465,1.5169725977830637,1.88720720525818,-9.560458740942035
0.26303480080641806,-5.887014507190812,-6.74430559683192,7.733274697317971,9.221259401063245,7.048428263243335,-3.876307143066036,-7.881458168379096,3.2936610887194986,-1.6251023782958876
9.527233868943615,4.8034436197281725,7.8447117518105,4.737458995007732,3.192116376163574,8.290877645240009,-8.63054730369739,-8.032050048002528,-9.735566987561592,-4.265079843017609
-7.08398537409859,0.9106526312070387,-10.912912686711618,8.244382738191305,-3.8576953866030608,4.756741601966796,-5.313866867904274,0.04987678739504631,1.9684322608703557,-6.495189202300904
1.6154638492769058,-8.543339840910159,-0.8729888280077529,-1.8894588970374524,-1.145604077426312,6.5725505033911125,-6.130980986547228,1.151845657372419,2.007684575017072,-8.979719847432472
-10.498634456012235,10.093362291570026,6.273219155291096,-7.058034676867426,-5.921838091671927,-7.765639827741552,-4.752560866124737,-1.6117604819813236,-2.7850577393552918,-3.9968880263186835
5.134260465790472,-5.628400346591805,-8.925450200367715,5.616385566324866,4.679246736595233,5.715297726437779,6.176657596824405,-9.30974206876394,-3.5139118039519155,-7.247615359822761
5.294603707412461,-5.0096559757120405,-9.615908204986939,5.158343748358137,4.0518816363197505,4.041793179369699,5.946432891260265,-8.41616715793426,-1.7003746187775597,-8.42266009222238
5.683212593191518,-5.5575546364490656,-8.724583879870925,5.715389510362526,4.798503895413564,6.324500596534515,6.066033183207573,-8.741500192976872,-0.512479738742182,-7.4518043070869115
1.4863115500801727,-8.178020662662343,-8.18947327863888,10.319967527926847,8.650402582825564,5.364634103922105,-4.432626579401585,-7.474949009065206,4.9131781366580505,-2.436556936588495
8.385280052232295,6.370960782649731,9.480521962192611,7.5916810303294096,3.768044679886153,6.878388379380807,-8.3098412599405,-6.5693829165576,-8.134861071518387,-3.1398275203595447
-8.0666446969565,4.768517709960935,4.473202822673111,0.9685655280558524,6.0516997139742985,0.001793205343535803,1.9974499235911007,-1.9307257638796447,-10.059605154188304,-6.605379650030283
-7.505096447877535,4.468233812276771,4.530541898603905,0.25197675378420836,5.528576833860612,1.3693296415941563,1.2316872210146386,-2.6826026271012453,-9.746806727029712,-7.1131749479148745
-8.401232435342196,8.433407305610201,6.234222307194405,-6.477520320642144,-6.0490560649831355,-6.690868188110738,-3.18538220377505,-0.43587307898768424,-1.3180686538364037,-3.488559285026905
3.252326526500209,-6.005614084206318,-10.127421324413712,8.166925841910151,4.626840831146094,4.274880613988515,5.228551843325841,-8.727510473155943,-0.6135520545511639,-7.007134941359562
-2.1772172924837356,9.204785807977387,5.349330653367141,1.5376833133708887,-6.366521392975187,-7.139656270859864,-8.099517275748507,7.938890399511757,1.0868615328195803,5.247433672095941
-3.325414867594715,9.09242919116797,5.501514960726046,2.1122300825941496,-8.456623673342268,-7.682934037226789,-8.912300620230388,7.247857311172873,3.994842411653984,2.775463613521911
-1.2034443219939222,-4.315733476447981,5.52237816060264,-2.5736230098424233,-4.219438977473303,0.13586875122057862,-5.9864657408937605,6.178828821508111,-8.725608768486751,9.654256983934925
8.911434267767007,4.284275864481466,9.149364908604285,7.419017155554272,2.7416815252580693,8.445023330919936,-7.575336754596787,-7.094659798347884,-8.952067958559418,-4.192656592118629
-9.542810981219072,0.3708693318710528,-9.976342292325345,7.295739908329941,-6.081453442643104,2.9751231589924867,-2.1884511811613074,-0.10408909779929831,-0.15559745730134078,-5.65097748845943
7.211528258061665,2.3883676111781886,-4.028169724046606,-7.449053228213705,-3.205775664836544,-3.361515194563352,4.231412274231207,4.484178050582973,6.5897820106723515,-1.0522975606994138
-8.57146828940777,4.2739077487594725,5.095758885441271,2.081999009891939,5.806155289670554,0.5653292516737917,0.25752748945401177,-1.0435051579173409,-7.678882047630187,-9.18771354400376
7.326139386284553,-5.460070324937853,-10.09896072602203,6.210321882326329,3.423888608635429,4.031714236701081,6.336102625461829,-9.013074066148835,-3.4482213758291573,-8.275131405527512
4.862363474716501,-7.378894726397072,-2.8633538734296766,-4.241862158819391,-1.4086899016641503,5.8004171038945875,-6.914678305440476,-0.13751191653251177,1.630340470997311,-9.304899731044939
1.3601864185401997,-8.044991001871486,-7.2210414041348745,10.793388200146982,7.909711589078077,7.459662569850461,-2.956339633031816,-9.616334404591198,3.294392999311519,-1.7771138473324928
-9.568314627877532,8.99837030895336,10.026235735091081,-5.0767103099945015,-6.772841231076612,-7.38802137211841,-5.79544355137803,-0.5300904530926758,-1.2461578553985535,-2.748088544444392
9.109617845547861,6.730060484570212,7.473858877563829,7.970859899001934,1.7871555724249217,7.870809110525723,-6.639367307918252,-6.043506942749221,-7.584309149844925,-3.4877661794903028
-2.1877627045675623,-3.4585394386519215,4.250359543326965,-2.580419580241744,-4.671513183332903,0.10142563063435384,-7.9366519184380815,3.4068299458615754,-9.307405230005779,11.028201456949683
-8.984596873539754,10.799697389792044,5.439993951387714,-6.319154917326882,-6.439171728515051,-4.79435848389698,-4.573537858749691,-0.09937506330424994,-0.8829590516018768,-4.752645921749732
-1.593795505350676,9.343037237858006,4.110118632461063,2.486437117054088,-6.78254964180323,-5.911464602743058,-9.540380850513362,6.995860768900935,1.6301920817320181,2.6979366077887903
10.043140606162279,3.9076242502660756,8.194488838794497,7.562000979629352,0.02693808418769006,9.327434796538421,-6.776265470413474,-4.018407795613482,-10.141338049306976,-3.376069887900439
-2.8204077248975246,-5.206714135897305,6.2667931148987535,-2.9297067981892866,-3.6174501710714173,0.6089690311778699,-6.855494693877152,6.0514709271293325,-7.9684063559116245,9.784414071666205
-7.3140277601912524,4.183098992873779,5.845824182768804,2.032953927341164,6.380815534575611,-0.34912825991682006,0.540069368218269,-0.8702376114501774,-10.286345485025274,-8.780183906847151
11.791069761997583,6.332548367242381,8.33524494432631,7.9807635974994175,2.5932325980762365,8.286623673676994,-8.09624208991666,-6.897546355279816,-10.780648752597148,-3.386974061990001
4.41262175261728,-6.998622601418553,-9.503993635882852,6.5147719896357925,4.678597970860522,5.099897088268813,5.189768180894503,-8.761646034016355,-3.8014841615864623,-8.383773113782
10.876848119000334,5.496863577987066,8.849153025878012,5.915915680008311,2.102862205072226,8.35730478358908,-9.529238993887079,-5.993074412820287,-9.493377232596663,-3.7101812026300722
-8.299159031619933,0.1586612903488538,-9.047928163619677,10.554801509811014,-4.511149108197958,2.4393016723291767,-5.22592874027818,0.1255077089184708,0.8151197444382745,-8.513610416880015
7.508773568068454,2.8357295995439653,-4.446482304160178,-10.08747062167021,-3.30653452028292,-3.95060954741005,6.104225277294919,4.472215705439587,8.216244140628062,0.39603861001010476
6.120189700862015,2.2543169815554123,-3.2847530998375305,-8.465855510004326,-4.744640180942163,-3.663529831026852,6.159301120578781,1.5563853151278977,7.71512646553714,-0.05572042964138829
9.448188896709656,7.993904797229558,7.226237743612403,8.059508679409323,0.7836466139043878,9.317330624419224,-9.81162538700379,-7.414264294334794,-9.728641162338445,-3.227561214879313
5.634180504060634,-6.382108537123364,-10.835391213782788,7.6139436487090455,3.225126698117652,4.724121985700284,6.505318504197903,-8.775162313855121,-3.5648608798952814,-7.384870505027611
0.32420654109976055,-5.432828018928709,-3.6732659042691753,-2.7150950297863785,0.028233830713645713,4.251684482691838,-6.671225261983819,0.1636133358816787,3.2138517476730275,-9.117488326726603
-2.025368547056598,-5.765053274899195,6.353322690275137,-3.272083303921631,-5.434295912626831,1.3518544287670706,-6.606662921109414,6.770148036786755,-9.499900080486674,9.895189669089518
2.504878970699773,-9.018629863420816,-7.056548894366087,9.021350877532404,8.019674649087658,5.150701593042379,-2.9160782382717847,-7.445504784798218,5.0714411875283485,-1.8796929700122078
-6.774557035919392,4.51692722965095,5.670755531303872,1.7693358090944864,6.454772032185761,1.4128617448265017,-0.42975755093442936,1.3786188910728567,-9.353348504194296,-7.7035753939307
-1.2730029079844973,-3.0838543011625816,5.038670506000361,-1.2847497998537245,-5.507903979212931,1.6008017571373279,-6.922956929738442,6.679791159793648,-9.674730179215546,7.92538144933824
1.5477812712952022,-7.895118937085556,-4.706233510285214,-3.2672608565528884,-2.1582481640085236,4.579319130913294,-6.835844731194175,0.8762597867253302,1.4670540899679763,-9.278153434694085
10.59913859925411,5.946517697952705,7.972484890068991,8.71128703437158,1.6228825084277458,9.152138680942622,-8.59894582385777,-5.727036311789726,-9.613951558413586,-3.986445881205047
1.6596340103674445,-6.289997106838009,-9.763014067539983,8.799128475552441,10.714850250994457,6.596201359846084,-3.777182324104228,-7.831693010408457,3.295525434266574,0.7992021945469525
6.539076789400896,2.1897185013762797,-4.530191833098369,-9.320127777988565,-2.6442873734394015,-2.8449279112916215,4.171383371909312,3.553978339023455,9.82616292020445,-0.24258960389904116
7.8145623758514695,2.9030137351522054,-4.672490067773538,-8.606738961766066,-4.314358605535017,-3.8565548283652475,3.593891471267133,2.7002424234883335,10.876689546384377,1.3007408188227911
10.554715858248208,7.262739064760769,7.6841985452240795,8.305063073540744,0.9965103771602378,7.4335626827608365,-7.871122186555629,-6.002886936820957,-7.950452743267254,-3.839569834328922
2.101456654546707,-6.424129974256031,-2.984139330131371,-3.1965224251528492,1.0810836662966024,6.016760921553889,-7.049452618641544,0.6537408168622005,1.465292162757392,-8.636923258416868
-7.631533712358773,4.029862479136399,5.9780647032168535,1.694130668112226,5.329390100764309,0.8855580365303357,0.9727701702953677,-2.220304389670563,-9.483405288189685,-8.018691481739607
0.8662158496185841,-5.6152025788731486,-4.169383562797813,-2.3888352465214444,-1.4556047553864835,4.37664166849325,-6.610554242307577,0.503892955905821,2.5217201899945434,-8.909200204997324
3.0781394330540057,-5.9813947317302425,-3.1400414853254834,-2.547204611652588,-1.5770740738724267,5.622239679846687,-5.547923902955175,1.1929112923639615,2.182236425239889,-9.450899712140622
-8.091078925915651,-0.36651669591890834,-7.933118174527065,5.872244058903174,-6.063366312804499,2.524973977721538,-4.844123270647802,1.9113400339717053,2.191882564718797,-5.710879080094843
5.421106071333808,-5.403677001462858,-10.175721087747895,5.101016779197414,3.3472929158603715,4.419691705925251,4.1704364648475165,-8.555960872069177,-2.769930773400046,-8.040422409368555
-10.544368665767346,11.715833831913764,5.241559372516033,-7.051321690121634,-5.049274080154408,-5.618643552134781,-4.941119958290024,1.1024176477464502,0.10675081783962459,-4.205680253636147
-1.7567697251195358,-3.774567942662628,6.911624873411363,-3.738190142980752,-3.9582067544132133,-0.0981712392125389,-7.493268839539089,5.00769096026257,-9.119874918475452,9.828217579364862
-3.5743112861281228,8.709061423843654,4.030366634068818,1.786198380955286,-6.822977266254163,-6.350416838919216,-8.908826534695102,7.810024559324905,2.086774649674296,2.1859849895670376
2.9101915866805586,-6.90503738225241,-4.557226690596768,-3.255928851382122,0.5270472818486831,5.904257768618662,-8.109125048753828,-0.3888508796250103,0.990075345469223,-9.61725575477751
-3.2808632539562774,-6.182557441501106,8.45795455136949,-3.5486016700716325,-2.9686420029932177,0.6325507533181125,-8.312319705057192,6.553008005009798,-8.900043983337513,9.530637626347099
7.443490237573155,2.298320470795029,-4.30828648475602,-8.488596070129214,-3.9226894040378357,-2.5145902182335615,3.2993170466962756,2.8651143604176266,6.4724117682150455,-0.7927754870597712
-1.9137067254134927,8.42439137173543,4.5077094805837294,2.045448649325021,-8.379849052598207,-7.658946636096381,-7.487254864222871,8.209714104083499,1.9596606575369409,4.404575014433802
1.3984342208480591,-6.030698318818735,-3.3006472161468503,-2.6866252686304373,-1.7438093695115273,4.935263907468503,-6.524491656049316,-1.5010525136740305,0.8448259514415593,-10.553468260963687
-8.546322491638152,3.8722648827628063,5.975279222989657,0.1344149171329363,8.139807945243653,-1.57934091638453,1.3803114684912636,-1.935788837330463,-10.30048376663968,-7.304439469215623
-7.45980684487539,1.120374993649843,-9.665689347981916,7.650203761035479,-2.8265555943725165,4.760147506267286,-4.530376348767195,0.5403736046151915,1.2628838292136755,-6.099250466763281
-9.278882443194776,-0.7996686779027947,-8.424176723650374,7.629337847953324,-4.423914842758214,2.6473858576816824,-3.1269117821829315,0.04960962174754718,-0.2976786586849034,-6.571863957388903
-7.2636111997605335,8.869250280515187,7.606157638601967,-5.859308421775897,-5.130094579505318,-6.339598798652693,-4.303030922671715,1.8012008365163863,-1.8526615661766153,-5.588142954939718
3.143842161123019,-6.804272520266264,-4.22695889747928,-3.4702486314699543,-0.49808001034297766,6.39422011720891,-5.863835944631176,1.888390623739163,2.307928695315666,-8.157384528032011
9.911202443399475,5.412115227473914,9.883201728354656,6.52598577434884,1.256910074845588,8.107450054211446,-7.517425389552303,-5.861835165570975,-6.952088239046821,-4.299179281708605
4.697606261653366,-5.038446712346069,-10.287372584981592,6.311760505446926,4.865502390279357,6.907984603767607,6.245459807429962,-7.6047608303656204,-3.3760633836494933,-7.525620818537818
-3.243371421831246,9.096281684611881,5.097159240843342,3.4289920060874985,-6.175120651326547,-6.091052905900428,-8.75450112870665,8.733982060702207,2.432063030823673,3.300363645747338
1.277085375303549,-6.84472657872297,-5.261775385397744,-2.1371229091095567,-2.072758971750597,5.38451119738742,-7.438254053357547,3.108855777674962,0.19433181762453544,-9.06117800520364
10.498848464455852,5.659161921066561,11.075127403501488,8.857078581365412,0.8184588784820126,8.260934991479353,-7.8330723594709415,-6.035845915905059,-8.408580802817072,-2.696376679900839
-7.640408913421215,1.9952036374954831,-8.313261742379012,8.73715073310819,-3.8617154509470923,4.791012298420953,-4.9186446797589,0.0093205548590935,0.40548395402877735,-5.715796492418475
10.520139215660283,5.943742082223039,7.833232754706498,5.945850114132868,1.0435831741094923,8.594783772622526,-8.862081677316052,-6.789992956793917,-9.684614660719902,-3.566100947471001
-8.581005756610688,9.421582257898393,5.784426110672716,-4.163694750330615,-7.113910783612644,-8.493942102858762,-3.456766130852177,-0.6096460409967595,-0.37249083365851043,-4.5565548927125805
-2.565786111952646,10.233256917991985,2.6887769721894763,2.116757620445892,-8.697606416538425,-6.120397297791778,-8.932786471078012,7.743132887522822,1.1584172742744094,5.44091648757866
-2.477801757519974,10.621864434597832,4.619318278877595,2.262353357059457,-8.058550682449596,-7.0997790456269065,-8.228801711427408,5.768149181657461,2.223145327979885,4.262242628565716
5.472394139665982,-8.93454880158838,-10.54614174089009,5.6958258430256885,4.028343148811352,3.64980452617664,6.362970947477142,-9.400616929992712,-1.728252787497328,-8.643773844760025
-6.2000976198024045,-1.1910077728935964,-9.751384911642443,7.00876537170113,-6.163199579579107,2.6226269411263217,-3.3991662339177595,1.1727548584465324,-0.014148519756081668,-7.112186808876698
2.807763101338268,-6.837129062695621,-10.073141592665953,8.899540808930873,10.040188035281808,6.018975297564862,-4.694552247267624,-8.270064780168832,3.665184064941792,-3.126432387834055
-1.815433151318024,-4.168903653535563,6.671404099726028,-1.8733198055873368,-3.4957265720389503,1.0583030052352471,-7.115133650479042,6.173486320300891,-8.656632306341667,7.563396005382669
4.8148944802700075,-6.348803975262722,-8.053272482700596,6.446800038265537,5.038663391233976,3.820871211215255,4.0842032408165885,-8.599842286360069,-4.321154832449201,-8.381208412739081
8.304810248696818,5.05620174006938,6.416749098433143,7.421121319428808,1.7563215487105917,7.1430637288756405,-9.270635057207443,-6.300941272797897,-8.739167673478939,-4.384216052734957
5.976301360914196,-7.1697816021562915,-10.14195352690856,4.335687659102833,3.9749635179181397,4.730672406891368,5.995186945884352,-8.365002158821888,-2.282509785060299,-7.617393827828129
-0.6843207521209307,-3.4135214109484484,5.0903256213096375,-2.94956985335897,-2.9263541238801327,0.6375006658574502,-7.45045868891191,7.136677241823872,-7.521917882129368,10.673042077390946
9.736354859935155,5.512047075240891,8.440071000809573,8.721237358763842,4.14658096821322,10.223335591650606,-7.092173346355776,-4.957040220503239,-8.263144335535126,-3.5406840304432476
2.283269498118507,-6.461186673153236,-2.6629651320288117,-2.4713685754108847,-1.0717555405088595,3.7251343112871886,-5.980339207647007,0.3559760288216942,2.4872481914535953,-9.779479847129137
5.762421306248042,-5.269828035739172,-8.505354564140234,7.280998037994659,4.709576323350067,3.942411397669754,4.6396317814125,-9.657685850447873,-4.064950998541293,-7.6840228476417485
-9.671399441827134,10.047078969143724,6.0644518394124045,-3.300847873565753,-4.379867003421968,-6.320029368413532,-3.5285689109040534,1.854426232009563,-1.508239131971792,-4.832041266838866
-2.793487546718991,-4.854432442446532,6.4046665787040755,-3.0639451288727964,-5.026224423228662,0.11240060346160186,-7.479494167296778,4.39846352804488,-10.466583420215127,9.835794221929984
-1.4204279688360781,8.637985403273326,4.658697885968699,0.8015153366231702,-5.183904313340404,-4.982820898502835,-8.681634028389485,8.347053559684047,2.1975870137980995,2.8247261170449782
7.129614531355605,2.1211283637407714,-3.0778385173955414,-9.974553009273222,-3.879688011710898,-4.7521119943068415,4.076559789660538,2.6538016148340215,8.251688581304052,0.0346187549143383
-2.118912302050263,-4.253557068458676,5.307073406112928,-4.059903361388731,-6.078605955440117,0.6928535773913789,-6.120480095638815,5.66072498637845,-8.161291296226967,10.716572626903911
-7.945998091836074,0.23760756438679104,-7.6362537066276275,8.056904327948304,-7.069289661958089,3.008487475531824,-2.572384041813909,0.3154209510593864,2.463536240557295,-5.84996929635164
-1.7914147516984293,-5.809895602356137,6.073785224904048,-2.801760605025598,-3.7060089763855477,0.6328395452160954,-5.402343703224953,6.043500626420886,-7.318192418145841,10.01629451237684
-1.957721347813227,9.354875344598819,5.030574757156246,0.646697555629649,-5.832309484529822,-5.710519600848173,-9.067718500704038,7.280045965684841,0.4911927323084535,4.675706311938744
5.190585270655173,-6.66953514039022,-10.687926290421734,8.014022726721269,4.917690360289315,3.100280378647601,4.5495935289515055,-7.66165793598328,-1.8619985853100394,-9.067701505150252
-7.527160975547236,-0.10945547645818648,-9.640017267319847,7.651565187050931,-3.639644864588605,3.302417413795141,-3.7526336896520127,-0.4014172513123795,1.6094180172790975,-7.308018390327474
-9.493782546495483,11.204286161076848,9.315758038328445,-5.656061999348229,-5.246819380790465,-6.099815165002786,-3.4162719460410327,0.1529799815175184,-1.166022701735083,-3.637938491432733
-8.065760382070831,3.992641131115552,4.939531732197844,1.2440413717290795,4.474792510212953,-0.20541964170062457,1.8227313230182585,-0.12552956845413976,-11.056468102705718,-9.565366690724998
-8.663028221367119,9.566848410850081,7.3252098636833445,-5.7909049071767145,-6.129635554848741,-5.166918920367401,-3.2898368067877426,0.3258541943121326,-0.008737081231534605,-6.540272568830673
-7.926842504596017,3.6686984423722073,3.3508455006473437,0.9579667832223469,5.931373855669525,0.017484062720383137,0.6254694419073727,-1.7882232969092366,-9.552165986990694,-8.94963278825038
-1.9816691182437876,-4.1477105950333035,7.261799529762415,-3.618583177034555,-3.873366727707359,0.9670217414129876,-7.239267997756075,4.802516787573085,-8.355733627086469,9.922695351921512
-3.0809436650088116,9.34689363852252,5.5730069085691705,1.750448983164125,-5.814455225436884,-5.427492847789767,-9.75464867570943,6.486602211702423,1.8819251759588391,4.469064224110105
6.674453371206864,2.777165638158499,-3.1517136997686515,-9.138683035978273,-2.0967322266105874,-4.126969372155328,4.421037609489984,0.824398888691773,7.439257147687623,-1.8786580558460904
-8.479868878992107,4.425467353228019,3.8994361522365057,0.5408401951945606,5.456319266006835,-1.809705510030154,-0.6967284904889028,-2.451061192091183,-9.41244498206779,-7.400832374989744
7.056733333723836,2.048550655111898,-3.2128745292376992,-9.007835928941041,-3.3333561905832556,-3.3224279034141544,5.865672914445719,2.2168515284539434,9.524103885116489,0.5115396840854431
2.2013238021682096,-5.327239635582497,-7.77316349869835,8.895798449341058,11.059630359666684,5.598885571482648,-5.82555727833061,-10.228659014073283,2.5034695896474206,-0.3803253819457443
10.697791268056914,7.573114782576363,8.61322464934897,6.998594956686371,3.4640122973973906,10.327867603329807,-8.398945370551607,-6.29902336683761,-9.175365319460738,-5.167942273980017
-0.875684075656487,-3.6221584067563652,6.205525299853091,-2.515140699598585,-4.504979377835089,1.4699773417961457,-7.552911881209623,6.522866856249903,-8.441681821745233,9.30554482851504
-7.080175601528538,3.0754700997539404,6.039907356336528,-0.12909754596641698,6.074519091756531,-0.3595591513226447,0.30088679705234816,-4.514318405246155,-10.08237584536058,-8.052393592766835
-2.848319902322789,9.384347243467277,4.516146156128345,2.4309752938665166,-7.376559216269248,-7.062678567655488,-9.828285549188024,7.288515305492467,1.2112993712353308,3.0474051057589158
-2.0123240325451532,10.084057583182172,3.440181307862793,-0.34297417902814464,-6.021612995849125,-7.708305866241181,-10.856815621024648,7.468586661458085,2.815475923082853,4.0393944237996315
-6.202051056130152,-0.4817512013858069,-8.275797221950464,8.435179201622836,-3.707170370265748,3.81908027064259,-3.4901104021755924,0.8353325039025706,1.1894435429045243,-6.008577844352948
-6.184728988585335,1.5275586882468177,7.5553973209188765,1.121200755113898,7.7753117400298475,1.6075623613306957,1.22708199872711,-1.7922149378433039,-9.333378338239044,-9.752196021927716
-8.387810152514266,4.0745421185665265,4.1671986795567495,-0.2575803042260789,4.978496694890904,-0.3944968597901768,1.5711379420606175,-1.3829174579326946,-10.663332554420776,-8.573853379326424
2.810714857724305,-7.152368640291935,-3.5173695225967423,-2.2202666780234837,-0.1249992064994665,3.6795876168773285,-7.559980490496071,1.2895179177554696,0.3430122010794092,-8.66945310988084
1.8980169722503926,-9.031224513156657,-7.488902207118817,8.671329380904309,7.4632326556127815,5.851263474365812,-3.3867207199276836,-7.642508553339352,5.483075509407957,-2.0497179877779037
1.277702933799467,-8.392118308856988,-4.695050995628777,-2.8556647015500927,-2.0440418418803374,7.174181218512562,-7.3318057287852465,1.630792192134713,3.03345440868019,-8.17268919591101
-1.5591817943831046,9.257290850252721,3.1071782763381703,1.7768890325527953,-6.577927182249534,-6.704573363697349,-10.682121340116757,6.4332050674788315,1.958222470715459,4.697742465438099
2.4102555371563374,-9.03573796552381,-3.7019606483461183,-1.9000347562067725,-0.9558855531255759,8.077985511144265,-6.689459463147992,-0.07639839511463697,1.4532244711136404,-9.147179356891062
4.481686184100877,3.2441750189229013,-2.2184236934718298,-7.389527210385138,-5.057356449468685,-5.4131275408544814,4.181738423549907,3.2690139550942563,6.8014641233187145,-2.146735911297488
7.306893816315092,2.6730231205808934,-1.3719537901469456,-8.672794172603986,-3.4870630268885043,-1.438275524203907,4.52853237411474,4.477467370395555,5.637242749818274,-1.717581660110743
1.5823577331397658,-6.8768764004038045,-6.034353648292975,10.85213519199991,9.438031633297925,5.559793410708812,-3.7906835809513235,-7.802730793255557,2.4413017926337837,-1.116908855992713
10.145592192564807,5.311251850938275,8.47230941748913,8.00638393775705,1.7877124504799018,6.43679682070881,-8.720974141938967,-5.184901860668772,-10.602070685901548,-4.583331284591067
-7.81803616671334,0.2647904855889399,-7.640570141047021,9.257290333747111,-5.608563110192981,0.7044406224581707,-3.4690059711275456,1.199928550304649,-0.15501890500766957,-6.311700411612237
-2.043302167501079,-5.362968221421877,7.0225371344433505,-2.718877617830323,-4.685960890378231,-0.35459350365651043,-8.617727426033854,8.230740612524022,-9.861722011514582,11.435704251361722
-9.342811432289638,9.143009871725603,4.94423085783132,-5.836351312155971,-5.540077471295676,-5.386276375363694,-3.4107900750908358,-0.04617046231748256,-3.3379211961052757,-4.670632294043896
3.4240433950878284,-8.630146347766669,-10.291026872009033,6.437137731214478,3.904834354990513,4.014992908498498,3.83402452056082,-10.408469170025409,-2.463410648119948,-7.910220039286891
1.29978225119438,-7.811743245846124,-8.424454152801125,8.794787446654075,8.068967547302345,6.8048995023240915,-3.443237010955353,-8.406312736477954,3.393328524118191,-0.7265573831988166
0.8059437516763348,-7.280152563767207,-4.504607329001548,-3.5150588508962346,-0.9584494691470765,5.0919140816556885,-7.842529640189637,-0.15648792252152777,0.7119162105369925,-8.839343673989122
-6.875818071865532,-0.12593991279653355,-7.697500274688747,7.505441205662663,-5.695609347032674,2.6489341723097812,-3.242907211297482,-0.3607447698314564,0.7788325986475942,-7.904766183374235
9.94079906016597,5.160629266974235,10.153813711486887,8.298892156977523,1.0211065477600485,8.319145684187925,-9.179008766064722,-6.548858467002609,-8.391628068249506,-2.5041193395004964
-3.101591547291619,8.150295358518505,4.688400464172928,1.1422195675296942,-6.6091703653714315,-6.930347702725084,-9.07727580350242,6.415959253457105,1.445528904295843,4.916842781746665
-7.879753026770393,1.2992456840929094,-10.372961201651165,9.660868368182479,-4.428129447054551,3.8731099029977982,-4.094983041540696,-0.9068587743401544,1.8647163524016945,-5.991502538300128
-3.803879098773656,10.175112915576841,4.17217763491621,2.319673565671448,-6.926547770030454,-6.403068766052825,-8.761505865575755,6.040530691310133,3.0185670543113154,3.6676949727595964
1.4673507952097344,-7.840092818814853,-1.8830134601523971,-1.7323934455028684,-2.427802760807119,7.207732128545502,-4.813282081691375,0.0034763059839441057,2.1549883192706876,-9.085935825021119
10.271930713299787,4.05132494197259,-3.510251631956683,-7.307159490283953,-5.702464704325078,-2.9927607283884066,5.119600289789943,3.4568424583947714,7.235768105669326,-0.1737277266393975
8.911012145314656,6.425671286455309,9.685214047947316,9.150081066332525,1.517190044873125,7.214751446324589,-8.840304598164158,-6.361973267589843,-7.4282426209374846,-1.2983813556069639
9.481526677419627,4.694267629993023,8.19022459312497,8.19383863625838,2.192717309063858,8.020462517883974,-8.499560577294277,-7.53394919672662,-7.692689911208539,-2.8059369868566844
-9.395320472311022,11.07465200515455,5.083878922566656,-6.3541049622882895,-5.540818229283844,-5.996592546534016,-3.7348500894717427,-0.46100707031378196,-1.9519179752491143,-2.930376187815905
4.825184610298431,-5.8606992295423685,-9.967073723469326,5.8568322433511515,4.726298815759821,3.8724309876116925,4.203499473732378,-7.335340859028637,-1.7880369031773498,-8.281767907100031
0.8978972808603727,-6.776999013745452,-9.903055090465607,7.916237772143038,9.42826145191262,5.202075328074125,-3.481185326506044,-6.556414123988845,3.536105115342555,-1.0667990632223885
0.7338953465419831,11.322202378814431,4.458429766980585,1.866832681409417,-5.88404567714924,-5.176936983357908,-10.476356814072027,5.537147450144016,1.4002654293097943,4.7441891390947735
7.088542793678752,2.0073276001005267,-4.077480007420466,-8.571046622363781,-4.994470400977246,-2.567107647189232,3.5105858650329136,1.4840608715221195,7.491958315911604,-0.9282038507780002
-10.494525446131162,9.540176957113891,6.962575998905343,-7.2378225783541295,-5.755233489513798,-4.985974795093009,-4.089803086490874,1.8552967634727702,-1.5507931206100927,-3.325832664992544
8.249564259973162,2.247148426983354,-2.1107907468356504,-7.25793954108315,-4.058761530022917,-2.153317322641775,3.716068679186761,1.8593502952936978,8.816529280776512,-2.1035088132174806
-8.455320000984472,0.11740043505435327,-10.379089419357937,7.09154454920879,-4.430828356845069,3.1552863355940253,-2.828572207630095,-0.023550986526626017,0.3529496368900574,-5.879357493453988
8.050518522518512,3.4373844226785515,-3.0195908941091583,-8.499241168128886,-2.1314580584957348,-3.4913335209440914,5.182170396612853,3.0714040737207453,7.571068441775392,-0.7222892626929179
7.420818385308178,4.424052766795862,-2.336496144561667,-9.314221005703086,-3.5202742138716983,-2.636164656463004,6.51221298718774,3.372006016737149,8.033714971667797,0.7081128397109584
-1.2030278395941862,-5.456106619533076,6.951824899963913,-3.353874888287979,-6.738246502148858,1.3316376432693187,-7.0551942275479576,4.133859100665977,-9.207576667943446,7.930746615298041
8.000065154687704,3.6041294207076637,-2.966890937285985,-9.273360731569863,-2.833675677547148,-3.013685449240815,5.210947858012036,4.286320921057358,8.453697534994554,1.0185695567287112
-1.759368591960345,-7.288117558519264,7.481056920700233,-2.063781504167313,-4.743622636910792,-1.1202850645677227,-6.93904147487034,6.370600419217293,-8.949470608965427,9.924438456357038
-9.687624451875983,9.125770142309014,4.694259811525161,-6.063614590190446,-5.482438468477322,-5.791320261119083,-3.2960719714212354,0.11961965200525776,-2.017196863163327,-2.9061615241405407
5.872850308012791,-6.661127658989156,-12.256590341646728,7.085993038345047,2.586836291333142,4.937437919187966,7.359039636241301,-9.656785830548307,-2.0926300170415417,-8.494218424355294
4.933422316653049,-4.9764257043476094,-9.688391264962119,6.551024070115853,2.971072951106086,5.423584219901385,5.4740540656333145,-8.048967276633801,-2.921399751959665,-7.55257574658078
6.979597205165865,2.6507697329368254,-2.9100343534390802,-9.958641945745786,-1.8943122685718135,-4.237761166982301,5.108679816467128,1.6151651602240356,7.8543974652015205,-0.4089695421882372
-8.769524417334804,0.5342036121130767,-9.35526950993222,7.5798260224565785,-6.713019557717381,2.2396320159623233,-3.0576663380271913,1.2152016928167733,0.7234951062894213,-5.485925746346174
-10.100844224730501,8.596669453135345,6.301666320896174,-4.982415566446505,-7.417336151222333,-5.904095407778421,-5.617057370827581,-0.06620936379744868,-1.6905889273756713,-2.5005575231250967
-8.29232445291663,4.362191282865975,4.338544444944469,0.9120612016774922,4.660950425301886,0.7371376507541278,0.9672795790303563,-1.2014604113899718,-8.438070042216925,-7.578991935812588
-9.790915887002026,10.37820127937378,6.954003651883409,-4.605126920037044,-6.021746735144449,-7.6302357426002265,-6.436002147381981,0.6439373943243476,-1.5750260935088505,-5.152362935421044
-7.516051126887651,-0.04575454391092194,-9.074432214556573,7.931386302794441,-4.73751522812185,4.376277866091391,-3.8496893769957836,0.37114769677193293,0.9006201820984034,-5.00513707569829
-7.38653088652747,1.1480871929884624,-11.657201847216838,7.674714169663931,-5.211517641579466,2.9141356416289956,-3.9392650689257334,1.8484952220010609,1.6076644625928154,-5.34487562086063
-2.1566926546958705,8.443934761784641,2.8192755356795844,2.243227042332154,-8.791882166571046,-6.948743639361415,-10.20664279546882,9.310798914729512,2.9336629570388975,4.267205347192389
9.486453631153168,5.895792850744516,8.878345913387435,7.236471275452332,1.1361751175939316,7.034668413890747,-6.712129924914865,-6.303759999746757,-12.52302932354453,-3.0968603054552037
-1.9162929197680856,-4.51688991082481,6.774818346501404,-3.7455405916693802,-2.89641297584199,0.399876555943733,-5.993925551108222,9.183053612362139,-9.382323180218961,10.080123631881643
8.682427976945137,3.317551353348195,-3.676476471432666,-8.531535024565407,-3.2540710987123256,-4.2413033031371725,1.9828749114170812,1.9170738642252236,5.586113903074461,-1.30715492340227
-7.918435390871079,0.05545706598221248,-9.302178005461434,8.173859096959498,-5.496431444646738,2.0079135723569346,-4.1026368275012555,0.009412516361949175,0.19747459934870315,-5.450857107679434
5.6209115802769105,-6.024509014800807,-8.579438808930966,7.298089458488183,3.838973583053845,2.6276303011185798,5.98979257900438,-9.481953140066844,-1.5914209705251234,-8.458782472095098
2.375692922978041,-6.712010791314621,-3.6409440063691676,-1.6073384105285855,-1.6534024937948097,5.170912471186776,-4.111017010841451,0.13436039450852263,2.048325164553178,-9.138001787325265
9.87870181446471,4.703154808766596,9.652483564652426,8.250112846443788,1.6949432383321508,7.949706668953793,-7.389019017194801,-6.230829067767202,-9.794347317619078,-3.8779631517090363
2.1507653518018284,-4.797735252640811,-6.999225398095767,9.541115105514718,8.58264398991111,7.0547896218178066,-4.360148881341628,-8.814064756546133,1.5406936986211432,-1.0945679268603201
0.5534428196996439,-6.66344989151108,-9.580121202640669,9.259067282605036,9.253030816102653,8.114768924675335,-2.9910969278097452,-7.762045737350677,3.4177208431035115,0.47907133355195675
-3.1473532373940696,-4.14715801531365,6.526997304213403,-3.088523606260435,-5.174412722199882,-0.9184773476933155,-6.999432387267497,6.4230998075494385,-9.5005506864513,9.204298461846626
-7.029941851920734,3.7327395217619523,6.494721698409505,0.9370232153666775,6.726133681423184,-0.49243042359568184,0.7140312585328459,-1.2119178500653167,-7.82899076432711,-7.101174426704472
0.6072665161550816,-5.622088107100112,-7.790553901208248,9.68848477024186,9.130695223148768,6.765003062067762,-3.013962819144756,-6.426399034915614,4.6731866348905795,-1.133128900174334
-3.4271691846837804,-4.6692958243213445,7.023473072431148,-3.3682820854472593,-4.320293779903813,2.75127575722379,-7.56562562754391,4.157164060288306,-7.6355003390131495,10.0520601778254
-7.31957337772025,6.205714733688556,6.099672044731762,1.0132091508043128,4.565042324948719,-1.3402096322389336,1.171730946254296,-0.5264055141379733,-10.122776860310163,-8.088899637844197
-7.260807403621605,0.41190687894735467,-9.250458706319087,8.125212300467739,-3.381822195747219,4.8133355067578165,-3.9074376759139877,0.6389968265669609,1.0158608116383674,-7.914609331426654
-7.311502550701388,3.581838944068662,4.367301865797297,1.8549501097659706,5.897341479593416,0.2031142672359299,0.2659070563332997,-2.7297627051749243,-9.527582272657309,-6.777026430182102
-9.075897119223631,4.003972163574725,4.642747853205151,0.3924537752739853,4.61233421580699,-0.2590261753434884,-0.036912040821992065,-2.3814479599912453,-7.686903091834802,-7.384216435302012
-9.78737266784382,9.58302407686154,6.981613294645446,-5.193389337606417,-6.125857999558028,-7.542652429560488,-4.85362224655033,-0.05127898681891574,-1.643340219080914,-3.1246429055670477
5.9903576887365855,-6.450333135844533,-7.9559294314853055,5.065088385029435,5.613461397107288,6.152402696171269,6.702450100219396,-8.284309654852676,-3.168891154333949,-6.4065511125601216
7.59104076732225,4.04710052793349,-2.6533944245617107,-9.50014132936191,-4.824482106223851,-2.927789502334711,5.494497929529294,3.978625500658554,7.4755037211336,-0.086198638962941
9.55046789351285,2.95769732193662,-2.455083790507026,-7.547000437126595,-3.6501997108500657,-3.6827169001648548,6.111055881413287,3.5290378032991683,6.898355343256583,-1.2799128606449344
5.349028118598281,-4.618020234762927,-10.03549185273254,7.637770421446041,2.8355001702329528,5.978920685869589,4.564006087200725,-7.665222807897389,-3.695015891583754,-7.064271552166736
6.407377125566963,4.052577096281775,-2.893243358716293,-9.51362390602274,-3.6460983290085824,-3.4690391164647805,4.242206073414261,2.9846993045332435,6.815727190569024,0.31793863580724735
-1.7444892177646,-5.002913393225922,6.05521578667403,-4.402088949217246,-3.3542139365683425,0.5953570319356143,-7.094534730166989,5.308449524388241,-10.159562186371238,9.206113143833091
10.047409776362771,5.596327499562491,8.913969615349592,8.12244502930168,3.604550996844745,6.707486909145403,-9.199829620179418,-5.406663155171154,-8.825669822950148,-3.230643834583836
1.975112888023236,-9.546192391980426,-2.4223442361720595,-3.743231377146237,-0.5516894514201056,5.602111398138409,-6.104525323616146,1.0945507531431076,3.5195538375444846,-8.819498075658053
-1.4025598525095928,-5.327237320778628,6.8191303279017355,-2.536861901477483,-4.863404484149862,0.6142750335103764,-7.861526980544702,6.025334909428559,-9.47067436649251,9.514230980513288
-11.15973011242225,8.4658258000579,4.363075571513486,-6.53580914898261,-5.597112179285588,-6.745804745206181,-3.4543578971932782,-1.0272056856369869,-0.5631243725757799,-4.730526423967511
6.450013150465258,1.863034697532811,-2.4727588450212936,-9.54006985261,-5.348197264628058,-3.800522240899141,4.5167762728575855,3.6116477286657105,6.286478457551269,-0.2092295746389743
-8.413701809371455,-0.14486084840317526,-10.70516221528425,7.590917634768789,-4.8713346938352675,1.6993286284805105,-3.2593959397237224,-0.562400617355316,-0.5175153711479594,-7.383328625317829
-6.7442478483081585,-0.9733963796491226,-10.214427664668575,9.13892280017154,-4.441204216791254,4.008834400090784,-4.648546956550693,-1.4763644403539904,0.05924057018542306,-5.615144159478232
-8.595989276054125,4.03958606361609,6.354788506466823,2.32045627020836,6.332593285072654,0.6550557332606985,0.6626398676135375,-2.050542311726864,-8.927860105910717,-9.488498411877591
5.179673812939163,-7.576821270690191,-8.967378397228908,5.79172397836225,4.338103274838517,4.63145198047694,5.982826334842943,-10.97999654049007,-2.3804217080565797,-7.957710529676718
1.5432912869508395,-6.867671907782261,-5.434478162846255,-1.7618560990924168,-0.9525850971955494,5.294199013273587,-7.230269203489075,-2.1928173503567843,0.8097505202050939,-7.958193549987138
-10.730251933245263,9.458102300036325,5.023731557125911,-5.670305933262437,-6.778416933978315,-4.829956837742728,-2.503798279063621,1.2804742356550403,-1.6877134078188978,-2.190036800778868
1.423432231574487,-5.371969504303454,-9.104019093239963,8.179237948267033,9.632418702618008,6.070779855956718,-3.6131561039574227,-6.156743815978478,4.597731336171997,-1.1699395709060667
-7.854105008394111,7.039207203739995,4.309623312220389,1.8092754225767633,4.218136093931255,0.21887667573560032,-0.49981059241791803,-0.3492350675880349,-8.583488849300448,-7.570651203703364
-5.433862802212343,3.8177393603012066,5.595204139232518,1.9255338470102261,5.378167739310807,-0.45771121226633305,1.683373157171381,-1.4092633216270516,-9.583003365625279,-7.044678773250404
7.1221850032256375,1.8811732409439235,-3.4067267521746714,-8.662587879923644,-3.783016629464943,-3.5865172718255787,4.719411055475537,4.006539906535908,5.733379031774604,1.3652199380141588
-8.776604542470686,9.730115490947773,9.584259022396903,-6.781141551445216,-8.074104010294501,-6.725000003632785,-5.483143406369513,-0.9973336373612356,-2.362414281355652,-5.097606101470789
-6.485309780345087,4.7859678728009545,5.848971708558815,3.048593499369532,6.116416690697783,-0.33792290420461524,1.0357613224579547,0.2584662713994412,-10.361978130421333,-8.273108418477248
-2.696341888057299,10.000016123878185,5.827264887792852,4.562733325959346,-6.299994017937695,-6.55431327669378,-8.643943455058674,6.970356622688015,2.360784078325867,3.8660501457818794
7.137532129681433,2.3654404253873778,-4.673443802908345,-8.979359614794674,-3.2341877653954176,-5.041719798902477,5.613792590758366,2.4828109729761394,7.9889815856777915,-2.7897158933010955
-8.75182597611901,8.330474466201341,5.898132481515622,-4.960506768700812,-7.840157879376041,-5.274108795389405,-4.4472990309823475,0.10656041215355433,-2.484978032283279,-3.797370935611278
2.361181601923995,-6.051482687099708,-6.969180752838167,8.15328745640332,8.38833649300985,5.931521023958541,-3.0865234667807635,-7.491690479657834,2.7889720185473648,-0.44039722450549057
-9.304240732249502,3.4857280085464404,6.351710372884684,1.7462376160568365,5.487455092039887,0.9370414466549906,0.6215151972675081,-1.6715176034838255,-8.65649698906303,-8.224196647552313
-8.45236226814013,9.244199378042055,6.486897999067108,-5.314805086937832,-7.247499512604429,-6.199412659435678,-4.296644555633338,-0.8253648107602742,-1.023617552431286,-4.438725002917077
-4.028543698529592,6.182130530087752,4.188719977819103,2.5249104838516523,-5.679365441412441,-7.343270955361346,-9.249754363752013,8.477423649754451,0.15255853516875506,3.7729307807379
-5.934498325232509,4.033663586598813,3.9554222470868328,0.481435185703874,5.898952767969274,-0.23233053594991787,-1.1206658590016116,-1.9527722228533684,-8.180043542868315,-7.5499155026990525
-2.2821631441878614,8.690217952989352,5.231320987979956,2.653390044417423,-6.572223621431582,-7.704721843710708,-8.56172699112483,8.519003566324182,1.4256711762524454,6.25939089505334
8.296836129321054,2.3820184407552025,-3.3265286787035064,-8.206049850733631,-2.522510330097629,-3.6683390947076284,4.083543277190566,3.6834338272160716,6.597386200277709,-0.30296136158553477
-3.9019330952197464,8.979735504244358,3.023165461280087,1.7437873520852647,-7.128243044917947,-6.253495956012876,-8.792763875494112,7.946930053778619,2.72574036800307,6.31638023330405
2.7428089442733548,-6.608670616655512,-10.594970035212299,8.010624872267126,9.318425776317842,6.258057391560308,-5.313401424236589,-9.583017423418443,3.7409058678163163,-2.6006174312585006
-2.773712464363361,7.010423763791568,5.275296866437328,0.7339112890872594,-6.819694560884942,-6.602732655317755,-7.477669160797359,6.014702516379591,-0.9972119209566497,4.345301100674604
-8.222102274832011,3.949725789616715,5.344231551360502,0.3073079176745199,4.337233533786562,-1.013694122085811,0.7825573368688548,-2.91499254550471,-11.70859699883912,-6.469667636479724
-2.490763689987357,9.361867833559993,4.1001191559187395,1.1948649585384192,-6.683781936053588,-7.858482370890979,-8.430075000921539,5.620939311260862,3.0514558721898193,4.634049038333952
4.235926714289458,-8.878744790438235,-7.914601004523863,9.690515550021528,9.854223593490598,6.344159667967844,-3.3570452939075492,-7.178382240316428,2.9587729464111434,-0.8977545030278835
-2.111719331945369,-3.693618784468085,6.319184872667817,-4.058560679235743,-6.320956621450351,-0.03627441279189625,-6.758995756447228,7.485388518489717,-8.45490171363307,8.524148841674235
-3.746148333930832,7.693829515114045,5.161820401844999,2.2701543571739182,-6.629134340805393,-6.533661383778971,-9.518352478214501,7.555776612659707,2.315372708162857,3.447100137894541
-2.7048961541996515,10.074375868106987,4.5883559077034555,2.476260052564479,-7.1983755063974035,-7.909921441817792,-8.96167182068212,7.632570358531357,1.366612515402732,3.9257403110642404
7.376318436663876,3.2512111765757723,-3.461541170985997,-8.88049291644805,-4.0956854481296485,-4.005406558946788,4.735026093932624,0.9286857670971169,7.383138385458226,-0.015450613904028465
10.046360780363102,4.551003643605079,7.211950248562661,8.023126315275906,-0.9487744725741125,7.288810448124572,-6.469988883806299,-4.635275422743327,-8.608204863024094,-3.1860570702534563
3.5218597981580597,-8.991464470204715,-9.477707655663563,8.468144242196834,6.4686969967194194,4.771717832093031,-3.2824351039905184,-8.016274083319358,5.25779655228604,0.348276320676846
-9.425513495984038,10.893227352975723,5.335884286061162,-5.359242560570075,-7.165772489792508,-6.836543545220558,-4.71826597476256,-0.23672867577112866,1.3608125207488078,-3.330961323967496
2.4600352253635642,-6.527366620168443,-8.848281562166084,6.411591359134253,8.87278739839078,7.957385673406595,-3.894823320964281,-8.35384755854704,3.70156672583325,-0.8421772565799646
-8.05945116669818,-1.369455130005868,-9.687013427734025,8.658219781081787,-5.428980455653807,4.114287780718422,-4.622391121761792,1.2865970372061948,2.243962752739629,-5.289384754398473
-0.9852851102316427,-5.940269192364799,5.348930610509749,-1.5168772784794824,-4.215490863588429,-0.27772897362387194,-6.198263893844105,6.3856247149696275,-6.305741364479691,9.502437054744805
2.799968554732675,-7.317567668753412,-4.2339724362992985,-1.3592899728009293,-1.575061405445969,7.567718753747623,-6.677831948203892,0.37388696488480394,1.5670877818380828,-8.947572612099083
2.0702182267536693,-7.306484072547386,-5.022496534340863,-2.6885408230258365,-1.4630937484536792,5.3312627077345685,-6.330173401541967,0.05799549837351328,2.770464833747936,-9.20078257480474
-1.5648157044907116,-4.8158397364163035,5.833322601152046,-4.72447809988366,-4.2786801768847145,0.6969226225469412,-7.89198833062574,6.106492077233331,-7.653004453789698,10.849626816957525
-7.875511846295341,-0.386765066509787,-11.217802930668162,9.242572085385678,-4.901326123778817,6.184051393250913,-4.1713111699742385,0.4899385529729515,1.4807105404740066,-7.404810862478172
3.2901793469713927,-7.704620760774141,-5.488854513693813,-1.7316965826742352,-0.9022182950777369,6.919685004642528,-5.56857209385305,0.2831742653241865,1.6955614322606936,-8.588278985043907
6.936342663762161,4.35945885726821,-3.5438859179691384,-10.347767906467546,-3.702648431990865,-2.7317317531084235,6.220804802261223,1.7549979512764091,5.999832572306991,-0.05898831681041067
-9.567217366233363,8.267129807737298,6.5815753510949015,-6.82787882586734,-7.145854578359981,-5.478744496518132,-3.667674593169141,0.48546421133141004,-0.48213565408703396,-3.694808602691814
6.531565284776183,-5.968356621378771,-10.198149179014296,6.757687630989313,4.3613365807803595,3.5109453672578477,5.104609072232869,-10.423199757733855,-2.7446587945155896,-6.352491042196266
9.160153132173692,5.483567716986349,10.248521596944267,8.984652301153405,3.909986007910303,8.659126793435219,-9.107087024662357,-6.520859695976908,-10.28323241358783,-2.7263492558594353
-10.986115592508249,10.600773548465114,6.828767185554852,-4.915387251204996,-6.46549537249392,-7.17434243305765,-3.1642823614079134,1.1495596597503783,-0.3890426614179633,-4.188721831417797
-6.486397805339738,5.672715253949416,5.607628468660497,0.5782144096807907,4.83531308962952,-2.196999370995289,0.8343422989851902,-2.1319098520251187,-8.020517111107566,-9.22028536158861
9.208110265798013,5.87108627565706,8.892457313316815,6.284364657894298,0.4060265639735401,8.486333167366608,-8.655063497570206,-4.188762413223506,-9.332027160483857,-1.542464387666588
1.7581380856119573,-8.091354450884008,-8.659103932802823,9.761178851275583,8.699277060867951,5.3605669060451095,-2.391779470238353,-9.473040876493487,1.6168421537658362,-2.3498520688553555
-7.2646426821610515,-2.197443008274195,-10.774946913122932,8.272741060362804,-5.548707931783542,4.247026982354263,-5.371899359079905,0.9666154798142033,-0.4420156335387333,-6.6550158836338875
-2.597995543983073,-4.28025934360724,6.2197177721494565,-3.5832823258254933,-5.884649203394718,0.9023751585877181,-7.978075694275614,7.364746148846494,-8.358840465066482,10.299841572043336
5.9923990639197875,-5.591896210604903,-9.87607763783125,7.790803359651067,4.130919198089374,3.1219925178738506,5.201762692064499,-7.3481391984631825,-4.71494010207509,-7.776655136547382
7.935156111032048,1.6489718067678203,-2.7218271834977212,-9.247327674249288,-5.3244791456886436,-5.238836581255557,4.268333242379942,3.1687611229354578,6.38306510616808,-0.37711007426533816
-9.46440329756288,10.01315827528666,7.8524308705418955,-7.242502050874695,-6.609495994213688,-5.88520619212218,-3.32809760621471,0.5016772904492965,-0.8186756576255834,-4.984381088964962
-9.576086565668781,8.20153145095549,6.3832923034898945,-4.383115932824106,-5.164201082936402,-6.364186697033942,-4.0022398669523955,2.3750031820657656,-0.840343506798974,-4.503223655915685
8.841080928904052,6.625504562271653,8.777087047725383,7.522672928929187,2.5030853326329123,7.642432610652864,-6.637171594079752,-6.073057779375622,-9.49724846474914,-2.9065441499391014
7.807553647970025,-6.050265238092424,-8.676624303860741,3.794915721314083,3.871818077188638,3.119461263148804,4.564041563759896,-8.468551213734376,-3.165434867635407,-6.368601802366323
-2.622481469078271,-6.441330675661228,5.017983721910532,-3.932579037987577,-5.675306685502509,1.119352039229536,-5.243399655780296,6.839716189106383,-9.637217971395323,9.04336296634379
8.748812676878325,2.7187305911232627,-3.663355973674574,-9.266780530233248,-2.0279638256723382,-2.399672090191177,3.5840072469730515,3.728764740386608,6.918894777823559,-0.2314107404986659
8.464057404403661,5.23424884314733,9.496881111910703,8.65308779574038,2.5302363031662605,8.037196219133245,-8.837081586317085,-3.545810183010959,-9.134768160289074,-3.6551647693735485
-7.837232424849619,1.6274230786481694,-9.581137253910642,8.744194765461806,-4.991321701588944,4.881598202107645,-3.6789187023981693,0.5177746514468899,0.7943352280928794,-6.106398963488244
-7.2531935824808285,5.726179764197349,5.0465818267515985,0.3627496580238442,7.338212853358397,0.011462891697074123,0.3487292011188393,-1.3773450349210439,-10.73707744946892,-7.887577126302988
-10.484895654731142,9.971644536595285,8.140526674810243,-5.028388412948646,-5.440523090717557,-6.852540409493622,-5.512774869977702,1.9852661547445984,0.6934152622470746,-2.6326104222694795
-1.6733334265302666,-3.374759631971937,4.984819511284354,-3.2353784011248883,-5.048228136445133,1.4052908134851774,-7.510168188457415,7.3669201854986115,-8.893380317371435,8.501355272474441
4.004731195530987,-9.34598032334488,-7.276372942504433,9.46460555622863,9.431235084548062,5.992488527287459,-2.016994767938557,-7.339498861471118,2.781456921347686,-2.9158600812368545
3.794218784146249,-7.0231150654844425,-3.5311749333227342,-1.3028949107642551,-1.5200161056827146,6.814196911914365,-5.731128122689597,1.1984004206148235,2.034384398116785,-7.774735035852043
-10.000789125971888,8.659499544910323,5.021847895141687,-3.7306275558649955,-5.110959924828757,-7.11092922445131,-3.6427337441556356,0.9125937224660523,-0.17001377238420834,-4.99402222269924
-9.329887613026697,-0.8159813106606237,-8.624460413898927,7.594760643059891,-5.157403339985971,1.5278908591993583,-4.562304053372127,-0.0603382920313677,1.576606009412707,-7.977827287407679
6.166988529143207,1.5486833034070329,-3.3858856523856247,-9.294459293926305,-2.3136587321526454,-2.3171687630327025,5.396875844415096,3.536104887999217,7.874518755990853,0.7490945301754381
10.700610864647357,6.068252546973141,7.8311749769130214,8.6372209228887,2.4821065794050416,7.892210974881116,-7.4380115325994485,-6.237915352840135,-9.31712769391434,-3.742306502167647
-2.624254059617608,-3.983381455745946,6.910574695007606,-3.0968708840195003,-4.250856381043167,0.743585554788257,-7.796862651137818,7.024022400538658,-8.932060879646583,9.650888585758866
-8.68039129922824,2.84983087119258,4.771556499043649,1.7470040199002876,5.297891447675073,0.8504514236894013,0.578827478342787,-1.4427144167160624,-8.956504779525583,-7.741871928656627
4.82302192776026,4.096041968644674,-3.3249027423635886,-8.619324231424672,-3.279057777048304,-3.6831932412821247,6.5672801557407965,3.2429781447275428,7.296654634125756,-0.9138841017990902
-9.266725573711195,9.514705095715756,7.028552493425548,-6.064684981333678,-6.304891738486195,-7.559738368988316,-4.235062418812159,1.8859621808214007,-1.0422912875294292,-4.196338233422238
5.084174954017889,-7.272422238779897,-9.757898396568761,6.347758846753127,3.297510414796578,2.983271540600949,3.780931833087455,-8.773179954877751,-2.524187789692758,-5.832647215196449
2.3823586205275395,-6.2797880231671614,-10.631702282863348,8.727792260227137,10.474901772062344,10.110277973135908,-5.1120335490720965,-7.623477759547969,3.113613952368796,0.8507017786888764
10.38586060159249,4.533099123906069,9.187823246804491,7.601759505304895,2.7822436309749574,8.206718995345724,-5.465801442844473,-4.182225735798591,-9.410664402194932,-3.945527973829699
1.578584299186334,-7.0361992749840105,-5.005484833177775,-2.655334181168064,-0.5477367845923686,7.382303035247128,-7.316256331200438,0.7661963992635379,3.3295279688644444,-8.312143979761249
0.959973332116471,-8.293311233625213,-3.9235119480340606,-0.5559600791623125,-1.7147951663634515,5.43769086221328,-4.929230683817113,0.26682661338449903,1.5136875227105542,-8.505358843713324
-10.167261871432874,8.501829495414706,6.200157133388951,-5.518958521977711,-5.764504314173724,-5.4785608255911775,-4.409345163876158,0.778973199947494,-0.3985970352043867,-3.009822300895033
5.495033411090213,-6.308918198593644,-9.501035784276498,5.816181383248234,2.352914003996869,3.6524210920660125,4.3775483088379685,-10.123226123239064,-2.461285362766842,-7.8553855001079125
1.7668021781812324,-5.711576426289309,-4.428837069165345,-4.542494796081157,-0.9419035384406172,5.624930834945916,-4.808155787459346,0.2990251904479926,1.426709065800557,-8.02593560036884
-7.727660026924592,2.645554875270309,4.663722051207117,-1.046907765707668,5.141847974713572,-0.8090093472081479,0.09401066661186269,-0.2677044614182056,-10.823018821457758,-8.560387291352194
-11.16774641280155,8.58030520110138,7.040062143245829,-5.171436015806115,-6.379723773453929,-5.175076021894335,-3.517758117350011,-0.25232702131345497,-1.6416016805693026,-5.578283353247016
-7.021318004204512,4.320771589345527,6.326461451558783,3.140500258946335,5.044000506860227,0.9413269527624273,0.48902928976220017,-3.4472870075519477,-10.895672472157482,-7.417880053491183
-6.0587191831484875,3.694133284849715,6.214880140151687,2.2593438454316748,5.890434774685838,-0.2030133832715143,1.081104758742431,-0.6511912647286454,-8.84950825785039,-9.391505850433253
2.5641331125008975,-7.0554742437225375,-3.662584537246864,-3.8032835901591273,-0.6812277102196205,5.81727691134055,-5.774851672637745,0.3570339855914143,0.5750786033274522,-10.388791497709018
-0.6260524507622356,-4.641874357340315,6.2129378897826095,-1.9558155385302045,-5.861766917772381,-1.6732439408516235,-6.023535526867871,5.207637536428764,-7.644364701018085,9.783901103788367
5.659330340261631,-5.881744376188875,-10.213158684920584,5.440005755182015,1.0703461461129105,3.7343839523261617,6.1259160472946474,-9.914336514208356,-4.018819068943166,-9.117481617862111
-1.6223102329554497,8.593524334517268,2.035664979600967,2.1721178307372266,-6.4428886394177605,-6.475814838314249,-7.602545564813856,6.252469235849654,2.702516340314625,5.353959068398884
10.33097871550222,7.09863170737155,8.58000992502562,8.982603531246692,2.0592111881216995,7.82610467948864,-9.006961487965844,-7.1773261952500995,-9.837148220678353,-2.377686762974629
-6.413558761728785,3.4594526843692406,4.927765981105852,1.242744543740965,4.8694845207117625,0.7149278382455078,1.692802681668423,-2.5547467182089516,-9.949700645528655,-6.517616498008351
-10.388532849483855,8.845504089456389,6.2672217205952245,-5.013092122329232,-6.5370450734193755,-5.916107077210879,-4.540928184541022,0.7250529780626948,-0.5833019962799703,-4.907716745776249
5.495950139723944,-6.292694734353987,-9.54253358025327,4.677250000576459,4.323505459665634,3.8908973550163712,5.57671187113247,-7.614017355947442,-3.3869331802297507,-6.485898293727225
-9.509262311933671,9.110041012728768,6.831865744319917,-6.744744827539109,-6.25822203194831,-6.18130731008669,-5.418202000166726,1.4908223870151192,-2.2425333323846806,-4.0851073968327265
-8.536710636257139,0.23969137233942855,-9.841342244970138,7.968695000358153,-4.929056432778763,2.56797691806253,-4.733696798235831,-1.2109972073691573,0.7876873078540525,-5.684302341879175
-7.667218769849693,0.04371823322699647,-8.414508009236208,9.115719628783248,-7.514675999353196,2.9782235153069445,-3.990037269651266,1.0706129876823782,0.8674347691548472,-5.583727508540171
3.3118497287713278,-6.7347461720930895,-8.781414099443563,9.664851051069645,8.186769834346062,7.775351512152651,-4.786860709640272,-9.965147143431626,3.694727538765718,0.501508577167592
6.851387289283608,1.3831589296413773,-2.7625850125802884,-8.392221473476972,-4.551227254444826,-3.7293912023041935,4.410452639046084,2.757531362689813,8.390820561345745,-0.9609047619656836
6.120870386517696,4.144835659052596,-3.5315081973491296,-7.815616735565912,-5.192273974260998,-3.7793618338954276,5.8944844516632795,1.1865265808222487,10.01957029095752,-0.35316271295995716
-1.3357553464203054,8.741741406836512,4.29928012931824,2.4733127170546156,-8.236562760850845,-6.65695653852825,-8.286441784813857,8.003753123916333,0.08554753236171075,3.4000962861119683
-2.6319065566484743,9.107658502474973,3.5096751115541776,4.384846359519154,-5.363233135897698,-6.2779912728834635,-8.766290895352265,7.111313945597551,1.0703817748419402,4.238932074439772
2.4474808751795694,-6.1629496144704925,-8.003700640042172,10.104991868498736,8.59537675564684,6.05377669456874,-4.517874362112732,-8.099169593228698,4.383093312306112,-2.8509856254686756
-8.341255610166655,3.984647422533248,6.6823347084415055,1.6131273548921663,6.080867226236802,1.0455370151925472,1.0028798251252047,-2.2603579824315485,-7.8303361756865915,-7.326024150520659
7.040905722683835,2.3938438816230088,-2.267878135976021,-9.21223950781067,-5.05374499136441,-4.473698304766772,4.35910236728752,3.2326526218768925,8.624062372350956,1.0929368457434954
0.9525354910296695,-5.572369851874857,-7.467663876725724,9.081757226105752,11.347389819643777,6.9895110869538355,-3.2250721092399988,-8.849936427038612,4.312059015864478,-0.9801588476034797
6.438959468678303,2.5341328920315953,-2.858864050109677,-8.380508035390001,-3.5946853581275997,-2.874589071639416,6.972449700271669,2.88704084141815,8.765393254339804,0.4084819378101734
8.088001112117281,3.923938651585514,-3.1444950801737788,-8.862829075948506,-3.7362213599668608,-2.4294870971702203,5.380505262308383,2.7348156760694704,5.880904984600465,-2.9901756141881175
8.069154623673965,4.691715661877586,8.792104373441699,8.363926578279763,1.628939576277563,8.822483889701854,-8.667216445655225,-4.856422550000178,-6.543614127216884,-3.8860061168191367
10.299150457678799,7.142077015728694,7.01276537370298,7.922206857651696,2.4476472383966987,8.733153835457099,-7.220822853927901,-5.424808775125594,-10.08095440536958,-4.508185073425444
1.8104582581615527,-7.334840945195649,-4.305329918138757,-2.167501790951964,-1.2456229303809223,5.313110041438639,-4.037767047398847,1.2244242500193367,1.0876907128157107,-8.500050751657847
-9.748384600692257,9.154786740671979,6.705363464473992,-5.878139381758042,-6.578696979418168,-5.188511695781771,-3.7650194868530424,1.2076103970785619,-0.32971910188035425,-3.787231400384428
-8.897081674920372,-1.748845854228852,-8.093971655075906,7.8134043163145686,-6.038464891072241,0.9911695156441054,-4.1614945890869235,0.8061112825525776,0.23651444281938838,-7.35615604962333
-6.509169076322863,3.632523500493839,6.047932611256394,1.7870690622104317,6.585197856875428,-0.635251643128602,-0.7315467599119199,-2.0777358628892486,-10.55467576154809,-8.407149443757879
-5.850804698868373,4.791678324440576,5.215255549125473,0.11952075070928725,4.055824471415528,0.3717121876450335,2.2534519079149344,-1.0402262401849636,-9.316326942975548,-7.652424699318136
8.109615506402058,1.7888215153536322,-3.3151529429202324,-9.355346750277436,-4.752855284035651,-5.395055285806555,4.931289221892794,-0.6427650860623757,9.0425996276888,0.47631459677986254
-3.8087788599803476,9.844018546077496,5.451275390719694,0.8249063951881137,-6.060849547396409,-5.342177674863394,-9.960872562880425,6.40602009448444,3.039961701707678,4.432946866746557
-8.310029166624464,9.337347523236959,6.455511866328813,-4.856420454401242,-5.941175858408113,-7.46054431731053,-3.9860605033366143,0.15996165941837243,-3.105632515763739,-4.865693429276366
7.304818030042456,3.116214224734443,-2.4364009475880666,-7.3852563513202725,-3.1770815048161527,-3.7915979004108915,4.78098632085354,5.080330358275962,8.729719563358724,-0.4841654320995946
2.9945487008545673,-4.5543886815952375,-9.848503289096907,8.192952624441883,3.9454757899800863,4.862732659709333,6.31670540514751,-6.880264279137283,-2.3296637706301233,-7.680211591559113
-7.041277252446275,5.254499731953364,7.122890733853603,2.300169293071773,5.867572313068732,-1.472600842455751,-1.9611777180539085,-1.5795902152343384,-10.20609897006079,-8.519895333545774
1.3568133314233195,-6.662990580818388,-9.676614977449216,10.00658818674561,7.5042986074669535,6.02843293399615,-3.2975910714446526,-7.704438299762664,2.9673775572274685,-0.5366914185014239
2.4006331058925787,-7.020461326739397,-9.39599960965927,9.262550440422116,10.453603593856595,6.619609435613415,-4.227237066451622,-7.531696539937162,3.324684356662236,-0.7848358244773712
-3.4019165899863446,-2.7647184934330187,6.50336840118346,-0.9140763711312303,-5.200197293663044,0.41127096711617417,-5.970796296772578,4.617743593305679,-9.208253782274525,10.232807161699679
9.769848490898136,5.6388796295989545,7.695731004922191,10.264592600708417,1.4544617129059032,8.87164593924124,-8.876989636047037,-8.356205941637795,-10.019967095538208,-4.941000077009851
-1.5901211400649817,8.72401158400967,4.907271150300004,2.2948674901367454,-7.547717644794319,-5.888067243739424,-9.013287513331418,6.567777756005858,2.558810078434579,3.262983574129872
-5.302460573838639,3.2704293934519844,5.710734183757225,1.3122365093525654,6.428682527015784,-0.9098769457291817,0.2301917516299745,-1.3350329634491207,-10.925438651348621,-9.647721789474208
-7.767727934124703,-0.4272853204988008,-8.41922520949592,8.09757590073073,-4.435441831959372,3.91238527115044,-4.548721557484165,0.7862109882384181,2.283678692127217,-7.259378033229069
-8.884817965858927,9.320375607103413,6.372901364312297,-6.114941622527864,-6.426394522757846,-6.779787447863282,-3.257012104806682,0.09984508462857655,0.23186446886969603,-2.7102066925577804
-3.928285875503036,-4.552828126289752,7.119268633185218,-3.1770459903976063,-1.9088382657990346,0.36073122607636726,-7.759931738182949,6.2484316569358,-9.263960262241794,8.296401138195034
-2.344902857682181,11.210509270351121,5.132865294742561,1.9156519309352689,-5.804283789194372,-6.669441128072836,-8.628793526373215,6.231897743339601,2.256148260653774,5.196894972337853
-3.296981374960989,8.393438529947206,4.4717350176433115,1.5010791062436046,-8.858927001527057,-6.132199337158413,-9.911070782375816,7.5627697796098525,4.096382904614149,3.2420669643344855
-8.99867088272655,6.746368980194937,8.015242227862874,-6.490954491119318,-5.676932909104812,-5.590836022249038,-4.791852226428539,1.1555885849963077,-1.7465928680700433,-6.246794375377318
6.135039793493078,2.0622647030956003,-5.259425270831936,-10.350591397814656,-2.0589285436628093,-4.195634503104538,5.129015951070073,2.6399583198302983,7.76206457848963,-0.18767435759201623
2.037300110394018,-7.600514486330177,-8.68827482849793,9.332117312541005,10.165701117542799,7.295871947846049,-4.313461118164838,-7.547143111933252,4.177183976449494,-0.8691314093919892
5.483735014580915,-6.2135792932038045,-10.602999498856123,7.82815758215844,2.610492385199994,3.0967772124693402,5.883250841307452,-9.145239929668826,-3.4959332055830656,-8.761654840643367
-1.985974437315717,7.793965438254346,2.62254003810569,-0.8591562410434088,-6.065646330953529,-6.75149214287098,-9.063984137348262,8.712547278461464,2.659624917887248,5.777751598642825
-8.068358108169651,7.2623971945050805,7.408640052961513,-6.592745344452134,-4.991229339249996,-6.189865324100778,-4.588060472818647,1.1579697256663897,-0.4679112799504336,-3.533523073180523
6.69469368400535,2.117843949842054,-3.9810892520536982,-8.68366516366342,-4.916031036914916,-2.733722678966265,6.628752653782968,2.1534968315470033,6.151464274299581,-0.6577165445355209
2.9080839058364387,-6.879972837567224,-2.873367595594229,-2.6258845908228547,-2.6948668157932762,4.003398359032011,-5.270843593073073,-0.2855048294259207,2.2850591283513473,-8.956759101097688
1.8853741765954177,-7.494853693769023,-10.154257116195625,9.847888919813437,8.792815439317648,6.3563870427499785,-5.415800496333597,-8.788497173628798,4.440748410938143,1.3903213306373368
6.0928521819583885,-6.221184002405784,-8.52105657749976,7.624648470505713,3.730015377831288,4.469362309084374,6.318169677152052,-7.535785971371009,-5.303174738840907,-6.793068313344744
7.869296575936604,2.4236863351606868,-2.394957836985524,-8.264411527345747,-3.748861106202805,-3.1233792238664013,5.788470454925001,3.4078453901552583,8.024811844967077,-0.13295894175242118
3.704132800923546,-4.481857538795166,-8.651063605180038,5.422638933186221,3.258921464837284,3.0851874077305306,6.346785725839554,-8.84951777800039,-3.2344553291733535,-8.805433772235997
0.18484862506084832,-6.146141544151795,-6.976340479589861,5.96718822875315,10.002023204466813,6.0085883875727575,-4.757519619555532,-7.245429135960368,5.394366430850468,-0.4217193963702194
-7.328176182021469,0.1847487321812814,-9.245041902201633,7.576586824848344,-5.706065496082017,2.875271962244084,-2.624240817976667,1.7581601090476955,0.857241050425158,-7.244493855956883
-7.348031934259497,3.719961457555822,3.919431616020425,1.7122456959329078,4.649239337333603,-0.3652267867827079,1.533013779589766,-1.6704532726442876,-9.935851426682923,-8.121786243541703
2.049892346583729,-5.933858799085608,-3.7859002658255783,-2.6545321369890487,-0.8981307051263827,4.989890334655805,-6.550507770205489,0.7120648137430297,0.4629308587963554,-8.477937695317024
5.682649604431212,-6.136947266378303,-9.55503827203283,6.909546965098763,2.9414221611462374,3.6382090893893135,3.2468227383567254,-8.889630272961073,-2.093929471497317,-6.191341945890919
-3.176341962302254,-4.62962200388671,7.14227443334242,-3.392487164267825,-3.8293999559057568,0.8298953369470621,-8.027970317160293,5.2826973763902485,-7.259697770129728,8.741320069613675
-2.1155431328007537,-4.016711741073757,7.114362081692248,-4.823538063367701,-4.2674429125225934,-0.718861169794528,-7.219687005612169,5.548658666241361,-7.474975872036756,9.982151491220343
6.295593290659868,2.7070576794595937,-3.8743725470055734,-8.619380326213976,-3.3880602145757384,-4.774759900143247,5.856184026634069,3.178980770103282,6.885658832195542,-0.8968806995944418
8.161863650137084,4.993511917785391,9.059435223481842,8.332344284923169,0.6895404552989313,7.499807983737464,-7.505493679268389,-5.572194659001232,-8.208351559742887,-2.1255629575581523
10.203410954572746,4.6249111744420945,8.539707606279075,8.22710690158814,1.0307261578261904,6.471021638157082,-8.613196636659117,-7.511440244200795,-8.383143289118768,-4.646896957276839
9.519736798303692,5.549596583459962,9.10689581827218,8.637920901030308,2.4097035296176443,7.3210451689620815,-7.936108871797592,-5.226519176281442,-9.819455944792612,-3.1934369159788543
-8.927967059521269,10.145743169026346,6.253805963838868,-5.444170951410442,-4.939546810316821,-4.918140154640065,-3.944327840035806,0.6344482633743171,-0.2501884824232521,-5.676219211301336
4.141552799247556,-6.508161814261826,-9.700571011784305,4.202350678947549,2.784485881851099,6.553680256754856,5.909997161403827,-7.035636404601911,-1.964367727606665,-7.288635166323276
7.411138230694433,1.4675264067998097,-3.465481363594088,-10.10736349459272,-3.9403841560277115,-5.140715292485366,6.3392372756918975,2.911554414173212,7.749935067666179,0.12035555868825021
10.976432198336292,5.548122993455484,8.110130896630332,8.409366572211201,2.1529898683211983,7.578380720272026,-8.888952785333386,-5.626762899471765,-8.162013813620693,-3.8161835860501006
-3.055442071305233,9.406090133600868,3.1609672674539726,2.1565296037198878,-6.894937040324265,-6.300818093674859,-8.718747388221857,6.350453974617148,3.218871736528667,4.002921982893939
-7.781255453484446,-0.5868610503370173,-7.891833146597108,9.699853016964793,-5.238780133707217,1.5406778797499778,-5.92326230739916,0.6406505383365726,1.5901612090843904,-6.239913103910913
-10.240838407300597,8.78701989122056,6.120858794242822,-4.40014862626807,-9.584517011843701,-5.936310968168382,-3.8808833266090232,-1.185741826593363,-1.0513728480216828,-3.6996652042076295
-6.905863162003261,4.396427688397708,5.53715707651181,-1.3998245862844452,4.964188138643059,-0.267670628042495,0.8927108898622578,-1.4746892521837567,-9.157741484090076,-9.165361405019294
-0.657088260521733,-5.158423702991948,5.698504507216697,-3.3093673541986357,-3.452478401098279,0.9668152001728506,-7.973181805935111,6.453089459995848,-7.6963924286560115,9.713974144107588
8.517604529496126,1.5657749122200564,-4.127455952057911,-9.430114087441785,-3.9324151862050765,-4.119603675455062,4.417596533581732,1.8789524358817395,8.52866028231173,-1.5037651251203514
3.4344630902444995,-5.183779743715357,-9.125038749011898,6.932263323088075,2.7102230734500248,6.40878558456323,4.670406066903387,-8.279630424299942,-2.57890640727571,-6.0896876567000495
1.1594547536326096,-7.469123835418159,-8.304148119882234,8.451545374006479,9.499567714045686,7.449925324705907,-3.9955329681674403,-5.967401021405518,2.50884954990394,-1.3475336735829009
1.9231057075317293,-7.256284730929135,-4.939973539593129,-3.6332100881100473,-0.5923269788818382,4.858781819069097,-6.8171819125314785,-0.6543643754297381,1.7703833309095314,-8.127290111200203
9.536516410090552,5.195513957984348,10.25205071295255,8.070942645930876,1.2889456415056735,9.289985976417375,-7.666852163096962,-6.901944424257575,-9.443943924558415,-3.824839844343074
2.159135158769074,-6.660548470894719,-2.6481881350287333,-1.554424997333038,-2.297984671455321,5.927514196761321,-5.269761011664909,0.9035490984168679,1.2190576138534304,-6.156882529831684
-7.9882122672634726,10.926528606726132,7.405884881062413,-6.005842655237114,-9.605014481187109,-6.034749779123102,-3.916983899653346,0.635110728966111,-1.3072022801244787,-5.501679357988318
9.704147411442896,6.493161891644816,8.933396384236477,6.318613938984697,0.9108281609054296,9.129000556327666,-8.578795049878742,-5.962385448413808,-8.030036182637481,-4.695602432354669
-2.089103132600909,9.621136721413993,6.696422401057642,0.8422812486148163,-6.405995114339816,-7.806490723257485,-8.282815110293763,6.404836404012609,1.6049334212590913,3.8663616416830027
-7.0710810385656,-0.6125099538763747,-8.765705161642119,8.281672105952358,-4.908529951148898,1.6776952813881514,-4.58550983465064,1.0038957891430822,0.25218377200154163,-5.097541333704968
9.616317253114065,6.5027330247675215,7.523749302214559,6.403624582237866,2.3838641538606016,9.878058998369951,-6.537405342160528,-7.3047529693271676,-9.498328057191612,-4.972608639179622
7.286251763568316,2.646817068840648,-3.145011850750091,-8.038689936305104,-4.5953360562936005,-0.7986079283708425,4.386529518762267,2.6204552148392577,9.68894412041283,-2.3847486270177347
-7.574741912314303,1.2989399863157627,5.725004030218815,1.9036465773577007,5.786774202524007,0.17262899771205692,1.9661087597417126,-1.57823353280081,-9.58624878532034,-8.579321353570014
10.059188054004528,5.716649360346054,8.23069635283456,8.525356148661235,1.9788867392207803,7.989907521572781,-7.539789334383698,-5.4293088933350955,-8.880687730188447,-1.7762742307401553
8.117895173288785,1.114903286938692,-3.1042679847840136,-7.824485719413097,-3.2699621202774716,-3.5769802278228444,7.202068734084968,4.681668094650681,7.7536505962028395,-0.7454282907787306
3.341594836190508,-5.520022066497218,-9.827420101715957,6.121778610338376,5.06445891147927,3.5346099774501907,5.188512081090923,-8.234688553919705,-3.6836967377241887,-9.685962787579564
-8.516794178502913,7.891663013049487,4.6832969245319305,-6.340333057054624,-7.997423614917275,-6.756741150456962,-3.412655444679955,-0.3956202309075063,-2.7879262039390276,-4.1060800343238135
-8.117589832621169,3.1793739911365115,3.1121955758278124,0.8762051640112986,3.66695956052537,0.5820737755729303,0.7095541570682071,-1.675978043381561,-8.040870205462769,-7.832344947891722
8.50033287453911,5.064589101091827,9.399329726861824,8.528626392084389,2.6263929468124894,7.708987966095874,-9.15999767197682,-5.885137507264589,-8.325600264017766,-3.490208535229854
-9.180620377246774,9.979196583201578,4.589692332316115,-4.954716448527257,-5.486894776015808,-6.643695376187348,-2.6628087785112373,1.6315842069696025,-1.2579817014404804,-4.626862586364095
-5.213589254655526,8.384401575834511,4.151604993776557,2.6064965100119704,-6.856996338474401,-8.285672647132234,-9.823320882453025,7.52220292504611,1.9432328929996194,3.5823274462851624
-3.1826882472966185,9.293280290422123,3.8045317829683443,4.11831881171412,-8.067225610180783,-6.570288883048919,-8.204550875703912,7.737322012950202,1.8370125759864673,4.0316308561874825
-8.124901011869984,3.7298479899612174,4.642058412381391,1.0978209183978835,7.166430817675831,-0.21616349882468466,0.9421965809006718,-1.4175867468527628,-9.799143900254757,-7.866369162166317
-2.786741879368302,10.3055599672142,5.061658910478973,3.2833615920216292,-7.095587711501502,-5.942632100769021,-7.203261362108491,8.635216364771365,0.9301586414354426,3.907775478378528
8.408197855538598,1.7017166390780503,-4.93837685290602,-10.845660551066375,-3.11407895973473,-2.7627179476756147,4.2478933461393344,1.4801210711938921,7.598157812245631,0.6223929715999823
7.111534711471348,1.8677231699146337,-4.569238055537362,-7.0207196243794465,-3.3018545176717087,-4.765187709316384,4.46678497605632,4.021637894798353,7.297314693955631,-1.3701881635900228
-8.765959643188197,8.561216688800299,7.200817075340264,-6.09731581469681,-6.477973027656851,-6.184153895531195,-4.676979812468094,0.7054957461856441,0.1692349371967259,-4.953511981871875
9.39963307831441,5.5241533729122425,7.327343927551857,7.825460875767662,2.2795442155397008,9.77105152266068,-8.982043588864933,-3.8022341282315844,-8.538585904960254,-5.01280526076852
7.982830762057691,0.2314229239122012,-4.154404981334131,-7.933170289804341,-4.448015202147498,-4.707724468700377,3.911423479726836,3.1973567030846985,7.490851288077815,-1.2806605554573285
9.52542227901471,6.740609998711347,9.175448460395604,8.232033751718951,-0.06215187295606128,7.615571924044438,-6.175948125370569,-6.679504669163028,-7.830978012242172,-4.104234274090995
3.0422977523519967,-7.246570107217201,-4.7440780153161,-2.3407992055596125,-0.36850158445200754,5.130933179733746,-5.84018549088215,1.5208937465318286,3.9182391163105286,-8.216622425250623
-1.7236550093992538,-5.16008028292632,6.227686129851645,-2.6645178026943577,-2.7000616671908855,0.14157461091084245,-7.261608893998183,4.96571438948374,-9.230934842749306,8.65039729708587
4.274131039240543,-6.378913827820814,-8.337917129351602,6.137575525169363,4.446706361711007,2.612837038297152,5.619148834387021,-8.433198946901562,-5.504004386940952,-7.391729867526617
-7.980395052964793,10.751650690861089,7.995424478618732,-4.309547467268239,-6.072121671042042,-6.299724715894484,-3.042338057630911,1.2272095840777797,-1.6701658638959453,-3.7705937872308932
1.8093766230234611,-5.696440091688478,-9.757119132765096,9.368580652868626,8.472843254142486,5.656841750000436,-7.542924844072688,-5.954459148254413,4.235217463069369,-1.9642976111461374
2.4067510524188735,-6.728154959906271,-4.916290575463141,-3.4940495181990254,0.0668969890001142,5.624122846474779,-5.721489614733445,-0.021706658814287016,2.747018151254494,-9.678801725629702
-2.31013792747928,8.414069251039527,4.70968092121812,1.5878560870789717,-6.766109845900022,-6.2179789187549,-7.252310940490658,6.085707416671854,4.155333609520442,2.2093637563984068
-0.8767863191211149,7.584144750237689,4.199834349531118,2.1039102612268232,-5.438353902085154,-8.315971744455386,-7.675164004481051,7.33375597651829,1.0407915838162247,4.623555030184179
-2.5347516940441954,10.187015147457686,5.183478990822533,1.602555351854626,-6.107928480502926,-9.728652213906022,-7.689562056263907,5.583809136720603,1.6598592934610434,3.041781661294765
-3.3143693747956267,10.091134272856001,2.4702014185023993,0.7789802828484427,-7.838405647338045,-8.232618282716668,-10.421916146423591,7.7365218276365,1.8082325371363144,4.540856953526019
-0.01852498841617356,-5.18316530415192,6.8041421237885595,-2.6329169997245585,-4.482844181487902,-1.1899058531612603,-7.800588600935643,6.243578907383667,-8.604972222384799,10.373941391413128
-4.116858650170808,9.199026707094045,6.663485055457741,1.9799695285007297,-7.069666226152765,-7.2375550160863735,-9.018719438398419,8.696371390175234,-0.18956167646533117,5.694885257217234
5.8767776087337396,1.9962830538323955,-2.5405535526629057,-9.070761772643184,-4.578734929071304,-5.010117889732557,4.169379826347345,2.0485868061499377,7.657881696682116,-0.07932209408117374
6.833172688678644,-4.607959735033509,-9.599212342318172,6.0700223562526645,3.0808540635775636,5.651256730692177,6.2480464687420465,-9.333102910331217,-3.517498162795363,-7.225698345321693
4.616824369490131,-6.336275103890028,-9.233826045800607,7.326171031636475,11.28637410422704,6.004668577100918,-3.1634954969709894,-7.1905604295657755,3.221830006812767,-0.5244973498218171
9.215083045128122,6.295396156549868,9.464650366891446,6.886321079500842,3.404685745709004,7.274244871712044,-7.13791051706086,-6.6304876499654934,-8.931528268355867,-3.2674059246304075
-4.377506888932246,-5.790278901431827,6.407463505887476,-3.0378299012690224,-3.8689847520472176,1.3175632927008176,-8.952208002604483,6.562536349538325,-8.33039991995082,10.361111913654975
-1.6140044030250178,9.649457929880292,5.689431551547436,1.4379344723801641,-5.562233125516944,-6.682509988583547,-6.763066884010745,6.634335097409135,3.758264038029425,4.359362339383557
2.4515211619151414,-7.30650742327406,-2.919737235732038,-2.9304876957124613,0.404754261628925,5.599931333213208,-6.865984080280823,0.9640619388463536,1.5436235434851937,-8.450490846500882
-3.3904436703378376,-3.965736944847886,6.164579992807511,-3.942273802434726,-5.432606178449137,-0.8789170910067585,-6.778490618322009,5.108538870635602,-8.543709254109439,9.556016237497973
-3.5831911889194,-4.7601118774513065,7.42688420618507,-1.9798900692116672,-3.7154854321620774,0.3438905078259009,-8.549340798122042,6.633447370904724,-9.723223986002516,10.43074974843553
7.213887382906499,-6.992520582048584,-10.377322822895811,5.278140330864597,5.293047056369799,4.739186965543495,5.457738103681263,-8.206640554590857,-3.14185632016386,-8.539088835333935
4.088826142941542,-8.478513724004525,-9.154727411378952,5.94160015814354,3.4911502976984212,7.311802361260391,6.15563350630161,-8.577621062823669,-3.5386170688422456,-7.236830960665719
-7.239734536688904,0.3880224413551438,-7.806062446811171,6.882935612794062,-4.486640048064351,2.603502867491474,-3.3357650981881957,0.8326926099092633,-0.05271379636673834,-7.204063232123547
-1.8387170058115376,7.942428895158166,3.0861200702120373,2.7910593419657608,-6.503217665053754,-7.782161147633457,-9.707990837910705,8.448957699913473,0.8328883419968478,5.804124509176872
-3.018752889780343,-4.251998201976644,6.776255929289946,-2.074332368987897,-3.1731410885620512,0.274400571965298,-5.764840659780829,7.531420553642107,-8.758972511098094,9.731156150607216
3.0798319245466166,-7.7488490673056045,-4.254700919450051,-4.3561452671689915,-2.49196855186422,5.711192421181779,-7.331681512030568,2.389775407606735,-0.21323173487139968,-9.87116704426415
-8.894386880892693,10.114786382999538,4.918590085524091,-4.419332040933904,-3.8660855294381338,-6.285903416194983,-4.55626940103389,3.3194592236478035,-2.680068125460196,-4.155310729170063
3.133557564647756,-9.950549208994094,-2.969679877613637,-2.1515331434816245,0.43757576587074154,5.504950040979312,-8.06792978085571,0.7150514097787306,3.122944501279191,-8.146269940086624
8.417161453829282,6.481216196011548,8.719884285918159,8.018504031929021,2.578172702995861,8.365773184086926,-9.047689087137474,-6.143362989915563,-9.951635581302629,-3.3854124956182265
-9.04846419621674,5.420174847782686,4.755238901790172,0.8871772823811941,5.071609035191337,-2.074659179842388,-1.0119490480215008,-2.4009618454436907,-8.875600745903636,-10.341415919852466
-8.423898373548681,10.323873800953756,6.683186204577271,-6.115716789316545,-5.41598874728242,-5.657214825122704,-4.533520160853375,-0.29976501435693315,-3.4334548088536834,-4.021385354355574
-7.99869432990528,3.1953993397400273,5.239108555278648,1.267120712010067,3.4872463327049648,-0.8508717188197116,1.6135178494007008,-1.7072492092756308,-11.94744319688204,-6.240996112729366
8.496969555852532,6.953503802954426,9.21120107071902,7.925227704251843,3.171238412886022,7.255422626585879,-7.708104422716901,-5.650033187110478,-10.030909286183032,-3.032755261780892
-1.8084970109321665,11.828940572670874,4.535536043241209,2.3664767339460555,-7.617684274812662,-6.698858430673896,-8.378056131653706,7.518365255768841,1.002604915155319,4.36781332724636
-6.430538831039653,10.304984316172284,7.062000291961058,-5.986426284640871,-6.8147194828018645,-6.462710396658279,-3.6223262972225623,-1.385306911418324,-2.930489222532369,-4.812299584978119
6.3877447028362155,1.3257900547515546,-1.9157530816502744,-8.786019388303014,-3.45260572963354,-2.5855628560132167,3.630835540479904,3.6531113007966094,8.384408057571573,0.9143213683880993
2.7160605185395785,-8.06368907166177,-3.893287943616296,-2.431687055322871,-1.0656745855820011,6.535919766450832,-6.234885149490445,0.5162298370860382,2.9947632547287526,-8.280305535574204
-7.942398389547505,3.3535042815970515,5.223474551136551,0.04652686047303334,5.346143175808109,-0.6193103164220222,0.33342556151269076,-1.055821659395807,-9.909848533221911,-8.620134031122147
0.9190283498956862,-6.010218881174533,-7.770200605218635,8.53963209696313,10.033251210170121,3.882862467659871,-5.228320906279187,-6.754148789403593,3.4609912560452214,-3.0591634516568207
2.092474727508905,-8.43108314273873,-7.570374072815829,6.219857115519298,7.328512594733578,6.695277041809893,-3.3806534178544716,-8.684137577749857,3.8324826205463824,-3.728380170985978
2.271014779612758,-7.571556983309475,-3.390651069445928,-1.2397748574165879,-0.07995210846813716,6.625455829145629,-5.083490919597076,0.8359446906069424,0.7090052180305819,-7.370020226183545
-9.670563813755404,9.704647906203228,6.211115493604111,-5.571227903811679,-5.924014607849476,-6.4302196503857,-5.718905624901742,0.8265995289756526,-0.9965381498022281,-4.8555906723871125
3.461696625662765,-7.5936008058830495,-3.3117004725135812,-2.136906191637528,-1.7409072518229616,5.116561017883988,-4.71270666601808,-0.49079388041218086,1.9731589874363287,-9.85353303192649
3.240423787176735,-6.661659513418592,-3.3316924314725522,-4.398977096084056,-1.0390503589249145,5.423408220110266,-6.287096063431358,-0.3313387754457233,1.5021871054608344,-8.221346962893394
9.232147275406568,3.5775046545960194,6.42525065818864,9.198172646683364,1.1339319088111255,10.292748810038699,-6.859748157822695,-4.513147437347357,-9.745753174256395,-5.101794571665294
-7.651409383157727,-0.8701127096423206,-10.46107784586231,8.687744668756505,-3.769499650402298,5.695426987746042,-4.199491384902803,0.048704936692141265,0.16297629241457556,-5.1771834601158915
8.239080040357125,2.375879008559638,-4.3825127521499105,-9.120308646043817,-3.795169858147251,-2.6080623477700255,4.912703644372711,3.289056969102128,8.093583761005027,0.29051751827682815
-9.932066633594061,9.519658107439431,6.1494016231232225,-5.084132576166953,-4.494434152179727,-7.086207935538466,-5.58028043711329,-1.5066115348315043,-1.5115677686526674,-4.838581786165344
-2.7935822726592594,10.604868200816172,5.31881012628738,1.8361741944982737,-7.399023562977397,-7.2210174706220265,-8.410011064260773,7.40067941171642,1.4284888267954705,3.9958201456032767
8.827087399067196,0.9538607575738858,-4.141190875306548,-9.162354911072413,-3.711515206062809,-2.990435951666,4.1006699392106105,2.05920789848276,8.70091428374835,-0.009603976436056039
-2.6204236844014503,8.110378486733532,3.9043488936383346,3.2092628591511696,-5.788317070557001,-6.270971472368769,-9.93064052130859,7.007114465803901,3.235397934843359,4.303168469560814
7.781897696977169,-5.723661241789268,-9.820230752627404,5.768962319876756,4.79406790930499,4.375868350098723,5.725881128186864,-7.677283798278404,-2.1613759599209,-6.442757608549703
2.5868858071276777,-6.3093476551686045,-4.736235866302513,-3.1305801037163516,-0.08646291651381122,5.955732231223136,-6.9127424830255,1.5912428360067332,0.14984080884059892,-8.286706992336294
-8.055234558439738,0.04628978957183125,-8.543023230198084,7.727855381444444,-4.995783042273336,3.009386753247653,-2.6019074326674687,0.14425980574562974,-0.3002000708961525,-7.876345728479973
5.16329463043791,-3.0240177315262367,-9.449731604679183,7.156193327211845,5.8374793208884075,3.7923890706809815,6.394503779745668,-8.811860306188994,-2.6795665497936167,-7.599557552086818
1.4701883693296782,-8.99506675615102,-5.0800839276697305,-2.578856652465716,-0.5784252663747596,3.724189532863871,-6.143736059877006,0.8480987190943649,1.6853791838646146,-9.704780391377845
8.910739825602745,7.9410558123929444,10.7506702670241,9.225802638133057,2.5804829107832643,10.445472806932491,-8.520265323961018,-6.91294716360733,-9.621426281193223,-4.496336187824794
10.205479300213268,5.431507905031256,10.054782449500966,6.314559363849438,1.2086582761016609,8.185064978721963,-5.994465277536092,-7.150825652490501,-10.802760163529912,-4.937778899232983
-8.172137812658661,5.401790741373496,5.810037581074938,0.4012989986018243,5.261748451062548,1.2053244542440567,1.9476761919287648,-2.817989069285608,-8.175420725902754,-6.602523531797452
9.676439115844916,4.052908016366837,10.169714042370353,8.430384708301016,0.5776512552442439,7.620259536490185,-8.79420200070779,-6.645106190417744,-8.802404032970797,-4.469745135792975
-8.638607815745079,-1.685212147502623,-9.227723771938843,6.957054803361528,-5.689722694047465,4.182724041906014,-3.576678921444929,-0.16678448169919813,0.23617408222462943,-5.681989332600294
-9.86295386345025,8.94097850392069,5.959741018286645,-5.285527682575592,-5.052894743044524,-5.1608078312617645,-5.171720476754681,1.7843316840516306,-1.679258128775614,-3.57468418089357
9.47903401131622,5.987253569730876,8.931579843863915,6.781112755024199,1.9752691022273514,8.56826681065387,-7.470226737620302,-7.14893082126056,-11.1358650869376,-3.3171295695642153
3.902310128392285,-7.388829671522658,-3.532289206241762,-1.8678205604888185,-0.9759462845520133,6.482293535838055,-6.601197343994975,-0.13787965074898595,0.5358026869045374,-8.829582629229998
7.600811175948875,2.4213897705029526,-3.4290440530425452,-9.811361140168852,-3.1401657431964436,-4.444268848982811,6.208561467458675,1.5718948572649716,8.50647079504671,-2.4638847713057555
-1.555517267400138,-5.708507500449318,4.950117112918678,-3.177257440029779,-3.864865815776794,1.3197084452712904,-5.609389164032603,5.670484413663378,-10.353883564629273,10.934405170294582
-7.342533311994883,0.4782611433006657,-9.710142151313667,6.952571455321447,-4.548321362451507,4.43983706569257,-3.4666275052543343,0.7195027382525889,0.8920294803689525,-5.5637922367162576
1.408151466931688,-7.622546371289114,-7.98523292063305,9.305681135538899,10.27523264433699,6.6805464736020195,-4.660836196729899,-7.970455303403734,3.8097935210128147,-2.1161087836819754
2.6809507334904765,-5.988957036955076,-4.277608087518962,-4.060049647557032,0.17813011511639743,7.139608574042288,-5.108279783976577,0.12105509741474116,2.8926774291174286,-5.6420812675918315
4.933836493434355,-6.488633569675386,-9.326231038202623,6.51782153315552,4.000111117457513,6.1728333433283336,3.7429696644073367,-9.940852415776053,-4.501567368869933,-6.4809388484974315
5.153287902158772,-6.313833258954741,-9.514656114728018,6.7068735431121125,4.6042062315232295,3.7879198990994416,4.007603573164732,-7.714720182965682,-3.573100936603047,-8.494144165769683
-8.113197749774095,9.20476941465868,6.86724180355261,-4.464354361228175,-6.496503819788051,-7.652802085437485,-1.7721480862243357,0.02536416830762045,-1.2023435762201424,-3.019410526588034
8.019013455580103,6.1894946004874285,9.388894835754693,7.352853965440591,2.9585479019232404,9.180682045387268,-8.53911142979625,-6.502102366808794,-7.998221436124883,-3.2613795453270487
-0.018046436146628153,-3.444710309959411,6.123116836976572,-2.777075454464277,-4.869840868349373,1.3643783939562206,-8.035729868222628,5.500766398603972,-8.053586286210088,11.191597836456753
8.819207671405588,2.433402509596894,-2.799840578402198,-9.292327116424266,-5.846000358906306,-4.389856040100115,4.2837795340870795,2.892118709103728,7.643278746608345,-0.8373471112784805
-2.0678904713535045,8.281129931088325,4.8688752286874415,0.11526823254244478,-6.276379690579876,-6.581951127285421,-8.199667587992908,8.381641240585854,2.3899200750738867,4.309540975719185
-1.8660699358219883,-3.176111832456396,6.598330015872873,-1.5346756869719862,-2.143177885825265,3.3844463522852433,-8.369751587014749,4.8608766086621245,-8.953417123130295,9.866453933270186
-1.0694475083947472,-6.602367494587686,7.898495731964088,-2.314665998338296,-5.003081317395189,1.71832750587205,-8.229314544106877,6.1588756694746705,-8.270482252595988,9.97387354596936
-7.877638877158517,0.6308175781625631,-9.328303463857706,8.114343831075129,-5.811312995002978,3.2736117671417393,-2.446677450765793,0.5569355363147732,-0.5731079946162689,-7.55443368379399
-0.9845466755556347,-3.786448721132083,5.893740510264618,-4.009955703885771,-2.673928701497937,-0.7287380088093751,-7.634018348195798,6.689184435402912,-6.870225879454551,9.54807720688615
-8.061889501700174,3.9995297231770732,7.4387762154432595,2.072738867520136,5.489618805463291,0.06161450222683401,0.6035488965903364,-1.4661532267926052,-10.562595012531842,-8.244487750642934
3.484535599888594,-5.448062947932899,-7.263902728292298,10.43852946335578,9.456271495479385,5.009153895904617,-4.960247671529965,-10.133406249188258,2.600994696815044,-1.128126467503324
5.402173072500423,3.958935944480249,-2.308094509968269,-8.614687075506247,-3.4114800762792625,-3.003542631077825,5.967432210165095,2.3380728929125176,9.330257272539512,-1.639760233267237
-5.211216794450547,0.5128233186412634,-8.269482944854289,8.23085596035115,-5.605375660843949,2.3752364863008943,-3.58416326341736,0.18985841670600934,-0.8343800830478882,-7.3287044744152
8.023856069992457,1.5755740503868223,-4.009297494354235,-9.454711619623637,-3.5970015279326724,-2.589638707006837,4.788788892851384,0.5605017326115802,8.504008037793485,-1.9046923646481233
-0.6747460502696758,-8.654764040027578,-3.3821709221871625,-0.6535638814149016,0.02407782703996786,6.027151700373251,-6.0278567384638935,1.9673516829203463,3.9965305791984904,-9.657834425124232
4.75030097894186,-4.817740799564257,-9.691601170828772,6.209440755669705,5.432770659544898,5.669745828165732,4.689661380090905,-7.318110631691859,-4.489266459793685,-7.223073867596983
8.269700583712524,1.6666117447939848,-2.88174073391924,-9.690743368156179,-1.581950799195753,-1.9366688211340923,6.665868182240927,4.941678656662575,7.1097339917837346,-1.4398327656259613
2.4578996647379423,-7.252947166034682,-7.104011248579651,-1.0680281218313128,-0.3875963697015271,6.033342288728783,-6.068300419103366,0.44811658865836357,1.251012441394602,-8.454412393292774
-8.757811980098,8.492399829868738,4.869413890585005,-6.286221868260811,-7.129853265123003,-6.4106982030116235,-4.552000355079635,1.2361455839812066,-1.6492498895802015,-4.02494269726526
-4.6120083492761825,-2.9629906487819633,6.9907145593757045,-2.7910379160246097,-4.8032866703446935,1.2592157736580618,-6.730119548088712,6.445260988807507,-7.440994081901095,11.033009965843691
-1.636876986332072,9.197628133936673,6.829681769445774,1.1648713985855805,-7.719349033332046,-7.479502238719968,-10.962223480945816,6.797767893817942,1.2631675733104777,4.311845342397117
-9.138154480137304,9.2938385938018,8.424343665248484,-7.232413804792244,-6.223848981642091,-6.266885171742543,-3.1018747347446527,-0.348725244780142,-3.1047722295542215,-4.018594179940968
7.534740140806158,0.8719630044101829,-3.5648454048590565,-9.210343032059175,-3.6949342776388616,-2.475207271731751,2.9507822312307352,2.307571519063826,6.922417418565191,-1.3345928020717204
3.177316415163367,-4.271415265790369,-9.490435782807264,7.795816770694676,9.488182905326335,7.043452012173631,-3.999114288582848,-9.099764115914985,3.5760763684627475,-0.5988578524305185
8.973214020348419,4.651402769658128,9.779163715259818,7.272451958164029,1.5744729598755165,8.866889780552645,-7.911408712804357,-6.973780813963145,-8.340472277678494,-2.955723044896308
9.724129466446113,4.446317600643447,9.549115453626342,7.078738211408622,0.4470538088816316,8.513618254302113,-8.312305818451964,-6.08136465381979,-9.860098839452027,-4.118506002605754
5.0464468992156055,-5.6786218501461905,-10.74094463237212,5.598437074792507,3.3465565664389563,5.0727678535192755,5.361638592047582,-8.760408420495356,-3.6725651269509867,-9.286672881171153
12.253770448413986,4.8095410403926735,9.040167751264118,7.544697738304556,1.1649154846784306,9.501285051341053,-9.335704153359416,-6.7564172585913305,-8.50913451287433,-2.748432573785308
-5.815013651912324,6.22546368268363,5.6132731802993465,1.0152814878010554,5.704269280718584,0.3419601997940107,0.843971310729197,-2.1605661737830726,-10.243177248020986,-8.438429375270855
-7.590473398720314,4.4253525488238115,5.189364776985929,1.9142480007203209,6.35456530261622,1.1404946179749653,0.1411586594348444,-0.9253130272336688,-8.651788177837757,-7.96050489195404
5.426882046055916,-7.5940128251092025,-10.635034499826979,4.951022822062768,2.483829398870848,3.32240537742222,4.497309176272575,-9.280220434226282,-3.672815151174972,-6.6621627360798055
-8.438741429835822,3.7005221016019814,3.334623967553872,2.121697796509176,6.007008757939328,-0.11388594515872402,1.1949015141770376,-0.8031895910960024,-9.857134191436941,-8.62700863542709
4.683338049466334,-4.46040591121962,-10.459829920422493,5.378716502589188,4.056591226032313,6.737658578256049,4.603833629373838,-7.809491746589569,-3.077017034031433,-7.437811561370434
8.227976521897963,1.5076934743476047,-4.739442472492127,-7.264300202091713,-2.6012851401389767,-1.782475399438315,4.512527606297581,4.0054632597789475,5.189991257381439,-0.014480610535544725
1.796046306676951,-7.5484316162601575,-9.43239330711165,8.966704423438259,8.542413678381045,6.711471294879249,-3.2260639651351473,-5.666169973707833,4.810340462366599,-0.9538470668795587
3.9129766820569665,-6.64936151895359,-3.756738739833076,-2.4304719483238477,-1.3620784506536574,5.67503010334988,-6.7220371229555544,0.24012186884675055,-0.4876393198142468,-8.641952178032497
7.93353476393356,4.9144090659055255,9.707117492804295,9.12760491190854,2.1719482257125877,7.86714418802835,-6.642050626601192,-6.663933385373276,-10.231140713598244,-2.796910416817929
-5.03948514579908,8.72828190631821,5.740838471226672,3.931517138161326,-8.109176785603687,-6.3834103700394245,-9.303638213416063,7.217574561194567,4.66664358188121,2.6584812275257557
-8.466620971696033,9.627291874886266,6.325685150305951,-5.484405430022322,-6.8821386533425635,-4.613545807167448,-4.104345322084326,0.40879077439803035,-3.5769220521783534,-4.370852042561925
-9.38044961301687,9.530794715265987,5.04563596939434,-7.568101615915883,-6.067567415511892,-6.196480968211366,-4.340973139175797,-1.1620149524875474,-0.8897083643926944,-2.9035176506152176
-1.81760002058868,-4.03307753416742,8.653028159442957,-2.568648936819088,-4.421764572245219,1.0452210417077938,-5.591027739216969,8.468339605745175,-8.69378742531357,10.280511148182459
4.69658140776689,-6.221832800069287,-9.930868720635791,6.149257543361801,4.02290191588186,6.461388958740817,6.274657020312086,-7.330890208769956,-2.3664214375505677,-7.610216137181158
-3.029362616342931,-4.146150714561425,8.531654358524449,-3.8946570638142934,-4.480147292900695,0.10484246465535096,-7.198741683281091,4.113154254051134,-7.010943791014682,9.761774810296652
-1.176767187201164,-6.2156074989072945,6.3280043074442975,-4.278009593230855,-6.991209170435617,1.2203734679402236,-7.359326609135862,4.646840682250306,-9.025600984389364,10.17956395893966
-11.198573232875752,10.151386992972435,5.5668350309665,-6.091886840318234,-4.897058264669408,-7.741125600955837,-5.447753375407007,0.7644348222070954,-0.21161226314731674,-5.7497589137711245
6.316946672265475,4.097156293501284,-3.799891995472472,-9.448240182084541,-5.052289430851548,-4.866846741619253,3.192324431906509,3.065507802254593,8.348433940730393,-1.4199065177705448
-8.062072176529366,5.856448595254758,3.814409097342648,1.7878224264319975,5.1441210821759515,0.17219081542760656,0.9687514191053502,-3.180798154677936,-9.257610398699766,-6.753118065751874
-7.810516164429168,-0.8018955218318827,-9.223041880457087,8.38892892430958,-4.017924812997396,4.0488844130621935,-6.067896529280832,0.2488154759190982,2.318305617755697,-6.741025816794376
1.8970741720960707,-5.257178232959657,-5.382641751510539,-2.5379617108359627,-0.8969383822929905,5.586108927515403,-6.115141011771148,0.1686179581517491,2.7213574435729493,-8.46200729910761
6.525343712762335,-5.286206794580181,-9.338415755675102,7.557570729913054,3.895152664530405,5.002805504298803,4.613515403334916,-8.672555517759333,-2.3806082559471573,-10.763761633273994
3.0641776560690506,-6.021165377711527,-7.905742422484312,8.232090277894493,8.693016906801898,6.920383163146701,-4.675453759301199,-6.600922673214235,3.3610694589621057,-0.6950557353473511
3.3415355982850565,-7.337281383834047,-3.515227967817868,-3.0558580552859596,-1.8016727119748581,5.434025472156287,-6.082802508572389,-1.3768922209057595,2.7086239366575704,-11.838317168202444
-6.578700071560283,3.1233952854499987,5.934217895447844,1.8393242198205741,5.180320309292995,0.6061074713577752,0.8735494560626356,-0.7820278534599598,-8.888101354987395,-7.792051087790745
-0.6434231119079936,9.488119049110109,3.448575339025453,2.6297232925745617,-7.854308861378591,-6.093024989533495,-7.6797321776286065,6.502840597146992,2.9856763641084973,4.574232482857407
-2.511601463971604,8.425014476409014,3.5477152035100117,2.807921010265614,-5.965855569765685,-8.42583937996668,-7.248488778455327,7.897594136392705,3.421894880009969,2.8193238074357936
2.008122084858073,-7.933857998399062,-8.039942188273313,7.416668169479888,10.325332866042123,5.75878189311528,-4.4507003233045985,-7.752103122570349,2.8186260850197455,-0.918204371077909
2.0245991694133205,-6.959692503958118,-3.47681986357788,-3.830696833857472,-0.9429978562839885,2.3740154303521437,-5.759191055150282,-0.01612536210260973,0.8648416137628785,-8.75527232330352
-7.916622967767656,0.5480708895384506,-7.679984318796766,7.890436537689444,-5.067581316076763,3.8725105920698404,-2.847535656776779,0.27365321640758106,0.6288318507719446,-8.52055741020922
-6.930075712850178,4.493232444787713,5.398717850697298,-0.6149315942573701,5.44712350779338,-0.583206385371948,2.621074211761048,-2.7291271726589716,-9.697042046295266,-7.459072946807222
-7.249490638556052,3.0345145871118406,6.43919265589352,1.0944221955040263,5.839029930300337,-0.026706149719700895,0.044539843684314184,-0.5375359170967295,-9.41044825821956,-7.768853861430975
10.259871828344393,4.710287203041642,5.769402909454003,8.576130157938621,2.885715494971787,8.637518862592506,-7.961856740005074,-6.644652645757266,-8.595270800254315,-2.6402265650505243
8.212269222736964,3.547435707081423,-4.088627102167843,-9.872359934781635,-4.122997463013985,-3.14885490141663,4.386485424450239,-0.8803893868203305,5.917075027040354,-0.7961746013913932
7.652942665649556,2.3585864368799623,-2.474694495068205,-9.910294080994577,-4.331732123751383,-2.942997986170083,4.636149728172804,3.1977809589450614,7.993558635700794,0.0748417195020018
10.315907248205837,5.168183048790686,8.563316628287671,6.569018682583429,4.029635430833822,10.864552096017247,-9.010548537365958,-4.854256370447998,-9.18726760552683,-1.8896237919216066
-6.661042036439389,4.321340324886678,6.152501563010206,2.9050549983046223,6.220440315537656,-0.5368336749142323,-0.633315483416071,-0.9131687774968321,-9.7775545056715,-7.178572365476449
-7.822934368977502,0.007824524457602525,-9.856925864815345,9.476919039203636,-4.676431487366899,2.3714288009148903,-2.84831632461806,-0.8628271724354888,2.2186999644007255,-5.311851465266895
-6.250896936050095,-0.24561578674184006,-10.347034741141009,6.597763872978986,-5.596565054864313,2.8403094253086585,-2.9457793422945215,-0.7194888442554055,2.4879574725952285,-7.64006310033065
-7.007867603821783,1.1113146940009986,-10.368867792401154,8.931869496321143,-4.767576305850356,3.4170321862354998,-3.140155582862173,-0.3549213275062274,3.5214547222700805,-4.9710305852141055
5.24857383349728,-5.778105392848329,-8.977623888416495,4.34633336255675,3.497109545120735,4.512068620786031,5.556126645430362,-9.822713807387858,-2.5043477678002732,-7.648878405558857
1.7837983685005474,-5.491683171356449,-5.446783127256692,-1.4190283479064314,-1.6434495439673835,3.9075364932762495,-5.768649200483939,0.03008078225834898,0.738682009337819,-10.752368637315309
9.692639160150332,4.8151340447265305,8.644507231740064,8.826443453182591,2.6411288212817245,7.8847146872357055,-8.847646334625587,-7.796826912216093,-9.524865555371603,-5.2291823151732295
-9.576447434903168,8.417409034826328,7.388796867387752,-4.073470404212948,-6.021394616207569,-4.4146506545052,-5.440726848870329,-0.6590347521347841,-0.5058981194094226,-3.91112698588591
-2.708159673437204,-5.548591284381119,5.510925112943838,-2.7086977171908293,-3.478288005862729,1.315465501162067,-8.909513359093127,6.659417619636778,-7.736513114377535,11.131435482858112
1.674887038007915,-6.687312523338373,-7.513983692694094,10.795021564792274,10.709238507714366,7.028132173111065,-4.912064878832177,-8.455453894861817,3.894586582656135,-1.829389163284148
10.32997345375088,6.238017293864318,7.981466638534112,9.029138317474846,2.7230267713762197,9.12832627031967,-5.980823166982802,-4.0363839891089075,-8.405540455234354,-2.928196178897183
-4.286258178831238,-5.946748636986761,5.8741390243774925,-2.654421407684328,-3.593289821201824,1.6076905938625263,-6.578652545574444,6.009577243388816,-6.786754815806367,10.437609976010233
-1.4696182942185076,-4.813097825700992,5.612319810723142,-1.3166157607448008,-5.736772136768037,0.25861443973282117,-8.031475424478549,6.790397236882903,-7.191965151923993,9.5640453564994
6.871104813051601,1.4475273431877977,-2.828028190790618,-10.696479199361194,-4.63794199783864,-5.884989842407965,4.851218769909807,4.32483959872607,7.171076175264303,-1.3472457098806978
6.342976078511251,-6.295396680341262,-6.593653197600402,6.862409162932936,4.8211955084059825,6.337824171207584,5.51358573657769,-9.164615276718479,-1.5242513831956084,-6.317475842896145
9.260992228558631,4.745247811242879,8.182350146758782,6.66908829534068,1.5517567033198676,8.19785681967982,-8.662433288091574,-6.0251881942755094,-9.173965926550995,-3.2626248460701057
-2.7518963708780317,7.124275957015379,4.185084118850408,0.9333631529138477,-7.487273536524743,-7.017420559064826,-7.880536142163105,7.531126266899329,2.3299768882652896,3.0659321670753465
2.2320170242240613,-7.653341479386858,-5.682721959340881,-2.120638549396323,-1.6590049215879081,5.8210368470183695,-6.3607429727494464,1.1228659878716702,1.6910549852122976,-9.129918100123097
-8.902759643364732,3.0988490011745804,6.098692245607311,2.344617573317641,2.7557029679309823,0.3167549871672956,0.23401023720327913,-1.375015400749562,-9.360339666361027,-8.604314187071534
-9.802847778601915,5.797111938780368,5.947563245216886,-6.6290326110807705,-5.830717446535363,-7.137436485441844,-4.130268940979735,2.037405260306059,-0.3667481073422617,-3.273145796095709
4.156096871862063,-4.627189936513226,-8.672373424666374,6.706227393108578,4.54219222522674,4.393896961309533,5.4674235370542,-8.982692438949456,-2.799047351535375,-7.542792648359899
-10.196804017815152,8.390329130017756,6.902590112783269,-7.546294184346866,-6.651406732725908,-6.086871138615917,-4.18510703763441,-1.0483223105409898,0.23307832904632697,-4.071879042089986
-2.3957074920379733,-5.07441738515781,7.485504281810136,-1.7315270670125442,-5.537745603370033,1.7643484791089024,-7.788561802230968,5.184383841128552,-8.662631329955012,10.72935197457271
-8.595217679292976,5.372154294391137,4.1408617150514395,0.05231064343846992,5.6279615084938275,-0.17077961567017708,0.6100119231734471,-0.9114529317805103,-8.948307157142807,-7.92004432043731
8.964901159892646,4.7770330485851495,8.762093349142175,6.803470256874235,1.5701450524123295,8.389490168863,-7.581209542753639,-4.8355533655175,-9.35700137564268,-1.6053331434888873
8.548096662047245,-5.548160728190159,-11.00961827952541,7.798246228809268,4.323258333477978,6.691266761960465,4.919356711775521,-7.237162942627637,-2.8308421997618165,-5.0258904600332475
2.8097172827182306,-6.818397689412111,-8.274048537900725,10.654361547828026,10.318891460923902,8.5082471781862,-4.564494974884303,-6.370368212370306,2.8939868903205426,-0.8433839784675097
6.148273175870082,-4.788326653580719,-9.087314904260433,6.594372219204441,3.4992151299434577,3.2870647663265897,5.6444230718728665,-8.922941057028543,-3.1378826667876902,-6.560828318778038
6.378589287748252,-5.533403995646652,-10.366609349522447,6.9765510880810195,5.226705700645053,2.8600706285289017,5.649901915691026,-8.220931262540724,-2.564608767685675,-7.636435192981228
4.34707522768735,-5.584023857762144,-8.867034841928545,6.165342552878834,4.476996931304611,5.978724156737924,5.020255058915966,-8.158841967691188,-3.400497630784221,-8.27972510856682
7.12413421208187,5.833509345485037,9.632136667663676,9.596835650850966,0.4941809920706608,9.643599289656867,-6.585769673260365,-8.097631728896076,-8.616863111919496,-2.8757725703940107
-2.1830646008106322,7.763172551813018,5.563905855435002,1.788267547497743,-7.40235021167031,-5.831100367439057,-9.542671447178769,5.915061619135144,0.4656710613402719,4.767461507266549
2.1209423919022368,-6.257843564618892,-8.656718535867574,8.573556839359343,9.349146883876708,4.205980111650906,-5.455431017773774,-7.696927178202694,5.252860220770623,-0.8487290210638042
-5.575047430373125,6.6682234134382,3.306506354039911,1.7365107280100056,7.4650658683772075,0.8781937296103905,1.4675893817782126,-2.887697785373698,-8.700522713150404,-7.602974762133959
-7.398484993080894,4.081955865267764,4.319144208033904,-0.7251428816356527,6.9405198898464,-0.9034711395721405,0.2643410347899622,-1.5552381091155885,-8.058509534572575,-8.608463365621628
6.999567986782279,4.222174619775079,-1.1366174494583947,-7.697370480477527,-5.426956377063308,-5.899562151342988,4.653300796420362,3.6577994352275387,8.245264857181716,-1.2792944391682854
8.104162584469792,1.5192818915568371,-3.7908720955720057,-8.684919492237032,-2.2926305136716176,-4.028849866628208,4.191231491831946,1.4029477344012091,6.761260087768965,-0.14272024434567643
-6.422700447329655,1.2476438959798586,-8.837645758001688,9.419317415637522,-4.646739371530672,3.0778424394628177,-2.5870543916261584,0.888978098790014,0.1986749209580111,-5.305489951365108
-2.3692258551567695,-5.2427042982991425,6.944925635858416,-2.1865865808091822,-2.21105494327606,0.6729473986668183,-8.629932975280258,5.540045924649277,-7.661927205022927,8.965093541880037
1.596962354186524,-5.860147731124419,-7.811345176914013,8.817045896691944,7.928262517277497,5.960034652263107,-4.005617021704723,-9.279012110702547,4.051707323173106,-0.9171382709056177
4.177214526282652,-6.46783427938086,-2.9115502146120114,-3.257172908814405,0.17953579690814125,5.390941802465582,-5.896489532899956,1.9197364388916909,0.8055163204844307,-8.867744014294646
-6.353598694235014,-0.5165478027088127,-10.053714303155665,9.804367725956547,-4.00941533259542,2.878936461577802,-3.338142152659412,0.1655721052955135,0.24152590758599324,-5.828219665004454
-1.3581173119229706,-6.151930929968664,6.233369405989067,-2.5831009820733923,-4.6252033458817765,0.9332876765565029,-6.886444756235488,5.517371494363226,-8.702426006860447,8.55670400400349
-7.560847975498932,-0.3349526548253956,-8.469045358450622,8.894321380629147,-5.0982419983122895,2.094804172456832,-4.667746616590134,0.21719788401402018,2.2831330929846763,-6.553087518736373
-1.3197271341281096,7.786678313061329,5.237278906077959,2.67434242625163,-7.177190694511262,-5.504402779964327,-8.988383343668538,7.449099368970246,1.849228410580306,4.177030603502376
6.004046819611385,-5.643566443537902,-10.47607032037254,7.07441849786133,3.766402065365166,5.881676821902021,4.6785839443141874,-9.044394601671659,-2.982134227926749,-6.835318328923173
7.8737155960054945,-6.274473623982832,-10.58174665127079,6.094706522717696,4.307603299434598,4.510241354743721,4.91007652459261,-10.322549521450808,-3.6350130082383876,-6.608183140021535
-7.458613192268982,0.41767919298612644,-8.060650195012936,7.730174036967148,-6.436185431486863,3.4074143141284003,-4.223209315720175,-0.899273281192231,1.2318745021783872,-6.516024643582248
-8.115693654122497,6.476889052205612,5.936600882549383,0.19105594787203994,4.266380460389654,-1.8041254427436113,0.3578869620401231,-2.9476567661118853,-10.65922026082052,-6.773830111739896
7.82388523504195,3.612012444117326,-2.674207374412658,-8.524348309689408,-4.097963319244539,-3.8250755862961325,4.2718423050367145,1.4532703569647902,9.487684764453455,0.44297357342235544
-5.411376814218393,4.337757296604637,5.80128737488581,0.29049801920856266,4.283252804792422,0.3270032122702296,2.3709556624100068,-1.9896580724961601,-10.470720433601105,-7.537040579905611
2.8833735672668657,-7.100294718158643,-8.611003862820134,9.888171847518507,8.60236976317928,7.837330421876868,-5.292321241259936,-6.106866277143937,4.68598666504273,-1.2866757015357517
-9.430963546410874,10.374703632303051,4.576717699911949,-5.958150260676085,-6.926710389900608,-7.033867101226446,-3.5299424885498913,1.6158143390673525,-1.4943783423868406,-3.969930768479141
2.426882887449306,-4.502245364460542,-8.570239459554761,7.742376765763186,8.694243808530535,6.374829492086012,-2.5769207008927246,-8.385893564288383,4.511312327675569,-2.6323189522548622
-6.552858808233762,3.6091883210604454,3.4946847017265656,1.0776221903013445,5.017617346636057,1.8259418499880926,-0.06752819484442707,-1.7574056591059886,-9.272161279940898,-8.413039969164165
-8.581263817521423,1.9945539862611747,5.450715021537775,2.21449804108408,7.283110807721048,-0.3264998189966187,2.1766556923980405,-2.808107272047324,-9.835525511104185,-8.856568914291024
-0.7086864415418965,10.25323248113776,4.849538251502727,1.4815334983086847,-6.07250459451396,-7.853655792980415,-8.36196998727979,7.8289930746653305,3.0825101423630556,6.921111594831986
-1.8971848808022098,-5.44554415799961,7.782703659091165,-1.6204828568248149,-2.739275785266388,1.134819100240278,-7.585825306003123,5.7470370344101385,-8.879074709206838,9.985744270339453
11.0039626769248,6.392965054613691,9.580659589561742,6.318660385526673,1.3016071886191631,9.62610341629125,-9.40108077438326,-5.996329203495366,-10.160715726050029,-4.458300640144119
-7.391136700253587,3.008124626954543,4.06256347600676,-0.3660932440100655,6.8363196807848166,-1.7674167170494308,2.071441555960642,-2.4359433876623875,-10.719496718557922,-7.897543797107029
10.21852727316408,5.9214831529268,8.038598707897224,9.681057776277486,2.2042078039757214,10.45141473085215,-8.043002472084275,-6.3259961037426296,-7.711314097742775,-3.1922064266569454
-2.625946923763502,-4.83023875634556,7.426515985155372,-2.4328999886702047,-4.699648995313496,-0.26266436594706355,-5.852854095717156,4.7038176131531095,-7.879620223803433,8.140344787803981
-7.250482368695652,8.537440241538066,7.183060678383111,-6.4799596913164965,-5.322546482060198,-7.5971682120165385,-3.4345683823815327,-0.3778603342445954,-1.568084216256054,-5.2064424711864685
-10.104426755955386,11.5227532730689,3.875037876074519,-5.9328375078401105,-4.637806863043217,-6.21006533879887,-3.1617376673881528,0.5949549477445252,-2.0284330083741655,-6.417333130548075
-10.386516190442105,10.416734470890281,5.359352746284456,-6.054797594225582,-6.034856630053179,-6.905729716841442,-3.131999484796071,-0.07374834255261176,0.047519866288234125,-4.301163493534934
-7.938444833030982,-0.26429723015502704,-10.170124335038606,6.511838415901735,-5.334898926763257,4.60473388666407,-3.706605012651284,1.7756513371295926,1.1132265010951126,-7.067618619077422
-7.8959635416207465,9.542523514965923,3.9455047689010785,-5.413861973678257,-6.7116580526753005,-6.4068363590497714,-4.283774506594945,1.3021750492514446,-0.24141184860430398,-3.8923640337805074
-7.019328189018741,4.266386884860526,6.633993311427897,3.3358314372281144,6.044427933501001,0.18982408815020885,0.46843581575677895,-2.7627185565144297,-10.919031141352672,-8.996136858176472
3.6710588981780505,-8.09676195616376,-3.484350242096215,-3.8513359188963396,0.5257159663356719,5.94875507575451,-5.056882858216272,-1.4304045789103064,2.5259284791657377,-9.078665809284548
7.547984449315886,1.8905766132502455,-2.5009799868611133,-9.9317180440163,-2.4582291415747557,-4.392287771305686,5.140013508802256,2.586386476141253,7.267877051386869,0.8018694258388075
-7.761535313191539,2.325493682760647,-8.851990634467715,9.88202057485373,-5.0788370956853255,4.615315060934712,-1.6925217715288898,0.291991357145758,0.3949408756382281,-7.6207218264796115
-8.416153173378936,4.132704199477208,5.726916346449517,0.4456297427536441,6.500251998239151,-0.7858954199698508,1.2852805108010856,-0.3814776591264528,-8.913188575780348,-7.133740492289624
2.9826301763769436,-6.780003224059276,-8.979837386092068,10.476669207734197,10.245479553853425,6.240307352237606,-5.53693365561264,-7.7025576135672855,4.382743995160806,-3.951471753606346
4.524396043617236,-3.7774116004959812,-11.408899731020309,5.211618215587974,4.180390873550502,4.6251230881483565,4.88538885658644,-7.9030280933989205,-1.9286019915140469,-7.700786442406205
7.667745269381489,3.5754510987957673,-2.490819822427964,-8.107398202957782,-3.5057717163742033,-4.077660771615511,3.559324754266126,1.560143354726576,8.138221139401589,-0.05742142682593798
2.054752750104277,-5.835329565221767,-8.015107026362418,7.691241251497254,10.785624239121017,4.747645182258527,-2.990357967054739,-9.563630756777954,4.28589731839481,0.6649647529421996
-9.972697490676872,9.192430049562715,8.254472648573554,-7.833958311825455,-5.1576822351419445,-7.268705037890706,-5.28723432807886,1.6750707626832213,-0.6292015579233041,-2.9208984936579716
-9.052851366674318,10.607207242140884,4.868977707800268,-4.689047084093433,-3.858051750501094,-6.783550892108271,-2.020006528700276,0.23196736058493067,-2.733509364718992,-4.481049638445957
5.24303686474652,-7.044256989863641,-9.546807683116784,7.198487172920754,3.188269592317773,5.713938881041417,4.972080021148076,-9.053897719149251,-1.7007471758907793,-8.30775936773428
6.301538860546976,-5.84826812995437,-7.96457862696744,6.609309024616598,4.707952054855338,3.7262790930671157,4.243596642605631,-7.899950842901025,-3.923975394621301,-7.040769323945091
3.707275368682014,-5.702239539341424,-9.002043805580973,9.156214017850914,5.444434799089164,3.28142736887851,5.413515522557146,-7.927029243869477,-3.518946876637844,-6.902606807954516
-2.6162105958488753,-5.980664175877131,6.3873456483457325,-3.0842067514420983,-4.096711926238228,1.6869175816290927,-9.096097465988805,5.373026063889319,-9.472875315722025,10.988632520702136
-8.227989421625939,-1.5026042397574975,-9.726097302669341,7.281430049674833,-3.9036498998357922,3.7635090300932097,-4.918222946320649,-0.32286089027471276,0.5535081612489694,-6.375316036807356
-7.754664698274892,3.860879790280322,5.189108448998671,0.6692615947254048,4.718413394415519,-0.2028812201437022,-0.42372700648153383,-2.266105065268282,-8.536743376153373,-9.221850552091333
9.015388131777144,3.6460201555688476,10.289010436765777,7.2104647191086535,2.315558221951963,6.520893031743237,-8.241466542347414,-5.980080790754896,-8.946852149241577,-0.47960010201671643
4.111454103147447,-4.910021398069731,-10.567304155795831,5.684989945462927,5.667761948124761,5.14810079358633,3.3907676957069324,-7.133746793596377,-1.1827947874152445,-6.128242721241058
2.684959994345718,-6.672107851670682,-8.66685268486209,10.065317730265619,10.074704535353785,8.089184379418834,-3.753870387659088,-8.737770157663439,3.496243683334411,-0.7812867526693668
0.746580621332597,-7.173238171943596,-8.648497086610949,8.241857169154306,10.172791457363733,5.509314881374191,-3.6914192052842703,-7.929992063056986,4.430938123853547,-0.29615895117967106
0.410217601541383,-7.111647712479917,-10.246246691541328,7.768288291174832,8.48443495583189,6.483256589099812,-3.6408984454521995,-8.725848039499928,1.4568609729065556,0.28074274782417974
-7.566089298005914,1.0220076136687475,-7.876489516760751,7.003377376257792,-6.080669512910006,1.9456519134587986,-4.6649745742598,1.5055749443759607,1.494567537532328,-6.84793846241189
6.107993018319247,-6.7684502467274505,-6.8699045151899085,5.791302770925902,4.243510041834866,4.177876826632081,4.936575695575037,-9.765628849149492,-4.1108348390555225,-9.86211181177039
-2.0043488369680698,-4.0064312587917215,6.175715179882985,-2.922177067163168,-6.463263845803946,0.46717400068736753,-5.421627484737973,6.192314892367891,-8.402247349042971,10.736342827159627
-3.2903540011838643,8.75448598743081,6.238416948324443,2.775298142558851,-6.017403679264293,-8.296336649068593,-9.98948149318888,4.484444256013276,1.2129194137814217,5.118154742306567
7.827612366379521,5.499613979789483,10.697243255623762,6.068882879637088,0.6270116546526054,9.190010363623179,-8.87247135857357,-5.468394184370553,-9.932943128731187,-3.3514312073255366
-7.754094298489278,4.756668260952651,4.344193380667463,1.7347741839609823,6.494019046619074,-0.23869011179635732,-0.23060288040680932,-1.7616197728700627,-12.170025575321587,-6.83604779608206
-8.057658661717435,1.9420900919274335,4.754820579960401,1.6052159388705813,5.013662721563202,-0.5907395631338352,0.6085222417715203,-1.9284224596524173,-9.75876959979751,-9.168632416324535
-7.047592239634849,-0.0730572870304658,-9.531851418427236,8.844394871350616,-4.09268189213753,2.7208155743779376,-4.61783161585428,-0.8605585532814257,0.967659707067078,-7.7260711666380235
1.1098918197449794,-6.0060839570982045,-8.842492809717367,7.562476814200194,11.544136996693654,5.815468016742574,-4.2855940704939375,-7.886722367964224,5.414777299451977,-2.8766954517269685
1.443708358735306,-6.514835886799931,-9.70010569817956,10.578108043955961,10.722952968081833,5.634401624945168,-2.1238060099251017,-8.050809816592263,6.274050247632186,-1.0522639946829366
4.993028490743174,-7.368867463955891,-11.151853018530787,6.200153188397776,3.9348873484594096,4.104260747298898,7.478418557727794,-7.915460599198284,-2.8204421061882945,-10.439944559767138
4.511779209841733,-5.712155317047695,-10.476943674996761,8.753544415575737,9.14409474558763,6.5598335912713335,-4.897102887272307,-8.014532376504105,3.5635411321204904,-1.9345684877814118
-1.474593738893545,-5.67408620527067,6.840457281641046,-2.4524298712640746,-3.9104219904983664,1.414185879522659,-6.553789447364682,5.420146523038266,-9.976641690065758,8.864203319626995
-3.162714578648786,-5.499513207398104,6.9867152275817235,-2.6684823850845554,-3.8279580954101733,1.6449447018586878,-5.682132878007218,5.268035228964749,-7.878750927679202,10.48693754853903
-6.74596344304598,3.80522110094777,6.099084406247054,0.7836421073922808,6.1503174073447555,-0.1419669650229612,-1.3693031973192236,-2.1859390196056214,-8.643494866306064,-8.14582189699643
-1.822131827193834,10.480826987476924,3.52829858671455,1.937344105234269,-7.411081742510485,-8.447969018641402,-8.49161777903109,9.835079467083126,0.18222249035842286,4.129170944871438
-2.059925033107882,-4.1645300044580775,5.496525638847815,-2.9914873094875474,-7.282380435296301,0.5198234872231617,-7.617891443321049,7.4461789706941435,-9.112210229033277,9.471381673414866
2.090211604826846,-7.498169808169628,-6.602806864243458,8.49901436405872,8.158981310064618,6.07432564325861,-2.9998639788280954,-8.029143470874091,4.17025445028714,-2.06846071954113
4.109028653330542,-6.099706271460157,-10.685495282271932,9.810376502947026,7.720632204372537,6.619952330911669,-5.621468190661827,-8.513413130272241,3.320876000633266,-1.9670692324397263
2.7061912280423823,-5.2642085289864315,-7.900506801316527,9.158981904580722,7.807069320471504,5.905783042204082,-4.242762508550939,-9.179632892964479,2.1984982556365216,-0.704230778640948
-8.081737644987241,-0.30886922159280183,-10.165757885799126,9.710353850738926,-5.62414051614963,2.8794649776142998,-4.489567267325661,-0.3392211166486866,0.9588471535035397,-6.405145099372471
-7.752111007566978,2.8724443762862197,4.00586896240001,-1.2705479159543591,4.073795883257078,-0.7741242524131537,-0.14369126471797922,-1.5168044822227102,-8.729987481905395,-8.531151596940267
-9.987775604556804,9.527384516571596,6.585578856111519,-6.412966427688443,-5.379648312251841,-6.206023272354666,-4.391706564028487,-0.8094608111557153,-2.2546946408768056,-5.816797311641258
1.215499778046473,-5.748949828462498,-8.519302101422822,9.93052952229012,8.164978033543438,6.536771374577883,-3.134382921887878,-8.469935210108058,2.4256578032749863,-1.238557620578367
3.0528954162388593,-7.026753468412545,-9.411746025122003,8.984258711703301,10.166840310104003,5.936494747341567,-3.105939432204101,-9.05286572546541,3.5232133970732704,-1.2670642692860041
-10.669723494823238,9.734044307959955,7.165249483795014,-6.998269009938472,-6.746318136844738,-6.937993635150982,-4.401831463690843,1.4387264089177032,-0.6545941636104324,-4.194539375892869
-2.455432875404165,-4.884817147914937,6.5953103368877395,-1.6812645919299043,-6.128672954923369,-0.05544765354584713,-4.905745452219305,6.319128031855095,-8.916023173367286,10.532590567498634
6.768554127602283,2.0066849166433096,-1.3536101801211955,-8.60179029245668,-4.5650389991845515,-3.8863503101623498,4.997015126111463,3.0885170118353904,7.166991101110483,-2.1837331881213338
4.487708121197266,-6.1032758472778,-9.546894827443648,4.726492513822634,4.56656893727148,3.6209163862368112,4.575823043190415,-9.048592522483483,-2.861192095355205,-9.010647366528866
10.124896227531536,6.1542587221711464,9.033299522703011,7.400640817767059,0.8449095485918976,8.384503160565632,-9.54546856260701,-6.8319268321816855,-7.83420364038969,-5.344229147866132
-8.272302694365452,8.859412205392497,6.461795299534773,-5.65775574507618,-7.393111626947388,-6.1049778591310755,-5.634085553763093,1.5420831670729664,-1.3144622605917193,-4.696310099942925
2.180551769788382,-7.7118805481288835,-4.795137194948011,-2.3904104701465134,-0.24966120596280694,5.576356431566142,-5.719256427712013,0.24677409013946294,1.9468174021462377,-9.271436728277271
-7.084844237948366,-0.6026592744172139,-8.509604817617154,7.618314489984617,-6.389316292159733,4.6228096323448105,-4.868837742342794,2.853073048553507,0.4448732114033874,-4.169646207927603
6.968025733338552,4.585334473029095,-4.324230989423222,-9.857658587137228,-5.175327733630853,-4.717200198704927,2.962767734565,2.965245952483487,8.598076737395418,-0.5215640856498988
-2.616227983007308,7.9790438057789475,4.086229530880919,0.7752917913518835,-4.914902058234881,-6.844846041304218,-9.538053264628596,7.537502826232926,1.9099721851733458,3.940481956387686
10.098099163944397,5.256082554100799,8.604967953785229,5.532031638697138,3.4515707387795818,8.614283585473629,-9.761610385484317,-5.7051411767006295,-8.750975780942214,-2.2708492318017237
-10.024824977349494,10.469877417130476,6.9440775743536785,-6.432662771352226,-6.375524684771176,-6.571465661868423,-3.4259767901714517,-0.6846481167297513,-1.3904513292733798,-3.7801099433898306
-10.02457314626398,10.44631380250904,5.580332061925997,-5.407803604790623,-6.747682321564963,-7.094043251445422,-1.3291799651253497,0.9141793673982173,-0.7478340824965414,-3.037640415370499
-7.640786098194202,-1.3936733369408696,-9.152094680712759,7.602782456120993,-6.171743587159099,3.621151254195224,-4.377508514630326,0.629114344815052,1.7818434019350202,-7.253149610634691
-2.496195731174843,10.467820205355638,4.375222002990145,4.693338850530351,-6.253959843386264,-7.737267149692229,-9.909220254697123,7.805995330741888,1.7988374495383248,4.875452050013001
-8.647892686105282,5.538169570979898,4.823561762701212,2.601569964129702,4.251978478266177,-0.050305901959351945,1.2264838040385784,-2.3551511676638883,-7.817284649405637,-8.232521243105165
-6.41787093306334,2.3603412405218362,6.973636045983455,2.8430820433047206,2.349492914390974,-2.2974062961367743,0.32172674255223804,-0.13313921746290647,-9.201846711172331,-7.820787093302349
-8.758148741737646,9.771039291895711,6.869042130213568,-4.72082838830808,-4.439987168254533,-7.284950266296174,-2.8370297450144735,0.4089115346373045,-1.4907726791862859,-5.7119478864212
-6.581501691553681,3.4445154603632546,4.79773733536335,2.1209887078486096,5.923998185996148,-1.3755440614730496,1.5187172107669256,-1.3601933335089067,-11.633824039314213,-8.684853368314059
-2.5946038731995285,-4.771700480090481,6.176293612715538,-3.4472355975581737,-4.976647080995463,0.22922429686923418,-7.934658376577821,5.026645017389993,-8.888699444122413,9.09781087968233
-6.83868184459668,2.983527914740397,3.9309208406817095,0.8056715759584778,7.306344605530841,-0.6375433905284787,0.07627783198530619,-1.1614074647691748,-8.593004401433014,-6.590150720922834
6.143500234624451,-5.760657253183529,-11.831227622593554,5.906030850703373,4.00098356060184,4.628635166187095,4.104824146398892,-9.2821224695029,-3.4536291677629616,-8.218294526157157
7.756427998009285,0.6389824161225146,-3.2397842764509477,-8.640045679667555,-4.682450963051724,-3.6975309281940136,3.8995860774847637,1.8186041088820009,8.418753992054407,0.4782096970539902
6.717441325442382,3.223663377851361,-3.1814363176159,-9.112653545561948,-3.773721835841677,-2.1983767192300148,4.4203037306687465,4.060256947957288,7.624288352417984,-1.9681286312109574
-2.4012230455111334,-4.762487447574813,6.666924351277806,-2.870473705000347,-5.338245985561552,-1.0468524652200122,-7.9792161669457755,5.915422124415764,-9.246820324122075,10.557076762405915
-2.023327878559805,-6.036091437295278,7.496223111545377,-3.2888474624368733,-3.5198939651511845,0.8430017011139855,-6.88429880761744,5.341990404999487,-8.853602412220033,10.379780855372303
9.871625366090118,5.901067291372403,8.928674257543708,8.549797953894267,2.4368207652015297,7.96643113007744,-6.9136041863389215,-5.878676504130319,-9.480254641619602,-1.0501908608873114
9.09424780064694,7.586727740874781,7.888679123663469,8.868098719521436,0.9263012564533708,8.941828875091655,-7.654359981709827,-6.02536688005481,-9.590778632332944,-3.352258493989414
-2.896328272842265,8.968874910266083,4.665267256770512,0.05349652774307567,-6.893464937245508,-7.569837367340121,-9.331450579035783,8.767154918967517,0.7657933405849193,4.974656742668886
-3.319416997515634,-5.586371981018946,7.725186702774728,-2.621726158723951,-4.498765863590145,1.0748483252791339,-5.673009970492447,6.767627842133365,-8.983632323789742,8.334250870890294
2.758989661995835,-6.492081239275511,-10.706272039969713,7.2298261504048105,11.24058984173327,6.168018829388084,-2.95748296481549,-8.392261625499398,3.626645435849207,-1.6503147794788167
-0.31410498861835845,-3.38267165178579,7.49678808444296,-3.671490649220498,-3.4186901858243814,1.3151541410537169,-6.530869872137608,7.305045894025307,-8.150429278036393,9.635192401348883
6.969433804816417,2.797009047521887,-2.941900337434518,-9.2617834525168,-4.206042530091924,-2.008100841967261,3.8531460571493206,3.163579272731911,8.640108753047254,-0.7698440856774043
8.402024813296626,3.1703223993117957,-3.992039879682388,-8.496147111601553,-3.478923987389423,-3.6383659998217412,4.439188066823409,1.2263217954186676,7.054987638525394,-0.7940736289505395
-3.3423838210829264,-4.340897315713661,5.908417231216808,-1.5238996071670456,-4.5732569616851695,1.5726729062718001,-6.7386638311976395,5.442778557908109,-10.489315913356956,10.922680099631393
7.331752221042651,-6.928181277374444,-9.272684732943253,6.630183646545792,5.611974645947911,6.24303667103593,4.501129430165351,-9.093322417224496,-3.350271691611181,-8.166818197174733
-2.009968849722514,-5.776615579915214,4.852909642072908,-0.7262033588599572,-4.277123712890807,1.0281025451272394,-7.963504881181825,6.941638458574806,-9.04247238655043,6.9515910442298114
4.296775919631084,-7.030310435226153,-9.943167148596634,7.827270136084698,4.777728732887662,3.9331481908304617,3.7433089922034117,-8.477586551686379,-2.5792636432129497,-7.755398891086209
-2.8517468239105153,9.184749899194893,3.677146270943489,1.7665584042446854,-6.269411021562048,-6.723136632307512,-9.424859026199947,7.547739319789496,2.7369100255007934,2.111510277343431
-2.011755575032179,-5.317609749455657,7.267622737548596,-3.399779566379798,-2.7727555695137287,0.6289303090738024,-7.276199561999271,6.6375281014230225,-7.697136932949598,10.657332412201677
2.6992119905072673,-7.3193158814597155,-3.02246732947458,-3.3446804445911567,-1.0819186010767874,6.825722561153642,-4.623388710054654,-0.3954635974795875,2.03007260982801,-8.776572767915997
9.086128760648336,6.302560058723442,10.185011971404471,9.286500826233985,1.3736340454287321,7.580096600563208,-8.311361968712745,-7.380822372651074,-8.85619004617868,-4.314190037012228
2.280183325400639,-6.908191101840459,-4.806183362862276,-3.603928394903126,-0.4013043068498573,5.921032723799058,-6.795876722735383,-1.1537379505031715,0.5783682899133027,-7.874858028508938
-9.717344229213735,8.546534868905493,5.889882117105091,-6.7319586227442425,-6.635910672461675,-5.098185524595131,-4.720250321839754,0.6836043936628602,-2.017788972785098,-4.435726237310599
11.543675122295472,4.956473103780472,10.24443578799212,6.542254082226038,2.7716161126731573,9.874053052189172,-10.137369029969529,-5.941392178562001,-8.380040180545196,-3.2414297806066465
9.4679328857139,5.112794307159227,7.889049612817578,7.512055459061321,-0.36340368682851976,7.679896026433956,-9.329636841037566,-6.3602587942178594,-11.375244044753172,-3.302500641225244
-7.485596410164184,-0.8809037165158428,-8.880523792374152,7.9550000399223855,-3.894108658710043,3.1368187525604103,-4.626801584700039,-1.1345042473092941,-0.9298592381901192,-4.990401545535024
-8.154676505266073,7.5385340026900876,5.9640407062695395,-5.847486857199377,-5.9511446867720394,-4.755737275189945,-5.773446629034353,-0.012565495744953359,-3.4879331149569506,-4.143795222128913
-6.133239118602352,2.8071399293786534,6.431702869064922,0.24710009823109436,5.763575203828521,-1.2695266199419852,0.6574302345942518,-3.9597758879279907,-10.162199013778762,-7.736072371676104
-9.319896840389388,9.649148063951928,5.820672252134927,-5.067561393920766,-7.002694189608146,-6.488186139636367,-3.2283810703058906,-0.14669277129958413,-1.9304510507388226,-3.5837491463460305
9.300953452667098,0.4754445876080031,-3.5662023804212937,-8.943040395103864,-3.9324198162110062,-2.2395323100683666,3.703720691017971,0.8048962341036272,7.209971800030651,-1.223535832809361
2.2693227052188427,-8.103956007598253,-4.339691907708079,-3.2273563745587177,0.2961614845737577,7.8195312846912675,-7.437712690068558,-1.6385275179375196,1.603118955389464,-10.589407444428728
2.502314918027992,-7.64641297795332,-3.842397086904877,-1.8668653571250973,-0.9091933798900361,5.928118704568532,-4.623100278276831,0.7578853514974586,2.0491156669153234,-10.029071125241405
3.445332635099729,-7.685446204641352,-4.959828745520554,-0.7301859552955343,-1.329975546740624,5.857047685110624,-5.555201532089394,-0.8520043506485826,3.083775146743919,-8.433872705188817
-8.725766629468781,7.703223604723274,7.46908521431442,-4.935911582696151,-5.4094155537013595,-5.113429588059637,-1.7131412161496296,0.13903658402570207,-1.2515280470798271,-4.591855629287187
9.06758347229207,4.594186432920902,9.50767400147042,7.8073990207326345,2.790042622151323,8.790421242307016,-9.023163285751766,-5.006004873940067,-9.966644175573908,-2.868067121439208
-2.395197544502071,-4.692497540594831,7.561218777029591,-2.459361097076413,-3.460963795900456,0.34768632796259713,-6.747946495684951,2.676133882144937,-7.841524554415555,8.519946023215082
-6.580645026313189,3.408700773011298,4.904574481915466,1.6937261373293913,5.622668531399672,0.6289709963074916,1.0983819906321042,-1.2022083045641894,-12.095354171596403,-6.6693351818430795
-6.490010680012693,9.140021905208451,7.15897717725851,-6.402582606048358,-6.068268080817385,-6.570143477986941,-4.325673623538975,2.314027164845082,-0.18391466397334622,-4.038670548639931
2.412301540575977,-7.00403374372182,-7.572450246608707,8.00384459137341,9.125669148673905,4.763181740662221,-4.25459900842268,-9.726193217578952,4.430977052802263,-0.4304463582023942
-3.011481206412385,-6.67580827671707,6.9295501307859775,-3.5957173001730425,-4.279920028122485,1.183322453003439,-7.03939933093897,4.3349442029688126,-8.482706283817176,10.182340673374753
8.146023685951164,5.675535428156876,8.158579411012948,7.492853889087342,3.6131518366116095,6.786995516917326,-7.464519620789993,-6.558271020394308,-9.623118206934906,-4.60495572722298
-9.13749777775215,9.607883106814374,7.106394750013217,-5.319470177085941,-8.13539733810443,-5.69503964453592,-4.586169986471699,-0.6007105303592006,-2.4655514550126814,-3.741875585566632
-6.197611844795606,-0.2902381179902944,-9.731460956594546,9.574496278215944,-2.9125062035022173,3.2597928634453703,-4.518535975068887,1.2118911863457653,0.6801850206949187,-5.703648064088661
7.840667863019551,4.265819359704667,-2.200975491840196,-9.416561116226898,-3.6657189508257266,-1.974071235562169,5.11639433249963,3.761262156992861,8.395483403283961,-0.47944325713725966
6.813819399739008,-7.261052985569856,-10.09998826344314,5.876023398800115,4.452055518955015,2.3138656718435855,3.964568948676134,-8.636601898356599,-2.044570224809232,-7.607328072043832
-8.001818720415676,3.5339855973910925,4.409887308915291,0.8508010324871442,6.271038442086672,1.363564250808439,1.7573106747608078,-0.4553787927086016,-7.65950237199779,-5.810843815456163
-4.8808569839116425,11.056355781126202,4.9351587768489695,1.1966705434477318,-6.722499272160329,-6.703919770773254,-9.505176473587573,7.521439582840778,1.4148279472438685,3.757089563230886
6.171624347041945,2.6008077569354247,-3.024462874464606,-8.950106591569778,-4.8594242585351575,-2.394918325299587,4.243403753225191,3.278114594872409,5.971086913715733,0.6454529091672818
6.270663614627464,-3.0311500712024384,-10.077507913049995,5.4987160459645,4.300471531693445,3.1487346281675346,5.8874674779855365,-7.018888001380948,-3.501616529648911,-8.321259592263344
1.4087553548706997,-8.66990945887716,-4.6197363058885275,-2.2175874642573414,-1.120888413837669,5.113759987193138,-4.706347830019666,-2.020168404324056,3.0851632707590744,-9.61528003875553
-8.275508900166352,4.945789961588291,5.2572139154818665,1.2404855369294472,6.420585471087522,0.4371188708079665,0.7372540050993281,-1.9469064308933752,-7.889304230228264,-7.509207987026719
-7.091692277017337,5.857881577135924,5.146569475793004,2.3607766691794514,5.888276575769239,-1.2379857210572491,1.4752542482707458,-0.6397583570893562,-10.141543880424885,-7.552659553568396
-6.6021672218742316,3.578075071329482,5.423305141605645,2.324602470074286,5.67061291201988,-1.9814090178279682,-0.039864134093871295,-0.5449472289221208,-8.71224199645243,-10.091562129978666
9.064684892639265,5.012562007156001,9.457832744571606,7.281565255142343,1.7407502478036045,9.249919601286257,-6.476106908634746,-5.5423584790750775,-8.961969726374727,-4.009790869395483
-1.9955975164830337,8.48158528853641,3.469962000517813,-0.8990925293409173,-6.907142096201906,-5.107857996606203,-7.17706854208814,6.866426658912431,1.420088174502395,4.630225811995933
-0.7542645514055086,9.03268775898176,4.865142953475651,2.6658924390575915,-8.148957687697969,-5.177594935146341,-8.635998960213207,8.955379814587811,1.2892672393401863,5.979513478478734
4.291867713086239,-6.061108090906763,-3.9874219384378855,-2.4723683492498147,0.5662499716005274,6.28309707497412,-4.447896339762719,-1.908959157986641,2.309519638739648,-9.58642661028143
5.319849840210617,-6.4997362526765645,-9.100873112899023,4.32965149765756,4.929338062265078,4.670831626860562,4.93656741612665,-8.016666063415046,-3.2167345113996637,-7.653600074771536
-7.078137637676179,-1.6135651649577054,-10.244390632560995,9.403575176472287,-3.6440820510135516,3.624758776626138,-3.49011489647655,-0.129599223598043,0.16130192312339164,-6.665152587246839
-11.0096600594025,11.150488952361918,4.13989563751336,-6.521984196472998,-6.822532329036888,-5.750186437960818,-3.6964368746677576,0.328313891946364,-1.3730969717854091,-5.1534402195617295
1.8639992267836742,-8.295264330121496,-4.310190762305292,-2.255433832465726,-0.3543701357072505,7.873971406804829,-5.542056887109246,1.4348255719518486,1.9143856235398258,-7.39293614514745
4.04597395992856,-6.286487398964498,-11.968564448590872,7.2096841501075115,6.184455827873778,2.399702240819197,3.998308242781867,-8.351786881748339,-2.849144239404001,-8.093463981302527
-0.6246113171181411,10.55752965647051,4.151029414441827,0.8535522506517208,-6.7387409442400665,-8.648548958838798,-8.515160042451228,7.175920329200035,1.5562637329959335,2.566748488654113
-0.8631312220939447,-5.1847956248562515,5.887293044367626,-1.5798935709301847,-4.947456746110938,1.0700165295176738,-7.7733129653206126,4.364455156724336,-8.310761933112623,10.852906626036397
9.922679384653174,8.718030663435123,9.122037952232871,8.132099219841066,-0.19736309483621506,8.865432141050864,-8.061482198942318,-6.487763949821632,-9.232233088848309,-3.5614939590768917
2.936507985054132,-6.051367952449293,-4.6137358150175425,-4.027849199901172,-0.8095968149222191,4.885937641082582,-7.06154511220999,-0.43558980831569927,4.333605301774536,-8.9348671115242
-8.62133652000628,4.0708866222233615,6.137989928929046,-0.21271547895987908,3.979901843541695,-0.7566712055795543,1.4159612616651716,-1.4708261398202136,-9.499693586685327,-8.137594512058357
5.063174089329996,-6.310565544555817,-8.706055633986002,6.700236954292935,3.1956401967499106,5.136564679643368,5.821935831031934,-10.312902853443934,-3.4819961290274244,-7.492298619437788
-7.346873249296346,-0.37907418778323454,-9.3638550018048,7.7565961187442625,-4.2974718369585965,3.351254541339013,-4.937046688370396,0.6550849266604089,-1.5245363364059576,-5.889051689811673
8.233708629825804,2.1677768942199718,-2.7634642188056064,-7.58469771154294,-4.551502149595521,-5.021499155125133,4.236608075376181,4.0242379278354035,6.9315977387517025,0.4592482418797321
2.222561177779618,-5.892886025036423,-8.061635099022217,9.147251155284952,9.432990576868358,6.888403857405291,-4.766310842162572,-6.351041900622465,1.6374936450796662,0.2584593569640561
2.220677740243985,-6.281555974173875,-8.961817206454782,10.451448323142834,6.82647409376983,7.288003600229004,-3.1165709661683607,-7.5897869421718624,0.3487589807740412,0.08693865806229528
-6.940630828073016,4.35086893831833,4.8419318793314385,-0.3413574570192408,4.820741785165929,0.39510890782291197,0.41368646661053016,-0.25664880449018956,-8.363858932813768,-6.756876737838182
-1.2100973746073533,-2.7774489617429348,6.604215901684608,-4.317634688917934,-3.552657213527451,1.90777963181672,-7.320723664830649,4.853216159216971,-7.52711504236842,8.968929866388589
5.389103765889062,-7.066250116177038,-10.665960849675509,4.868220197548987,4.807449231626021,3.2545971033847048,6.332417946863582,-8.051209769263215,-2.906087276181141,-6.7425929141042324
7.256584879462613,1.1927768454455567,-2.620525468685305,-8.123434852453919,-3.885032885494612,-1.7337990119977047,4.154903509366098,1.0213520124931879,9.64646082292807,0.45540781044196965
-7.975698038565255,-0.08693542055479407,-9.078314661322242,7.907804338350807,-5.996688520404334,3.196438485160382,-5.4180220451527585,0.16871898687407136,0.4928319731686633,-6.4371765629288795
9.030102089427109,4.99700018904382,9.405016459044827,7.9447106996901695,1.8498343296871054,6.593267996595095,-7.365115478329517,-6.298168566448832,-8.97979320417882,-4.24195660482859
2.251439890691856,-7.019911827616321,-4.400513504090757,-2.5575232671541475,0.4193398778758519,6.349602469072127,-5.305268717389437,1.0077590924078108,1.6944825993598143,-8.752164702020515
-8.922975579575077,11.607802619282264,5.862280724450586,-5.420845453210492,-8.119006244562616,-5.878004573489976,-4.800868940608935,-0.12970598578972514,-2.4623861169975134,-3.443265969984426
-10.685921096359678,9.03656893386734,8.084423809172058,-7.58162366727644,-8.43187637128902,-6.24251452399971,-4.3577444335834015,0.5028565258204419,-0.41578785592182,-4.727986542158014
2.511096735096893,-7.476046981031596,-4.259755602746268,-1.3091558389264661,-1.317027682874554,6.315120789409956,-5.968961005451694,0.13266986263953467,4.148260501627323,-10.512333491315415
7.137080732198013,0.37291818014107747,-4.41937586324563,-9.845563126945997,-5.360080082819819,-4.221188243025145,5.1008939334260495,2.117966968870986,8.892744121574875,-0.9184611598134262
-1.936116570968722,-6.066376553403858,6.978962097638809,-3.7040800452990714,-4.90352203276453,1.825659675686675,-6.416011416723915,7.137039497906218,-8.532120645488796,10.620763289876534
1.5802224257531594,-8.288437853588391,-3.7981894455549776,-3.7125563586544006,0.9700627533072697,4.395876646766832,-5.732864237620304,1.8515434754860187,2.4473811365046587,-8.895318033108266
3.7616681371038254,-6.718809711001101,-10.579613941621552,6.092652692346341,3.039599687342996,5.031791302791413,4.731219864415171,-7.930485029314469,-2.833539672946244,-8.655693948507794
-7.006858110095079,-0.38143130656278457,-8.870285193887254,7.740578560600107,-5.65143793303445,3.2544078682007154,-3.246745737120263,0.71061069310865,1.4433682669422654,-7.063489762778585
9.191428696089309,5.039605510490541,9.747490319606948,7.629978572249255,1.0661405058402846,9.163694855224316,-7.854861950933749,-6.393189347223072,-9.455755740549261,-4.4082999896752755
2.4038515589785825,-5.224896251287806,-6.493060648097073,-3.4880742489142733,-1.2797734874066697,6.561870460865663,-5.13086799360457,-0.5813179407103936,2.8462456993833993,-9.474306512921753
-1.7504193974139322,-4.719763937416918,4.911190955125406,-3.8909504210321364,-3.904070944401017,-0.8112354889093094,-7.499760415261583,6.082361794057217,-7.359049970564523,10.352229283140888
-0.9586971302386733,8.01593208745953,5.624201234704685,1.759180839715223,-6.929090900803703,-6.205290101109343,-9.961049778198309,7.705932661682754,2.188752443077232,4.653902819929058
1.2529661446487093,-5.95883766415629,-9.06939585476408,8.135826394781322,8.961033233209319,6.4102051189495075,-3.8246864167192833,-7.6244396049678596,4.583006655318666,0.10799007880006006
7.6367285266894385,-6.358528298537238,-11.092850960750809,6.33068674332412,4.332680114791642,5.1424393271739035,6.181168783950301,-6.563580879808397,-3.426349130787086,-8.36916855367559
-10.38574823115405,10.472726833469817,6.8741225380234825,-5.14645563622807,-4.952808335437092,-6.641620614737896,-4.489641846225521,1.3668312182435707,-0.8515860632279992,-4.362747505860463
8.32306452464463,4.12460914446844,9.344024402123537,7.780976166746374,1.9062463369289893,6.731991256617441,-8.263752756222814,-5.446705679634412,-10.93729379636352,-4.028799643479683
3.494783147946403,-7.482116408147973,-8.274632132200592,6.300354325952204,2.174782394898906,5.764229299138511,6.660240900732889,-7.289873009635357,-3.2532167385985473,-7.951429421239977
3.511192030978677,-7.475487608728298,-8.195108206121919,9.062906675037453,10.130326974545742,5.934155594729504,-3.434509407524998,-6.944362401101122,3.033484236351362,-0.9547058927183233
5.422832648442344,4.661451624194546,-1.9017429991685288,-9.358636909709007,-2.536977426734145,-2.1046132468199508,2.6716593966290736,3.6017530841215137,7.252601250367948,-0.1726064683833684
2.328194251176075,-6.590588659791584,-10.21883617766992,8.92231721958433,8.738706028416987,6.177237030635916,-3.1818010048841847,-6.553947772408286,4.593549566612425,-1.9183908750381786
-8.728127475688794,10.20845708761522,5.493401022190776,-5.028136741986969,-4.836687992280723,-4.429351597701764,-1.049943117723283,-0.4068640167984402,1.463120799237518,-4.5296235845479496
3.3803621687776033,-6.173736878372138,-3.3057649071224997,-2.9899915223476414,0.4724886306777214,6.616910318662455,-5.794224739172329,0.5252695259988247,1.5443687296254773,-9.980643771433083
5.3332950786036495,-5.281173871914049,-10.823274448113068,6.091444707798408,4.066659550524708,5.6825839926015105,5.455514757574955,-8.2310195900051,-2.839341476178087,-8.174924634470882
1.7051263861554975,-4.5777365822816645,-4.587007134503524,-0.9951376919700314,-2.1452323107658904,4.713868261695909,-6.693128888681007,-0.5610005431742898,1.5803926430823512,-9.779769948321544
-2.5757702698948304,-5.51048005220724,5.521667438162844,-2.546270373952508,-5.188979073140814,0.24760940618670824,-9.367793847278827,7.98213985761182,-7.5671630969298835,9.242932678683404
6.589122676227125,-7.688654129399191,-11.228463939277276,7.289631563982416,3.6874140813738308,4.808096098831094,4.93448160365106,-6.498536808496205,-4.120380585034944,-7.400503142219163
-1.154613948239989,-2.1754976462269155,6.721653855954455,-2.531019784774972,-5.205098681437779,0.35252961718839104,-7.317558130876226,7.221657650471393,-7.690029370376526,11.667092076018308
8.422153843055197,5.286473003028564,8.834297514356232,6.081785221425125,0.5609068498276704,9.723769136829116,-9.29527685546418,-4.822159643365399,-10.44086789617257,-2.83456560759431
-8.960629696209477,11.06283886520616,6.912608400831012,-6.312017358496817,-5.896248440675198,-6.876205949245616,-4.419577824106415,-1.0247641669742276,-0.4348421360732929,-4.561419771688601
6.722157513283762,-7.067389704800606,-10.64390084829142,5.117821022219552,6.020663949947659,4.255624040480358,4.656890366739146,-8.806414653184524,-1.9816293278721404,-7.0188533375144875
6.2994133879230905,3.0009585719228227,-2.332607212939333,-8.247180710123013,-3.294122147335019,-4.306656994301141,4.68500811675626,2.4210391174733212,7.549288671923782,-0.6674937534832054
5.553028828220613,-5.093163652837154,-10.513685005012134,5.980025109921719,2.9136053109104854,5.51535588232515,5.760912374954044,-7.421313613413575,-2.625822025967838,-6.579576594306088
1.5840935859329488,-4.516918985491651,-6.794288258212772,8.971249150987626,11.267966877640978,7.656081589569423,-4.358431175709845,-10.055773063897883,3.466692145282408,-1.841572256286446
-9.664549131404549,10.895077317090742,6.037767753531718,-5.993942090423528,-8.06464113012523,-5.95784771480028,-3.6506734558578717,0.5588309924105281,-1.5779266773798286,-4.468175114811616
5.776082825442039,3.3957534979828043,-1.5234410499790676,-9.398888852806664,-2.9551409186001436,-0.893399517770503,4.402403164223834,2.5816637540061507,8.30398689070494,-0.8400529965014049
8.817670211341506,6.417467003571991,8.293905262124701,7.533192913445017,1.6696523084640376,7.780129358801021,-6.830878583728305,-5.181815758535617,-8.98550568345596,-2.4688252207489025
0.61046432090447,-6.203291462149588,-9.059672640743983,8.758023700042827,10.46557483846596,5.476612101166445,-3.132635204786946,-6.535234920669119,3.2289980322294767,-0.4599272696516594
7.827509152952285,5.800618023386748,7.315182804502014,7.030984182156563,1.9703415268599593,5.988117454715874,-8.609875748287065,-7.2451513094773645,-10.59463393968999,-4.295577823952773
8.245456248192081,4.764011442464344,8.63992442406264,8.500056644709376,1.65776031629934,8.204173848580115,-8.314140182283914,-5.603565060178367,-8.45065140259273,-4.88035886030656
4.637516613171391,-4.711454529480295,-9.61597683485036,5.643797638915986,3.532753730702863,4.946049700460241,5.713578230192876,-8.489681913893747,-4.034041817710502,-8.738082829606668
-9.810885041308804,7.716228259254475,7.126890631200719,-7.1928259172333044,-6.2236792973397765,-6.093410877258269,-3.0295780591142005,2.2768134191116087,-2.7257759530582266,-4.227891052102211
-8.043811846609486,-1.9568732999710907,-8.321136701097592,7.250375528527462,-5.931317421014917,3.207329141965888,-3.463507965257264,-0.12947598215846645,0.3955129053974661,-6.693937207255014
2.610711300068738,-7.472698446274785,-2.875723631172002,-4.562466617747711,-1.2997305504603647,6.15144996063322,-5.549299544883462,1.6374477988869955,3.0465167704421368,-9.356533370907268
1.0084151399103436,-6.100997387780161,-8.526809470687969,9.131474574611373,10.184485231365278,6.21724438754638,-3.427495354626884,-7.330693090301175,3.1802953298625307,-0.8977666643941747
-8.92790637162448,0.9290317884916566,-8.812503304710981,9.024154267130795,-3.856377661323401,2.7527005447984685,-5.074622320214779,0.3504426932169984,1.1572358444507271,-6.7747555106449635
-9.247957505310954,4.735216255044115,6.489075112616974,0.5655991612389435,7.082134193267896,0.7447850694575716,-0.5995014718255884,-2.0970890690882498,-9.804597418540899,-8.027448186004484
-0.9912244282172338,-5.293685988651427,6.978757969790214,-2.990490986837741,-1.4837708161304501,1.2958271172008062,-9.04365625975009,7.219375371677379,-8.896138090010268,9.536810930061293
-9.310327673865029,8.550723152674822,6.693404981579587,-7.119331867368162,-5.305539942019195,-6.250065468401785,-5.683312052562478,0.19445427220107464,-0.8977981169234543,-4.5084648170146835
-1.0775091639008147,-4.685379717547507,7.0082971617366505,-4.101176250377959,-4.435145830809614,0.7180550568536012,-7.976785971411137,5.9928625109629365,-10.401112419227502,10.176347476346477
-7.914039348012821,8.497275924685733,5.636167252639943,-7.513176668583727,-6.809295969684805,-6.8356321397607775,-3.389217860554595,0.7390195742652081,-2.5540729981768218,-4.568143434464979
10.35626904996116,4.334447731017074,8.881650214121546,8.416011449166481,2.400853070060189,8.806281008420635,-7.631237239916034,-5.899598856688876,-10.558382429180252,-2.986437849331219
-9.031678342270196,4.779001045288593,5.476244538795833,-0.03628445435310246,6.745702328174403,-0.9509378035523058,1.6436077627245,-1.1197552389930066,-8.491054586794881,-7.665982141491706
3.0226021690901437,-6.399234616331748,-7.548133490610047,8.891325760715167,9.258289387090985,5.250918933588431,-5.467966594086304,-6.191895586012737,4.815959580492883,-2.5894626923464514
1.5820684504721756,-7.513926094484168,-10.779250757536861,8.182535732652832,10.359817316494183,6.111861236050547,-2.7447437361407454,-8.666428790496873,4.391766690349701,-1.9144487272923947
8.322241451043341,2.896210067668021,-3.9490149314637075,-9.730066740197804,-2.593280156029815,-3.671999325877124,3.6907166784431924,3.890006872812879,8.54525705554891,-1.6074426113275018
-7.712215763381167,3.2264610731538754,4.502216368564575,0.08136821017887774,6.375897728942964,-0.19501389359968047,-0.48694225070865294,-0.9318053035452282,-9.490114148713511,-6.791665978867189
5.065917840057943,-7.105577805746183,-10.127101168497527,5.986085090474214,5.006175153538769,4.347894495222085,3.503863230434429,-7.872926916815011,-1.5375188471762558,-9.348686294525846
-1.671652997991187,-3.6909241226483496,6.541060511334126,-2.428623035485916,-4.237071874015355,2.6458091072396814,-7.5520772533724125,5.356869417070932,-7.628256223293356,8.808558916667629
-5.1449453620696275,9.017661634795482,4.967700009071186,2.8974398234785617,-7.893523143443808,-6.794422431872587,-9.763752382695598,7.57890667117302,1.1269539125011514,3.7533507167606883
-7.547429575554908,3.7554039316862955,4.015059281688978,3.1841740710309647,5.129457692116495,0.5537405825339357,0.6514367710847448,-1.94478181521125,-10.029573480575513,-9.225296457847099
7.98679585774903,6.684891686243953,8.543205699812885,8.06072283135045,3.097290093880847,8.431073483090493,-8.19288234937226,-6.949071984408825,-8.725459714561719,-2.9068811657678895
7.251287066164823,-6.1576132589249974,-12.17167803170372,5.902089010920293,4.591791455499772,4.96704066957172,5.248728647483883,-8.861325151391014,-4.830308313912782,-7.596848053275872
-8.220689413055194,0.8907754406446606,-9.136475926007547,6.892957518845773,-3.5721248904690466,3.50498633347918,-2.4304331214747377,0.2189517228202974,1.6382568168326475,-8.065438000834472
3.621928988241634,-6.813494847737705,-4.990248552624603,-1.60679941439434,-0.860768061129523,5.741086086567525,-7.209195864604798,-0.7053249456309068,1.0231940772953254,-9.024530472445855
-2.803440128689208,10.370869514026303,4.439526258433937,2.20501177607558,-5.733597047009205,-7.657481078121853,-7.279538572139116,5.793061505755326,3.651942365976974,3.7887759719689345
9.719261732142439,4.01272031736972,8.697360006096643,8.926664858643438,0.8390752992456842,8.454011114596886,-10.08475926986002,-7.3858047738902695,-8.28779333411119,-3.8026776780476625
3.111797516027847,-7.5182704164123,-5.950260531749787,-2.7210828128605105,-2.4156263167872094,7.887749829615174,-6.972192270680036,0.12282400291450188,2.106494111941987,-9.359649906279275
9.714087650418112,5.495938801183987,9.023763127620342,6.09091371693043,1.190596304053905,8.810820239165606,-7.090761600555027,-6.630835867929214,-9.136261101653174,-5.094385829410103
1.8880145649933902,-6.358111174976754,-8.234006494788312,9.205658007129275,8.028225634536096,6.480462128524783,-4.281898201336024,-8.627534733946968,3.717142584996381,-2.1584728125371875
9.977451115453396,3.389013052837339,10.109537632843995,9.236986144518067,3.1561662443447815,9.59725666284003,-8.314325284302733,-6.187025136110118,-10.325094311560095,-1.745352133023665
2.5198121668579607,-6.526410404762146,-10.031097094925311,9.375943529758938,11.169312999408902,6.200373566516225,-5.501907296257987,-8.016289048763703,2.470948331269887,-0.33334461832168527
2.6750631529663167,-6.690118406158353,-4.607891522389102,-0.5864990333180846,-2.173532200999541,7.162404616492742,-4.7914587512411675,2.1855775578759173,0.2600642785330296,-9.939823233489756
-2.0261677647485645,-4.8040991014350265,7.993057652964526,-4.275545472246825,-0.7788947820418555,0.6794374937930953,-6.443070334323556,7.431437947083598,-8.704986469574727,9.622796846415067
2.659686511640156,-9.223947543240241,-4.038776810397435,-3.788827310198061,-0.7074131719136176,4.560576681477057,-7.1914762980588804,1.8896232700261344,2.9177387653650397,-9.0751343305442
9.918195673399278,3.9599744772497623,9.696657862986589,7.494377851158612,2.947285652615792,9.72561522629149,-7.589996516604469,-6.892316044345407,-10.346285928273645,-4.927466048069949
-9.471479939911767,8.112606042483858,7.528918778965778,-7.187023610362891,-6.033386865387044,-7.14592047222288,-4.2808322233397655,0.9993993806831413,-0.8396502280981561,-2.838448122483201
-8.550252639209972,-0.9707487549749806,-9.880871888635758,9.006846185739183,-3.7867208272694013,3.7591864068868475,-3.133271502149975,1.0574808799248623,-1.562624404355331,-6.292713207482342
-3.289050569274389,10.096270937448264,3.290302624676569,1.5579559160354606,-6.845599780079038,-6.768736991435894,-9.017421041652167,7.719342696594627,2.7151559906819873,4.896089101380239
-8.197298312420553,1.1987343791261722,-9.299616743343389,6.917186511222423,-5.208360570034502,3.3787847142825784,-2.867973196766455,-0.203259296960991,0.3964290310610452,-6.279478762342054
2.0626139601623077,-7.957552040208368,-5.489020139686723,-1.3647989415768222,-0.3239616075274734,4.079601385290306,-5.243382056123149,1.2071699385053418,1.9726674995417792,-7.472880849848286
7.508502696326071,3.2763382831823087,-4.056409132516644,-8.100340132840138,-3.984751085476561,-4.141754350995807,5.605315009665268,3.8890625545907573,7.872983740437224,-0.1049971014921296
-3.255616539346909,-4.454967040107284,5.500631251581072,-3.391566907835708,-3.6801800080899945,1.2438990733043664,-8.992236805671775,7.614231913355182,-9.59598321355632,8.776804808131342
-10.325690017581909,8.564012194507262,4.382800721859153,-6.103995992036031,-6.59122027069374,-5.616416706161838,-5.314233568993721,-1.0251581595958523,-0.9101369923812084,-3.1686871248120965
2.228974751924756,-6.318596183546728,-8.59136470407146,8.369118939497387,9.266015896276517,6.441541535590899,-3.797175496980456,-9.524329827625639,2.3396738616347283,-0.11410869129158185
2.223272553643659,-5.794743487793834,-11.793257389385799,8.530486385389143,9.289996531354813,5.971653344583455,-2.4506227903051814,-9.170458844795206,3.0635012867979086,-3.1128191515164216
5.786788647405935,-5.784316802003264,-9.334487818000254,6.385387318721131,4.602289694251498,6.245662332891116,6.485317339024491,-8.180725266573704,-2.3257784307778766,-7.981520823001608
-8.46967777992974,9.411240417616838,6.469601790651524,-5.863223285135528,-5.071440321531465,-7.081081529534566,-2.5996468498691416,0.7056249315662608,-1.5215190091330328,-1.6745166981048798
3.8025359867146458,-6.709789465579936,-9.620992465471591,8.261884831191916,9.4394112626333,6.921278134107433,-5.243551461683109,-6.1988977169298725,3.9933358242987538,-0.7304941522385606
-10.731649105167811,9.485670796920624,6.8818957675379195,-6.471282570052741,-6.951356960765988,-6.1012989541651095,-5.048576159101868,0.8450523478941498,-2.256454000816885,-3.112563503005945
-6.4167124836002785,0.4370581953678002,-8.63580147237471,9.083009336428699,-5.065132529743737,3.5804156120698267,-3.5135863275136883,-0.4571311766892442,1.2492965300812968,-5.065200193339791
6.8605989713907345,2.165760799894258,-4.4553469585999235,-8.574912341612587,-6.798551899249114,-3.744097906983623,5.861093052686684,1.3543830778307093,6.125952164577788,0.5605218508267482
-2.6847615685519655,9.682940932956228,4.737946375767046,3.2690414658037463,-7.59845957876,-6.135104280398665,-9.033025052752691,7.259334738390206,2.1140527193125487,4.413691952347587
-6.668156625707026,0.25173703068985204,-9.140575807726735,10.040431842014245,-6.348759438196839,4.94605554720888,-4.055600387080178,0.9722520099245214,0.6085459062719919,-7.005452519041085
2.8578725024993656,-6.339792039200573,-8.744610993628205,8.998552227204438,9.80589483768422,6.13904543883136,-5.781780119263807,-5.8502254853497995,4.885461349671589,-2.481894787162801
10.797620458764234,6.2138757399051565,8.66348937436123,9.603768193506834,3.4100431714208863,8.206773806320564,-8.64071528108542,-6.442706707514445,-10.04820081775817,-1.75941893626755
7.602213932572686,3.3429286389814328,-3.0720870323075204,-8.631104822651773,-4.307214276338458,-2.110455459098201,3.4690888433107703,2.5483595889395176,7.235181266105756,-2.3828045258699935
7.5277406495022605,-5.705869610563349,-10.456094819210971,6.184311101422735,3.3747026950134225,3.9633799818964977,4.710359135922095,-8.598450712816849,-2.7100043926566206,-7.8307799501791955
-4.202154437248136,8.915946501403571,3.651287729077184,0.8695803667249611,-6.699733039997792,-5.488107306931347,-7.920011150633697,5.753022311875526,1.0326720982938382,5.102222743909125
-8.021024423579316,3.8558137235091032,5.8320718760673245,1.8627006240872257,5.984567270327284,-0.5789237358576942,-2.2465266754629587,-3.244713231920326,-9.478329613490407,-7.5062901226136525
6.514159037252628,1.934124782524976,-2.849420010194626,-10.355923381373781,-3.6821749557474646,-3.072786726499967,2.856758906243874,1.3336225019297607,7.696547508207556,0.8852811506168861
-2.7208043261597985,-4.87846057836572,5.37127452778852,-2.0873976937990233,-6.431603698777156,0.15682681240228358,-7.227677551574314,7.343736945508734,-9.054231695706491,10.165590403112924
-3.089250864422793,9.253690628733699,5.139563946531036,2.4451719548600064,-6.803671923235183,-6.137427174916224,-8.356078803955354,6.085860493171405,2.891456299253449,5.048742393187651
5.43543690801023,-4.48397228466978,-8.831195777281597,7.534012553605917,6.722530989002445,5.127410377132119,5.751071654629704,-7.161169503992532,-0.8428645176475418,-8.294012740013267
-3.7166803818705683,-5.896754335171055,7.676833118274521,-1.4160730898137255,-4.348181684581452,-3.6116822003639077,-7.9250446624034945,6.379433267230185,-9.408400112982317,9.922864888948062
1.2221413236485061,-7.809425575582888,-3.762462945938971,-2.314463319193398,-1.7217026203221497,4.536309742245914,-5.724940951746971,0.10282870248207063,4.005507264688587,-9.034388089036966
-7.552436578902158,9.867175121388353,6.156895911138952,-4.425160897447509,-7.336265172617988,-5.92528776870865,-4.087784275100081,1.1338057725250583,-1.4246731663438066,-5.626345087150385
-6.916078886550109,5.952835233963205,4.490210856876396,1.646435282879063,3.889587071122654,-1.1966479041839986,1.0172141401094748,-1.5195804848904881,-10.600783922032939,-7.83340992435964
-2.977693736413066,8.255520870262947,5.990731166927107,1.319490543303313,-7.68600412026932,-6.804414653270853,-8.152738010337593,7.1818743294885765,3.188670780533428,4.692427217884999
-7.162957763217552,0.8841014612169392,-8.795201932870874,9.044959511679021,-4.663013318365152,2.996319863889537,-4.313941357151929,-0.26594918191474237,-0.6709648555759395,-7.214850836301123
-3.850554884188398,-2.727453939142806,7.7320705704698565,-2.351040748367788,-3.457215275716312,1.8249979664400395,-6.8888756139149345,7.472217567973365,-8.961647475022037,10.199549937205743
3.1269148462330847,-6.789356224440576,-4.036498481682059,-2.010456237478198,-1.4247664198773002,4.289056216493952,-5.283527422208483,1.5224268740214577,0.7300594378848184,-8.249070263184144
0.1289035152807032,-6.045194821488433,-7.840304701216835,9.52069594745777,8.654527168399493,5.92385140017068,-4.655999271310282,-8.46682175103115,2.4746955015759613,-1.3117389468425233
-8.377369524742099,-2.129760908814723,-9.810494004136881,9.196538755923893,-6.408295959087511,2.073525794948056,-3.609859892160668,0.2853891707947523,1.5286720684188202,-7.531637649935038
-4.593310562551339,10.73898277795943,4.3524313168277455,2.2604985883437414,-6.925139436452512,-7.3043459266739905,-9.408160684874769,7.6530316510717125,0.5051265381924965,4.912030723442674
-2.985418496597409,9.888675308911049,4.9024401652300265,2.1667595953082763,-6.028729228983298,-7.017481381675343,-8.44786290670712,7.220301162566207,2.287662584263804,3.5786928983093267
2.1286968145934417,-6.605064679897745,-7.630807105418425,9.93907110488548,10.896577102454671,4.411716727849645,-3.0026054333631973,-7.444977674470143,2.799008132489872,-0.9453622072091282
-1.4876822302708863,9.93320098285665,4.180222063955105,0.893327236159245,-7.4932147965140645,-6.683868652609227,-8.292541043103654,5.151951510738256,2.0141870332524254,4.319540781244093
-1.675275468503846,9.473466207426759,4.5697131247694545,0.3122087504247406,-6.450008972018685,-6.672421906112835,-8.566748919440636,6.046774339678394,0.9412436944559133,5.214604409253813
-9.571935872152658,8.411254306738329,4.393061484913688,-5.322208094304401,-6.189553447445176,-6.950084845031492,-5.53432819732511,1.1248681470534954,-1.6270197013532373,-3.618542473671016
4.987549663055192,-5.668349132350436,-9.020242907893897,6.39205146026052,4.70374261144234,4.419561457550322,5.8301550766272126,-8.167197898689484,-3.3397060547488033,-8.037998686044677
-2.6096733436244555,8.956895425196779,5.050428921555718,1.7421002064830517,-5.486445933216364,-6.040760479044344,-7.9655034056303755,6.3573661921282865,1.9429118104584728,3.860985607200205
8.626418422004905,4.827781107305725,9.566214819766618,8.47019080168956,0.7500107534105291,7.365749974095326,-7.851028054492237,-5.027840386181574,-8.058312861875114,-4.4963022255149445
-1.3501235580968525,8.67803138951725,5.065368769468332,3.1704166075859597,-8.251300888381737,-7.589550595703493,-9.126876452511715,6.539769394374275,3.7572368107009844,3.304679462094116
1.7990232417422505,-5.6438284887570145,-9.727006799387274,9.04646080183024,7.490106317804585,5.080013503700147,-3.525593340641783,-9.037255229408554,3.140087598419346,-0.7038637231600353
0.8116267225434655,-8.106375942762488,-9.657671869437994,10.798677970332896,11.525918579502491,6.372936109638131,-3.7587818202912984,-8.382878091701842,2.7501751819336353,0.17822893239927096
6.893858631956317,-6.273508179140487,-11.200070222246646,5.796995060653347,3.9309027819781446,5.3296228843209725,4.744643753108634,-5.898761365334261,-3.7678544116231545,-7.070623847266377
6.995277913729842,1.8488485458650734,-3.397486541501109,-8.206844668414739,-1.5153304898632154,-3.947818916719503,2.3817198792083425,2.513172777596561,8.094782516249827,-1.5253322368214277
-2.929920998670774,-5.502001423342377,6.951958999411721,-3.5050590714421164,-4.851323672320035,2.151928473165187,-8.101571134246718,7.609814162673159,-8.856778255457245,8.601604099138381
7.316545589123384,4.932644968648037,7.201713687842255,6.027635602082322,3.0869687776237877,8.339773810597041,-8.495596337187113,-6.268748567767845,-10.23328637258221,-3.0824172197205444
-8.810814288228514,3.9084576975743457,5.995330193971711,0.2863913827875971,5.432225725952047,-0.7845274874822068,1.5831670785349152,-1.9557854234546697,-8.829611366543869,-6.82710296346454
3.778015090188524,-5.482205856913396,-8.487175720108626,9.011648630201629,9.752150680310306,6.362575540246633,-4.7000005707040575,-8.458609989657244,5.64537836228184,1.4752066174200409
3.2386237893676197,-6.255217562503161,-8.181247376267336,8.720976941586613,8.682815857244778,7.629939793197542,-4.154461897086062,-8.457492796446184,3.6045234623633284,-1.0039279924900302
6.385124691771996,-6.884858727193035,-10.461906895177695,6.5913550950512905,3.6834312994484186,6.939595983306071,6.3559220909983365,-8.501900387003975,-2.462584043667542,-10.038041997132993
3.2729741038796236,-6.355685035818607,-3.6107080776283653,-3.0313056616887755,-2.328763482695982,5.502480455993638,-6.2423958213664825,1.3334832079434735,2.15768181970067,-7.458680217696497
2.4990744688060658,-6.276699832483299,-4.518824017112902,-2.4940933589070937,-4.25417941583688,5.253869034017459,-5.242621448257161,-0.10570569884490999,1.3820639855237378,-10.112444697374864
8.90978158891021,5.504308184354727,9.73366380108767,7.831667275582698,2.1326691319532762,6.901527402020269,-8.298689995288825,-8.092342719723206,-9.611599091147497,-3.4298778270078136
-1.9922511073043792,8.792772865246198,4.617578552510048,1.2842841413653265,-6.674868308749486,-6.114231313795332,-10.454214544046483,7.623170603336051,2.954735105818843,3.7463512669575394
-4.995630771443901,-4.766161641330154,6.197586421847374,-2.3228955962673403,-5.053328185304314,2.4234364324569357,-6.333352627274313,4.531645583429281,-8.793333483878927,11.26492387619422
2.314943621428265,-5.666030123435117,-3.7720518613578027,-5.380328827798274,-0.6159583277875901,4.25350287169274,-6.972495281444342,-0.5274807034540974,1.184953053728548,-10.446141137640348
3.604516794837333,-6.116883016577803,-12.242183227582254,6.1492382487223,4.270914224023336,5.436369805416999,5.929786606379103,-7.6172218971103804,-2.416780304879155,-8.00616034955582
-0.22337792764861542,-7.350300716784507,-2.9848320696875685,-2.7660237996679307,-1.283611387109978,5.832940904675573,-6.359644536835252,0.3155382610291717,1.1649103407207202,-7.962317325644321
-0.3382549055549364,8.838400315765984,4.763083643012587,2.5246550599811997,-6.8360247447788165,-5.185058552845193,-9.460977118370462,7.518130370735946,1.2798296491661274,2.8414290447002033
-8.150066073434289,4.865964527256454,4.811069713271867,2.026788091902773,4.439397302294937,-0.11040045125163747,0.9111303506449724,-2.124630150090007,-9.129004080396678,-7.8717231908797025
5.654534603082854,-5.550884751976784,-10.800763856150263,6.249173710795364,5.728465050526923,5.634020152444551,6.219250778962751,-8.711886563252824,-0.7018546043874241,-6.652804620991145
-7.173708176262644,-0.3664737852257984,-8.501687578748694,10.16574165995952,-2.633614853788961,3.3474863143241294,-3.428886113516332,1.9802165439296997,0.7842435639693219,-5.623718747565279
-3.8366053721990685,-5.589931766200555,6.408275760880862,-1.750141961166736,-2.466045310534723,0.1894864115815471,-8.491362292475843,6.859701051505917,-5.894617115103701,10.84467936531153
-0.9957478798106192,9.645097812753098,3.615692011898896,3.82726225027492,-5.658593495625917,-6.298011889807331,-9.064811855485843,6.3640836787752235,1.6500934587931226,5.2502001756250944
4.057892559019322,-7.697208550648128,-11.23724347805457,7.95841028562332,3.121684250915913,6.4562835685015685,4.358088350664522,-9.692972020595537,-1.950732948051285,-6.757095498594969
8.34523653873677,2.747315560050657,-3.8863893260861513,-9.543708770762917,-4.38372825585612,-3.335564623472191,4.21933035844084,1.674710140376575,8.75097070754872,-0.40339013896101733
6.676620559643643,-5.513789699549382,-9.962715480455374,6.875078251851103,4.82499612079515,4.163770843483498,5.805568974880665,-7.4703824238314915,-2.375787685912332,-7.935224796734745
7.996703656710521,7.291745450155352,7.3591202473514,8.57960971995202,0.9793295341997331,6.368166349614649,-8.604933752774842,-5.180842789139936,-10.317225310262312,-2.9172986565898817
-10.219712669650509,9.450723411455202,5.892902109316515,-5.392776110141704,-6.580023853394161,-7.27115134361333,-2.582603673144118,1.4240606461769723,-1.9660063910858598,-3.6776288866213838
-9.37889295732204,4.576146620041344,5.826914120434662,-0.4929801196006658,7.833591490695344,-0.7606506151272141,0.9985152780760922,-0.5224354493264608,-9.39043458023076,-6.456343387673706
-0.6525501864907954,8.532520157104846,4.964337440580619,0.16930689137836707,-9.271583395464294,-6.0353352174942465,-8.84388805028408,8.502035605297126,0.6488973458944265,4.681353695449661
-9.957249553115414,9.61200583718095,5.7308767113977,-4.022048154667178,-6.998910536086725,-6.373202489938606,-3.359133043966955,-0.09615615615713724,-3.2076726749621023,-4.604071722955695
7.452671220344789,2.982021820371354,-2.4417391285308283,-10.197762330895989,-5.389948208190001,-1.9936843377949676,3.7702338614416613,2.223745252095709,8.377349375279408,-1.7249025200304948
9.727925641691558,5.60241863598969,6.290709291665201,7.017941035126292,1.978520245796645,8.636150953166313,-9.444983672898994,-6.809114280293374,-8.54200720453842,-4.87660411446807
7.68674413253553,3.920955293497392,8.733171434568325,8.393875438918197,1.7557543323712823,8.867927404271404,-9.842987484969246,-7.625646292585204,-6.841518305494999,-2.2606091125980328
2.4754013603995793,-7.756914506321782,-9.4448466467306,10.138933018220829,8.434944147974626,6.338745866263023,-4.097502916100567,-7.540194248810259,2.828552877586707,-1.1068666476678661
-1.143084909849843,-4.185850737895278,6.953998189660526,-2.1122228650221393,-4.9480182883381305,0.2982081186174821,-6.8319685143401525,7.9850510905868175,-10.049740351671565,7.708553112570319
-5.910822695409937,0.6589999160963669,-8.00636849150882,9.16052650980934,-3.991270039601317,2.912649424022312,-3.6248675998248334,-0.019258918899805355,0.7150984245319659,-6.234743789102873
-9.447209353843236,4.901808766892106,4.367158238773474,-0.15618732999005402,5.953251388937654,-1.1284642228573134,1.9937126727400885,-1.2927100188529133,-9.694223297812464,-8.663751877583088
-3.387520700232489,8.636278229180105,4.871324758753674,2.6196592216665024,-7.095294828698902,-7.753070683729647,-7.956920227712439,8.044658278044285,1.1060261343004507,5.516894357026405
-1.982660939380443,8.53687542200552,3.990051950730665,2.0573379141264283,-6.866798547607585,-6.400282557909113,-9.106973509945753,5.487163131728305,1.589526351275787,4.955270023064725
-1.5946499290137055,-3.2601939140030707,5.621171088022384,-3.573167592676237,-3.1781325630007884,0.8065745834091789,-7.750619612183302,5.544424591317956,-8.520067652538888,10.740690547845755
-2.9240861116098933,-4.625911689547493,7.978877758893366,-3.4055290821909923,-3.2583298661694924,-0.05607793944864936,-10.069129350650867,7.272468931521422,-8.070252086347109,10.24230300734481
3.0617596352336873,-6.624309803404508,-3.585576332394895,-1.2849171637801926,-1.9979911954051903,5.230336121553159,-4.243225556533236,0.02737226768296508,-0.9668323126649998,-9.27396008874793
-3.0111836735714173,-4.0586551649753275,6.11186905150724,-3.6024953602975467,-3.932078793067392,1.233821320095387,-7.396815085953358,5.895004184359157,-8.093039236524676,10.706695848394236
9.973362671570179,6.304050791005674,10.218703298410372,8.36566736341773,2.088363636183529,9.012523107208489,-8.497562764850157,-6.355110345992574,-10.869564534067994,-2.5999774280453787
-6.619219763570658,4.8024847689549315,4.459847758179773,-0.23344592891213667,5.93881065756664,-1.3018265922995773,-0.0733776623132949,-1.2482347550978632,-8.345091160336466,-6.556357876060201
2.7703829250619374,-7.560092867310452,-5.829079501088189,-3.1454554118497375,-1.948758779166141,5.970655524322003,-5.68768695345238,-1.3740858568137984,2.607304347823039,-10.183178046878604
4.854124088052844,-6.849838361098503,-9.007300395798174,6.198173591492114,2.7772671258865245,2.487111263212943,7.573034752500395,-9.505043188988994,-3.5169241464339827,-6.454540886535083
-10.676721349756797,11.95870000259557,8.399778757935579,-5.784736299762581,-6.106127549440639,-6.962756205878512,-3.4828024266089055,-0.2220532680777142,-3.39345339145607,-5.496972982550212
-2.288509058003084,-6.05467792777831,6.683820766089004,-3.620884854773606,-7.000814889498146,0.7730379414414295,-6.663831306616714,7.221645093212711,-6.752132386442443,10.388674409396856
-8.575936255856375,-0.39450597197108295,-8.317536426374161,8.185100507320554,-6.218878946098681,3.107124618515287,-4.61870680050762,1.5095583199821017,1.5401376811901817,-6.616667834755087
-8.674232949859917,8.41115086430357,8.26472530613075,-6.718111086620861,-6.150676257188019,-6.342262092839061,-4.089028961123832,1.833720770940364,-2.0662101473236456,-5.52502245175109
-7.808549003766678,3.524606207600648,3.614233770931799,1.5885732170551226,5.306429785202941,-0.5580343935427627,1.3598466237330658,-1.535974255706451,-9.49073057889293,-6.942297737542597
-3.5464437773792064,8.823947450114714,3.7642605828433444,0.5903699529763959,-5.953449643619629,-4.970692952805816,-10.236895330455152,7.886492152189274,1.3716576657423487,3.6743261721562126
0.4822676115279807,-7.034658038885512,-9.18741423163306,8.099310267727365,8.608903704766224,6.181782685551616,-4.627887520212406,-7.975860698207482,3.304191994125803,-1.0292999698213172
-9.858676810845122,9.370812722836142,8.60196001428101,-5.0662611543358,-4.827439474148459,-5.734372097036595,-4.626458367758725,0.6122528487946086,-1.124875980893452,-5.114572765809843
8.655144332750377,5.48184237789435,9.212318433415136,6.44291310983468,1.8050488468554935,7.611552345871061,-7.216308797893468,-6.630051153773806,-8.767233889808253,-4.193413677670289
-9.864205835524125,8.173794836192615,7.215393803090092,-6.401686986453615,-8.51994603286302,-6.7031671736017175,-2.9340054252388925,0.10819918604480988,0.3768853579658351,-3.746449247490644
-3.849269694176685,9.446502818957576,3.9584986011585275,2.940995707965936,-5.885844976620831,-5.506195208064497,-9.690714522710113,7.798888526190713,2.6547544515064763,3.687273380816944
-8.554877710348583,0.09814580068642795,-8.929039192318305,7.786271978273082,-4.359605098555696,4.482139987513646,-4.187547565977687,0.3469361231849106,0.11362029101164839,-8.089899899300251
6.732079000289873,2.3304628117172177,-3.35096866359001,-6.864785050668023,-3.735614403753995,-2.157919360344948,6.006234554057901,1.4321807052529096,7.453065650272679,0.8604718130728362
-3.045161068166798,9.822343926479467,5.007166149629442,3.8113533607358545,-7.103093173523122,-7.229426389394144,-8.857747362523742,7.020343132664427,2.8222421368062256,2.545140947484321
7.985739891705499,7.044492212063065,8.111834284891888,5.6657793554055775,1.5970812032124453,7.312753642434781,-9.115117586254422,-5.37000027026461,-9.543611840574457,-4.645989985952598
6.772169813853286,1.2764119343870641,-4.256477026407853,-9.022586079074818,-2.6360531149460087,-4.0716437521171605,5.402091385816847,1.4298705033655883,4.545357171643187,-0.6888765940834877
9.674752101800085,4.29354517823374,9.419697555402706,7.806122907877682,2.063120672752143,9.137813871068538,-9.156673725302545,-5.711094308266139,-8.827833169226574,-3.678174217377506
-1.93212549587221,8.811240742155329,5.01102470959941,1.3691844972249114,-6.79303740367837,-7.0357868286680265,-7.670545694976203,7.5779437587999166,2.359902896939378,3.7495745897984416
11.702151830021544,4.362495327856394,8.199143521359915,9.206691396186857,2.3731492088307693,7.967561700838125,-9.461516885055444,-7.047032860542123,-10.001950340865706,-3.486361586885163
10.297908424496773,4.908464196683434,8.630892166915169,8.659379650227459,1.7999149482637908,8.64163130497039,-7.6949348113519145,-6.511019143577311,-9.261771281718923,-3.251437982413701
6.231700749503421,-7.224282970999606,-9.995490564215398,7.775018942945047,4.637345497864766,6.694519628790553,5.311140799626096,-9.174265911690757,-3.9117945958016613,-7.658974153697961
-9.307079621865347,10.887796452687535,5.378490769683349,-4.598524019717757,-3.996086291830866,-6.7096746904538005,-5.206097360302469,0.08815426627138612,-1.3470946597863045,-3.6116293210322468
-9.711446549436218,10.000777311218227,6.203202512978441,-3.6993990963478813,-7.176046425979973,-4.226612373473012,-3.880267193719837,-0.8803822569239854,0.006979723330915899,-4.049515807644203
7.960751566669463,7.037023481420577,6.04856177045461,10.047571381405472,1.6706940626648261,8.247916963810834,-8.29016619793525,-5.695137318776915,-9.095717423056083,-3.62678857357198
-2.588992363238311,-4.1812722724249705,6.647380182181569,-1.818023725203499,-3.9976388930889057,-0.10192833523704714,-7.659062214434283,6.064235899307072,-7.170572049890542,9.26421310172804
-8.233855827461115,0.07411378370242594,-9.780749506955685,7.3927034620734045,-5.307683762297248,4.682455358448266,-3.902397169689353,-0.9267146091984957,-0.5775409512225713,-4.09610595743499
2.2066368113551342,-5.924754436529807,-10.938290806858635,10.522044232037901,7.108158610610863,5.08878514542473,-4.134485413182731,-7.373944828782479,0.6893936394435212,-1.2250744491498076
-9.486586905612182,10.896208813544314,6.336016342956913,-4.72229844806757,-6.651563454209266,-5.90088684492043,-4.028717705599697,0.43927644999194637,-1.7384861446198951,-2.830563164858467
-6.777222303579485,4.293464183928846,5.38523335546595,1.4400355709373458,5.676396364988457,0.5224526618095527,0.3592283160602081,-3.3542731080012747,-8.803211950869217,-7.264624833720556
5.660425727877571,-7.251837332548083,-10.723640289520588,5.796216360163264,5.657752331683318,5.888168026922074,6.29965569627611,-8.485821215101327,-2.642626479743204,-6.41613964766605
1.3974495224069177,-7.886193502252772,-4.72903557549407,-1.8574389673171519,-2.0598014888081604,5.080905327900954,-7.795536747334247,1.2918065916846055,3.11932147667199,-9.398065176463831
9.331294630300434,6.044835441323936,7.078774802271794,8.101452397245495,0.5805629263388066,7.474861422854756,-7.497260147931696,-6.279458990066115,-8.397839747073434,-3.7141699883358426
-2.09208391862825,-4.166123607225782,6.432461017979026,-3.2546178939636197,-3.1139146234232555,0.7631895726178299,-8.39672691842307,4.94425052814527,-8.261922801271082,12.740391216922033
1.883267163305276,-7.124783011164269,-2.747672605244727,-2.6535442819088955,-2.573618108634588,6.070838615709469,-6.7028179358852,1.1499599255667785,2.5444810930670956,-7.599591397433523
-2.4306205933336003,6.88555203378351,5.0980469510168,0.9934484592239252,-8.032959594357015,-8.567453940386656,-10.6322202545039,5.968075412386414,1.3132792772336852,6.114710693447477
3.233446320090599,-5.352531910309497,-4.217387778323618,-3.6836446307157673,-1.0173967166048166,3.4767577029030465,-6.0444110578546475,1.1056559075852284,1.8125337328673357,-9.355131300289013
2.033708003964228,-8.614553840763914,-7.745373189631893,8.385544415083286,9.658806482545968,6.236340822965884,-2.3693296320943085,-8.17192470586983,3.6695469401571894,0.3816652652706569
-2.4901980424389722,-3.5421722840283376,6.62612626871877,-4.034263312943259,-4.302216309385996,-0.8790515497181892,-6.552598439630572,5.734831598627704,-8.591019625950015,10.164924202521489
-1.9170488813706872,-4.290687699731266,6.9271918370382695,-2.3972754474378526,-4.49546102377885,1.4858104285569556,-7.8411976964797825,6.694947266026324,-7.652001778570595,10.436875326577326
-9.58633326932814,10.931070398876198,5.303838332077767,-6.614267458600052,-4.9863197193534265,-5.311873296029233,-4.278286787626324,1.349530633765477,-1.0198837846656519,-2.6751425870381733
-1.2422864738661274,8.306616662579541,5.08369826437433,2.7478037373700688,-7.806557662729353,-6.939634949337747,-12.079595096705082,6.2991352741644135,1.7697320834710153,2.9136683739560594
2.170926786853114,-5.849439160548883,-8.90115847568203,8.040653068600532,9.013656664119345,7.582787098788481,-2.222660271199403,-10.066483893814597,4.775688439434615,-0.9468024091726168
1.9966594187591786,-6.442279092291051,-4.351691692335304,-2.6388925846909217,-1.3521236972134778,5.521874088954039,-4.665194287283126,0.37710991561146884,1.9835738857931677,-10.518209524858003
-7.063070685601192,2.5272512744069253,4.519889815097216,0.7787577429011734,5.407392447983427,0.5030468386432846,-0.6154953993169188,-1.528587112937353,-7.792350881259907,-7.813111057835969
-2.9841429342137062,8.360956895624609,6.405333076509198,2.3781513949016877,-8.140511145486315,-5.96224764622117,-6.716171559623377,8.35598817604985,0.5029302689101622,3.6772174830546573
-1.5363810462293674,-5.282860729976389,6.721975194051281,-3.179972553560932,-4.827102521744328,0.7361921733033262,-7.222367840064155,7.2200186747160195,-6.988775269712005,10.388453834451933
-3.282986822156323,7.769631424886905,2.861158587323823,3.4692139954299153,-6.2252615347972124,-6.9356942641864014,-8.55835913031619,6.198033868200326,4.468052214481002,4.290672737896136
-7.199714240963951,-0.4966847501741642,-10.119317637433214,7.85298433329323,-7.265928938918131,2.6590714636877024,-4.470073047695985,0.9584628704923565,0.7759754503547069,-5.664042015810577
4.576309629832659,-6.668639748638679,-7.5825373915122025,9.941448622239774,7.834526947103498,6.478426239335155,-3.760977144327361,-7.716598932031887,2.9305480504520776,-2.313869637120132
-3.897066173508552,9.778146479831744,4.586772034531191,1.4221878804024826,-6.711611850618741,-5.934898058664463,-8.337496165631798,6.445049114156643,2.764759148456796,3.523864013844945
-9.436902723459173,9.10551158426461,6.030692367324808,-4.854706081882912,-7.189333429096036,-4.485513882332076,-1.9817953930948884,0.7518794313065449,-1.3726147152343302,-3.144757387797602
-8.287452827909968,-1.188865325819392,-8.45796201611727,9.089121189860613,-5.0323479668737106,4.016583271606318,-6.730989008097121,1.7289150742654524,0.7772607815884143,-6.16113432868997
2.115320640663964,-7.546326523625927,-3.9373489453554935,-4.106327057091606,1.050669680962002,5.600751766372674,-6.152368789804996,-0.6807074418606898,1.872237759690111,-7.684031855326765
-1.533380903708041,9.932740572140736,3.394161459781717,2.0281037949405807,-7.589207045900443,-8.138614503951281,-9.055344807060381,7.015040127042884,4.4490167212096985,4.594411381281605
-3.9354462174682725,-4.145375687245788,5.576886633900842,-2.4236110637638077,-2.474046297048093,0.6769523288217484,-6.098244301468261,4.815452297228418,-10.028406272742265,11.755109204406017
-7.058522387728332,4.41212562084126,4.012979256560595,-0.8970068207909776,4.3631851312294305,0.6396783912945474,1.1957664635462524,-0.46450211330879143,-8.65367750217132,-6.755025915756097
9.137906479542004,4.956105785367833,10.500827487530152,7.701763639438368,1.8922308526644427,10.13144192690267,-8.58373477198982,-6.734370360961962,-8.279945997652153,-4.2052495391138285
-6.860727754193107,4.345842855396938,4.521968669491232,1.5804893708242138,4.823577735044825,0.31368973476726014,-2.8106446923761874,-1.849993584823221,-9.505966155719278,-8.796599835996824
9.930559379460401,5.623954176444526,8.22699611740685,8.491388029785233,1.7674622864947214,7.248400993117185,-7.193905603960211,-5.726834732350605,-9.214744527484978,-5.064445589569438
2.6559695058203765,-10.244112149104431,-3.857312155132473,-4.328402494296249,-0.23228015252345513,7.178016595430788,-6.9327634694213565,0.022908045929525778,1.2489356721878528,-7.835559969843244
10.16066444718969,4.842931796487852,8.551972640553332,7.894869691419375,3.272345689938226,8.840267466907427,-7.704236157673808,-6.247997686734595,-8.302789154949155,-3.1910706373034396
1.4657884777701091,-7.713032436997182,-5.202802000173549,-2.881681091497038,-1.2856162074660515,7.554300370296007,-7.172498542513267,0.3873792850208198,2.0961376591426744,-10.141312294251883
-7.467114021031452,-1.9068846795049577,-7.779696487086356,6.827341544686861,-5.339220030397036,4.588825590843598,-4.000301404292767,-0.7960372627440839,1.6472788191521284,-5.612378427338274
-9.862039366250713,9.383926690290497,6.7984507735272235,-5.655390611726554,-5.9274948806354075,-5.488070293289587,-3.5225210251582775,0.9487141561539757,-2.943322793904163,-4.125189496873481
-6.613975225210286,0.058178160851751065,-10.034563201545836,8.627462154391287,-4.337415660340798,3.9243900774299503,-2.900375208209541,-0.9608041483650054,0.42427634149985083,-8.201532235177279
-8.159170760056591,5.507598615721037,4.814306762517521,0.2429356072547556,4.522366011557305,1.1072608735475633,1.0749023603671675,-0.38834357426078925,-8.866526631484028,-7.653324167277376
10.159064716517648,6.335827837643199,8.209474154065774,6.978968623143644,0.872257255254772,7.9101314570021195,-8.02752836310566,-4.720230741110283,-7.990115883779123,-5.108810329003376
-3.4310574361780635,8.010328756116824,4.847146165627045,2.0425140209769825,-7.6013647444885235,-6.703288721136548,-9.385007841223276,7.05186780517265,3.6957523251627125,5.501912607711256
-7.442485189007463,7.8532611210864856,4.666888330269723,-7.252398988392175,-5.465141087511002,-5.207133082945511,-4.4277439377877545,1.178341036645826,0.02915570035430437,-2.388070781609336
-8.166947373903785,4.226141798581528,3.9048833635299474,-0.17130289767464357,5.976883597097833,0.6412643435756632,0.06193245781411422,-1.4215435051212701,-9.941330660533824,-6.744945727014211
4.573437020404244,-5.450087941864493,-10.484625144979482,4.996079982381733,3.729203241727795,6.674518333237801,5.329796154535884,-7.873240296985961,-2.66188161919047,-9.087816845663868
6.66375566945794,2.348738372662005,-3.4749811098002006,-8.487611765968882,-3.012910783330751,-1.8639638918704835,6.434817788430906,4.417720195984058,8.41333596378843,-0.8979239873084321
7.08515663777404,4.046910569691478,-2.9061017209454367,-9.116147098924765,-4.414762876683971,-3.2145079809719714,5.758077603964047,2.8895575384718413,7.609834517268698,-1.250985185605709
10.213100878391446,5.507518722155883,10.000230851197188,7.681477744736967,0.9777206409256513,8.427122458421334,-8.124177680702042,-6.162372818893505,-7.814798660906979,-2.688091404010674
2.8554651101917248,-7.937576711682281,-3.5189229885674242,-2.460037012934381,-1.4749250047512013,6.232154043194832,-5.459934631144167,1.4422083740821903,2.814438389650146,-8.579717724873761
-7.188319171152248,4.665968994713222,5.033182678883035,0.8409681489681389,5.160691757904956,0.8750599520300788,-0.8939538785422803,-1.3858524301591122,-11.157948838029464,-7.46919631123961
-8.3306970015073,8.864744597463986,5.622227333124257,-6.211354776276196,-6.4586487789353075,-6.720389709702805,-4.131156562382359,0.8290937823209477,-1.5322789969540846,-4.241529589991169
10.82165374208085,5.433471847489458,7.971312094083652,8.161661013934387,2.9871250211780707,6.884779899717572,-7.5285611096746,-6.092521250274185,-8.518410139222906,-3.482418027395733
2.2904421669266117,-6.582019817125458,-4.837882595620817,-2.3804976779704536,0.4509339283112439,5.114095816373382,-6.8679677862970925,0.38217770729592937,1.6216291735168502,-8.421844024529625
-7.4747783723039705,2.8277080532613437,4.718957309671953,0.06834906543530983,5.9823515036880055,0.9603727640893909,-1.0893247188389172,-1.573675686537106,-8.338866574029833,-9.401274234471575
-11.892522050027917,9.037187819987317,9.351880380413519,-5.983879453074185,-5.26028308380433,-4.889967400978723,-3.6961912249532705,-0.346692999223395,-3.7964119589405736,-3.491253987430207
-10.841816126455713,9.183242205160935,7.03460278419013,-5.050557787935171,-6.12262389865758,-6.9976032678248705,-3.5461387029840785,0.619414327495608,-0.425043459221669,-3.3984804931076447
-7.331814035166708,-1.143319756232934,-8.03524651863258,7.740731301674233,-3.8069786981907607,3.3653584134511205,-2.1321936458027224,-0.6400186649653079,-0.15055321464485694,-7.208606480493767
-8.555534317649759,0.16837419874338555,-8.61618726428774,9.731205387959903,-2.8765093881979,3.320305484061402,-2.6271395285246464,-2.2688075098153306,2.4864884962423073,-7.028794551210263
-7.805918670692836,0.35582536800888004,-8.680221254835773,7.634934130296157,-6.317151543905687,4.282244441679041,-4.885723748788993,0.6725446286000936,0.8022246881349107,-6.140466984285384
-1.15958861856877,-4.715902337310054,7.820338420018668,-3.7543339200212604,-5.327047926624603,1.2826938533005108,-7.550283045809927,6.305572179699765,-6.516005006560093,10.131233805514322
1.002056918412903,-7.408469971227891,-7.995474617583238,9.972121026284297,9.330495962973362,8.643260763265324,-3.083572253076948,-8.290038789505221,2.8689544821437933,-2.1718344298470145
2.41475594023783,-8.004781971104967,-4.868426939842205,-2.0776319482123973,0.42009297533414336,5.985437248611323,-5.317811612278036,0.8944264916089376,3.267355790598371,-11.020581918326078
7.808734478076419,4.735694860440249,9.079693854519919,6.692395932630364,1.297689170560517,6.225917123347771,-7.624343309560072,-6.768177944959374,-10.194735471930393,-4.788416110693288
1.4187882633403959,-7.14625203857894,-8.293613970965275,7.8391300113322835,8.04830335972883,6.416172469739563,-3.9346244690219714,-7.87786497506293,4.012299766964558,-1.1395745714009917
-10.643949603882547,9.04451128367288,5.416421576844435,-4.800755815898308,-4.674311722206308,-4.661987021526684,-2.691206387663241,0.2975081648487916,-1.7263406046475316,-5.846586968533226
-6.7288733391767135,4.638029135934682,4.812799645785832,3.193691051708343,6.70444196295572,0.9193739122325779,-0.2695488031255683,-0.4168320126617431,-9.150909311022188,-8.564436355198872
-9.645098709970227,8.507761290297225,6.084562963289416,-6.345920609391584,-5.708267027344227,-6.074912357345493,-5.238804711651424,0.05922716355432428,-0.4835520737062645,-3.823754841065102
-8.60357866275975,3.943218444563011,5.864313201401015,1.3233186943863904,6.43939289818978,1.5295229023857504,1.3412287577878628,-3.039143074743026,-9.775395500885892,-6.965175808862336
-8.12067342152944,4.250082771101329,4.883417529361234,2.667316807648681,6.227558616025954,0.6820238569907745,0.6885737861129338,-2.275685444388363,-8.795509911447981,-9.940354045428048
8.735866610548396,5.916488205706207,8.991874047348034,8.205870507273193,2.309407642137482,9.633148638246867,-8.23872285134871,-5.071973317782485,-8.578868863810072,-2.363759848099627
2.92294835088551,-7.472356356342019,-4.592817861680374,-2.7056376192786002,-0.8382926163290327,6.598449289425833,-5.415433825507584,0.12827948947942985,2.6119595269598452,-8.670254491908432
2.799698854180342,-5.385558561243936,-7.113193572248071,10.033508983533238,8.988568477689405,4.626913893228759,-2.5026690309296935,-6.675861730967346,3.012684376889642,-0.2757610873834129
5.180220632481812,-6.722029953863935,-8.491536366155257,6.067063204541317,4.195678609408518,5.3759935126028795,3.93554609149142,-8.541717018986095,-2.0381375750979203,-7.773947712196318
-9.435784231186334,7.846659622271759,8.863182758565031,-7.1009270167438805,-6.685253359848196,-6.364390838773418,-2.00246700645245,-0.8297171482879828,0.6226045083210661,-3.4182403749371386
-9.576140431801045,9.305322541846833,5.377304295116152,-6.906302118174259,-5.395706186854562,-5.932917645429628,-2.8651060992558186,0.8197868681472755,-1.2181089923484687,-5.901427814705928
6.9531540602192345,2.8117009310345846,-4.221161910753004,-8.365352458108964,-1.3193037850726377,-5.693069319715525,4.091412039952392,3.547903792622078,9.00583814568155,-1.938123865639116
-3.514798998742216,9.374450312144088,4.102233078448285,2.628573513790969,-7.949818754045602,-5.161068980434125,-9.734660415228072,7.5428252526991395,2.8141595452522434,3.590811125720796
-8.094263389615056,5.200345488080396,5.804351898274201,0.7817743883320764,6.57048697115193,-0.5485449287175791,-0.8314707519794706,-1.514971540976348,-8.40727343478988,-7.73940308998547
0.8426437826043949,-6.4338592285824285,-8.442390744445103,9.686740520384971,10.666532520814613,6.072796450272442,-1.8067374267194753,-9.8058447399129,4.104002402704762,-1.9954705173920013
-1.2707290132591278,-4.559236599891208,7.846631821444147,-2.344512771173794,-2.774844574771442,1.6719898561237057,-6.422174670258043,5.923451716445113,-5.499780549907934,9.85043695190488
6.60261741780489,2.893255651504292,-3.855849405212802,-8.604479345108096,-5.158751276604563,-5.259264546370442,4.30558667396549,3.06929098907598,6.616391169956176,-0.029406242374364955
-2.5415873759504244,-4.857019307808963,6.843041350202001,-4.345262585951505,-5.526923790112885,1.9859912598034408,-9.188763724568556,6.6603106839536395,-8.882546807202267,9.897861213673798
-2.217681431022215,-4.4946016665654245,6.849033898744431,-3.0391011314092005,-5.168003465184081,0.9359949358145477,-7.36037332610051,7.068585257188005,-7.358245625494225,8.365658296573324
-2.5631024720584894,8.031982547821007,5.761736692458572,4.293210405957991,-6.683495732127363,-7.784177883011947,-10.387288281689486,7.581498896719884,3.1261775781804335,4.636619302416291
-11.159462465201834,10.479711129539627,6.686394657495257,-4.661412447359831,-6.433721017375604,-8.854187720419274,-4.067122523125285,1.5552724513160272,-2.2548456462413995,-4.5633821649466135
-2.6355220399057444,-5.944213360688672,7.122162975102719,0.48327371941076125,-4.603900790256324,1.3058766176869185,-7.72934835381971,4.762654695084954,-8.074751187204054,9.765927015447538
1.832158138451287,-7.771048279584326,-8.916354339710916,8.636045461446908,10.040130865647953,3.962011782414843,-4.641332562619226,-8.772076024314238,4.871787782651163,-2.31079450260899
-6.681325505351421,-1.328660264087701,-9.061967840050158,7.248485548972559,-6.512992568627069,4.034981924609474,-2.857187383024229,0.8585730597682024,0.7512385462990919,-7.569269544335868
-2.046217820751045,-4.686328268137885,6.682146538662539,-3.181699941744416,-5.671796775808712,2.3962186412095905,-6.022185902174048,5.939950426183913,-8.997300338877928,9.128298103004466
6.353991771031451,-4.58637419283901,-9.484945658811911,4.605975571881817,4.651998558068269,3.099467968962739,4.897044654703123,-8.59718906303393,-3.741747947018854,-6.736574339132933
8.734474531590049,1.6060018406156733,-3.8889670773487635,-8.619707541514165,-5.252833662780182,-5.045227661160856,4.160437866829717,3.5767796117133512,7.932258364574924,-2.6150974562817724
1.671437627078308,-7.61758533871828,-8.19696625122785,7.270848182873616,9.044801228922877,3.614315946680623,-5.24412703989085,-8.923691658319747,4.781384737872422,-0.5088421008037042
8.557584588273018,2.376890101096766,-2.9352613191658232,-8.471272562827133,-3.878354487946568,-3.543158024876295,3.593648938041039,2.7400608936010165,8.397548814920862,-0.25998937861731436
-8.168809742877551,0.018974109626715974,-9.64278276506252,8.849502062915986,-3.8546325899961706,4.298529351651526,-3.2551858074073907,0.647182750231516,1.7286322761164412,-8.26590279714218
2.766357828391259,-5.854016072748838,-4.657259710510366,-2.14074070185338,-1.9086863705637105,8.149288796973957,-5.070144222216183,0.09208232951142653,1.075457646351886,-9.184988298439672
5.85485362554736,-5.799866196701112,-9.081579448916399,5.3340881024482485,4.861893971568771,4.747202029597049,3.6183198960697753,-8.4333852786871,-4.136903230003731,-8.217616482883455
-7.321358718257727,4.058654170891069,5.296767623388757,0.6906334500149324,5.625146612876989,0.4560086648022825,-1.9470773818409541,-1.777727425220288,-9.858196978825024,-5.521102949445712
-8.054730313249445,3.9820589666524633,4.010682560402328,-0.5869984061810052,5.545906980909423,0.0028803401036981147,1.0759923293592955,-0.634141615080539,-9.09925939338997,-7.727503824605412
-8.913834964177067,-1.136841948618507,-8.988835722629945,8.23649819014644,-4.268543916447806,3.184075847869586,-5.072457808856572,0.8958013470498224,-0.07048369200932192,-5.656296587500525
-7.38642302333314,-2.215763165462804,-8.649883257942346,10.314875810077243,-7.424936295428685,2.0147396630575165,-6.614305566863386,0.32605600281538144,1.9245918234769457,-6.197410139693179
-7.074658110310195,0.945666510839847,-8.839221622728227,7.64429225489276,-1.2130503051839923,4.449019357945892,-2.8324361740045276,0.04839619281401203,0.3090397985765536,-6.582749965332398
1.6190212451264974,-6.876223848057823,-8.028800878163947,8.946314808000642,11.221416934868923,6.8617723751852395,-3.278910788199825,-8.09606236593739,4.559415206952743,-1.5195578980096194
10.148567820754492,4.57631899990864,8.768698451126504,7.8426065656168955,1.7509044336044197,8.04816497747702,-9.052226653923281,-7.697279188987174,-7.691649488948888,-3.985116848991962
-3.178270361712667,10.054190815594398,4.034263296491237,3.799179397487668,-6.201701319812001,-7.368021001421649,-6.681019543370507,6.717807992495365,2.7643956068734825,4.460744136327401
-10.752360746489776,9.04020660882655,5.789239302129982,-6.643786597025491,-8.473338896483629,-4.992583213451324,-4.601693893963015,1.6585046878083074,-0.2923073057633929,-5.461416902555655
-8.409111228221827,0.46818892372896104,-10.151215140425288,7.924055487415624,-4.208355970986845,2.5466489670935966,-3.1152419892341787,0.9543545812275844,0.6632549134886494,-5.141127688133669
8.202049512465429,3.3826491338779423,-1.4966111360938708,-7.221802401630457,-4.114320232445236,-2.3870931915396993,4.494483253477849,2.325179660885046,6.9886771050272305,-0.823325435396747
0.577888495379266,-6.5264398508249295,-10.395426294740881,7.678907191014805,10.06923477999762,5.963161704723485,-2.6222376668236014,-9.251372060809777,3.590708164610853,-0.7973655720002137
-7.9350004769054205,10.021284391128981,6.8887105618577325,-5.266907793084255,-7.361941508734706,-4.70865311240327,-1.923784722392341,0.8880421431929736,0.22930394141595345,-4.744565394711695
9.080389447780837,5.331890198067924,10.645914744817746,6.642360374234293,2.5527977724827733,8.990974364020158,-4.875576569795232,-7.157473571848982,-9.721439015292676,-2.6774710989021586
-7.2035654302658,0.734193893520812,-9.407379394294463,9.42469125243129,-2.6255633297383776,3.593801035465943,-3.9993682104897794,1.3783432312181727,1.7762744472434941,-8.821741844407644
-2.475242872499531,-4.371739074754171,5.684034867268335,-4.04315229179782,-4.3661787289038285,1.4243133183660457,-9.127327270566324,5.544836124276754,-6.666865018516193,10.2169662836803
-7.1972358000627095,4.222474992633966,4.72111298480519,1.7951647371730268,4.986531063096785,-0.3524558124381628,-0.7218391379460791,-0.3066192985570393,-7.939021717218341,-7.630278238708753
2.836636522261343,-8.070630113464473,-4.761787879423048,-4.759832379835682,-1.17272349603545,4.615681680146653,-5.927321428143162,-0.6664192784702321,1.952833622790066,-9.215677506342388
-2.30743832066059,-3.6279004640497483,6.9503359319959594,-2.034724078088492,-4.931944721406975,-0.1601032309933661,-6.814387181451385,5.556211596041535,-8.478663254554613,10.055013672274436
3.310945466935175,-6.144120754139884,-9.631527528741115,10.836513380647181,9.572119484577664,6.186743154314713,-4.763257286438202,-6.867019452264584,4.201935957604444,-0.5677119449127321
8.171318902214953,4.6415485891512756,8.245501739507924,9.141241535576826,1.387059176729043,7.165944450184112,-8.09867253646494,-6.051162090939421,-9.587507233799437,-3.6546168505808394
7.7789521862399935,5.839897928725499,6.86552423442083,7.927626526790237,0.1588437521892414,8.487989590948622,-8.236268963549358,-5.676997783938555,-8.233168504987647,-2.4458049624837748
-3.586041192009324,-3.2919418198055874,6.077932717552544,-3.460837971992971,-4.980432198957925,1.6624980691555526,-7.448583198652533,5.3803879707430875,-8.932946283848121,7.943047073094469
-2.461215135076019,-3.5571434261398625,6.3955649365251475,-1.2567419598381906,-5.138944678342696,0.07300819740417774,-8.085312280589093,5.805093158390813,-8.506483065038266,8.412102822437532
10.166965566951475,5.170836414731516,6.299227092982962,8.362164513831729,4.091125652741806,8.061223292406204,-9.701313341718214,-5.402929766884617,-7.351621957605236,-2.964019815019477
-7.0009324203248315,4.740559763349932,4.963238067384988,0.9585052456856795,3.6480915552566704,-0.900144376939565,1.010236421941184,-2.1239943123110456,-7.868141060261657,-6.636605935769486
7.042614258700427,1.4759804315126326,-2.6782831447188635,-9.107001252537506,-1.064584628566339,-3.2433636254033,5.30199255455911,2.1228243308920565,9.008855274358256,-0.5826505531918718
-2.3182810989090394,8.97795552015598,4.786814134614789,1.4510381139207396,-3.8027668209707666,-5.519993693095634,-10.082870256720733,7.556391002925602,1.414294091926852,3.146971829213495
-0.9048114049602995,-7.264219120581293,7.012713529012746,-2.1403284876848594,-6.089751172136827,1.1357417491815534,-7.975221480864386,6.4407458966720315,-8.603986422815336,8.791410562840053
7.300328581287719,1.858797794445147,-4.094911996206793,-9.037239718122539,-1.819044178141803,-4.404009130257294,4.1099178867598365,2.779995896423792,6.281101191564231,-0.1237532736219547
2.906925932352412,-8.15410780230705,-5.1467663168069056,-3.589401827489713,-0.9899547180447918,5.493363623669398,-6.9566998189026,0.5542924623354767,4.110860185576168,-9.575707207435196
10.289439602915794,6.530818778691763,9.02933776365143,8.637628674043215,3.002878318875675,7.75330783666302,-9.629111393278425,-6.09404613781989,-9.672655407686449,-3.1047719045337177
-8.205552600801841,-1.1684214346206738,-9.50577532686322,8.08176141731744,-4.47825342404726,2.4739023975494616,-3.0193836046895774,0.6666884785561158,0.593810430149729,-7.014951544907482
6.113084628944278,-7.127396129247564,-9.938783164876144,4.860783266713642,3.271130821450273,3.4692566368570206,4.798376478529395,-8.35515307510673,-3.2755973782800605,-8.170480564787384
1.4339733137285302,-8.13217583413659,-2.571427856194878,-1.7168250739478552,1.0649837717182826,5.758972563017972,-5.718604735586806,0.017497202616944374,1.5612091741258407,-10.112878678077413
-1.3966205145669468,-5.380292110548353,6.926369019593313,-2.0606191247079613,-5.556628855157459,1.3480710079703213,-5.836026544299626,5.186466963455649,-9.228305693989093,10.898211237357685
-2.5441861135497117,10.785086763833831,4.012911778440334,3.7856182419376605,-6.171875255695794,-7.442576369170214,-8.205920017580489,8.296077365125432,2.644110197081372,2.5912268360304527
-11.426828737356022,10.296314367362234,6.28106828943738,-5.050684472500621,-7.6959490037525535,-5.160742170225177,-5.380129886914134,-0.1733262782084204,-2.35919425492672,-5.92970204886166
6.882691280534645,2.470701368207085,-4.149297328310139,-9.22188123492332,-4.130044477933945,-4.400530366863634,4.529176147442348,3.081978392270941,8.172205108631566,-1.3641727847624256
2.4091168168138486,-7.798484351265941,-4.144292724729142,-3.8412540262254327,-1.669224306932233,5.4212071859353435,-6.950229788262882,-0.2203285024729439,1.684365400485334,-8.668729400935668
-4.023237452087252,-2.9373898637468008,5.629926289394825,-2.4771466392383026,-3.4283335376914663,1.933539985215964,-8.981572312284593,6.161156871153733,-8.457965515521975,11.176766919736858
2.196853159911211,-7.712114747140367,-3.0506452584835655,-3.922979160020967,-1.3010962110917146,6.7312379766398065,-5.691001415912552,0.23682984061947523,2.0992949203909963,-8.891577574551203
-9.645707577870745,9.347396254620353,6.809502756361552,-5.090954804274857,-7.402611824225727,-4.64436174769453,-3.6700408564366276,1.221922679046561,-1.9892490269133276,-2.8890350590436276
-8.961235926532535,-0.4871021129940538,-8.20192240194751,8.316369913144758,-6.377437297512111,2.1257180476596993,-2.5126270773595007,0.8892731756841019,-0.29979453387433486,-8.068742385664052
-2.7881605533845586,8.734525959702488,5.430250732279813,2.3132209785096225,-6.3090141939317395,-5.911924932743085,-9.169636139819334,6.711286180990953,0.9371497083063776,3.3360410259419537
-9.189457953477177,3.0817635681576485,6.786895413187693,-0.042354906639105794,4.630738594692764,-0.018934594425359677,-1.1369663558528011,-2.3215244602021796,-8.814835668750668,-8.280213860290889
-10.542928216034012,9.916415993685298,6.1426637549231,-5.932732361306957,-5.4692678813570526,-7.09823232771275,-4.179701039513968,0.8608886187376728,-3.3026674277779065,-6.560322704989744
4.672947365172979,-5.781080684721962,-8.883395758795466,6.421247363293569,4.37554570960544,5.612147104623775,6.962669708022091,-8.638706140279993,-4.1681282944429565,-8.985195123073451
-3.9586403643470796,-5.095668252662091,6.594519374075817,-2.3237738298303174,-2.5349133008398854,1.6598700519039904,-6.720360299871332,7.315414407361173,-8.812809572947819,11.291666895645202
4.698497376169003,-8.679065469499003,-10.896170919679632,6.866297035391758,4.421110475353601,5.545407361405807,5.770588842751376,-7.783089722734891,-2.0659534081037947,-7.662143639168907
-5.62255554081866,-1.6424643419942733,-7.941621196205527,6.482576706409424,-6.151610642406165,1.573351128607475,-3.515425869760726,-0.7723383871975174,-0.41412591841494506,-6.100143287866079
-7.068749637906694,4.299342002596985,5.975593669064513,-0.7755129481210354,5.936195027430626,-0.6433651151844286,0.4922408687978101,-1.5373496483846059,-8.145001376480426,-9.702667826902653
-7.5622167029431235,0.5150598714652525,-9.134901214554489,9.416953046784194,-4.583397230337302,2.4198551667423636,-4.23305909838,1.0051494942879748,-0.6799626776400924,-7.648791304249504
6.787369237867051,-5.468763734115605,-9.896636787529607,6.322500321488042,4.30942662466863,4.721797581908331,5.36470561623836,-8.49376408584934,-1.2756726886740832,-7.210345595150873
-6.821912687428883,-0.6839130726303034,-10.37029129498615,7.642468274604049,-2.8707436200229384,3.5321416009069937,-1.6393366506853955,0.2811620799687798,0.6753919163726714,-6.3769674261335325
-2.1674416472755906,10.890456967414208,5.5903026744141515,1.3962660282783288,-7.778041862499628,-6.3881904217694405,-10.158560963656653,9.154981681353057,3.2017403555854624,3.692275903816204
0.2436750383399635,-6.791291902553328,-10.156140838715366,8.816282847033849,9.347409909585643,7.286488371665171,-5.415309751296524,-7.1381125542265496,3.7827409805229313,-0.16810097159837856
2.047768975677391,-7.108543245172318,-9.58995358224784,9.634516573576146,10.670997827921791,7.231382684196681,-3.3015749167741175,-9.522170466255261,3.332986287399366,0.7503541036817021
8.66621723837227,4.70918339812369,6.969128692365889,8.23230100240425,2.220082990921852,9.214797587748187,-8.015231671820214,-4.054146774423128,-8.91942658511173,-2.501566670396592
8.58402528454657,2.3757322302366783,-3.7347086602857855,-9.465888726201067,-3.357818140831722,-4.008471591100567,4.923918055610771,2.9288731671178745,7.316866832838853,-1.9512857243282105
2.562309570301934,-6.030859628379933,-3.3659670249397533,-2.957558690773599,-2.0567800029935572,6.136369630380247,-4.895771184418164,1.0398737420761759,2.9327689020981373,-9.282881276798287
-6.953722382868584,-0.25487803244281426,-10.202424150917976,7.473489631332775,-4.388349293223722,4.189455565601479,-4.252546711166566,0.945801757225228,2.5159597444430757,-7.561781445859712
7.552452385863321,-4.258141716604626,-8.47341527598621,8.10428753659394,5.55644952623021,4.557766026709574,5.300497328679726,-8.283706714797612,-3.0413703478299605,-8.722664190929857
-7.239515306823041,2.1329388923473287,8.080092238057796,0.8305471077579247,4.58083174951206,-1.2904555722074256,0.8164100680800799,-1.15832526777154,-10.62424725148453,-9.214113086170553
1.108716324181807,-5.937639456110404,-5.717277854425581,-0.5554389897552126,-1.2898607461427638,5.8491362246871645,-7.898557929318476,0.22255270180292402,2.0767735549590416,-9.15715384969954
-8.981367505697314,7.556277964308343,7.953687579327765,-5.618041545091808,-6.415455426758766,-6.050561455441747,-4.260138302766313,0.7221574930337026,-1.9529756935007776,-2.9011449373047915
-3.1381309581071086,-4.173892556566872,6.076984096004748,-2.5111369581362246,-6.294581915845921,1.190342826134864,-6.434608597708508,6.663470474444543,-8.705707551755278,10.653057047434723
2.1270260697193137,-7.331088785147678,-7.010145947991733,8.392265724146698,8.214997297912577,6.675879632291237,-4.56817198454017,-8.826013921124554,4.194161913067544,-2.237417433097539
4.168993770864253,-7.777118643631517,-7.507732945113668,10.048568342979149,10.16695800066497,7.459694813061852,-3.6271496505739678,-8.629487215471588,4.779233821463705,-0.06410791349507816
6.951520850022842,-7.186018627021267,-11.188520022127054,3.4605430382829265,4.611002816779141,2.937077933905067,4.908487447361939,-7.681238577844978,-2.6386325194216522,-8.306316070109666
-7.154273105513258,1.3638259634002037,-9.303448030550172,6.428186411706064,-5.062569910375633,1.8640666148638565,-4.972574364633785,0.9819194819627116,1.128386492460013,-5.715345294054128
10.836296538650899,5.001289151656755,6.897622006777509,7.667662799665265,-0.022572391338704367,7.382499053525462,-8.817178365254195,-5.930673840692404,-8.07129189518236,-2.7992574413629483
3.256210939522054,-6.5450154439349335,-9.415162653907736,9.169072999178278,10.254870679059023,7.192298752189187,-4.337400743607182,-7.731184823744932,2.3758822257571817,-0.212000022202122
-8.112881787655216,0.2167621932319676,-9.533357805609754,8.366968979773112,-3.8235973246171095,2.5410867774372203,-3.1690830973012964,0.43457060344158904,2.955399186446348,-6.519211217952968
-1.6355624803342865,-6.4267521093562605,5.387978765386508,-0.8005443142772628,-4.567663352354851,1.829547722663357,-6.054713576215072,6.437876429076063,-7.491745775215305,7.624850373845628
-8.130405319541618,-1.379158420384963,-9.022485550781598,7.196233003005192,-4.963344718864996,5.015417541206085,-3.114588708636396,-0.9677722388254804,-0.34064598414670955,-6.1510917967457
7.620269876122914,1.572260226345744,-4.053915560421999,-8.14680070540673,-6.2919922094740635,-3.621806723834719,3.937061007579189,1.9942085155447393,7.287061725998322,-2.0351018681777826
-6.432511666325789,-1.5831802676798281,-9.493380454426907,7.121890068492604,-4.393870756322627,2.892094754724088,-3.895917545091906,-0.009695383722258033,1.6543690196338616,-6.073877928891321
-5.806811299188385,-0.03779119440495871,-10.328903953716747,9.661541698608563,-6.320495859394106,-0.24459953540896517,-2.996391720174207,1.3120613945808475,1.348218528810284,-7.605366973481509
-10.091879732991668,9.247583028609952,5.882731985397765,-6.881280341242171,-6.053605876477353,-7.605495351527923,-4.329782041381109,-0.5000453272544801,-0.8114164408674255,-2.373987096772673
-8.578035527247936,9.353835587728325,8.027320171462243,-6.424729993415022,-6.418279016196813,-7.254322787775277,-3.9077924593856785,-0.9834183043540417,-1.848733048112648,-5.611671060967279
-7.223019583985305,5.148619147281439,4.609396859082114,1.7612755607166894,4.820815557547624,-2.0178095010444963,0.9120212198249642,0.625203380590694,-10.687513822167224,-7.662791624762126
7.164707689695734,1.9088298451513426,-1.8908108574636386,-11.085016308548935,-3.2691830413325134,-3.5167160030452864,4.4085113443784865,2.421826987997324,7.6883998473836925,-0.07715522604524305
6.69795597872488,3.3259085645045463,-2.8988609655120454,-7.806419673473785,-4.0188549991307125,-4.892377374879461,5.098771555452529,3.0039683320462442,8.023263738686996,-1.9374451380698061
1.6074636625837921,-8.442711851128077,-3.7282958488626314,-4.1288096274726,-0.27486729946905875,6.331597924760522,-7.667728762016728,1.834507374600572,2.3619006716560715,-8.321293724155176
-8.434807264302407,10.560770711427725,7.084399135000799,-5.58673251385733,-8.759582944188404,-7.010890149394456,-4.39572955401172,-1.3797634314027758,-2.518515417373119,-6.1562536669617955
-5.802742021429104,0.3914050359214132,-10.264158425371885,8.966630516177078,-5.377445375716597,3.550861786630909,-3.5598177620026963,2.1455285597035108,2.7491314969521055,-6.900176262762964
-2.945917359093346,8.9481535135725,6.739600625394617,1.7261439831947354,-7.2379673431724925,-7.527651398911106,-8.094135785136073,7.1422987422806,1.3729271965427496,5.482755588193921
5.4720569930722665,-6.700191011450226,-9.986066208342368,5.78310064501045,3.2488328351894773,4.325798588366639,5.493833246105036,-8.68516134786706,-3.096059010243388,-7.456622926531806
2.1057115096036045,-5.586937711982576,-8.335127706001797,9.323745155977468,9.866895137517709,6.977001251417,-4.236555443119827,-7.011758589346085,2.6001899066643537,-1.2022806985340977
5.691087824151322,-4.382500099017482,-9.169544001800444,6.2279445178588215,5.181230745796702,5.74145130668812,4.7652481723367766,-7.5560775791539525,-3.0529465918129572,-7.786096717082908
10.069220382191538,6.996852418671454,9.606238550666436,8.29475988697946,1.4944267300505785,7.791596646028322,-10.47828082502493,-6.043336071349781,-9.497694670518333,-4.1914277934166195
-3.448660865038733,10.133531045762417,4.345423078640067,3.425925229066915,-5.350879340610362,-6.9611555579976905,-9.84677648918336,5.2376250377653655,0.5502631618373841,2.787616731022249
3.0632035104881057,-6.888470127367577,-3.758394227505293,-3.0427855999634104,-1.1579505627162021,5.332588124252605,-6.087717540968275,1.1200222036370677,2.1843667897461962,-8.57087891597918
-2.255457961558177,9.481979299963754,5.7256651611674485,2.0711528374116273,-6.571576651647168,-7.271758160697738,-8.569200815390904,6.980330640001292,2.6438721247202266,3.791841219877275
6.175213186062685,-6.907986593901594,-9.24098055876031,6.13397908268679,3.676245892484074,4.213387595169736,5.915840350966792,-7.744965648973802,-3.197099586835405,-7.338308981074077
8.314548561327744,0.33806769192590114,-3.2127519611461413,-9.576390872996138,-1.7967748856862993,-3.473647120980891,2.4687907564042266,3.297970503622884,6.651678140482085,0.42918756432548844
-8.951402035080966,8.923071764795283,6.115859096582482,-5.113314829282393,-5.648264071966755,-6.725260927754197,-5.5023432104877,0.2878125366365127,-0.7375738283318265,-2.3700003496193807
-7.992698031674229,2.7814185179504927,7.010736956124576,1.4944548225904961,5.601292788774357,0.07975946041160722,2.5448060528029055,-1.1496791233928971,-9.684150307163392,-6.043059920641897
-9.502715410139425,9.119824075631993,7.421700654552159,-4.970057898657466,-6.028446303945816,-5.7671206970236755,-4.127244810729671,1.037331639553806,-1.6989774026314919,-4.17318557387676
2.794005776788093,-8.023145639127986,-4.930746874233767,-2.4491636796802605,-1.5730987259073317,6.138412190537611,-8.167436959599527,-0.20285578813436012,3.645044842667341,-8.63150591760428
0.41957245915245145,-7.088496269310055,-8.412104297475059,10.302974348194056,9.370263424650783,5.921393354753231,-3.3281433685477824,-8.917456540340256,3.824075689589544,-2.3963963831633333
6.88941367104909,3.392677813587357,-3.5987875946813244,-8.26790035881062,-3.7755386151748995,-3.637185647508979,3.9383370030485976,3.5909750584181963,6.489986967784099,-0.7893585811708849
6.887349531266653,4.248265619504265,-3.3559085452468356,-8.942838155041223,-4.715699598913762,-2.9743726127091423,4.079405122190309,2.5221455346606936,7.385900346541319,0.16416067782486565
-3.3241239811325762,-3.8150326049741867,6.269810624163234,-1.1629125156262876,-4.82254605132492,1.5644320178972677,-6.670673521042876,5.587788807900774,-9.387796055570494,8.005935033084398
6.68950012784847,1.6102984681284251,-2.3209481498280016,-8.832758080924206,-1.6136118451503232,-3.2735860603987965,5.632278759445978,2.543027382135995,7.082580085604558,-0.2928522916252196
-9.746847806500408,8.48017798160092,6.74122960764836,-7.317839913770281,-6.220074089000494,-5.46038541684339,-5.166354277442924,-1.0373896441849064,0.2183382645371743,-4.787176835543746
-6.965696316706108,0.1636867790038456,-9.547674035569141,7.923980445883328,-5.661475355411027,2.4374510276697032,-3.0621746101330443,-1.358342175094248,0.8534806485526506,-6.62643995105066
4.503131750125888,-6.556809392115456,-11.06800952657839,6.253554700222332,5.227253845740542,5.306176526247627,5.891740229132525,-7.5337962266556895,-3.755308473444777,-8.13941507916833
-3.0268089220889216,9.23807407983722,4.623455940155349,3.161562957388816,-4.352694765277649,-7.410978366196267,-9.327767199154232,8.367683792567775,2.704191724490487,6.008158881656943
4.543143860521123,-4.874656227981013,-9.677530845441488,6.651751967481216,4.826698060179812,4.537772830404201,6.438095396384623,-9.71591012129775,-3.916292434868554,-8.823388275163444
-3.465376357974809,-5.234302703086091,5.677943804372761,-3.7373669073171163,-6.845581857983829,0.9838490552187836,-6.949450332689187,8.288346352973004,-8.022646128739023,9.2411497122922
9.040965426723305,6.235521444041569,10.012372268934357,9.517479793886093,2.7247178588419825,10.956817491705952,-8.804902942169022,-6.9148833040498,-7.6261099284730305,-3.370561065138376
-1.6709654311475548,-4.75067918365197,6.172270102571753,-2.8823203547410574,-5.257333110709251,0.49462293864593926,-5.906395752207146,4.434868606643302,-10.049656852096003,10.568269336428774
2.883245117679291,-5.791951903568216,-8.994169393397106,9.592257982717534,10.421740126967906,6.063174950647687,-4.42121298030664,-6.703810116555556,3.0302147966918302,-0.5674736280934961
3.7870021486250858,-5.766658303470818,-9.62208732453094,8.905281675424384,8.478264349736449,6.1054331941520115,-2.866616800008024,-7.393549781562418,6.168804610988474,-0.004472722700401555
-9.781392188090564,10.44851659551624,6.0378516919188066,-4.956877766685644,-6.365122372821368,-6.509077918046086,-3.666261171675989,0.1039722603919147,-1.7901368752503508,-5.8802031018292755
9.750162685384636,5.194954846688354,7.6246187314403615,6.9004138528670556,3.085885108869154,7.711800385611763,-8.64051227870996,-7.214733286988306,-10.311520740715647,-4.262558381763435
9.263580460173703,5.36842908328835,9.88558316851253,9.829741230070615,2.117846995810389,8.280482032005418,-9.353606966121022,-7.5239312010298605,-10.86942915143334,-4.289238344258181
4.220452320685875,-6.89754997688188,-11.572246795928852,5.680763586595217,2.904626626761118,5.204200092735434,4.676248408128606,-8.242485673801612,-2.082778988391115,-6.511276397988884
-8.027810859430717,3.5719935145326707,5.512394181449953,1.1179126634390468,4.942850920841541,-1.7395939251656665,-0.38927800995062956,-0.5165871826958117,-10.454250273317745,-7.178516985472621
9.446728374321717,2.824514081369145,9.430464394952745,9.162801704731287,1.909003607581158,9.67053570494775,-9.897977473378697,-7.465907015516465,-8.890589913703552,-3.016278656917181
3.5907589087784997,-5.364032602600829,-10.776872022967096,7.2009928490113015,3.6455119633664976,6.3061013325801145,3.9919000447388457,-7.496181461965498,-1.9268428663017607,-7.156042371033187
-7.561158743119263,6.077742203321395,5.2808541308810435,0.2445920964678825,4.2627012951255825,-1.0353123459151938,1.7186785969374465,-0.9360392337500504,-9.837111118456457,-10.767468096331756
-9.196428851838366,8.36359908363323,7.299520444800522,-5.3273068193330655,-7.434167062048166,-7.116230773231579,-3.226659166247679,0.2606210974988663,0.22804767447877206,-3.674287919974585
5.365199557202807,-6.52690560121429,-11.401874865403745,5.92399087651213,3.550137657644308,5.946698224154021,6.580781652505593,-7.121793990071262,-2.0289604274178386,-7.47683589801633
4.523709754982418,-4.491540799265388,-9.554544177520565,6.53442104956331,3.9580353946063838,4.57210542648509,5.0439244322961265,-9.260315461534447,-1.6015548415091536,-8.175361399163087
-2.1457869474241416,-4.980457439658246,7.436425227531269,-4.850781999671329,-4.374964496451748,2.4301459478821092,-6.506114172553728,7.024611610768658,-8.169253603774637,8.076204662109687
-7.146981329069739,0.28019479433268263,-8.157873291543206,9.57449807395492,-4.961788967416437,3.780839993004393,-2.000904767759271,0.336183656633964,-0.13222788819958353,-6.68737900218888
-3.774684872001277,-4.139952678042112,5.940422622743513,-1.5588465958798996,-3.8949908439226024,2.388577351852093,-7.044545459716176,7.12176237624295,-8.046216081106367,9.286757319806549
9.45533454800434,5.1618681910182636,8.511324100892189,7.528575369067093,0.9844005118537634,9.569358724358372,-7.957809278829982,-7.2650062883947,-9.79600103762174,-4.365462159202188
7.349325700047283,-5.11057292429432,-9.477567916956554,6.092653141955216,3.061934558170161,5.774207176552511,6.341748556987786,-8.068990710400806,-2.497056539666205,-7.382026395632099
-7.583356481096778,4.726645065144673,4.7286021363197825,1.4874371611160262,5.780317294797123,1.0213758695242816,0.033973340820092846,-2.5884356738518655,-9.558937135654043,-6.154669393482399
2.402766486346792,-7.006209513049905,-8.91982242042396,8.070329792303346,9.164451371087544,7.559938538510552,-4.354123115348102,-7.080984161079138,2.8783293113635273,-0.4381939325519342
-2.0815482718705915,-5.385232200270771,4.953613828918229,-2.9162030808625516,-3.4173921036185493,-0.04766959574678553,-7.027553234239112,7.549446763629992,-8.598752013678432,9.823833103806205
9.016219943088734,4.837258702904217,7.877736579299208,8.702958770814734,1.844171761759303,9.689764645978228,-9.084659436691545,-7.807903789253432,-8.946683872539824,-1.6374144629282972
0.45380089473931107,-5.547850793170819,-10.495244707071945,8.6371066673229,9.08833383354754,6.098491824478202,-3.8719220164967467,-7.908410163504747,1.2692972681646078,-1.1822942153378464
-10.012908280106094,9.795834545016165,6.186116168012098,-6.060266127359578,-5.219934610929375,-6.2254158226412315,-4.758453452094198,1.1971589563120837,-1.16342406020344,-6.697021997501205
-8.952811059938572,2.1068978276323875,5.283611081103737,1.2205316323364674,5.06871950819121,-0.7505444609244216,0.6757884562801962,-2.896498753552841,-8.535561318639962,-7.767051438027424
9.197421750655206,3.821877191163008,7.548495745343273,8.33509350738011,2.964234251492192,9.12238912025737,-7.579330962218661,-6.145109208576803,-9.502161237155452,-3.2044982411693193
-7.432638357634234,-0.8448340941950787,-11.210755987918205,9.421103320769905,-3.4886989730449476,2.8989579218759425,-3.1038489134777727,0.010469003345812355,1.2226954311318394,-5.543771690569349
1.748228826792035,-7.0965457890451935,-8.834763780551425,8.92921488351784,10.567866908125769,8.136601062713805,-3.708344695878579,-8.892186207861727,3.1389344896069433,-1.3800409098192574
-7.380032955169019,2.867516152746164,6.839638041504301,1.0615861326270613,4.602467511379047,0.0837685706552829,2.4549681999802475,0.6860195569408911,-10.462017040725765,-6.6667998521133045
9.574928154326264,5.7523314952100755,9.846003576424051,9.203856127524553,2.294280406979058,8.954591077471743,-8.134840925785955,-5.313117287967511,-8.608466082952175,-3.5478814785925166
3.474208869926306,-5.897914793357631,-5.0412161703255585,-2.826548299272358,-1.0220235321182096,5.670863324119963,-5.942229478245224,1.2315502299184125,1.101074068754106,-9.917338737112704
4.918487348201426,-6.154980459465435,-8.465043176673143,7.440394462793995,3.7422985073848563,5.806928786378425,5.533527104147253,-9.362532233326228,-3.3068147771179537,-6.309364940213678
-10.166769842960282,9.320702743346898,6.590422697010948,-4.926814469103952,-7.4295328274856685,-6.383452011538975,-2.003149671756548,1.6591887852306948,-0.011920578268979964,-4.150985355861127
-4.687408942784181,8.484819164691313,4.078036736876403,2.4525306373701543,-9.504444247525381,-4.331099884558224,-8.3073016617418,7.472399719416394,3.203867951283322,6.505105608733533
-1.9371401813386062,8.95209511119901,5.764232196098604,1.6390924529607915,-6.31502126525767,-7.899773931968062,-8.861879907510248,7.149168657595867,2.2476081569051174,3.79192462708755
-7.776094242366913,2.8093076898974836,5.259895485311293,0.3500433645202523,4.062456544903448,0.45492840592253747,-0.9582262275397462,-0.7689701046584224,-10.783776195740726,-8.132717172428055
5.982111023543109,-6.8634166035289805,-9.323235393359612,6.187869561080517,2.7047935210635528,5.938761900663565,6.202053243574557,-8.015931508319337,-3.471055173502412,-6.87153419604494
5.936661167244842,-6.582480347833933,-10.299341335020198,6.896103579456984,4.508890786336341,3.9502373181159585,5.877197689377072,-6.97021235704611,-3.842869010241106,-6.928844098140977
-8.812081609359845,8.914263598288652,7.8860336162974445,-6.007693863079818,-6.821525838872544,-5.856574877503832,-4.978509640639564,1.5167533970447054,-2.4170894390845286,-5.225471985862347
-8.71431839029866,4.718255472264626,4.912118188287888,1.6917409060954989,4.874143920397087,0.4319739509026328,1.3015563089540492,-1.3294546041731896,-9.971159205268682,-8.075866238158131
8.090584148284677,6.458537742903005,8.890857895897378,10.379224770727296,1.2490888512311136,7.578624454316715,-6.696390190606281,-5.0223657195489615,-8.710689200018217,-4.6070848998229845
-10.398838743905577,10.255172580222672,6.58040632334202,-5.7244422223534785,-6.5485983052792065,-5.1197805986978375,-5.154743153334274,1.1029689713797657,-0.2597694622681348,-3.4590771154987507
1.7981962430251592,-5.760777072568595,-9.29001386102125,7.926547138716472,7.717814806590367,7.480671031601883,-5.044595798167002,-7.299371129747229,2.684713503449755,0.12043379273184818
5.653783502243703,-6.91909295440981,-8.669214680327816,7.043848276215956,4.337270940903307,4.8840930273956005,4.662458861069212,-9.281799591312936,-2.119658882532534,-6.769226785860364
1.8020450408375663,-5.556955805893617,-9.412921052453964,9.522851624577207,8.346991021883888,5.978447385937092,-3.5838853502051364,-9.043086136490881,2.3729400973324477,-0.7050719746290849
0.8077314234735251,-5.923870700504304,-4.035924877394959,-2.8754163969483155,-0.44775431048953385,5.940061421475136,-5.239461667343104,0.8226724404231737,2.5661376062371164,-7.719997839872529
3.3790123318096947,-5.463587195620113,-9.127396575049987,7.694625308690224,8.881460941141615,5.6994693115973085,-3.4612778332278094,-8.151559222776443,2.9313963185059952,-0.09268705794730514
1.4926747942785779,-5.775194674846393,-8.897583863172875,7.975168783061737,9.31380164821206,6.859652075937209,-2.5540147765560755,-6.571863734526639,3.389896456017605,-2.1841993572401868
8.426200364293136,5.925141089156563,7.882599946117287,7.834315951580476,3.0151841147727936,8.741454878356668,-8.952284829290358,-4.670355240000956,-8.547578984794537,-2.4756003975306236
1.4450543203523454,-8.403501599402983,-3.8371791674508637,-2.7831278934180257,-1.074193552508506,7.112565194272363,-5.457397681274441,-0.24530416343124284,1.4238154596490697,-9.57357825950573
2.43638320071682,-7.658919913489667,-8.968078942824711,7.973392360683658,11.009494735203468,8.155347844856385,-3.257413419036244,-7.188098877233291,3.9356037234797965,-0.8308942097471819
-2.332756067775525,8.647258289115,3.812288615579382,2.0593135669871065,-7.951766203136877,-9.801460076770553,-8.401767952478343,8.227457756584899,-0.34063220067766276,3.151720851210971
-7.870285098211503,5.451710338612752,4.7621314127737016,1.944901775044567,3.636753685084444,-0.35053442852895456,0.06758798097071106,-2.8470496483789836,-8.379696787991717,-8.4822373773773
9.42462092204812,4.382389316575331,7.68706436151851,8.264611946299917,2.904750015357578,8.243635566039798,-6.5811495267521085,-5.8685584245715585,-9.87223975420575,-4.580121936608385
8.022983334672734,0.9831724737073189,-2.1179531068236175,-9.373632446770163,-4.352145163859252,-3.2275860108978494,4.2551221124010725,3.1129752468192593,8.291647417533385,-1.3188771599304967
-8.57268223008948,9.585656425328796,6.701310202897879,-4.973389145679427,-6.7386096508015525,-4.763390817458769,-4.703202764042254,1.1520576989868454,0.0727332115021595,-5.552712685311262
-9.164560584458142,0.5106892430047101,-10.984899962419632,8.244448343639883,-4.6193227880158645,3.5606289051879054,-3.2311419455743122,0.39332681999694413,-1.0282239258629595,-5.767789880689927
5.382472092899604,-4.621384079488564,-9.396002573702495,5.538443523093979,3.3765920511396614,4.247051827924947,3.8609409292758374,-8.749127343464982,-2.9743446387629104,-7.216091930531034
-6.69728111857909,5.303327368886967,6.138634744501843,0.7641370458660124,5.306445248812182,0.12451754933478656,1.3473179049771482,-2.4869328208615107,-9.398191505978065,-5.974248521132364
-9.288210903309212,-1.3952766560390544,-10.493095517496442,9.571645421183781,-4.87057958065893,2.887182147942923,-5.209191541230354,0.2582340260848762,-0.8031224756985995,-6.672328060775824
2.1817457050822737,-4.112588392530758,-9.941532143094115,9.505980683981772,8.989896108767844,6.874843253247733,-2.640450970214205,-8.432794808583688,4.803572801950311,1.0242532690639878
-7.290103588566453,4.855974220966241,4.613211034391154,-0.06475622539033443,4.934228535607579,0.4200352776874047,-0.19318069423442585,0.6804370140384033,-9.050354248424808,-7.722683970223519
4.681125869332927,-5.843370024588606,-9.204048530131573,6.8556789486153376,5.218002126812387,4.726524000549286,5.5987685436759485,-7.782316590874532,-2.902077998673185,-8.37052122844221
2.3116859042644373,-7.837159296109007,-4.886679962516028,-3.081182984257483,-1.5892923081262913,6.387137539796606,-6.741476233668184,-0.6182212387756948,3.616220044080383,-8.11025173377601
2.711426322899279,-7.543921576829312,-9.894038703809466,9.031225019380226,9.376743226441413,6.020677134816276,-4.197207885720436,-6.335781942177935,4.110685542036116,0.7737282662585179
5.55111264985515,-8.127379017133872,-9.24954702701301,7.038469545755893,2.897608004195316,3.4085444525841444,5.943005529388511,-8.324781897183923,-4.805479011036208,-8.504640513642984
-7.631609322145098,4.215808349723387,5.148573223004157,1.9398528351605766,4.3212222580706054,0.5645856838622066,0.5237910505566163,-3.2119022726856166,-9.111779217821105,-7.72825157007391
-8.30716892498236,-0.22724751627703701,-8.073373543637258,6.688780175506135,-5.21635403617827,2.907480850632896,-4.630989078565515,1.2742393734750026,1.31102065790637,-7.0139692460899505
2.602444529268273,-6.322995876275969,-8.957926975061923,7.415832173342236,8.844716939157939,5.021396798621764,-4.574884166598913,-8.013334481355363,4.043396674239753,0.5835026260844332
-1.39439932818282,-4.7644011269165745,5.163494461197932,-2.0430636938690854,-3.0714613945919664,1.8881163339626343,-8.150241055491117,5.179060934218108,-6.85307586756037,8.528467690513386
2.5130813601334605,-7.1144100918906545,-7.794818545442828,10.547396426044424,9.645261446272226,6.269684168169148,-5.588504241443238,-7.298947474600272,2.5409892287040794,-1.6149592538413928
6.4777917359218655,2.473337728240824,-2.9963545814890282,-8.426860500667773,-4.181096653499539,-4.325386398846183,4.988274432734693,3.0903017257546828,8.034281864795961,-0.4412059574321083
2.5913672759664506,-6.306602103155662,-4.544598344201071,-1.9602586920340053,-1.5679293837393524,4.293051811447498,-7.304252732514039,-1.1774216869231822,2.8578773451320436,-10.5855652546586
1.7358199369475116,-7.00823559266768,-3.117080309432949,-2.278636623692018,-0.9999089870488612,6.631591234520962,-6.966374659049101,0.05976922871688095,1.6472034416404817,-10.30794500404289
-8.98430207824875,-1.4665995405344892,-7.348230341707198,9.298261410372268,-2.7507361925659066,2.8802316564717296,-3.6633498141337717,0.9287151703085795,0.9220100202716986,-7.049046910185363
-11.119845429327594,10.548464439138183,6.443568796512184,-4.634667842179151,-6.890032342954031,-6.855485791337907,-4.679341927447092,1.3713025643378325,-2.070530784486161,-3.530821763623985
-9.2472571477013,0.14400094702710692,-8.431966372094916,8.106840992589506,-2.909495863021257,2.168004643299205,-4.9741304277073795,-0.2629205509181046,0.23190837367435724,-5.776625020807479
-0.9093648019883085,-8.009081754190104,6.132627089012673,-4.460644019322248,-4.882160947483908,0.7798043907528645,-8.378309034420958,3.2694623724415544,-8.301921402263526,11.824178514038241
-7.672452600729192,0.5905792941140422,-8.444830036206366,9.798798663733201,-5.200989242817172,3.1229443684013356,-4.7984540072297674,-0.8524059084348068,1.1627776731931179,-7.078782388935702
5.353111096305062,-6.159760980163831,-10.714261114796388,5.939362986311294,3.115519288031777,5.443909746184174,6.4582229304742205,-6.839045440515941,-2.396632052193096,-8.021837402810524
-7.406053812411682,5.177454482788181,5.151163109222248,-0.10242511803931653,4.382226779091594,-0.4748462937158052,-1.1306134911727477,-2.303507010420751,-10.690439891981612,-8.170858227083801
6.777877196110693,-5.718920534654459,-10.395147197525496,6.403345340777416,4.645679172918887,3.0108440225907955,6.141399831303009,-8.110660761476284,-1.17558634800497,-7.901610126656021
-9.697333534047415,9.432572352266346,6.809442249180195,-4.391085382749398,-6.599949492593847,-6.451529427300095,-5.018339522042339,1.3156821355326542,-1.1767905630795816,-4.595444923333324
-8.37126017765825,-0.7545895233312816,-9.930683968075048,7.97670593528009,-3.0519638247037593,1.8736568621224832,-2.4702708960943216,1.139147179846133,2.5011844342355856,-3.166224841167186
0.46600109211040763,-7.913779164274246,-3.5150619374020757,-2.1673697579057025,-0.8276866201238079,5.873920221922283,-7.892388974697015,-0.08787351229868234,1.16693977080564,-9.730051436114586
9.406763774573385,3.6666581032472485,8.13535341707174,6.944955412899758,1.2812085343908297,10.231156133101779,-7.1080002161069515,-5.639457950175449,-8.283111271337882,-5.385506870640569
9.648206295283016,6.0381690120876055,8.102354112222434,6.844038097746936,2.0444586662641444,8.0772629291563,-6.751022070506167,-5.339186927532181,-9.73622949587582,-3.0674552737861243
-8.5511287084349,8.487710339708364,6.4048244638373015,-5.458498533532175,-5.670283054199284,-8.359587074602173,-4.801195387787622,0.1625492527948823,-0.6579594299216359,-1.6769867123176665
-9.605316188567782,9.903218131513652,6.733371291823763,-6.466802456341653,-8.184260933660005,-7.037683286026689,-5.307113521760977,2.1992307107038753,-1.4762093210809244,-4.5213365250863315
-5.924628848499363,2.5663396758695503,4.870097782423585,0.7877658469051532,5.410409444734155,-1.350851670157637,-0.1258212905369216,-0.6600562021749415,-9.761018775997696,-8.911899365340684
3.348320237833674,-5.894224799589784,-8.435702652719012,8.974765333734071,8.253782652633193,3.986771724663544,-3.7945646051398034,-7.251916516298663,3.5763266469985484,-1.7318044479946733
5.322039724347211,-5.214061509752547,-9.178375389268366,5.060560036764055,4.264779473435162,5.053981306386174,5.295106308722217,-8.140179399634865,-2.918679676960243,-9.92936975345305
2.089519706347438,-7.731988303510909,-5.091715941885868,-1.4766129126000396,0.5856009568643066,6.888263126566954,-5.514087017678639,0.5745188101429441,0.6323535592649483,-9.316810872311102
-8.262643651899193,5.288019020529968,6.492016000514023,0.7106449585099688,5.2648104727267055,-1.828486740696815,0.27271597687196525,-2.900735132110137,-9.979954911798112,-6.76479904620469
-5.744561855391636,-0.009231905355175929,-9.074994702064615,8.87507033672206,-3.6344806519519945,4.187344881383746,-3.227693691900141,-1.157339381837692,0.446067862807167,-5.483489682284188
-6.953549091975231,-0.14606630893337602,-9.476925625153557,7.079208243716645,-5.645687163719833,5.160881319213054,-4.754782916497793,-0.6069073343101288,0.2319851007900139,-7.5010916424507315
6.088176257311402,-7.950541589281885,-10.35120540338701,6.082163403452969,5.591599548747943,3.998835972479787,3.1236724409287517,-9.523076472315019,-3.4918786465023373,-9.83910094342506
-8.897399156691758,8.953390205069395,6.787881502961561,-5.798340676758529,-7.289390559749138,-6.445576492012759,-4.058814670706363,0.33004806764171113,-1.3293401705762344,-4.099743655425775
-1.3085809030652342,-3.562418511638514,4.662139339850121,-2.415598413440279,-4.01480615850253,1.556970967850996,-6.816275225486429,5.081623922290572,-8.726220093874455,11.402385268444315
2.7281026905567174,-5.869031417999882,-8.162678077728941,10.002845349624248,8.408049447778113,7.100775666421419,-4.603370066652783,-8.987493672515207,4.216776664429519,0.018923436991007625
8.489657247251364,1.3466952334357263,-2.2301871270902147,-7.042832749466098,-4.355248048523372,-4.390800539203435,4.567688950199282,2.930647130187319,7.39418569001842,-1.7424363191385797
0.06184878801824123,-4.697837381867299,5.519857951147584,-0.5412048024982794,-5.114426692432864,0.08153223112907437,-7.7329860085491555,6.208566028403,-7.578125728955697,7.088947118322158
7.618005003383063,2.1634849941673227,-3.129753667648788,-7.532489795028767,-5.225513488048953,-2.17847380918637,4.1020870356661,3.45953435340054,7.130031292309968,1.1280218247943028
-9.316626529583921,10.988992785411138,6.76948757690189,-4.709192656992097,-5.779663574318929,-6.767157999936492,-5.324115887601285,0.770130930936568,-2.853201644303049,-2.880210123369517
5.158459299815476,-6.072889890068091,-8.156569108317854,5.9696513958651085,4.088372760362669,2.7625515218701726,7.6533783982569545,-9.835014366013304,-3.537540133603904,-6.986896762627241
9.683945164867442,5.639502475210146,8.836864690302173,7.244532884696398,0.6246199801863197,10.133936680363075,-7.599844042504183,-5.074611098556358,-9.179083906628161,-3.6574188269948507
-1.7964855941914188,7.131135920139737,4.267559783290179,2.410482870979693,-6.694451654321356,-6.454664729091775,-8.616037900835156,8.602388728812096,1.0699838541253786,3.4844564174623773
2.421826544696614,-7.4580388127021715,-3.587230653316114,-3.3488175006749707,0.11513994720867682,5.450432386846162,-6.4263713526640345,0.30640178675707525,1.2571445473152392,-8.742309396103563
2.04505662418617,-7.810327011544791,-4.93791198087463,-3.161036858822854,-2.931382748829806,4.978599884968671,-6.566877512892649,0.10933059387739152,1.9800414869881415,-8.708540876974434
10.042624177791122,6.884605788756286,9.537041081374461,8.812542571705816,1.5685810429392812,9.935796244212016,-7.534463247885484,-5.954277033776598,-7.994379834896137,-0.9055628869742138
-3.5642869912294453,9.14055386443239,3.6552240513808387,1.1806462368255195,-7.303225772879447,-8.245726997466097,-9.812449602852379,8.026950832286012,0.7149304526332116,2.563579421426071
-1.5913257050588485,-5.460238623576135,7.576032113105381,-3.162540576410136,-3.4520919829851686,0.7288050531936736,-6.868352412625424,6.387167544027813,-7.695786741120195,8.103192611001475
-7.61153244067543,-0.40484026700824316,-10.422583738637309,7.026035063908178,-2.8884863172772492,2.6231882242180706,-3.155250084002454,0.5639948934563934,-1.8409828742425094,-4.510460066350866
-6.359697464456515,0.7493820469100916,-9.28415339657946,9.887733148032297,-3.9514147266570925,2.8122645678822913,-5.146126831945718,-0.013653378240353953,1.3475543654158457,-5.705710518858032
-2.751363192951139,-6.269102196058918,6.518434018092111,-1.8797413743471085,-1.7421037016024439,2.7459780881606672,-8.068453520633282,5.548140083696505,-9.980486356641256,8.896083665386394
-2.9865421339543463,-3.839078420070273,5.150836342391546,-2.20430234310172,-4.870944385499348,1.2639222786853923,-8.402250067560374,7.229015881639164,-9.726225776294127,10.462689085556999
7.44317698028191,2.349578661326646,-2.632009550352277,-7.661307786138097,-3.809724702257479,-3.7745877489134823,2.228554254820851,2.798202924896136,7.363099106030358,-1.5622289277459454
-9.899972426458193,4.027983143015813,4.552082692907972,2.496197787932804,4.417668976912553,-0.4043684879892184,1.2555223102766244,-1.1482142405216456,-9.324309975861489,-6.732974738961325
-7.846719473009296,0.871317063890366,-8.68853636751944,8.2019926141453,-4.653526839252679,3.262701117711182,-4.196933544629145,0.398833762708429,1.4250472123585367,-6.429073018468299
-7.099025130273228,3.5868411318753957,6.707314822110536,1.5289036616759113,7.516623499718496,1.054983938572568,1.291689481332321,-2.4042966755582937,-9.407763351167741,-8.158848777380483
3.4404906576535255,-7.381771619028926,-8.637715429954023,7.279283835829316,7.374113824551434,6.764280546194695,-5.6927504556022885,-8.274775254306853,4.695955978216057,-0.4502652691132937
5.257051163090821,-6.459294357837797,-9.085972852273148,6.437641464206581,4.260664339318174,2.0363420602047473,6.1819215368703935,-7.895131982855627,-2.8361018522242025,-6.866771035033345
-9.430675555643008,9.593152135652073,6.624723705553462,-5.242617096024164,-7.159155789683795,-4.932491876277441,-4.151692524177781,-0.8164205052539244,-1.1730262701659122,-5.026597678486646
5.635377255016318,-4.652457505773862,-9.505730633751968,6.4166779895977,3.525856000367162,2.19498331780388,6.64859642093851,-8.572331940359792,-1.4423889043140314,-8.63225192835308
-3.1330863703057386,-5.634709788830114,6.0068395065253775,-3.818713345930248,-4.98912276827223,0.7520260370453922,-7.206817089067705,5.423558339696321,-8.013777571764379,9.548732359861962
-1.8964237179901806,7.960870565024665,4.016109875532297,3.887201037807518,-7.070309591914617,-6.662676720096224,-7.968260025947256,7.819204803471308,2.172719140007752,4.526412558387134
3.7453686431951403,-8.21039330973595,-4.569527099145544,-4.127655299415476,0.09333002778135335,5.846948164897597,-6.832889642098674,-0.10754084307179129,3.5264712993657197,-9.143961177481323
2.1875913231243382,-7.461901460885542,-4.366747022714799,-2.0642714854480873,-0.5114005168838925,5.672047857656589,-4.497000364133951,-2.682064300468498,2.358178625162045,-8.353253038941066
0.9172028737002171,-6.337187552882494,-8.359826454086539,7.987063434974607,8.738575947923149,4.331458123758795,-2.530460712719353,-9.346432127240774,4.226919921491688,-1.2319108213613534
6.666273406824116,2.835408984172748,-3.1417501563492896,-8.669767879031017,-3.2461302597299997,-4.772091129547905,2.5652036363906126,3.941148648592876,7.612881061410309,-0.1397729879770398
-7.045980320758679,5.696742242635857,8.199725478665023,1.07745831922847,6.945291464238912,0.8751767336706336,0.7216509427273174,-3.6591731802196796,-9.869504628644771,-8.180434719356864
7.155425194376999,2.5059611098040446,-4.4867578761106275,-9.97811555147653,-2.802224107886934,-1.7735144840232016,4.697836086294675,2.5849579203431743,8.766896429060445,-0.21833649761321466
4.841115589959996,-6.705498722393097,-10.385791666863762,7.4878665151382755,3.8100622490253335,4.278487565211809,4.683610305558467,-8.778900439400118,-2.614236919621107,-7.897779682692431
-7.287042939029447,4.921676167022771,5.742668303366954,1.2578375700679114,5.113824624380672,0.20773473394035935,-2.745913338924064,0.4200741982390759,-9.67742338250908,-7.659873712271906
-0.796843112115927,-4.822375945078345,6.698931799008659,-2.909452914058792,-3.7285666523502647,1.193103334135809,-7.2314394473742425,7.492693731217667,-11.71233273560927,10.980413112477294
-1.6092996577926084,-3.7552752034321744,5.228918887174449,-2.2854606472155,-3.485354888486084,-0.09572497471362051,-7.417857123625786,6.230259550901017,-7.938529066305306,8.749299321562741
-8.912712848997401,4.577254237008773,4.871567571209148,2.3099869398526787,6.23432262307645,1.1986747576213184,-0.4837088600581083,-0.16251463163818847,-9.397542932986937,-7.151983684827378
9.878464846813333,5.250379337806661,10.17169855541492,7.692496561428896,2.8124063563674673,7.3598657359381745,-8.645362602093654,-6.164386163544562,-7.832036681826439,-5.690580325742752
2.7622025532358614,-5.850404573958267,-3.2828668600623954,-2.6843732485812093,-2.162798526570441,5.139966046611572,-4.416961023970228,1.6701265499286149,1.2286913971371598,-11.889296031802225
7.886127370196567,4.50432433064982,9.611101090892289,8.054594130404592,2.684335650461076,7.508368095660637,-6.756546848798733,-5.392008817776045,-8.20615610249578,-4.573560160849849
-6.732109019698637,5.688954736186012,4.5390247441496285,1.9958046228461743,4.795166911960587,0.09494633856781937,1.5241962881260478,-1.722847365430731,-10.443694328412281,-8.301383449146948
6.133812176809918,3.44946715370918,-2.879633659534173,-10.599022556424494,-3.043390741501826,-2.5012362196321476,5.850002027107186,1.9825511429982399,7.923665693597057,0.13874788628769497
2.0870916032767286,-8.325542790489369,-2.8559771771170643,-3.2025413861568843,-1.568938439003185,3.9073214725257213,-5.435241303668509,-1.3367638562799888,1.098032569549113,-8.482754951084987
7.362994319826007,2.02165881948228,-2.022834803783325,-7.964571964971747,-3.059489745837989,-3.1260949324692313,4.402734744341348,2.0359811629685955,8.26415986707006,-0.13253883915641973
-10.10606756130617,9.615999382988612,7.124441251937018,-7.500113477780031,-6.902261493204083,-6.586856773334913,-3.6589845351149672,1.6884396385718832,-2.1328404417544675,-4.673379042857003
2.487572098203187,-7.8732149607845505,-3.7042327025007458,-2.9389760845326576,0.047365814192949274,4.406354931494551,-3.6381898144323683,1.1407368630477452,0.1642873594446852,-9.780020647915018
-10.60247433221092,9.737172936908147,6.416579313208963,-5.742672074693451,-5.223250103186783,-7.5121415371316935,-3.4964505625168774,0.48115540416868396,-1.6945859081273804,-3.2901608751732008
8.756264990673047,2.8818134728243128,-4.346919246464041,-9.512338088110615,-3.155561583222142,-2.751538118333781,4.954989003066064,2.4596861969579775,8.553938372488222,-0.8675924452247086
-10.896271812491582,3.4866749766458973,5.525824385427476,2.088873863591431,5.010954998555884,-0.40131824203901256,0.4237701988298428,0.2927326107679753,-9.112858512373455,-8.334944622682453
6.963574498338772,4.97595713428769,9.503152073409384,7.874135765649212,0.6728131463659528,9.402115955654372,-8.528750118505005,-7.301918242278619,-6.889441760118224,-4.546565979222469
-8.030404681765594,10.390825146219315,5.303925028943263,-6.828320834551232,-7.410422405964894,-5.653939832034795,-5.199882907226713,0.16410429843667668,-0.9063952307409108,-4.241583130585596
8.588031705514728,3.6108187793563156,-2.59355726680425,-9.906816817628112,-2.9971145283788845,-3.698691805923238,4.197179336052196,2.068597955827056,7.572538287642188,-1.1814552519117292
1.9278139868148603,-7.451437690703892,-4.986250514739042,-2.651097722422602,-1.3077826058869348,5.783515083103855,-5.885021347013871,-0.6710655895504118,1.4495895947576605,-8.993617462839211
-3.927563355985782,7.253477316217546,3.1142225216580064,3.235753787367914,-7.431485337043717,-4.321910307607695,-9.402575355293399,7.50807421869574,3.5644101874320513,6.167544444080032
9.569667389478425,5.071339616640799,8.383248140762374,7.694749905551366,0.7261676350939366,8.398216251865378,-7.338047918514611,-5.203971561783072,-9.476305993065692,-2.4293101120091762
-6.296046180086391,1.3461298236707764,-9.670935818461798,7.6862389442017385,-4.980745541498847,3.289018929055894,-2.334758698086525,1.567247163024633,1.4726749741200873,-7.734097655336345
-7.980929573387164,3.1219339514920974,4.927766016136775,0.9728003608955571,4.502278703162766,0.5259502621372325,-0.5657258615965326,-0.2035113693674322,-9.710101633128883,-8.501829917383711
2.16751801939118,-5.705534365784502,-7.089624764684533,7.292218352198089,8.994459943964504,5.901930266768875,-5.308394471419135,-8.531667739176383,4.112429474593749,-1.4756290280475302
-8.1148556440826,3.335417887295118,4.973961158402224,1.7264961278087758,5.541542303684713,-0.9371737974193759,2.2551707009334807,-1.587922533362105,-11.753441631831379,-6.909874072569114
-6.045082119035581,3.7458281878387725,4.401142625688668,1.1351791535387201,6.534745587648218,-0.07321407192176661,0.6879524602515243,-0.34305176202063703,-8.546798266468361,-6.8586957074777
8.247477600154781,5.269173564647677,10.531250887502903,7.288704802126491,3.069355760394796,9.45313143346205,-7.155408708740771,-7.347344727738369,-8.57025325577356,-3.649991950651576
-7.5849105634589105,-1.3743749043310667,-10.811944388604191,8.165428084161192,-7.244617839459368,2.7322803972517393,-3.534748152468939,-0.6556560804991418,1.9281927437709228,-5.111904339738767
7.26543834302819,1.8700296741990896,-4.1485495957639085,-8.17042670520539,-3.325405369932381,-1.619783402825237,5.97305339321614,1.5573069505229733,7.553429025636662,-1.9204702128988236
-8.922700319289886,-0.3739103071255717,-9.592867057009089,5.72272391767008,-4.293765204255152,3.06775592039832,-2.583882025439845,0.6168924033502988,1.6698141571811411,-5.112872136282416
1.763912938871076,-5.020276344969461,-9.451256962055878,9.193256380076617,10.084163192367306,6.159533296357856,-4.205460265413818,-7.320430198521948,5.576115645512358,-0.8963632005688418
-2.2130773459881743,9.275341400378212,4.644992292870563,1.7385825505655852,-8.294997933201685,-7.300754916041305,-9.18104227316278,6.521245646277084,1.8610145231981665,4.565502412735447
7.309333902015268,2.02991754272323,-1.8207487423261133,-7.955876623133501,-2.6047486662266564,-3.91769085920364,2.2639116650839854,3.7711797479705655,8.100688418405744,-0.37284019482828445
-11.27634443928163,8.797449112601319,7.171373582450825,-6.406355176364418,-7.382305853448701,-7.146595456168994,-4.370497563954558,0.1412696698246535,0.8044218250488715,-3.120796567551843
1.5155905036605628,-7.553016586770221,-11.083976938265389,8.796601182662156,10.832018844443141,6.8980270548668186,-3.6800154980566284,-8.780562714161473,4.681999756002215,-1.316259437010998
-6.627765783550434,0.7281977650746566,-9.413090500774658,7.746689682198019,-4.575465756138545,3.4188964570121345,-4.334583895377088,0.5312082540230769,0.22787588016930094,-6.474368820130299
2.2768208585142213,-6.082881071345167,-9.099833475304113,10.277342030370106,8.913310638590975,4.208765353593244,-4.299027720473046,-9.013292249749025,3.403466518045708,-1.456034184288604
-1.4607149720021577,9.50206094928266,3.9056455142570634,1.8316400466028846,-5.281305383510237,-6.146561779770081,-8.829544101737863,7.085839598537719,2.098909305315835,3.6496879979786057
-8.001460829112576,0.35368796228513577,-9.476385011189448,8.562029273278684,-5.038728434144575,3.6440805636542066,-3.773167348092104,1.215200994206905,0.11552054365439468,-8.072802225380038
5.741500641480162,-7.591807452869883,-9.751916017071592,5.314455684020537,4.056108006581643,4.771346803358882,5.072553462316096,-10.159617828188846,-4.018704262564064,-7.224375187817356
9.533350458412453,4.549355996787857,8.94744807361832,7.015594425076385,2.1186951848786206,9.776880822901491,-7.969166108945539,-5.758472369234038,-8.278247704291692,-4.896951729207975
-1.6936966006084875,8.966197620867549,4.456728365174807,1.6164965497608608,-5.698986278699126,-7.507423039227249,-8.793105047636027,7.374720817379789,1.5205160420526438,2.788986008036808
10.374829656596829,4.368284863902788,8.62952496817002,7.14741737565097,3.5450088560977817,8.35783998595362,-8.540606421843675,-5.332476882891113,-6.938980054181053,-3.0877038576766243
5.241389850749391,-5.428104254377477,-9.654567498852208,6.626306979445322,4.798688387960476,4.285315277846454,4.480896180846628,-8.044711359871087,-2.963089541891317,-8.130730035410789
2.5837819106895403,-7.547149161640539,-3.660858463050209,-1.189930267740259,-0.17381087322029365,6.513061116113213,-5.712507957526174,-1.2184663013273693,0.8036248466096065,-8.616115944936201
-2.55460130930153,-1.9396357991204387,6.638447387691771,-0.8079052171569567,-3.4873805248216634,1.2149590830097314,-5.60366736726726,7.166169409021094,-7.8743080422184955,12.055332741782038
2.530215119770558,-5.856671225483044,-4.16766346417649,-1.7366095399979553,-0.17800491838215315,5.826976784029416,-7.096037765106261,-1.1498920926321163,1.9547967786600362,-9.613688619502659
2.943292077444501,-5.594999410225693,-9.396297798791869,8.676875458111635,8.69649253259856,5.775272308803137,-4.939551167261022,-8.93580988234324,4.119037452271505,-1.0653347519352312
6.013412083618036,3.193564890809033,-6.4446882166317145,-9.446366350278922,-5.122117480238509,-3.354164159271197,2.403007897030079,3.2990002720491836,8.400344778354054,-2.1883195419960884
0.7142452458495205,-6.038457402038237,-9.904550491318165,7.824450572391408,10.505246866468504,4.971607063119009,-6.224169473460077,-7.423696234910826,3.380797100762007,-1.4146052463460894
9.113872053781709,6.01824331257581,8.890671847277792,8.278059459554054,1.1396093214947154,7.301214510993578,-9.11602157335211,-6.612660893079462,-9.324735603846651,-2.4561180040948924
-2.377195774842966,-4.906581841725918,5.017989316921364,-1.7639725177655847,-3.4884866896954256,0.8826601045717716,-8.51074655503512,4.829412583992653,-9.056093055168873,10.70296444087701
-7.139968917206774,5.804313704492619,6.647488497313857,1.7945173955997127,4.662293189732676,0.6526902237718737,1.7795966996005177,-1.9643200127909968,-9.134006689570596,-8.047441383962216
1.8363966446785664,-6.357847587235443,-9.451687382197477,10.45382561963243,7.836410181181789,6.612821879006344,-3.265603612656003,-8.8062094807057,2.660926084965319,-0.17977591103781676
-8.457933458035534,4.786163779141136,6.035901714113644,1.5857729875730597,6.051691972609091,0.6014562405124816,0.058593734043585366,-1.8827369204669744,-7.264830497593639,-6.516411496799536
0.49529378206428754,-6.070109500558377,-3.1864733566841936,-3.9460185859330252,-0.7422890200956129,4.8012810251455065,-6.268091580059341,-0.06007781160142395,1.4204571615229773,-7.068044661523759
9.369344604726482,4.843274131783861,8.238021816499488,9.590504948170963,2.2772670970173636,9.342173103415925,-8.079208604758866,-5.460329176962142,-8.678075859645787,-3.238937240047887
3.384020762702759,-7.274994228012524,-3.9491869619116793,-1.6868147508114446,0.6125660886208995,5.402983242681505,-5.739548573705245,1.96326273262099,-0.2757356986380013,-9.76100434541463
0.8149993972796588,-6.9950908440157065,-3.0837404468506646,-1.8031906154727448,-1.6883357830490922,4.452291312482597,-6.2907122389875845,1.8524802780678966,2.4938894562003955,-8.367027068805811
-8.386640542429118,4.722962265133117,6.4456953200013904,2.313271549138353,5.6783006184026865,-0.7132723097149919,-0.2341791084810917,-2.291829619309784,-9.5232289207877,-8.665326910313434
-2.741734264371225,-4.494529623213148,6.096331516499937,-0.6530795093431059,-4.76683818095725,-0.21396120837525734,-5.593099642171669,5.474877781793689,-7.722557018287855,10.413126338096417
-10.438031035561647,8.915213117167045,7.179535939018484,-6.416653943653965,-6.325925796522122,-6.646600631719416,-3.785787134105427,-1.88561047287874,-3.1907814423657683,-3.559450189992323
-7.97530161419114,3.851677474175192,5.598802478677445,1.0616900912266822,5.107798272972108,-0.8170838054098533,1.8169815366545685,-1.5998230289374666,-10.05376585449927,-8.139055045869842
2.374816299621627,-7.651500290253792,-4.056344206394038,-2.8604570655479313,-2.2779433634451554,5.884997109739329,-7.334876148345673,0.45030389336895477,3.222427201390959,-9.3520149428761
-1.649612750709194,9.094087612257054,5.77943437225357,1.5858077193879208,-7.9782476163290825,-5.4596053060048835,-8.951808402518152,7.545081389122914,3.2570521489089708,3.1294963138264738
-9.647142968215473,9.177265318300273,6.839977049844828,-6.902925259331883,-6.557110166893496,-5.587323404458194,-3.2732080113655444,0.22486102828086824,-1.1433814260705186,-5.000067536329849
5.389656491415482,-7.219279474762641,-9.11993337180666,4.85191166229831,4.528110979989706,4.664717583079201,3.8744343683016877,-10.013053067049988,-3.68437690209431,-8.026560786992675
1.6042502952254076,-5.80389042769661,-3.714804873160296,-4.461808288372488,-1.6266098022598157,3.9185806949881683,-4.8432422240385975,0.25995334746983145,-0.3800510627089304,-8.695244863880387
3.1388225823878737,-7.280756766611137,-4.30583661711303,-2.1921519188775718,0.6422509164044989,5.805126946550284,-5.862493454853579,0.30280724589810387,3.6303154899423227,-9.43987484853707
6.466661731718701,2.616661240694797,-3.2846744399317074,-8.34365142304771,-2.8391036079450838,-3.092996437547939,5.2856899888132896,0.8112068465641877,8.204668235109073,-0.48064488322279586
-7.350766329850673,4.777059084034085,3.8312484902058976,-0.2529202298650619,4.704324056119837,0.11958188536243536,0.5711467685627141,-1.5682621961180863,-8.839231465560351,-8.698967071783374
2.593650359337871,-6.547599486015544,-8.78091062268624,10.91509498624605,10.043678186876722,7.020388227150564,-4.073693024327511,-7.826412529521047,3.253560540717445,-0.4194003596838448
-9.834645395263799,7.096725325569899,5.827973893598749,-6.180021981369735,-6.622439452436378,-6.519769203940043,-2.796260542878576,1.7695570593323386,-1.5327732810824686,-3.0769323199873426
-11.06457265808573,11.2037714759267,6.0155801112981635,-5.849977889621366,-5.352660920837674,-2.8028546153608396,-5.1596415906981115,0.9449558463712672,-2.0686519124517915,-4.714207500615872
0.5607057147744683,-6.606885533763268,-9.285583875854162,8.329295936107854,9.445325280624264,5.617495089640009,-2.5255866216859126,-6.858495843621261,4.866488824185177,-1.691860320698275
-0.62301172184222,9.18886394103016,4.897429226950866,1.8987237681745648,-8.798398406450312,-6.906623468725163,-8.778097546694983,9.78676502798399,1.8299392700830532,4.462998898254521
4.310421468375637,-6.310758466721167,-9.496198353068745,6.4323049370962595,5.616663806666497,5.525995397436927,6.66596483424039,-10.551383574969478,-1.2513511767305932,-7.41580721417026
-2.7790725583461215,8.035522412416015,4.19558557615199,2.350470176985584,-6.122638574505919,-7.802274917453572,-7.96872183653035,8.679160774303654,2.4357351380878765,6.038247368478975
-9.873099523599347,8.40093208527147,6.18499838650249,-6.851404170212627,-6.812409043170994,-6.738020159954727,-3.818400222370445,-1.1196212296465737,-2.8066177749030086,-3.8135029253086348
7.615341471000108,0.9839481749820678,-4.952722848587653,-7.945541606469167,-4.880732849115051,-4.8856189258237395,2.516653063071946,2.2754423653721982,8.118591028239061,-0.10078068344711938
-1.107181416148244,-5.018897155164544,8.498705358771879,-2.4179981512215356,-2.1883408301906466,1.1571039174482758,-7.743445360015383,5.276402971727388,-8.864730581137524,9.16644378998068
-7.864652523135445,1.3219350707402666,-8.551484816060274,8.204790074346663,-5.2714548039657245,3.13162484435056,-3.3481569618400346,1.901300516092528,-0.43884195779945157,-5.643136130847681
-8.637677593140102,3.001783412321433,3.590795469163992,1.793556411462003,5.25568098622081,0.7022697636422895,0.5055674384238551,-2.8201368144013412,-9.847230656977336,-6.945375579782732
-9.017364419480078,8.583794222246695,7.2193389020881265,-4.758803258226893,-5.142950051926755,-4.3183555082826235,-3.671056697306859,0.7690397194919362,-2.8842720913315327,-4.706828597177586
6.264496600888853,2.986191655742276,-2.659739532322966,-8.95395537613402,-2.911365410433726,-2.6995459530667008,6.491262356884799,3.484075561723535,9.451457936307994,-0.49377232533804405
-6.419993484741135,-0.4029135977857851,-9.137306110253668,7.049517349176494,-5.923648925566177,3.975937259342655,-2.8839601980111156,0.427789329756709,-0.29331865577279825,-6.2591063328822445
8.001223589523851,1.5830145736894408,-3.5852653781126644,-10.892493244735716,-4.0918939243052925,-4.101440454630174,2.2790981777641415,4.858685003267199,7.366271104137276,-2.6629116698500575
0.022789708563038413,-6.392588277113865,-3.329449519560438,-1.8292128429040457,-0.5718103531978287,3.570400010142162,-7.033234848618072,0.4551041858653445,1.9838093800326453,-9.293739958752067
-3.0338909776522707,-3.0312240368655523,7.228843631889872,-3.634502180532899,-3.2141729619407435,-0.06997549009829918,-8.628852612949744,5.177194221736349,-7.740250474814365,10.875705721011682
1.7704389262719444,-7.947024139190962,-4.213003495909232,-2.7513539300949854,-0.6719226871201643,5.5742217708247646,-6.140152086559577,-0.49200528469991134,2.7899103907923406,-8.994473683356334
-2.9703673550873693,9.770850803111461,3.24538376736884,3.027061236236615,-8.074150130917305,-6.594306306481213,-9.68348171506217,7.87691189857313,1.9883750089362668,2.5666955977575765
-2.4708624924722478,-4.337242210678695,5.492846025840537,-3.743273216396068,-5.3293718007405975,-0.532756303881232,-8.137107604144013,5.846083186254837,-9.851044932449422,9.60019626454551
-2.9750869302043856,-1.7118800713048707,7.261549803507502,-3.6559466797199076,-2.447007639914674,-0.01607014823387054,-7.80260401916669,6.77056043742192,-8.533892444293839,9.774745864015113
-2.1969630116118304,-3.0146585853839465,6.797824456275721,-3.5915912633878637,-6.261317408620834,1.660465526906726,-8.480463761040138,5.635795092391033,-6.83489887984967,10.348722081059073
3.260268607488052,-7.728699650517919,-9.00633845999164,10.22165267003279,9.640650379474593,6.507476910592882,-5.088350661827698,-9.090643655696162,4.625916926912057,-1.7860936706923627
-3.690010438361595,10.128607822867194,5.355260151669345,2.6913554096486667,-6.4411514523415425,-6.860492935581957,-8.16546652066919,7.915337049240081,1.668259523923152,3.5878497830240077
8.512295732077472,7.293512480668212,8.756684823152279,9.182977471614459,0.27810033473299045,7.60295505037046,-7.54383515391738,-6.306907027295029,-10.168633609162207,-5.332023283378794
-7.284951112474337,4.382107544276118,5.5569413383726545,1.8814333943455108,5.80850739585347,0.08950693985828018,0.4642316398560111,-0.10095532590822942,-9.757901523330798,-7.840934442531884
1.1399140246771262,-7.832794553511546,-3.6545607828414552,-1.4606724148034298,-2.371790127868212,5.534734490444324,-5.7233935345132805,0.18263237764338458,-0.6285006896362373,-8.569901736291273
1.581023136206935,-6.098491312818111,-2.553240962027771,-1.99338176111426,-2.4296264976426007,7.208715226739312,-4.43080390645904,0.3034792795801733,3.171217537576382,-9.622666883646723
-1.39106034022506,-4.099445827189794,6.940019383097681,-4.3156781205967505,-4.023445249909445,0.7455780707720118,-6.636058597655252,5.973080448440348,-7.745822833676592,10.677671303159526
10.158723349775743,4.503496523770315,9.163662974753885,9.365040412915103,1.31725571050608,6.890431778739678,-7.940310001904521,-7.272339758153389,-9.91445279526276,-2.570056443032227
4.717478683566625,-4.826460734826953,-10.46851924908838,6.4034844064683645,3.8725031085121713,3.1762859234355965,6.5148477652992325,-7.823624880673199,-2.020163340191499,-7.087672149248452
7.920685309753562,5.406218246062922,8.774623093768026,7.460508166133144,0.2007848175602025,6.672853606687884,-8.97632236563341,-5.541292422855031,-8.806529360347296,-3.509828743565854
-7.6502214411436595,0.20894088411882972,-11.253647644582275,6.576905917683914,-3.9149411955020983,2.586699240480696,-4.382100467320641,0.5677988209270365,0.5485329897437237,-5.885322507846669
-6.232044080302637,-0.42299840115092474,-9.561902545503894,8.02471893355058,-4.54950735908869,2.6693783870196164,-6.659963535783364,1.594129425203313,2.728894534028142,-6.9153107490951715
-2.4305624327366595,7.0160854436662135,5.556206510930583,2.319658159838725,-5.881617081291618,-9.776364971469636,-6.749953051855282,7.183933287343529,3.130483051601692,3.121545628795378
-3.033764636819801,10.366488807065465,5.0639456977465525,2.0126167321814714,-8.315536715019798,-8.195925409703454,-8.557318506354203,5.1909272893438665,3.0349376445082474,4.003297711548589
-6.702543432779186,1.699582410491588,-10.642419093249135,9.449921084408793,-5.302104083974091,3.5983282182818743,-5.419924508785078,0.9253954409010722,-1.0711068099504697,-5.988975817179293
-10.751249100936864,9.040781995069185,7.601862314222485,-6.053095260931089,-5.903085006015163,-6.471451845859227,-3.6583718834845227,0.26665608883521674,-0.6940341544293311,-5.720473603445597
-2.8843940033766873,8.696571031442087,5.92152263123187,2.5308607446658566,-7.9910851480883025,-6.633604814843942,-8.340106008139225,8.46367195401997,3.6028409214325494,3.1463573640930402
-7.117868912462518,3.4701637231583136,4.161153205937483,0.3598165088944557,5.393278940737898,-0.7720404236162319,-0.16521840380986386,-1.602621240512445,-9.563837903277566,-9.393222621871741
7.2089703720876095,3.6219694999782592,-3.271832123215719,-8.700435485650159,-3.357186578787747,-3.0150129904875405,4.841030828942715,2.7090690957530517,7.236072808261122,0.4491552274500137
2.0346797747773793,-7.127345896119192,-8.199709654712745,8.455827331361622,8.173583995351477,5.972652382533022,-4.20711845986483,-8.638802097496335,3.14585017134602,-0.01225432732696996
-6.14269495211128,-0.09913988533272856,-10.280192417157428,7.228624684672676,-5.075284547582031,3.4883036211076477,-3.28179831624559,0.5255190274034316,0.09233223594850415,-6.726852189050241
-9.318899180830611,4.205329005495965,5.11363513776871,1.0065732249553951,5.916772396155774,0.08990792914898102,1.2794767521227404,-2.6330527228348855,-7.199405824751384,-8.233143570662953
1.1600362840120515,-7.196181467004736,-7.811659177834663,9.012451978605691,7.515496993862083,7.9150061068827355,-4.437735375312553,-8.449315009778738,3.940444782569503,-0.5718733282039002
-9.612708681320107,7.975967393733679,7.49136671246344,-4.998259020292513,-8.305359315237393,-6.335713936602123,-5.5052969714895434,-0.16952246485730527,-2.263908554120485,-3.3661524977971755
-7.74412028620311,-0.9133630496021656,-9.253790882812044,8.271846726795552,-4.562693084523322,5.016688096751494,-3.898223197911353,1.4059582906806987,1.1637929838412946,-6.5411551913879125
-4.547322158230604,8.006199817280917,2.7690869152022457,1.6216561998994234,-6.861208811961719,-5.203672281000664,-8.511400382871848,7.104422386689839,2.851705816047665,1.9503162469130237
-2.02076528883425,-5.114278938253193,7.60836302068506,-2.0680009014891607,-6.1555939984766495,0.6236789916923712,-8.261802294201024,4.775881515885373,-7.973853502892965,9.318477451345105
-8.20124663707354,2.485791066368267,3.9523134336629933,1.5767528660570664,5.381460570957541,-1.845026473731188,1.624689555653602,-1.8711406217986508,-10.009895265472233,-6.825615643937125
-2.9366755370753,-4.032883042677217,7.974191862242492,-3.450941914472149,-3.058851164644108,0.90132521377643,-6.945377339579524,5.980135057353351,-8.70630087979065,10.17703876874927
5.971280675241195,-4.748339288122855,-10.044136040546736,6.317678107654792,2.955379657825964,4.357448752407875,5.646697380569764,-8.53955106400593,-3.19284126196865,-6.9567771393638385
-7.1965057365384535,-0.8571435376604982,-8.643505072423153,6.855188053068511,-5.3633125346102695,1.9198768375594921,-3.331167762662857,1.0502079641808666,1.2728307445021931,-7.388847209893301
-2.5846333029921853,-3.6888419031327766,5.025918902645807,-3.399555561424326,-4.052135133180149,1.7240061703254814,-4.986230436824006,4.754914387449854,-9.16102954059184,7.471332158783008
-2.2183005654627443,7.018754347746583,3.5186350961337096,2.9025796687315477,-7.011763780052817,-7.4038408960473685,-10.196901771893485,6.243786594222855,0.0005015949022282307,4.060170837219376
-6.952742676945684,-0.0265854141781129,-12.302831025900169,8.610699174230106,-5.215730773228526,3.0041712756621006,-5.663155808734597,0.8949489094304088,-0.5143754599613615,-6.184486343498064
7.8375305520708265,5.118204871078942,-2.1737818660194104,-8.596216610915041,-3.259594339339809,-5.394028919749985,3.542401380855318,3.4021050982148933,7.905422248182849,-0.2669603101636207
9.719466745216584,4.895694243224824,7.679524300284319,9.024483168546798,2.3153072522571505,10.107506688782559,-10.259702150162079,-5.169675663830653,-9.356591557209867,-3.846914379615884
-0.8658430013580751,-5.101265659501903,7.091335152608683,-1.9434164967935197,-5.873905800382795,0.7145513548910686,-7.613151934590685,6.990232861910389,-7.83390528559239,9.504536701951164
7.317219910559508,-6.365936749776368,-8.821211119524163,6.16809169188691,5.936733894269333,2.934675471982642,5.490363124729199,-9.997961660464082,-3.5315622453954414,-8.3894375947926
5.638823141807432,-5.639850654928632,-10.909453309025725,7.114634682413167,2.9457777871474207,5.018099469810995,5.762453708355612,-9.45346515035268,-3.8840009551985046,-7.300328368892524
-8.495469508861872,0.5541431558568134,-9.618824102337884,8.8503183691425,-4.238416188249143,3.0074335564538104,-2.0551198056207953,-0.2639753798772252,2.28307605741433,-5.127977646861418
11.086018005560335,4.667294520604648,8.934071714578295,6.646769692133467,2.0613597748842625,7.3704114843915125,-8.524279100290872,-7.666940312938192,-8.295640821463518,-3.137113334993105
-0.3954472257332273,-4.17970867096964,7.346658270349466,-1.7918537221556214,-3.713160427210295,2.916754582089775,-7.015508615683551,6.036978269244734,-9.158559214211198,9.481464795450364
2.780314859421863,-9.01771243614062,-4.846762534196581,-2.7259755703991493,-0.6249167613611837,4.38877036754985,-6.141514584809867,-0.4329503693383081,0.7445328146385333,-8.811396098901092
1.9968524716950564,-7.459286186833161,-11.741850416035563,4.862995999192481,6.015994494864272,3.2851019474080223,4.3644639388805615,-9.439631097634248,-0.23214070013821297,-7.74507103728855
6.243432228847804,1.0766201160660058,-2.2478070562402745,-9.447140051566311,-3.464438090513486,-3.796199793419147,4.562899571505382,3.9049505451681847,7.92091127988858,-1.478376246639845
-2.1247257616681257,-4.172968607244873,7.269345842108019,-3.9629567750859334,-4.598005892680737,1.3696892647292134,-7.4499103213797495,7.00336317214264,-8.418808629712018,7.782816090886795
-10.57683912194985,11.639123599445679,7.125282982725561,-5.906478339833782,-4.948296129156164,-4.490094193544716,-4.060504563123131,0.8425261190795192,-2.349102445160626,-4.322609946807173
2.3522102088880654,-8.521859479204288,-4.743392078847789,-2.047287133822115,-2.483404626557343,5.872922302772342,-5.626187706516923,1.8198105080848845,3.15848623329515,-8.206406953848274
4.782749234013697,-7.45852506546793,-9.459044177999134,5.050935948572571,2.0460221765833184,5.87727781562292,4.864674930862915,-10.263595023780983,-3.793277239790955,-8.403670406569082
8.281213433534932,6.054304173647528,9.781050147881208,8.637231012476573,2.3003746658492097,7.584577633321433,-8.0247491863597,-5.28757760797272,-9.68168979618897,-3.3744069633397062
2.331234363621232,-6.4697893644026845,-4.371609596119856,-2.12163653003921,-1.8383326504922146,4.03982924966389,-5.449494734345002,2.028699002347965,0.8522464370709577,-7.84879756549325
5.785711780266325,-5.287349509284925,-8.902642464244797,8.120449956369395,3.671976490429331,6.040153260479932,5.542481308780254,-9.613908170729891,-3.4811699151618196,-7.216658689281192
-7.527943248943918,3.8480801041484307,5.990169161134482,-0.6066936192157968,2.837604421456862,-1.7119102143652325,0.11113481753482057,-1.0577115146484624,-12.16279614805915,-7.853781671975124
4.885012867330457,-6.216185714626447,-9.202221839613161,6.788365730327659,3.221202361857772,4.526564170522921,4.490691731826076,-7.649168015361855,-1.2941685648328467,-8.5277141246908
-2.7065360433600762,8.86301284454481,4.44497055587542,3.1069397808077968,-6.286070468870408,-9.820498227940227,-8.18242698010625,7.518259110217478,2.0035914784182784,3.772933102832023
10.619153647570709,5.705898341100733,9.516761309843954,7.403275287422892,2.2927998673611434,9.740845603391993,-8.591226724212257,-5.965187947779319,-10.458760478026846,-4.25895147464474
3.75658714584961,-7.464841093845215,-8.6261663459321,10.688519289180983,10.54555924816867,5.831203932281325,-3.0933848019647137,-5.049359428153183,3.7898205120943493,-1.8295983766479922
9.578410116059409,5.683282236627371,9.101165327988138,9.003526106520676,0.005536322928395787,8.199001396129674,-9.15280776696316,-7.28837313973558,-9.167753221352132,-2.791571354454037
-7.118273937979446,3.441946660106156,4.575558891492768,1.4884875869485497,5.33611567263007,0.022410210387805773,-2.159784488544028,-1.7440919004982525,-8.63834799262566,-8.458046430553873
2.355408095571026,-8.013483219724856,-4.195241598120277,-2.883298074479158,-1.0377497871970085,4.987124934159526,-6.645509410899483,-0.7955782915084602,2.228358817814682,-8.499889117008676
2.7646260105596228,-6.60609794000961,-5.81701259180082,-2.5839401718473773,1.5573848085699629,4.368502982212249,-6.091943189665872,2.2264348903239353,2.9524665337845253,-9.584388426376107
-7.656307123252978,0.017917962928039682,-10.099906874119933,7.8940908958065545,-4.990200386102671,3.3063663480028587,-5.528485468253384,0.2660898828519519,0.5568594037856613,-6.3237950391143585
-10.939600516782386,9.098068256411686,5.644514989714529,-5.626393101299515,-6.729842332995745,-6.15514769968106,-3.89280458584288,-0.49153039507935314,-0.7342225636286633,-4.224182847882276
-8.348058314724138,4.38646490567994,4.302104921839003,1.6460719732605105,4.446462942678552,-1.107790396471809,1.071091415510143,-1.495631632670314,-10.678684772663043,-8.79398712653432
-8.169274502716688,9.691549079562868,7.378672178276067,-4.361296898754558,-6.341611834693153,-6.0149577959472085,-3.105127902303129,-0.22973245115529495,-1.3070479643116841,-4.049868609388013
2.7590785295583564,-7.7533242873355,-4.34991311660305,-4.012281057691203,-1.7302175558459887,6.669644553390584,-5.973660982852593,-0.09808963343732596,1.731803024609815,-8.581779920935745
-0.07680160115928514,-7.189532609724484,-3.8553150986427642,-3.185256525007068,-2.0332372645440087,4.8229127680786235,-5.242336740697241,2.2572135413191377,3.2307247181462824,-10.415337750430597
4.892826304873601,-4.8732128853894725,-10.469979708313378,5.557043597786838,5.163828951423983,4.839814376751517,7.537189284350555,-9.381348488124647,-3.349521358580547,-6.5606510720695805
2.8866627595604757,-8.917465740608762,-4.741336122487723,0.36792382003327484,-1.8466132802485613,6.851322019620025,-6.592475125546618,0.7937339130693765,2.502647067837067,-7.942035010417097
-8.14450869297557,-1.0839661959909126,-9.706979198030938,7.33072907504984,-3.8543143818223466,2.349308296348024,-3.6434940158495794,0.455664326882549,1.8798730347505042,-5.213542600531088
4.615617187447296,-7.179546270763501,-10.504323719298466,5.333169383228158,4.420629410011773,5.797689128236534,5.629416285089814,-9.439810305004864,-1.9753083480885878,-7.385737313397697
-2.3198693157603762,9.311530401578446,3.450646371150972,3.027155455123608,-6.307620912850798,-7.58483802888683,-10.375912553085186,7.178618336417272,1.5763565210030155,4.274592012973931
2.185344783139544,-8.082883857747701,-3.9921501538866124,-1.5406662532914768,-1.0467399617084476,5.853514317768012,-6.100369973056172,1.0874163407099302,1.18050898295256,-11.267438007243143
-10.576176024223724,10.12123498281975,6.734366145648035,-7.468926105072606,-7.292427138318718,-6.836038476582988,-3.988012829650301,2.3844074281487533,-1.122928321018057,-5.0161890859377865
7.935796433751186,5.428002395250867,9.808903420419476,9.710220092348179,1.720008248915696,8.30787475517865,-7.729722779872716,-4.587101192144991,-9.581750832293787,-2.800742067784375
-9.454143698088108,9.82653909390061,5.937390621924731,-6.137674665411568,-6.774525592361161,-5.310286818858285,-4.293914977412339,2.577788954754555,-0.9302372081426478,-5.451099856034893
-6.564341968216045,-0.6944072623987299,-9.414105932732683,7.265382113349114,-5.572558305298252,3.1235164870081684,-3.377596185487629,-2.186998739995232,0.9511253860323431,-7.0490319020744945
1.4153770681425675,-5.586593576067356,-4.6848084412162425,-3.800048657833096,-1.329340592962032,3.7018132261347394,-6.657811821815987,-0.6834398295800941,2.4657200081681743,-9.744405985159917
1.9585938537471392,-6.044905022070132,-8.99148433384375,9.64870339715559,10.225242975520931,7.066574829059707,-3.7898802903912863,-9.086525871489373,3.072747477601317,-0.6017928013232446
8.76057418149774,6.3233206941789835,9.31321128349316,7.2179080158853886,2.7636689794026323,8.273163763531532,-7.354906741384891,-4.119380128195381,-8.94465533115514,-3.774518613803164
3.5282636168099177,-6.211163556901442,-6.98543841095413,7.357790941878233,9.660926909158006,6.451270554864887,-4.844244462338078,-7.466973498108583,2.1945778546665196,-1.8511344509683016
3.132908774550396,-7.118642780981594,-4.263239036907953,-3.148962294525153,-0.7125814677847083,6.699981843273257,-5.117584351239769,0.6380825657311893,2.447935017965885,-7.799294954077487
-8.358975582812315,2.7967130127974675,5.857176968348701,0.46796524853199273,7.24711260045491,-0.5330842114335113,0.31868140259517164,-3.753271931440757,-10.65335116092038,-10.121312010294314
-1.9527148287028713,-6.094827740832902,5.646087505913622,-4.5569500241968495,-5.819614346917489,0.1934838692528843,-5.5106328876788595,6.391540092013428,-8.443991252804778,11.08462473603883
11.399474273104193,5.529767420361203,9.4321006201512,7.9027981821367845,2.004348274859692,8.375381300653048,-9.350595818036041,-7.594832209651344,-8.709228848044253,-3.3055509774635463
-9.911385856760976,10.733767498776643,7.624053357693202,-5.383954008784572,-7.869333061188608,-6.381820035972486,-4.505070537059178,0.8261675354619707,-2.170446311952565,-5.201140591013768
-1.8686546879779766,9.137364329854503,4.526750783712361,0.6739533204949077,-6.6468404482111065,-7.636873570291873,-11.028249461614564,8.518115136012433,2.980686054706218,4.213112532771989
8.196136717427992,1.7641645204539045,-4.499678099362029,-9.768992388427955,-3.1936120866599604,-4.50671406467813,4.342796310071807,1.0603269342589912,8.285521120235941,0.023047982978325332
-1.8366239218500189,10.914168063093538,4.507245089845528,0.9986403792700905,-5.772546521864298,-7.000490757229545,-11.010997302650047,8.170944592649125,1.486972048910253,4.070918273616748
2.9408047848826597,-6.889960335081722,-8.766084527829522,8.145103525327817,10.194337088448929,6.73421767038791,-4.42215043479433,-9.088732526970766,2.363426792579446,-0.2104361214037722
-11.098351326069203,9.17765881408335,6.4551474362034735,-5.212929842398782,-6.140219742602617,-7.530301927883369,-2.830956896765703,0.7054316728667527,-1.1627061099801985,-4.1845995494243
-7.6330379597555105,4.764980561694758,5.480916385580504,2.741355006664559,5.517549744770277,-0.18819630158878878,1.4064473436594176,0.08365150859721293,-8.80477052098348,-6.830627708963448
-9.909469152789654,7.812571336470294,7.788920662503596,-6.590307920049517,-6.422221082962617,-5.885373295990612,-3.7155447224064626,1.5893081801662328,-0.8820964837649263,-5.03672677573627
0.629464057114459,-6.0569210386401044,-9.246186580560382,10.767501515375066,9.608825215479651,6.328206248970887,-4.276968508148344,-6.45572238594535,4.043214990132959,-1.6054496433641794
-5.914453656888035,0.8597116377860479,-7.986857318905441,8.179643447919151,-5.361506783413045,2.2232812273917117,-4.862706569873291,1.2084209857647354,1.447416637286445,-6.369484338819819
-8.249696953299889,2.6255693254034553,3.5098766889488724,1.236502139015022,5.964089368708963,-1.5439014094127403,0.6766287890174741,-2.7627516644091186,-10.416022301339607,-7.210423139517995
8.222768053469238,4.698923844299009,11.475284140119667,8.32324185085735,2.1488692548532704,8.32209895880017,-7.02171395799017,-3.4690954428068084,-9.760642762522584,-3.5902701119240468
-8.257877769705134,9.277609854766416,5.30872792035365,-6.238896531009524,-7.85136235934861,-7.457095904662485,-3.526336230545532,-0.6787446936612715,-0.2484653219543833,-4.246537486869498
-0.8228350564609208,-5.041320507179454,6.241281532000439,-2.59529397858988,-5.5868330853923815,0.8167832182205846,-8.792769128306917,6.520022104859,-6.275265088441415,9.098207242846684
2.6059750973558367,-7.198471079273918,-4.036336563744276,-3.311828466958182,0.10341067046230967,5.2727476191798885,-7.337173439853432,-0.4863102445464961,1.4998251858788696,-8.076988957231197
-8.66021950309287,7.627715905463808,6.070739357292792,-6.011226322632086,-6.999724368509917,-6.8969702764825165,-2.0440806585011315,-0.3557554563941414,1.0801220953142288,-3.7382904163081094
6.473708709971214,-6.720354557077154,-9.096020023125437,7.524101422000856,4.755695368538099,4.879070843861642,6.523730011437319,-7.74958898536078,-4.043779692671958,-7.871551063436373
0.972769142678712,-7.4738977416163745,-7.322445480555742,9.178777735098059,8.347244502309486,5.578429829832711,-4.673205836974672,-8.090103391951203,3.85755221503083,0.6986246480205869
-7.183347007372243,4.5604282196262815,5.532684552705701,2.558541187552546,5.792636573303982,-2.2603860987475874,-0.9821680009619096,-2.5161204835762527,-10.24018353485839,-7.981753283764168
1.2685742474856943,-8.591891975526867,-3.387056920378051,-1.1666158933512194,-1.317450306137452,4.564457720243922,-8.464693787381824,-0.6960760753903051,1.7346345347418095,-7.471868504763311
-1.3850849030667367,9.961812590321179,3.8670011684044923,2.380221971065267,-7.851283925692556,-8.259727758064876,-9.465044981225976,8.185916387881463,2.9754252802402625,4.674536976018202
4.099817580827872,-7.839496998165618,-3.455224777236343,-1.3342436255448937,-1.7749336486312766,5.217929115815264,-4.268619594997555,-0.6904100875147073,0.5071613445851391,-7.543010171960534
-9.514973369305814,10.366966938921239,7.616030938447385,-5.259240404228832,-6.72584821340409,-5.590087508541197,-4.007123607012292,-0.5867857360683757,-1.764387419068624,-4.090890212254837
-9.651195598130846,1.2736771070299604,-8.066170652775401,8.686200717054641,-5.938907636093731,1.668270575636433,-4.314182159475345,1.0264808798961402,0.9372692243062671,-7.346410384584217
9.45304132062241,4.926083398276172,7.69474140537181,7.3994824019247885,2.031931926397609,6.962395478993038,-8.654162890213769,-5.992512621024357,-7.900794311664372,-3.805985739535244
2.347393327606966,-6.102299504542362,-5.094114010541745,-4.002168237451247,-2.170055880146245,4.532856697660084,-5.411201068940142,-1.121170917593233,1.5503960324973192,-8.452702442289336
1.8439029921453647,-6.00479217921823,-9.791088050016807,7.504564868420136,8.469044048959475,5.945381891557808,-4.572864915816999,-6.752624196766607,3.8641838317805988,0.6519884933538855
-4.81210743102484,-4.219199289919671,7.355073773341433,-2.7270313500184455,-4.467646240852138,0.9873051716515543,-8.034741481262323,5.544384387710464,-8.675320154636742,10.434415306775241
6.10773715515653,-6.834815267881209,-8.9794804915044,6.924970652493782,5.497565264753935,6.3139423949568005,7.165858755134473,-9.70472492968622,-2.486499593519419,-8.400405065810814
-10.618282388860887,9.444276264873038,5.575164157090683,-5.672135243533654,-6.844148597346229,-3.7925281801484623,-3.9550495245609576,-0.9091109336168315,-1.4952798378346097,-3.6560584504012734
3.028803168456312,-7.782025636769087,-4.798218683448407,-1.0138934396708361,0.1059925792365164,6.494191546551001,-5.219248063709892,0.744264256583298,3.8660671904159147,-9.027083443722889
-2.2514450829099997,7.772525552716697,4.974055253472999,1.8179106351159833,-8.78743474902866,-7.740494604055448,-9.251933290057655,9.211210572838894,2.5788533593979337,2.8259699868210175
-3.601131523448063,9.90453362903483,4.811718176021633,2.5264209039255157,-8.055221796776122,-7.775179435552551,-8.241099538382626,6.375174911274502,2.4855065269632988,2.794313749460663
4.63550718003566,-6.679037655983213,-5.149766044747218,-3.2215681569033343,-0.5966660124541184,6.160017263110919,-5.308099222448433,0.7448864495022736,1.8552762934967886,-9.707190186802174
9.391457070376388,6.133873844873612,9.627868926280058,7.097277283972562,2.9970899981984385,7.90376994041764,-8.394247210074006,-6.513664970973729,-10.231843572521571,-1.923673797313854
5.941266155722326,3.744107338723314,-3.865925757066244,-8.671100531764052,-4.38112934121292,-3.7837387802180205,4.821217502823359,3.4863181411608344,8.645485937720908,-0.12319021093329657
-1.5017536498575517,7.759363460196029,4.824589311009185,2.911085221451387,-6.86712786924402,-4.011706537609179,-10.506927015514206,8.382251445382582,1.8494984974677113,4.933371710757584
-7.450476527808469,1.4202426240274448,5.7068061354756665,2.584448485851989,5.370354810882704,-0.5448457314582815,0.8424241063092728,0.29436775811068405,-9.022422602981713,-7.627797812484003
-0.9550656492516656,-4.601993609072334,4.960727510476179,-2.6519291502565254,-4.255796763142098,0.38531404199595903,-6.913923478520476,5.999830181951898,-7.875221759028017,10.312717670693566
-6.988982579560799,0.6585659957450515,-8.326377798694127,6.77349044216077,-4.569581149652663,4.966521633478157,-3.8648989973684036,0.8848551255205077,1.7146011814507778,-7.32838073388772
3.3412584577808326,-6.872310736363494,-8.044279647286265,9.542910962151264,10.191947954200163,6.207256161072687,-4.820050130598944,-8.509056873072291,4.027513996024785,0.62151425317362
1.5531976911011531,-9.035634895943872,-3.100063610130271,-3.3685930805184414,0.3173415917760265,6.585265628620285,-5.449806380199387,0.8975728400354163,1.2329774951671422,-7.213141594309381
-7.062088934069033,4.418068090399564,6.165154459027724,1.8069485499597935,3.4123815340422468,-1.040607989718581,1.643075809108839,-2.7185632025339617,-12.226645473022865,-6.010721429070438
-7.534166351239157,4.232930053579464,4.7422339058382,0.5608391622790754,5.735329432047425,-0.0713819387276707,-0.23744132113840677,-1.1057954701484465,-9.954170805366788,-6.286731463821637
-5.440242394790526,5.491898318088047,5.807192912841058,3.0347728526967908,5.346757677498409,-0.1864958908332065,-0.6009396787221783,-0.1710244624932722,-7.534624866047535,-6.9347618081857405
3.0977433158162198,-8.042986062113698,-4.993445565791925,-4.539211286889641,0.7112952791514136,4.983365250838706,-5.765481078970694,0.8886058097556071,3.360359326382303,-9.22488951958568
6.146200672139946,-6.007677945945796,-8.402886077511672,7.123758105260197,4.379566742791361,4.121166580571265,4.876164680425902,-8.855282320518471,-2.373694543352562,-6.846835993564599
-7.201798697084375,6.067836728723956,5.5093515534014985,3.224807769174989,4.792955024375494,-0.7760274986769635,0.2622740368198432,-1.4866590866427676,-9.812861486044937,-7.3025035821708
-8.614583883231584,9.696994823561647,5.875396971975006,-3.854482805079238,-6.276484175465601,-7.368053374906521,-3.058417719338787,0.8931768491540197,-0.9665196416734658,-4.601172800690752
1.5489757678672718,-7.408724942312647,-5.147022342319186,-2.883251164663199,-0.19449532472453956,5.83810251267252,-4.695043537872511,-0.8567270239549867,2.3485297279390895,-10.319294547469363
-2.7934533738874063,-6.710468070921876,6.337887316219341,-1.3962864515891602,-5.286594828329036,-1.2521221944292185,-5.6812585094922206,5.568584851756543,-8.524725508573272,10.526018701141423
-7.772865611589809,-1.0252451677580128,-8.744142157083958,9.109561392080687,-4.722844382389417,2.98231865645179,-3.6966086851757973,0.6102796970339708,0.2941059351486861,-7.521621990258824
6.225631151935804,3.418663150843891,-3.707636114659325,-8.715005241208605,-3.9261729947376187,-3.4891013408216573,4.594316138988257,3.5562877877335795,7.458187952326369,-1.2754950324187155
-2.2566287770561266,10.398818175792227,5.084077163518773,3.0744926416764944,-6.413081879701143,-5.533883837073199,-8.316077120618232,7.225607669055799,4.294734955311057,5.050488678200801
0.6294549459632814,-4.826113480335648,-9.060432469457872,8.598231489054921,9.507479480476784,5.470868049528525,-3.9800536178348938,-8.784183985143176,2.98359699926395,-0.7100641749074013
-8.302410511441702,2.930683949041179,4.728798846899418,0.14679564936371925,5.024743522022981,0.4180955655654268,0.4916156112885693,-1.9291948822512297,-11.282300390939477,-7.010176453235185
2.3344752375119024,-7.469809650400231,-4.989177497028433,-3.757731121606643,-2.0141975811848045,6.108759253409418,-6.526198835036441,-2.2936040818682977,2.293149597839172,-9.1092530280642
-1.1022628771609995,8.530167633613503,5.595148073435307,1.934426788951189,-7.487977955830607,-6.287579285958185,-8.428691637952017,7.68049567476563,2.1035786569203743,4.123558474204078
1.864993569116264,-6.929231660357991,-4.709897946840817,-3.2680688318201483,0.5572561484266174,5.9880860183347995,-6.567575208855073,0.03385509646100171,3.493646329511595,-9.306156623851143
2.453777536570473,-8.626946314908352,-3.791938028247316,-2.4278658324134366,-1.4818971644374355,6.277078064737698,-7.6741896230236675,1.275255595715022,0.9701696736353972,-10.055937870717077
-7.574773461840944,1.6666903168753828,-8.707696633594676,9.278908845831621,-5.743094728919723,4.3463818346872145,-3.1267580027427955,-1.0982356730031515,1.4739963202366928,-6.816185026284136
4.696497111986167,-5.906628080657242,-9.549941574397991,8.15927324763927,4.205273333048244,4.590151707628286,5.853805544178918,-9.468509327981051,-4.55619503015004,-7.994720901218227
-2.6021418296663383,8.774784206176571,5.756712611758056,2.1595858536847783,-7.611258930059798,-4.989668908120164,-8.789019425115788,8.0923625914676,1.4140737274194164,4.524567183665432
-9.54008915059973,-0.4603325962379092,-10.938660336612209,8.602080015672218,-6.498298296348449,2.262074624665539,-4.128112936486644,1.9453110283173611,-0.13868452884932458,-6.290505906342872
-2.47119414488455,9.134317454916582,5.253396808958518,0.9503771187423264,-7.137003728574615,-8.548693667153536,-8.43910463403073,7.9707188552014445,1.5391137725648016,5.7354383192109415
-1.9252694377267863,8.654994037411262,5.230533666920411,3.0818732645236397,-6.059145009953906,-6.372835562168649,-7.771653067046857,8.492818505944376,3.404459225901703,4.810161443510552
-2.6318511850182924,-6.2568691674891515,6.701380782462941,-1.9194619841356493,-2.0143371461933617,-0.24933705939914863,-6.277713054554138,5.336728169382919,-9.637443416455596,8.60884060315437
4.021616783301176,-7.375546839141056,-5.484614519833068,-3.173940271079201,-0.12154431383986353,6.393459504756359,-6.2067410233244615,0.9681034418322632,-0.42488082530598215,-8.967162510567347
5.07502614292765,-4.764225338540328,-10.782139793074167,8.532183769157616,4.9917024199156925,5.8678377740039185,4.3965707321704635,-6.730647588184433,-4.043232874522815,-7.892430505950981
2.3066489458600468,-6.689563837357836,-8.972960613457452,8.568692897251728,9.693909808459166,6.986122487800696,-3.5053334475043814,-8.167076094251515,3.5274338133520176,-0.26013580828530647
-8.13692360995282,4.977793516981907,6.419268647118293,0.7116942446923676,5.550902562115971,1.4406581178523896,0.8511469448040347,-1.537031554259117,-8.030013829689658,-8.312670563449737
-3.281857068323574,9.844477940060932,5.540277424623165,2.42439500325924,-5.6961335242613425,-8.058150460652328,-7.171103645084873,8.846761537210961,2.757922232109922,5.943250464691969
-6.780303122583913,-0.1221955926138438,-9.264650160542844,7.199634423402116,-5.009903897035852,4.347039476261764,-3.7649571414323204,0.43054418161162905,1.1417338647290156,-7.539293017895915
-8.754492102488067,-0.556521039994762,-8.512710728622036,8.154945817080279,-4.524113476412157,2.967430159375228,-4.825375983222405,0.1627307086843934,-0.08825031388375848,-7.389200063093011
7.118537483024997,1.6888567248036508,-1.6925521324756385,-8.604874588124947,-4.950854165915398,-3.091131495234311,6.031166551340508,3.8119658008265915,6.984444366018421,-1.6647727928996316
6.10938368186005,5.037658722806121,-2.853913782315872,-8.100918301724523,-3.809045953731376,-5.793901663149512,4.326779981497221,2.8270965631655782,6.921417029640351,-1.3872547048951533
-5.138614230856124,-5.0069121826880405,4.717363277150461,-2.62598891148622,-4.6820181841063855,2.2097501337515753,-6.97427083870387,5.558409638617082,-7.570415586558999,9.419536274182903
-11.791223467289669,9.177631102972573,6.895758879425047,-6.8784156141722,-7.45219406633433,-5.770437173105191,-3.352300660352115,0.3573875722568302,-0.5808979059716102,-5.349619491759308
1.9391085296343669,-6.7569008846762655,-2.6826250219173815,-2.2641523865622486,-1.5761422581343951,4.084696655873833,-7.121650619496293,0.35790821858469757,1.1929638540400553,-8.876024039609286
-7.55335152525405,0.03254096023918743,-11.41274389392943,8.839288413047932,-5.114399252346621,5.183408862548174,-4.957427017110489,-0.4659540851981153,0.7312966082823318,-5.889685439803423
-1.745417393116044,-3.4039013211083207,4.309202391398879,-1.7511959519895264,-6.092117922570361,1.162684484201722,-4.825886531416273,6.001399326655013,-8.328967986989943,9.427479018089878
-7.136987804346069,-0.16260134982106964,-7.552185812560775,8.251576382658845,-3.789732266246726,4.037400251174338,-5.0586522104163105,0.23162993627069486,3.057526100146612,-6.8072617434297165
3.211938897212347,-6.3046316265388525,-8.64036420076869,10.106617340943888,10.581421249905029,4.781386903548223,-4.724330803672171,-8.152150679161,3.783098154167721,-1.4229333285602217
-9.835228441573406,7.4722192247947845,8.436092780613103,-6.187208248650434,-4.8679289193755615,-5.053474844965608,-4.91616468529206,1.5283184970079051,-2.0125421770213663,-6.042117782843103
8.520689376768738,5.7703438695495795,8.885957994520215,7.754253565543303,0.9552220195842231,8.883382685268987,-7.384078329046973,-6.914241436683875,-7.139912804500032,-1.9713901354991585
6.5468281270579105,2.664393901601579,-3.465925360182909,-7.856097793585399,-4.391106197985684,-4.462947342355101,4.280480841675531,3.7281687627470768,8.373927722608684,-0.4685534888385967
-2.2471308139660247,7.064724410443954,4.289029406151627,-0.24517807611034925,-5.509926083497085,-7.966164175394033,-7.582924147176114,8.26939255918285,1.121709882328114,3.028666604653164
3.088040572954355,-6.452818563184415,-3.5519740135366877,-2.9530458472033465,-2.2592524857694203,6.115590364926296,-5.4813550435706375,-2.1038426942054533,1.0139531906581871,-9.76204612299394
7.384344603153685,-6.0942835655509615,-9.46756557650284,6.311272079324992,3.9974607046535846,4.8585478207576065,4.239521359925398,-10.490259984491841,-3.044065905128274,-8.563046446420675
-6.970446425881271,-0.3207772729972159,-9.386809807799146,7.573673866560886,-4.320988155799749,2.949527973834291,-3.952391699940385,-0.44986296810691007,1.8558968850083626,-6.52404368110588
2.9445363323588696,-7.462028802859806,-9.343475842170081,9.735993131184587,10.176468005646955,6.765419896225983,-4.9573987322893815,-8.49328458559515,3.8415592714416507,-2.0462310871180645
1.0121141010525534,-7.243414620486134,-9.92319314864999,7.620012018199114,10.90385595237348,6.710721636241783,-3.767431190832043,-8.703134683219243,4.592272341289906,-2.021172564575426
-1.6704384919523134,-1.6370527720286465,6.129635644387664,-3.168359094612858,-4.536085480189158,0.7429361288938884,-6.1544365625432675,5.7675939700186625,-6.536605410261089,10.320013841736047
-8.118557280580106,-1.6041426359307966,-9.678572898285145,9.117228166612962,-3.5629395640108568,5.689779965798907,-2.0741280698141162,-0.7955775031118879,0.5257679855929334,-6.325696524327236
8.707685396212424,3.2045870901544116,-3.672601712498778,-8.18370415668809,-1.2639777093691342,-3.420954868872325,5.553160002385375,2.3217971375892277,8.814682655232428,0.35035446158417594
5.080188800911033,-6.398583008723139,-7.424855673205787,4.155482820961758,2.851181390322898,3.4880824258943024,7.214429674627924,-9.16372027136024,-2.5904765542688772,-8.156697012419729
-0.09524444820302813,-3.5146558605978937,6.618219958511202,-2.2361027492207333,-4.642125661783316,0.5830218248098521,-8.484926328540332,5.235678012613667,-6.448015741248863,8.533707360731766
-1.117958289033243,-4.900134707613613,7.378884824954842,-1.3002532082897602,-3.279964766709422,0.7177030776974658,-8.771816401934263,6.368587520000656,-7.840376791010594,8.968121831726824
7.766923418745963,1.7936265604619797,-3.1438889987635066,-10.02414138442012,-4.738923055601375,-3.583135105875831,3.5311525731139195,1.4784223439350646,7.032357024069582,0.5906322284308809
0.9235300960935955,-7.1705530628255145,-3.9936592826781596,-2.5439135127702515,-1.094431071095435,6.841377003829645,-6.3601769117143565,0.5120146750954229,3.1455889111663957,-9.150367885620357
1.1518842161118452,-5.941315130642206,-6.940067461638858,-2.759911526461591,0.2622956614909937,4.339651294230931,-5.606744439215954,-0.3960776783067943,1.4794881120519812,-8.125050784960607
4.66216889289897,-6.818850502849931,-11.675647521710447,6.720703673869781,3.604680965907084,5.663532879636066,5.838702326335769,-8.370882307288891,-4.241184203098793,-7.097713504629471
6.30678306167437,-4.694204542859029,-8.34089181433323,5.618754426905464,4.387177842463993,4.177831019635711,7.073050885944034,-7.215660665212387,-2.6626139901372867,-8.301974555708663
-9.041080804185718,0.06105569955820345,-8.084241768110031,6.8243783595746415,-4.749836305939165,2.8747277780259237,-2.8126904232192866,-0.8164428817663689,1.3642832352330783,-6.956601576485716
7.999807134063651,6.084333352437665,8.918878744700121,6.978823650691445,1.1691180408861483,6.404033272513933,-6.512705531164032,-5.064922336640088,-10.384599231967458,-2.694485711942917
-2.438758747786959,-5.509450561263426,6.149032442483426,-2.779363725372001,-6.1682674706794565,1.4795784246104662,-7.095494651568384,7.04448357254995,-7.900849572633225,9.857687049174235
-3.6284384744932523,-6.67572111808004,5.596112694428918,-2.6255525753853757,-3.9597961590959225,0.3554836819916963,-6.255718457071778,4.908196722185725,-11.436046968913153,10.020292382752846
-7.039501997109422,-1.3408242819243843,-8.678928341439983,8.300673271638964,-3.5610362830487423,4.057864869462069,-3.215398008058759,-1.2828643739739398,0.8452050502571223,-6.860803149393115
7.461816777899528,3.1498149181767188,-3.624264268308238,-8.024817591612752,-4.476160130334699,-5.178585655987851,3.138191561425934,2.2483831059335033,6.1317313637536515,0.9946710682929427
4.618154240080494,-4.924358557682854,-9.988833045131742,7.0837186659237386,4.5370057613232175,5.639388194815266,4.490230337690391,-7.613483780371552,-4.693274082343811,-7.63949204738372
1.5144611130461123,-6.769302988053447,-4.8052394631834145,-4.584405345045209,-1.09916285006827,4.346974175573734,-5.802204472844486,-0.9024415640110917,1.360278574068764,-8.88840394138571
-2.1036963848010015,-5.139969247732498,5.919347660047694,-2.707522658575249,-4.61190971829452,2.578199912334235,-6.382784988343582,6.588943874548483,-8.686467927905998,7.711715283533836
-10.889898096887283,7.5451785603423165,6.523965930658369,-5.737519990476718,-6.14484134910069,-6.778230318165669,-4.115794439634677,0.8626390431853594,-0.3206687345128463,-6.130465966357444
-2.210444714687064,8.262495078103138,4.213521240022558,3.121615393137487,-6.766356780613505,-8.318387571593313,-7.919098822060807,6.655378829959709,3.895598011081721,5.241499621635557
-4.136740060935913,9.062371074859703,4.8996013379495835,1.0688530588363234,-6.241034732373896,-8.541629655544906,-8.904407555283328,6.112506715736247,1.3704641270620166,4.208850227237323
9.036461528435895,5.967447406331328,9.705914078432532,6.147083840221869,2.586245643875958,7.9798335149047785,-7.104860184663057,-7.919617965433273,-6.650155256668032,-4.37953331774881
7.303783806899502,1.8530583248449075,-3.4569530813969966,-9.780860263506316,-2.730571093310501,-4.276866317647953,5.791527209636598,2.6900237015038835,8.600408040268839,-1.3230134624483403
-2.116696600216995,-5.342743208102913,5.826872155590242,-3.127023666491088,-3.3004390281843516,-0.3459541495348779,-9.020281532917522,6.405994605650099,-7.9273743751455035,11.705708178809614
3.1675402453446484,-7.460283902694909,-9.950666188814552,8.999316292658351,10.141914348057654,6.322797410639605,-3.6184199806588255,-6.904726792136088,2.945523971012434,-1.416920211881003
7.1153281398086365,0.9756568514066088,-3.699751597452038,-9.08495139528266,-1.963497907778894,-1.886965918547682,4.677521349836341,3.9625058585749504,7.34651236150087,-1.9829454486852736
4.909429507318304,1.1333154720647902,-1.2231531232396482,-7.549265586347803,-4.3632807804111495,-4.984765729293496,3.3426165042401053,3.2603104699459706,9.72118320848344,1.3575560134660776
4.391970766470682,-4.989142292955185,-9.414786560298337,5.127528786032099,6.205694460874607,4.369352043234939,4.091120433060107,-9.277458949580021,-4.339576290681155,-6.323191891810502
8.60284930669066,6.802296841531762,8.058885998688714,7.839632845142799,0.252710641607617,9.590518115975282,-10.142898164812998,-7.723153332403715,-8.044637160952536,-1.5733317051681557
-7.776343076609028,4.563996702162006,5.647279471261113,-0.19190884246269313,6.1193976529187095,-1.608081885375687,1.155827941313048,-0.8502262017120517,-8.070369939359944,-8.704273948054706
4.000603540382111,-7.972285046967781,-10.841047464120084,5.901551955721335,5.333094077608537,4.299725192836559,5.680180282690807,-8.10120245333052,-3.854256289285567,-6.222729977619135
-4.124329438958259,10.179025482655494,3.905287259430052,1.1629172469263511,-6.679057993920328,-5.731472243847231,-9.854149575614407,7.3852027653466745,2.4511167351947485,4.854557163184053
-10.321236152192487,8.657964790691178,8.769846381853545,-4.775370221780145,-8.748614354551023,-6.897168542141728,-5.7271444783713,-0.4555620607704979,-4.4996142933917245,-4.3124067737331035
-0.676489979206125,-3.6351471071490526,7.236265388467469,-3.1587481321309028,-3.551822216395643,-2.063441198138095,-6.740614137012248,6.204061682743541,-10.39520269162248,10.143991714742514
-9.030901557232765,10.030413357271737,7.331191598068095,-4.80664078286109,-5.759449010936365,-6.741939214470235,-3.9859919887253357,0.5862534998981341,-1.2534001780510666,-3.1771995400674315
-8.819278458641676,8.870807981600265,6.643746183981211,-5.354454022009663,-5.578315573547611,-8.109590765301524,-3.2004094909203005,0.2614045747930318,-0.6536419162933041,-3.3984855036843324
7.1340755982399395,2.0417849841939897,-5.158129383509167,-7.9537371166365105,-4.487296281513519,-3.0069573626939055,3.9126858329019045,2.2535170725951104,8.17793899077869,-0.9048486610988709
-0.22086114259196288,-5.409861546970804,6.001328669271372,-2.503751299086576,-5.16040066499017,0.23590659079274912,-6.706285918998117,6.944781970060645,-7.233059173625721,9.545124318252745
-2.465386151073641,8.867284126569833,5.6037579530230115,4.183692685532083,-7.437118976159104,-8.249912572855024,-8.926609804987265,9.903232253153021,1.2186256668944448,5.800568361364976
-4.534340209710358,9.20074044296775,3.9780923714597134,2.825603018736956,-7.6721479295839705,-6.994846034742846,-8.333340477655554,8.189278109668825,0.8220038278083994,3.8269503200799604
4.26945163858198,-6.651372793065943,-10.930123322500584,5.30089455946233,3.417082382754642,5.48614751532529,3.670860453378544,-8.08562268533922,-2.5727380963043496,-6.714275045412475
9.05724966329335,4.44181715827057,10.11195250880563,7.058539988311463,2.744798168338948,8.624320937993811,-8.199298010451146,-4.5941791066519375,-11.35605451871682,-3.6895982815578177
-6.864320492193033,-0.5972162164652999,-10.646196208683524,8.749861563176882,-4.558550719491377,3.579105185251955,-3.1399398206760707,0.8580019508641614,0.962934279336897,-3.911458226637366
1.8020052942117302,-8.688125042263348,-6.448399836179702,-3.781260224922949,-2.448926129912297,6.040231523280884,-6.5246584134996635,-0.2535483618025566,0.8638783310656377,-12.303557178112479
5.285704726178206,-7.532788238158224,-9.943298840434174,6.37769664616719,4.892220608749229,4.126378010535542,5.699881938038404,-8.614519714432003,-3.248956165316191,-9.353196104637775
-3.70858180566534,-5.324837050810152,6.041384265289274,-3.9476030140928704,-4.163833292135947,0.7748993819582499,-6.3918102596859505,5.598079780155206,-7.950922357836082,9.24546793798668
-2.8125904699734168,-4.830585299127375,6.248456958633798,-2.84106844790372,-5.667800892564463,0.6289167600416081,-5.729858198986008,4.951411453269361,-9.838308408319616,8.489050404348118
10.226454989981258,6.74591152076937,9.495634530522036,8.027775131682509,0.9839060217364262,9.579112873889281,-7.650640643324597,-4.05546414228765,-10.249878172029145,-2.6308268834873325
-8.716157008399897,9.72223348594642,7.472955712864142,-5.917367199156251,-5.161568986318445,-6.323121360299252,-3.857291093382489,0.22953599938234587,-0.6766491495212573,-4.596616012652074
-2.9577404595806116,9.252841081972061,3.3493174142818827,1.8299107685765394,-5.783080072921017,-9.071363444441229,-7.303845654841496,8.445897134201862,1.5625356190336994,4.704842383792719
4.975605733173444,-5.5158479326031005,-11.06184522767874,5.894723626630363,4.173485817229876,3.6813939362628374,5.643513801753175,-9.663314194111457,-2.5620346192795362,-5.940768505110127
-7.177428828511694,5.532564178173245,5.764840764496104,0.5236031327926678,7.530446513497694,-0.8195553067789414,0.06706420931385809,-0.8516838124857347,-6.5963177772301025,-7.440586008642194
-1.9966774458754468,-4.1442475435329325,8.37875428162745,-4.638506908341391,-3.6370879071254563,1.230446411104473,-7.552355025750567,6.370166350801091,-7.768158150574666,10.320901444493149
2.5851042158906523,-5.593412736937069,-6.976258429573681,9.556623768839566,8.460306983038077,6.020570737131403,-3.9830768577921436,-7.531917479891162,4.07282856367708,0.8534465259035366
5.720821595416079,2.5579615215149185,-3.5133565840061927,-11.138550183931613,-2.1623948712503585,-3.8220280407101583,4.332851484540742,3.285826398267571,7.693587253335596,-0.19172151012487826
6.294191372384523,3.0772768829498567,-4.72127485185021,-8.094315694149136,-3.736997046744414,-4.915754323167526,5.279789234747621,1.8552890431911617,7.590944029776288,0.07446539235598837
8.295095011747051,1.7776707247879013,-2.3262056175228976,-8.908622102532476,-3.8600541918138767,-3.754933204184088,6.173441460176218,2.296785392674254,7.167590205270641,-1.4129312484451708
-3.5095289476583247,8.33654115767347,5.153786685887017,2.15275146588033,-6.528997091877711,-6.390922463128283,-8.20360628807424,8.433222757454926,2.432118891792688,3.9201939013023663
8.279360381622185,3.153690395367982,9.951896502496677,8.570707470800889,1.8310131419417877,9.512043308908321,-8.961647375908138,-6.785835283700246,-9.939591945483407,-2.925771409618828
-7.419722449098986,4.924346012836938,5.8289642021836165,2.7598503578715134,6.462479334933425,-0.10629674878527025,1.0953386552293436,-1.0253564877319452,-9.327210884762245,-8.71076989208064
9.724814612233375,5.756060132438558,8.730304006400225,8.757289433789916,1.7009565501431643,9.82903704022395,-10.077747515979173,-5.42353172764134,-8.607083109541882,-4.167959941986263
-3.5084998553476607,8.509511206970105,5.480498862732654,2.5199032521421114,-7.118559290320964,-7.246934005090634,-9.230085905679832,6.4011127310002,3.6376759243336174,3.839131086709569
8.651552025028229,3.2633719049230656,-3.1910256774860937,-8.564638928668234,-3.1069373382684944,-1.1700147016247855,5.472647765068642,3.047316986977349,6.517153838438377,-0.39118246469888185
3.2631653310638735,-7.649036110948346,-9.024422469199417,9.373515685796875,9.182225834674075,5.921123631852664,-5.108368348853682,-10.127899108515033,4.502526955192773,-0.9537285519557472
1.266860663823886,-5.895534285927133,-9.671371879905031,11.111356349748563,9.426809744979316,4.944639914542718,-4.4217208948609255,-8.324692058162139,6.097037184166983,-2.0815390720174696
6.26336283165634,2.5319068725551657,-3.6960251063860947,-8.586806337313766,-2.8640444591832965,-3.625656011892799,3.879892492099465,3.9076334822228973,6.510222599070881,-0.36639763814057197
10.270225113766022,5.589504986277688,8.887263496410041,7.023763580699301,3.1022043741258383,9.482031278605518,-8.640709147648106,-6.204631211100091,-7.681233549098913,-4.626964205782168
-1.3092885422242744,-4.80522138789119,6.765378259165532,-1.7360609734814674,-4.24959298315816,1.021627987280425,-7.975456543130246,5.509516053401695,-9.52180276424552,8.999721143530682
7.77298698608351,4.108483374675572,-1.2662639982355426,-8.272820318898669,-3.8689275574960336,-2.1800862526743794,5.759288113772841,3.63296035961314,6.164914420312409,0.6524739064089957
3.5817430676782047,-6.558791834963959,-3.683889963483654,-2.056368843595807,-1.2786577495418063,5.648417778127952,-6.908841511427348,-0.04835100746668625,1.4816574985719169,-9.706297115221709
8.887229471744105,5.214606995217225,7.714649426564183,7.082615897955656,2.724606487385913,8.622827803829248,-8.38248750550181,-6.077719934301996,-9.14101497836465,-3.7025244894663567
-5.751302464151953,-1.161479346989237,-10.2525617652052,8.627287939813124,-3.3505210774929157,3.2483483696966955,-4.995096499024284,0.19274318691834313,-0.09572649344619966,-6.971757182358235
9.009736267762843,6.253466706073898,8.294156594452332,8.872046567815282,3.262972017071464,9.581156542442805,-6.2503453557921524,-6.171075033908208,-8.918253147820177,-3.1727303369720725
-7.261296142654707,2.2581635767367287,5.72770371545552,1.2541511829101446,5.914479070213404,-1.7532151825517464,-0.7800629706913274,-3.324166421723359,-9.345300035647183,-8.187241324403486
1.634836861498419,-6.779269083513853,-6.179260494649036,9.112617861404795,8.718226962913214,5.022879045846682,-5.733625710645192,-7.682973446026132,4.339302523067641,-1.59364630517318
8.973950188249592,4.766228483457024,10.812153690112387,7.9006454460035,2.115770887475371,9.158703748324275,-9.445510941568616,-4.983795485330872,-9.703300352577093,-1.663377098619564
6.898655271264044,4.055651979135524,-3.493503826495599,-9.62825923951518,-2.8034007530812426,-4.218871165184346,4.483056648861582,1.8465227301395148,7.955688356953027,-0.5159212241533633
9.086454283038771,5.322491093493209,8.587891924845854,8.244145779527761,1.7316651598310264,8.551610774821436,-8.733708084374316,-5.7285231617377335,-8.781611189884671,-1.5955075470505304
7.435949001967941,2.1289662730986794,-4.2970292052990535,-9.135201353541559,-3.1758277220780218,-2.6379208503633316,3.918266552887433,3.7581458833170283,8.313318925349312,-1.4427856979728706
-9.408687841452029,10.743344663692302,7.008591791135224,-6.251851682222928,-7.314685026245944,-6.673731623177459,-4.92208250175439,0.5429539524294402,-1.9252958070181716,-5.669454989328912
12.243100200576118,5.726027661942183,6.884405252420006,5.7436961067107655,2.6884984064854525,10.922516676458864,-8.511124443562329,-6.421162343675605,-8.664680045591643,-4.291689793079821
3.3345428658007537,-8.382056716182358,-5.976158044598185,-0.804235946053075,-2.272417963533486,5.887638626188442,-5.937439164108534,-2.525939548345851,1.580974354073041,-8.622578496120935
2.6793395327778997,-8.075422062094015,-6.549088918851777,-2.325802837241685,-1.0310999939692,5.136848634898833,-5.242578993117339,0.2397692301177994,0.5290963244730504,-11.002444034696266
4.36880253991956,-5.100898160163232,-9.331707836263957,4.613226381905069,3.6269798915460916,3.422306772096463,6.286937130227762,-8.968752701504275,-4.375112851935097,-7.512453741726826
3.0228905034556295,-7.1965947176298695,-9.288147189992056,8.098036931652029,9.863923994266775,5.167808041089264,-2.8243324729492345,-6.723584411526779,2.805644261292686,-1.3824986598008269
9.271470121756392,5.047834415558199,8.18075535102022,8.811834334046257,4.468743046769375,9.553688342205882,-8.257106326319013,-4.820834991660972,-7.382551571478436,-4.88576416704501
5.815462713855864,-6.635666344357674,-10.710035033178924,7.199036620631088,0.9259282665138775,4.150261724384097,4.091168785983771,-9.387661403662014,-2.586935505525461,-7.887851454532451
5.582523249641232,-4.624639861321868,-10.444458676616586,5.5548153245159675,4.8328237453095015,5.789398094669409,5.372616239502357,-7.848667057516253,-2.718238665040514,-7.933863415601927
2.3578481269487,-7.96014546852488,-3.0021094687540195,-2.4791013696093667,-0.8756743489798429,5.8814276192719275,-7.077192728249402,-0.24296500790610476,1.8518739790736332,-9.265655440624725
-10.232650381105936,6.659056837102414,7.834998290050734,-4.212893806614591,-6.916677901205258,-6.585861509328558,-4.669017254500207,0.8777821841222488,-0.23616708185444435,-5.918189169920202
-1.4330109107160491,-4.735353550548297,5.040885441244383,-2.0351504581792113,-4.2116451852504095,0.8761451268655618,-7.6475635205144625,6.788588564197111,-8.160490873976084,9.50091068920805
1.0775223439971011,-7.490147019880933,-5.021279108469602,-2.6601086699775114,-0.8514231479868165,5.082187504338293,-6.377037713426676,0.05383980036852204,2.658137438360277,-9.219421146664232
2.355407960102767,-6.818571611699069,-4.019765704730532,-1.4831204886409302,-0.5329799710078347,5.6414305296459855,-4.964333779849788,0.5179738093601045,1.9697699565699076,-8.756969143113931
-6.955444812731601,3.576746305753585,5.962713779804681,2.1945731052450466,4.547184615378331,-0.971807434821354,0.5683121237262883,0.0544769735471613,-10.08432648926978,-8.245367924890804
-0.7867184601689068,-6.182433507939545,7.940620616103437,-3.7422759948261577,-4.439231009415897,0.5587052753407398,-7.701667986999954,6.733723763216288,-8.514176339733392,9.07003997186146
6.521186671246153,-5.211863437293017,-9.610938795666051,5.257461021584202,3.766913282476483,3.528059093585013,6.585774755436055,-10.093834323690796,-1.2363142409500938,-6.394965932098211
1.771912963970575,-5.779738253692745,-10.04385492107561,6.83499089866812,8.879356487863333,7.098820251394913,-3.6521649175457833,-7.189266215749306,1.6683662198199722,-0.8814533168844814
-6.698602970645096,2.980718258101365,5.702187370548065,0.05952956201417181,5.562144138480222,1.094479627817623,0.6678547675550335,-1.461757282571348,-9.265586365620592,-7.178861968049516
-7.00415037853055,1.244507815634749,-8.793348901990298,8.214492658614239,-5.585819335877083,2.7719403067557193,-2.9557270814867644,-1.1004660953579024,2.0400128902783896,-6.584054615503992
0.4716889479749822,-5.614410382965361,-9.43135088588949,8.070214364330674,9.277002100559518,5.523743964009283,-3.8076759887548417,-8.249277749308993,2.4846649501494946,-1.7081479237693578
10.60507168789028,6.785370425392511,8.32366077411058,8.192358943961437,2.0338385790696645,9.097023226053757,-8.519318204192578,-5.9873685945260915,-9.023182744169555,-2.961130984819015
-1.4589403040096478,-3.3676743950954013,4.412942319225163,-1.026627949976708,-4.3933180428892245,1.1437748680418078,-8.653928336089823,7.36476536524566,-8.30873703323775,10.876564971781645
2.939395985379786,-6.548436662159416,-10.406194134864963,10.109998119905605,7.3096922476259945,5.75115531119088,-2.7002988673759383,-8.403100148515108,2.9909640377787334,-0.31768622004141245
2.6947036919168843,-7.4891361837999595,-9.313158558419902,7.324776182693706,10.35240295109597,5.826328495558905,-3.4414029673492945,-6.624299211295995,3.904530672617083,-1.309920601157041
4.1120013293202335,-8.249585675659866,-7.873015931368464,9.720720439116743,9.175475750617071,6.955220657145444,-2.97345059889604,-9.428520504859327,5.434427036123967,-2.755712378346115
7.032575297225832,1.949062468514609,-3.3964914645475432,-8.313776854744424,-4.909237572892886,-3.7407839209495437,4.542589003076071,2.79695268299699,7.599711866827798,-1.4914835022568673
-3.4079816713758784,7.683972502459332,4.450758445451068,2.8948197958651916,-7.007176311528804,-5.3689546630286,-10.289503446687569,7.311433967652649,0.7699067904510566,4.5250834385458765
-10.61800635371701,8.914179919617801,6.644779978887001,-5.794477439084537,-5.6137551804196395,-8.346811035437932,-3.580828086255742,0.20514727820811735,-2.1996002435416373,-4.917903973808761
8.211257535405933,6.145206311902882,7.089913884365814,8.080785089150659,3.723592270047203,9.118035238281417,-7.555850712924506,-6.97776942656578,-7.326392168636379,-2.116675290132424
-2.9576787752615217,-3.8958074515205428,5.6624339357199505,-2.7911412962300863,-3.8217628719500096,1.0042455497601908,-8.077430376074673,6.74288452908678,-8.594326834940532,6.865026515563896
1.3469586613016027,-5.791665700775869,-10.047002391839438,9.076940368447739,9.445148758333369,4.35714738400954,-4.348748437056195,-7.790858181824179,4.113388523537205,-1.4012573338081389
4.7800894999532275,-4.4658949133502714,-10.015733658991667,5.971725271483575,3.026357693296042,4.777428652018328,7.679789327754854,-8.105518674916189,-2.560248557165643,-8.349222435286563
11.213765420829715,5.935099577646604,9.320574496173107,6.820064958658076,1.5728941993772494,7.704848518414723,-9.295591698512196,-5.41644962552096,-8.23093835602056,-3.0944561905672643
-11.523274231324422,9.248835547590245,4.2813751626351575,-5.399447155543087,-7.342800886140623,-6.168549448015523,-2.601080159284641,-0.45362006262324284,-0.29984336864556727,-4.608806762725314
1.592129434125292,-6.416860291004133,-4.912567830688519,-0.43964721699398934,-1.5715573201904958,6.729606668820277,-5.16273433095123,0.6007765903811664,1.1777482158241668,-9.222389237541455
-10.195878905863507,10.966379472767212,8.096649234466302,-4.8145777637555325,-6.53961308981785,-6.2489223841188135,-4.046080945935372,1.6233684159135948,-2.236942033652795,-4.981216850923366
3.294485181561726,-7.290938360122721,-5.899189487001601,-3.127983715008871,-1.1373647275316592,5.206466741024591,-5.95182949145818,0.7261085281651831,2.701306565484347,-9.349111609966378
-9.946713689596839,8.173197154579835,7.825386069796201,-6.336939919997079,-7.449248366639537,-6.302113637809899,-4.555309597643857,1.9788725428484641,-2.095910524691876,-5.574645455263792
-2.7121902541983838,-5.314265049502754,7.615622376447045,-2.8364133142414034,-4.372249752495629,0.25544143674085085,-7.242961181425255,5.404984764278023,-7.147275670178586,10.454798884265744
2.7368795304213993,-9.20126293591383,-4.51833722221001,-2.550272208751711,-0.7912428903990169,4.97270610225152,-5.761232614195871,-0.9578120686471547,0.9033826545557828,-8.425194103996333
-8.486572252297742,9.890190530076381,5.042596027606478,-5.35825981611117,-5.290571041350641,-7.185309276970435,-2.949828473648119,1.1994648424988361,0.49094041765598484,-4.59320020855278
8.54524818047525,5.364624269753664,10.075883751949071,9.67599560082309,0.2575051375953108,8.467729528136983,-7.957236773795573,-7.587872777808542,-8.292862857371075,-3.3771307073205397
-2.002956633746824,10.461591827590128,5.207982041356748,0.9235141850307909,-5.517064338438818,-5.239495029787659,-5.686271022123925,6.200028882259105,2.2651822480144506,2.0793528527319216
-2.9668308723903656,9.199974708617061,6.149009849632652,2.578775916572045,-6.371018817917828,-7.310418913230589,-10.322384421560345,7.115054704958295,3.228908389728091,2.6342836993312613
-8.274527937512143,9.382725402513147,5.780877393480104,-5.966811028639519,-7.8961846267817215,-7.460500476028358,-2.9427111428912354,1.3679160471143672,-0.9980953423516084,-5.896494716999631
4.526366495298122,-6.442170632956412,-10.601988061962205,6.7394623667951015,5.549595103639668,5.765762677158905,4.992476460303423,-7.264299897573731,-1.6588633946532763,-7.871452718251299
7.500526850789768,2.194539825358169,-1.0895229291503195,-9.588517639524776,-3.974192738931185,-2.579851126038559,3.7739895805144386,3.5167615190396644,7.264783369357266,0.4475347643840344
-10.395901454182248,9.174724538002947,5.604016502105365,-3.9692951912327077,-4.682008198439972,-7.215778698072053,-3.7678571404201615,-0.1853654151192904,-0.7461549881263071,-3.6657341187968324
-5.448177324469532,-0.5259257873022045,-7.036373695818766,9.016227809067331,-6.217432669708488,3.464479524890672,-2.9018041997999195,-2.0241224749964704,1.578656744778975,-5.130189709666347
-8.137153303092589,3.449599558315951,2.931049500517006,1.3289405319158998,5.3190336160532405,-0.5911356816475246,0.3286803516079687,-1.345789049636413,-8.478518789673883,-7.199641708148539
-2.3949699743907105,9.164587889660199,4.276266624014245,1.9162240602196645,-6.571825422259211,-8.590277985932572,-10.186513178741723,8.066787009521418,2.1931656729921176,3.97746821956823
1.5210296888913912,-6.4930871467256654,-10.998325836531471,9.147537417650353,6.881519497519559,7.255887215597774,-3.3858333823975024,-8.325222491296909,4.247380390325216,-2.1750243878715256
5.493222131754169,-6.875706060459671,-9.51982451276462,5.740116528706198,5.365350703308216,3.3855778573800404,5.285934117666812,-8.854021256895704,-2.5997955064440794,-6.755914326670699
5.502903064511437,-3.436883250934902,-9.681838392671848,3.562725716406237,3.025115268217199,5.11226264008945,4.782097133777784,-9.100337233147737,-4.069915273067275,-8.159351280147735
-7.774176892938425,4.311380889541411,5.0115725764838155,1.8230522549647228,4.333567431086959,0.3882080766037761,1.5937629143834575,-2.2725129775249435,-9.090948453763906,-7.484793945661065
-6.411030518447934,1.5879215304069416,-9.53882874171023,8.295744945172988,-6.333249051629158,2.836058970970605,-3.2553385002107866,0.7562169638139937,0.4265377376558862,-6.577154397965906
1.6841338782113557,-8.268269218253575,-5.3341386607487085,-1.1104086247529363,0.010387433524362555,7.434037179688231,-5.466573456077703,-0.14530264034260648,3.1716322997307875,-9.104059746961813
-9.44215022661027,4.68254455869308,5.020433622026201,2.8369685038136763,5.066787572930922,1.0191428239841218,0.998494674561596,-0.6275725473004228,-9.059204989911827,-7.38783953940952
-5.977354178346171,-0.4388426531132209,-9.431145229172223,6.867752132357775,-5.018255524296945,3.7826834239311573,-3.0032678655191156,1.9633011607429984,1.4544404826910537,-6.025997693689756
-3.1209667139580355,8.97724933114991,4.210576611710842,1.280748704066876,-8.285944654823105,-6.963215165904641,-10.343048130667013,8.083578879188305,2.1047399877986788,2.7039000564559785
9.28820303810755,2.3248915645175114,-2.5488215651670973,-9.34951427655221,-4.384586657366057,-2.6663752276633836,2.622249782996697,3.534324401643339,8.268728651308889,-1.085855912110935
-6.619061063698618,4.5430637161449985,6.215638494728242,1.618728183325374,5.048054361276133,0.24532774353768944,2.5517421388467096,-1.2453612989192717,-8.221447737557918,-6.650791741520041
2.0131111768364858,-7.425118766941916,-7.525067208720202,7.959673073143851,9.630799988901073,6.581594860611595,-4.856346517741554,-7.973453465491579,2.775028357498435,0.1940923498479723
6.04659737540371,-6.722371454163001,-10.109343908465812,5.30144337409165,5.599385863527502,5.5573238394008415,4.6114895948702035,-7.900231448823302,-2.5520930942775317,-8.368571734996673
2.608111632662953,-7.945097888216429,-5.003505335073324,-0.9286599496601875,-1.0923705637216294,4.700217396884776,-6.3656559849416805,-1.0157614606496812,3.28217584543712,-9.76667248976656
9.449854266995354,5.329828511545876,7.571916985844334,8.460428561507573,1.8788545499509044,8.3591710170329,-8.135706633462954,-5.85913022169985,-10.834709867706762,-2.656370378363781
-9.260499040509828,10.350675200192692,5.837958879808186,-5.386403743149034,-7.103990762190146,-5.467085364440313,-3.763752092857513,0.7935804466261971,-2.143698224576274,-3.4683848364283762
8.212367756843687,5.130944205056639,8.866354419986349,7.634339884106476,1.688704350353408,6.714741375808063,-9.38288411010125,-6.483282600756369,-12.188679896734403,-2.852749064724858
-9.40621186826809,8.362235114633247,7.084800445723908,-6.51515902456956,-6.505209377559812,-5.454083771692198,-3.1243958285767164,0.4730985601278168,-3.1292306598644037,-1.18260662597852
2.7807120227281965,-5.6082239953691815,-4.945416294070601,-3.5429262919060682,-3.5585848016237493,5.409952391269386,-5.105412575770634,-0.32707909392048684,3.991736195784498,-9.327586581389568
-2.9738149203511433,9.21544578407116,4.923166707774244,1.7142647102366546,-6.292933389675995,-7.355013249898471,-7.967030459178766,5.977543235251955,2.1486798144105874,6.100380554979194
6.7833983134126195,-5.809280184503733,-11.244965009381051,5.638668058807653,3.7188797020932274,4.776240301048483,5.353527085382621,-8.023877161874687,-1.830712598471614,-7.337874231306451
0.275087945181135,-5.069239537371336,-9.68234486324309,8.025312359936192,8.984087409700889,6.059612114959927,-2.448744799700748,-7.777134267817421,4.251126014352672,-0.9224139376246914
1.6567028915948587,-5.26279430005488,-3.889410774936975,-1.819652869676426,-0.9841252544302347,5.4354866405326625,-4.343482097236688,0.8244124480105396,3.2996668383112313,-8.815663573855002
6.852251822135741,2.863765926317001,-1.1268832084339233,-8.482160284370673,-4.102427625011349,-3.3076619867916115,3.279264958309236,2.5633650194851905,9.44833914065158,0.10628850120293099
6.2794283707060305,1.4356612912117217,-3.0733111754161104,-8.755221948003557,-3.0178369851472295,-3.738397002159776,4.382464690163777,3.5169023671820456,7.372147260521435,-1.995291895182067
2.6112746292500684,-6.842303218515298,-3.797621089521779,-2.2573835116201764,-3.261712496745204,5.4639949109492045,-6.044417188627495,1.566184167525645,1.8959642718631458,-10.717503132201987
3.993305718874316,-6.324182095327974,-9.56703866271951,6.916356844453385,4.528581221946605,2.8250536193896125,4.863233001298186,-9.18135645468572,-4.140853362357905,-8.518552210601166
-7.628761212664155,3.5675597403946018,5.614562582984095,0.3896326351598468,6.469917499443867,-0.8457374493076758,0.47740008740140677,-2.194972458328155,-9.33288113217826,-8.873932081805876
8.99439414374797,6.664189368433928,6.3293602090610515,7.512817463268045,-0.3944378694077755,8.676047373391777,-7.467968375762683,-7.431448955830897,-10.31851180568063,-5.191693216445168
-3.12260028659369,8.711816441710193,4.251702017686872,2.1435859063162197,-6.719053210101405,-6.877063573122532,-8.40138958688966,8.514169190285045,2.9718543703054996,2.6765535874710054
4.209637798894522,-8.006412975951253,-4.01109641951991,-3.1009084651189704,-2.3116407202771345,7.89515748291526,-7.188090935935218,0.5048179557600084,0.10759077086051438,-9.470062284843138
7.426013470838563,3.945986822350845,-3.1955119285197346,-7.6196631444994285,-2.735189697269578,-3.6596251408808818,4.5181890499592186,2.3733467612709855,9.027432077304974,-1.4967635132790131
-7.503597192852935,8.39028534781168,6.309093808360912,-5.521610312266385,-5.577094443862171,-6.891456088220792,-6.7481854309519855,1.8543181268087823,-0.6005935075735426,-5.918364726525827
-3.168140182504962,-2.8184467669590223,5.135627693630201,-2.9861515168493926,-4.2078441405837355,-0.028710253152932408,-7.802749865436947,6.840570094416461,-7.06743138389335,7.623128369514324
5.542422590428126,-5.859535349347594,-8.706554667760017,5.104155007694032,3.81855070713445,4.91831796944262,3.8426710312362484,-7.136522481992122,-2.575867553390066,-6.725717045073665
-7.429501883801761,4.174135671600519,4.66526532080861,-0.027859904174884598,5.758286695030497,-0.29414478144166417,0.8895770729187069,-0.9903689126496853,-6.973715671262276,-6.645487785794254
4.2428119604328165,-5.185951701327404,-9.811746310934945,6.090518109371499,4.5111274342745356,4.744741410466644,5.513312741097701,-9.843293984241077,-3.8571105824417997,-6.934338373402991
-7.860346278702186,8.928850576813176,5.362988798728721,-6.258707541878988,-6.154647113323656,-6.273697075846267,-4.308593037083796,-1.4140688263324857,-0.8906166310285787,-2.203072716956961
-2.031258892099605,-4.290831454021172,7.341840575145173,-1.6012898757595526,-4.4043297904025875,2.0304732964930388,-6.629379236362962,5.388357223772796,-8.742225598573095,10.354482755408851
5.708032667746304,-4.674174651811643,-9.858394258160171,7.060767397072965,4.190410808182062,5.58571629119542,3.3870750321835676,-7.630959121428772,-2.161921268180331,-7.836770467580426
0.0198833414050954,-4.251776589243038,6.278826230665369,-2.329097313661053,-3.7855735474911114,1.4385722635707456,-5.808635305459046,6.430032572034266,-7.183574890994236,9.967972845747855
6.79054952221827,-6.465876553228749,-7.608500233888737,6.336724935692221,4.443693153473743,4.312707145031931,5.132088065513637,-10.767202158089262,-2.04319139722809,-7.979617016969957
10.347821161032172,4.368837273468338,9.016994568239689,7.306120054493223,2.6588286760467046,7.639597878966445,-7.4583469586874305,-6.238557562434804,-10.032594745470282,-3.4297034293078243
5.853820848354949,-5.129659023655371,-9.868240349114325,5.238848021593364,5.5845545100820155,3.81192130069586,4.439689554236402,-8.75340788032403,-3.2166893636610823,-7.67881197526928
5.8071287994150165,-6.3047028308706325,-10.217537282276785,6.83395946326195,5.727120726909751,3.1865122702205184,3.981336758925024,-8.25290165292927,-3.1628855154688647,-7.558513037824912
-6.724399565519761,-0.25929583732570094,-9.628775280905375,7.977344059903134,-5.585134214776672,3.5028438937316895,-4.904241069366085,-1.488337363041684,1.1538072686791416,-6.281677823713638
-8.294719599258956,2.714261729969648,4.393453690087171,1.4432555509033553,4.948332424449934,0.8779676118561932,-1.0345314857051984,-1.5779381969040411,-10.258306018348714,-6.8508838996893315
-0.9417163371712689,-4.83762766088472,6.909479879641038,-3.0213964758001475,-6.25917541262597,1.8112699241372174,-9.005998823412202,5.07741901506822,-8.961811756832706,7.784123186001067
-7.962692883309329,4.401857854999243,3.3081189745839756,3.840810608682039,5.451850625867537,-1.3412668282097548,0.5840978784032109,0.04566049356510149,-10.778266858940034,-9.336974086693994
8.717870477531518,6.275922681985892,7.914560326838688,7.9895288707579635,0.6499806017575458,8.293483789333466,-8.793471113547618,-7.302014235400863,-8.305068125634127,-2.646766023533694
-1.8722768523141493,-4.089313069877457,6.8018986205898715,-3.481117071681655,-4.582801706165758,2.4498564465861463,-8.602598877604315,7.9298308955094345,-8.409267280287038,9.557612342033842
2.2913229054736006,-6.154101873523229,-10.423953574425678,6.55344587436938,7.875094880046779,5.687403536722446,-3.331368598918778,-10.38880459027962,5.277512594615125,-1.026384098437847
-7.563715408126255,5.360277119659703,6.667587742653584,-0.028423277357624066,5.067421225849683,-0.4648851281499571,-0.1717081684222176,-0.5414096339607319,-6.620142087758094,-8.955886049464677
-1.174595174009823,-4.900469372445568,5.722997678465964,-1.061974010655696,-5.553055107898683,1.0098122915465573,-7.889791838841553,5.1071053762232435,-7.767330043701325,9.532202820347807
-3.1872142038817457,-5.353786234768134,6.975391772079654,-0.6914506361837365,-5.292326796239983,1.573802246821971,-7.494227877737707,5.569196160283998,-7.4376111166544305,8.894215921150456
7.962347165714503,2.4084337057755416,-2.110497094334427,-9.99608640689766,-4.021053213563942,-2.8110875220940046,5.595871814907528,1.2702317213789984,6.790191929391984,-2.231960917756714
8.211685141116698,2.6444714060497927,-3.592747572975352,-9.539739840879108,-4.223467776163673,-2.2898389399430745,3.754333942862765,0.9080536547309441,6.756721924794446,0.0503411829300221
2.7228050419030496,-5.103182604695977,-3.2686600989370826,-2.7613692404747754,-0.8754023250439922,5.178659767535838,-6.956520060352501,-0.2680620187940894,1.0761424135289073,-8.417623361804159
2.042268273164354,-7.515431940477728,-3.857907263206741,-3.296360014458805,-0.7952549646841887,5.370139172252607,-6.33802374513232,0.3650510942352627,1.8888143195578597,-8.309817706548406
1.6013524472187215,-6.670505435656337,-9.95853086916415,9.334903624061605,6.991155319413609,6.142177606451964,-4.50808131079616,-7.030269777115686,5.439971600876442,-1.5280022939583309
-7.690422821425246,9.284384504826129,7.734075079670067,-5.714662617650159,-6.847159293295556,-6.5786342270457645,-4.083574852838127,1.0987743716054958,0.01351164041886932,-3.81573634835284
-7.690546977366549,4.927689656800225,4.59480517563758,2.1207361189364375,5.452836986231545,-0.08647571814461671,2.329653033575633,-1.2710700081248967,-9.54575963224521,-7.31826945358851
2.0172211233739548,-6.598600320349856,-9.582958039216411,8.757501215432589,7.555217291088432,6.4789860276972995,-6.764000029873744,-8.336047800305941,4.603846683920091,-2.2562908124827996
-1.8900433620475523,11.07178159791002,4.66067254390351,1.2451667427115976,-7.06252363225611,-5.505233174127762,-9.484291935760545,6.52433090884845,1.5395567126821432,3.2081229476621966
1.067742629361121,-7.360270618976601,-5.889601624262964,-3.065964137808356,-0.8443956311212051,4.8488945861052075,-6.463516190658037,-1.1235380000352175,1.9253699886223434,-8.015297496716896
7.233059264651344,2.6159807052328024,-2.5642380746203806,-8.025738754564921,-4.819760832552985,-4.170986822501883,5.51649618404022,1.9683192057809173,8.236152136163103,0.283781073487832
6.336123257225025,-5.211047655854003,-10.268622337168507,6.425976862315805,4.249886628111676,2.6006837848429787,5.023736624624805,-8.8820840432651,-2.989412297967843,-8.208466573365051
-6.838769470923856,4.211428308721105,5.0547664430091945,0.9907705849450676,4.425863458789945,0.916002084476919,0.007720516773514485,0.0202298968542578,-9.246911467728575,-6.436286070954762
-3.8284448176515173,8.811305490802665,3.8398402718304547,1.909645109325377,-5.642189056467131,-7.337411248362737,-8.881151137947585,7.381545650307098,2.87073111706946,1.9145622219363037
4.9117293986392445,-6.295918453524244,-9.592017117010815,4.801273187950935,4.645651389117688,4.921611010653634,5.0761014183412145,-8.24517965772191,-2.402402916290578,-6.247428097197107
7.198821726377915,3.9905049828553447,-3.5596306315696054,-8.873109552725959,-3.473682941554314,-2.8562629113203686,3.3454541138412326,2.3713745800060435,8.049036613012758,-2.4892272358810055
8.796221166629556,4.917215204623198,8.609088376357697,7.654306849491469,3.445448964540226,9.123395820131304,-8.554726698746254,-3.9833308404034815,-8.60379304693323,-4.4623554400482615
-1.6045405060019045,-3.4720914428559,6.350188215366105,-1.9771768823347005,-4.716522599429302,0.7632225018464973,-5.429086712117474,5.7524195613743645,-8.859556518957978,7.867759208803031
9.207787974746648,6.331531615478822,10.721486566010562,8.03585541778891,0.5844729546441669,8.528388557669967,-8.84179284716652,-6.354774778589547,-7.110477339294024,-4.716156807958589
-1.5977559057376172,-5.294830817858563,9.33247610726418,-2.1839924228944163,-4.607280760769761,0.15668714631427727,-7.089792476877765,4.827941604467325,-6.726691862554641,10.168992504411426
-7.903424354934196,-2.221915395718739,-8.730062580958284,8.061173326860338,-5.802793308127015,2.69416662220923,-2.331353161766979,-0.7359797770539382,1.4025147624868048,-6.084952713852055
-3.298152836726053,-3.8070047091651293,7.807386154955304,-2.8650362407316137,-4.314836818321545,0.1613576972953722,-6.114484143713749,7.782120730157136,-8.672780955430246,9.216292203617824
-0.9296254773220378,8.491426101045054,4.2196920191322445,1.6913850750802248,-8.224077702185546,-7.798761539760145,-9.842468523388078,6.5557253503945745,1.9876153474773945,4.39566628845743
3.448697520096757,-8.24276548508122,-4.280418628361797,-3.1629304495027264,0.17743005590643324,5.1807380112941015,-6.048972885844562,0.7915001659352817,2.3935498602669694,-8.184039138126874
5.228575678895368,-6.760503343549094,-9.99629686608327,7.213699232054018,5.266541762215546,3.2049842117743657,5.540347054095924,-9.953372374279592,-1.946468258137275,-7.260234908914253
10.968996853761945,5.84238188941259,9.12246981207316,6.863061541296899,2.9098216292733197,8.364302997921332,-7.5374175834978905,-6.049656398736161,-8.8163357970385,-3.581121501033335
-3.216823517874776,8.302112264022277,4.529213467670772,1.0765274566255238,-6.037643495699143,-7.249316793723393,-11.745315975957652,6.948700858876897,0.9837564140202033,2.5301757404599634
7.087955429030462,3.6099901205026024,-2.8541242668844466,-8.68874199190318,-3.3316968548604993,-2.9751296694684317,4.9611469328862565,2.1760724718334696,6.787565253679356,-0.7789918577739285
2.370623309983568,-6.534458333702187,-4.953888261964813,-3.13116149733896,-0.5292367621769007,6.045618709417655,-5.498912533889558,1.3850816605509617,0.4233202054254377,-10.045444293210341
-0.06638667222480166,-7.320352425951841,-7.98854360620296,7.921866107632825,8.331669742965111,7.118968298507376,-3.445176693734837,-7.669496810243922,4.466089449708665,-1.6221430784808573
-2.7248469181639825,-5.5679330404838145,5.898519441226635,-1.1126602760446593,-2.930549785166289,0.3286597636845845,-9.536166788098614,5.838094578702073,-9.522251434995855,9.243802760520891
6.749552013339907,-5.518917296812077,-11.128719574823913,7.444638630939334,4.4771013296948805,4.163943124764813,3.8833976776692936,-8.084356435445365,-2.994113232080973,-7.526309460750171
-9.04601004468111,4.005027701320142,5.773792835659473,0.7561150904634515,3.7064616909824593,0.6484000313446007,-0.3370392749664437,-2.1354503722676115,-7.810325060074263,-7.445517205842485
7.577291854072976,2.919216430856252,-1.779529016961321,-7.913030054130127,-5.591935469140827,-4.732306991628741,4.997777351297044,2.2969962926279264,9.259381910762023,-1.4928341836518815
4.557723791701379,-6.178577446147275,-10.309446865847297,5.603657371340567,4.2716726166472565,4.943530316638263,5.676178943448761,-8.621367760154659,-2.419576374084292,-7.440454597515631
-6.875151324328307,-0.8641319520794051,-9.340596082125227,7.037224674171977,-2.9981798895385277,2.342787978838176,-4.2888624749064395,-0.32820065459137493,1.0145849870747632,-4.932594389350145
-0.14051193547951257,-6.509900875676873,-1.936785171290755,-2.0665259406298775,-1.0815242721935083,5.648772832184057,-6.427510224845982,0.37473035213919087,1.8112832831676162,-9.912040175998339
7.958554419308818,3.348536043626275,-3.5419474041946626,-8.18401165515973,-2.8356472627945535,-3.30851342418211,7.131163885308228,2.6140108029977203,9.400111129796862,0.5896897699045174
-6.2816162898727015,0.11586434289330264,-8.350390745268236,7.118079870455071,-3.7856440783851584,4.319334962623839,-3.476011333855245,-0.40556166225356627,0.888196758152981,-5.6916197422512145
5.866458288436535,-4.851042001365764,-10.228688517676137,4.480129834367458,3.734079093557494,4.769427102395185,6.428412876481722,-9.040267655554091,-1.1075919826513332,-8.981441188231148
7.1629858940782185,2.0081554728329793,-4.295245389978134,-7.62665591209973,-1.732639999720437,-5.210394750427341,3.6679385780449705,1.7467888894395482,7.462733150162423,0.7001441764631842
-7.795781882745358,0.05925552175584459,-8.327867108113605,6.8569144693827235,-4.419652862684158,2.4225528197138315,-3.9376035228884994,-0.0576628269380991,1.3695637139137404,-5.752607215480369
3.1612678882190983,-6.248646734907889,-10.27124392001899,9.07659796092185,10.824875572156785,6.131005775861723,-6.649214046009964,-7.658342728281249,3.4862040906991014,-3.02604453912919
3.4213573256043155,-6.953403614163422,-4.819042209213064,-2.2737583748823136,0.82894857366248,6.620225700449291,-5.4589978263971854,1.010278943754554,3.2882454186694803,-7.995364951582385
5.554623971264419,3.3460712406261934,-4.56463700368073,-8.184724905326307,-3.013751502513283,-2.7948247857748747,2.7237873826967096,3.873793822506456,8.164593217578004,0.24856424444142033
-7.367469670001931,0.8421489719193876,-10.205298134200602,7.6900449120796415,-4.288762779534498,1.1810064278653893,-2.349194654867088,0.7047527987539974,1.0872373396467432,-7.933423767130516
1.8187192440980278,-5.088240642742441,-9.213832802698192,10.95636203261517,10.098761209089433,7.9654918070152085,-4.371521886182466,-7.6415281154281285,2.7153813318987723,-0.35296087308877644
-2.724451762104028,-4.179393949880226,8.18772157297806,-2.0113815578883916,-3.8143788409709085,3.604870196686633,-7.91392553686424,5.289221778138688,-8.36341764596484,11.25276511611506
10.367919641287743,6.173362232621468,9.374209038157513,6.712868224032745,4.844547637937025,9.488736910736556,-7.713121395770738,-7.244654526014305,-8.147724109055131,-3.994521895034041
-2.0884979920342714,8.43636535136561,5.521025557041471,1.9744953726751393,-6.484206205763232,-7.837678548291159,-9.427659988063372,6.864884279397619,2.8790027151067314,5.838828643726398
5.356267475735561,-4.950861122303342,-9.674014074129277,6.298411598792099,4.375644498419274,3.4525908593088843,4.281653819476954,-10.1073207169518,-2.6240036417449444,-6.763764059654389
-6.769079265485004,6.33410987337928,4.738203386766369,-0.6173621785202354,5.23889525873135,0.3325922661651322,0.012617725780391664,-0.07738596473688086,-10.151756950199411,-7.9430567835973935
8.860332673714305,7.191749598299681,9.201646159499687,8.683708526571147,0.7989530336923458,9.094129224999513,-9.64969150473249,-8.06016411721778,-8.368630261608372,-2.058948215100224
3.9815534438074778,-7.271488827059076,-5.811617424208383,-2.189914388378057,-0.5638377542041169,4.652197413621043,-6.92874363396752,0.2599911251872403,2.198039192488831,-11.541655028479447
10.590941553704928,5.702250390305481,9.550913408697408,8.250505148531857,1.7375901930056976,9.366953261761926,-7.8848337643862285,-7.0413218124643295,-10.08466560559862,-3.3445666557030784
1.3194183651272757,-6.160510678237782,-7.512075062698512,10.322895400412964,8.973435896281304,6.4599128247871285,-3.4620811120424877,-7.4253016256687925,2.8065254571704936,0.623630143056993
2.1062694149623242,-6.755096498821764,-9.414512560052938,9.515172831791867,7.764378993260352,6.944034335191786,-3.319889494666797,-7.46148751741395,3.822885766744978,0.33602812232311163
-7.968952905865656,3.79827166691034,6.693727381886851,1.3953063138369293,6.323539413167469,-0.746735424389926,-0.2704880616306027,-1.814552816616012,-8.821250857085232,-7.791271371343962
-9.927840270749938,10.359129221848148,7.295757339265002,-6.437658188520659,-7.6912993293374186,-6.6204427036131195,-2.3997413254610365,1.6416157913777956,-2.473427096828266,-5.343174611939082
11.303356440748944,6.7021539179474425,10.15933219886155,8.204979389482576,3.1291293517315966,7.4286534180117085,-8.898193866810121,-5.3145289376967035,-8.799609166565423,-3.641772643232482
7.240079681596517,4.02676369338125,-1.860651406661197,-7.468688039310964,-2.950342459137446,-3.1789688990529164,5.744087656106878,0.7402630745300809,8.734042770430415,-1.6767066554615728
6.98792811994186,4.116732766862306,-1.4749404193012412,-8.670462473146317,-3.6839758176436703,-2.2707402865506925,4.4416116469704985,3.211433258628491,8.583844917137647,-1.6316376986985301
4.092176467482936,-6.831896501527653,-3.6775964663543337,-2.1331083597810956,-0.265973938322168,5.6206322439854075,-6.327270728311652,0.45150482779051004,3.0050953261543225,-7.944753557163661
-6.631585814394803,0.021535778369468003,-9.546072792829765,7.71018416087068,-3.8180647988945324,4.853815179087017,-4.961131036911414,1.0233126660351468,0.5618184014429477,-7.770183287681572
-8.572917785408727,8.22636574276736,7.675913242881453,-6.401090076080998,-6.001050774263462,-6.841803755796956,-3.732984513097144,1.3870062672150318,-2.5881137044462212,-4.8553230927859925
-9.696449104475368,10.510297662461225,7.334142900719404,-4.351208460515355,-6.666385899656981,-4.985810008417066,-4.108459367257216,1.9667137152146512,-1.3829563745998088,-3.4681858222348847
1.247903376454603,-7.62393290558106,-4.044470347469996,-2.6260813999642045,0.4017517051778552,7.244976422692527,-6.862609228833717,0.395957287439722,2.5225396856656155,-7.554644279800848
2.64248354561924,-6.375503136553333,-7.994629539146814,9.85592474322166,7.570924041625084,5.313637311914858,-4.139100574022626,-8.069235245359662,3.014569956425104,-0.28492645421966734
4.211242447165655,-6.505837625918234,-9.93876734960569,7.672518734262459,2.977109507089824,4.806891457752596,5.147835460411683,-8.74704775124092,-1.2913191262302908,-7.601406672172038
-1.3131247942637216,-4.866709590692835,7.546937252856681,-3.2217132953672687,-5.847821390998274,0.8750092987976463,-8.687449495511531,6.835347922565857,-7.703107037397706,8.857768792480083
-6.222680131352189,0.43566677380063834,-10.000457839334562,8.267003865605393,-5.678186748027702,4.754558524780436,-2.142902493740571,1.097584106119064,2.4908621545201703,-6.151114940616958
-3.9590230086083875,-4.132452461030894,5.81915193469459,-4.150234785703183,-4.3625067934265465,1.8267893049732729,-7.755396040165766,6.540513502263424,-7.827073463362151,10.529535225676975
-9.346202868655396,-0.9940508025314584,-10.012044521353607,7.930242135329809,-5.111830576225869,2.9613252599128135,-2.9404709609714668,0.13613655810568198,0.549575454794359,-7.652082993632975
9.905329944291376,5.766678916218645,8.83030004202337,9.133677716341673,1.1329066028866857,10.16382001091892,-9.517373139465704,-5.298831025994672,-10.500618081729023,-3.8090989369616723
4.200610727991406,-6.874962220424045,-4.519962656669244,-4.20022449024487,-1.098012636631351,5.938447352948389,-6.394105248088376,-1.380695869968767,0.9977259877374159,-7.616453284712287
-6.091245792078841,6.056183198144089,5.004984712681768,2.049774907582173,5.668615291933083,-0.24381583938707274,0.5170032703940239,-1.3745543552627784,-8.316453712113628,-9.246641035156978
7.112213034959075,-5.025395580310845,-10.15881344480329,6.113159082145345,5.151643647275232,4.8637676494701925,4.054273523032684,-6.425316130027914,-3.8205541220298485,-5.203649266097992
-1.1167905426089084,-4.991384388511587,6.844713977060171,-1.5508858426441157,-5.298004300635566,0.8619709111377971,-7.676842645548087,5.771759970543071,-6.352901918498127,10.194514616080625
2.8303944940789534,-6.948265579713437,-4.351187161628732,-1.3942779266744938,-2.2624593346551265,5.106746751492658,-6.856532611593192,0.005893788500679509,1.9157614024980727,-8.640978221788691
7.536788012471978,1.6433387719817714,-4.423637241902803,-8.891068984101487,-5.808568985145458,-2.716520249500717,3.8881001928830985,2.4834446831085524,8.171174149779132,-0.7803365743670841
5.974063892518737,1.3787203248972388,-4.517293687904007,-10.369414033612912,-2.512025613106217,-2.9747447956631996,5.514510798672346,3.5824124614834605,7.576144657354867,-0.585222357401513
1.007562736739502,-7.622046021345116,-2.3455512561017238,-2.093686833250663,-3.3697617238107407,6.920242720358219,-4.916894833923644,-0.07459653603418398,2.5655549210240647,-9.930390956417245
-8.337244215470976,-1.2357734698421468,-8.627604581383741,7.942505092974801,-5.10742197353859,3.241389423456659,-4.63595494833718,1.9546076102449703,2.232399498562204,-4.684804106441771
2.1976171582937387,-7.289086804832592,-10.241161034481632,9.863238117372621,9.775910230638708,6.451625412028074,-3.480934423273942,-8.732030572560742,2.678965442924944,-1.1593027530386129
-8.005530414618743,-0.7582022060076031,-8.341981063027477,9.13747839331455,-5.901413068848434,3.9735415742331215,-3.115394786815938,-0.712448461457978,1.4746623916547699,-7.352457348971266
-3.0698260807698627,-3.5040759275352924,5.648986143387891,-2.9224192153390174,-2.341325984083859,1.8337539202263335,-7.096285048769181,6.8846701896120495,-8.564909211718602,10.75597056521382
9.612904889080538,4.752581590632759,9.17158725167914,8.619946646510613,-0.014112169018015264,8.553963475493251,-8.42033975736094,-5.126631496207524,-8.70976505692774,-3.009041683261927
-0.9946914967911447,-4.944691549631046,7.1446905953959545,-3.349965541009869,-5.543070309627341,1.5062342731041094,-6.8535529267799244,5.8070404610933695,-8.207091062963116,8.777254175766343
7.550570163228014,2.6109626491343363,-4.20623146663579,-9.841078259933873,-3.6225060540975784,-4.458249070062263,5.386564675754008,2.6216096859521367,8.392866876510407,-1.5414736330329597
9.77161673358288,4.351137110347858,8.860176622808286,7.260661110669514,1.6426051627466487,7.641203900076878,-7.204523681153339,-6.571346726741422,-9.238911416708941,-3.588535665533457
-6.986072812485657,5.6169924045974895,4.000651951281837,3.474806617715169,6.4797027648240215,-0.2843964219226302,1.564371326901772,-1.7966260370819378,-9.016791937496048,-7.250196588269502
9.929579664881771,5.087848840051419,8.9048282893657,9.556444109480358,4.722448574007089,8.900581066204694,-7.694595820150303,-5.354634384619679,-9.071661375969876,-2.3295394823920885
-7.734831437767376,1.7164284221663293,-9.708464887764801,8.094987679606522,-3.833597511876812,2.8497098884632903,-4.512299217564282,-1.8523959918045012,-0.0022927265171683864,-7.248938635479072
2.818305661419196,-5.351010439436414,-8.881108899537198,7.05468901349664,1.7837324295831332,3.322132371130281,5.906230411615701,-6.733583229837401,-2.8862392318372505,-6.591100552905723
-8.304111576131943,3.40679105206354,4.558200155875627,0.6678288458133429,3.964410634132146,-0.6113560368232116,-0.5870248450647082,-0.6608462801848372,-9.16128776603385,-7.510471446836673
7.842276198766888,2.3409918996698447,-4.216467970623389,-8.686353021562041,-4.073143796751636,-5.238726726483217,4.680308285919406,3.331222956804277,7.1950214368458045,-0.29398866407589025
-7.400199038372689,-0.9381958667686973,-9.75502051562348,7.55590952732889,-5.801669229622668,3.1484074862611755,-3.1909519937499184,0.8916178679847356,0.9259732222960823,-6.245857052664095
1.9850561323667644,-6.949210191954993,-7.178367238531198,10.239471905461667,8.07528697145202,5.635153749248774,-3.057720348562994,-7.4446214827690795,3.643202567913352,-2.3345503301722084
9.0264534176545,2.3633005751263445,-3.378753768530932,-8.981080431627463,-2.4587427284427372,-1.3521620619426047,4.662110196057368,5.168871483855414,7.189747302308018,-0.8385035331899632
7.083614692451841,2.9475702086983264,-3.9421468099612573,-11.008329699564923,-3.1824795854712606,-5.045013896721519,3.8930074393588217,3.5711611651130366,8.576017449441286,0.6195703909269932
8.290782204142902,2.7077833307388066,-2.6891717890909863,-9.476070374015128,-3.440559723659879,-3.1537016629236043,3.9032295671020227,3.752842903879466,5.848933211709717,-0.3479944601657547
-9.202869445324374,-0.12050962287442257,-9.031086325004072,7.196827637846498,-3.4022585564515735,2.8647303180412322,-3.8670381666682916,0.24009092295823745,-0.836568835725463,-5.294158817805415
9.22763923220236,5.534290483401206,8.985339228042665,7.830866535745987,2.6875899972061568,8.530871670613276,-8.028823991339996,-6.462995099928613,-10.147896148403662,-3.3393644540022422
-1.9560484666735412,8.466085830031549,6.563324631053055,1.19855471392215,-8.568810229118531,-7.351373333978466,-10.813815527853148,8.074622370006013,-0.042782811392144904,4.189909137104068
9.439710372449248,6.589974845880919,9.834690073048383,6.928606794279992,3.174126823893304,8.940898944011657,-9.2710518234345,-5.631491920275591,-10.118422106657308,-1.8869350167560723
-9.771610823610148,9.378402698719178,6.166539245072133,-4.654234428992512,-4.403663401113313,-5.881296753499935,-3.8323822370238196,0.5319114658189921,-3.745406415943431,-3.430266331754344
6.688512953770935,-7.066662378610758,-10.580235962562528,7.216837325404274,4.28517763180233,2.3529021532639325,3.7591244915731146,-7.856533824019214,-1.9915745065428945,-9.03210651377767
10.150215096055902,5.947984629397869,8.47364463804395,6.894743841359912,2.2227174443351707,8.521377319808426,-7.314993621456862,-6.231242821339588,-9.392795766904761,-3.7228927685163127
6.447501246159403,-6.397686573427014,-11.47263807219247,5.955964594713362,4.289536369107084,4.54770356874638,6.742973091047683,-9.479009354237494,-3.663976059581328,-8.740665311174993
7.192602982763361,1.2550586344676047,-4.147854202887298,-9.630637974485103,-4.131699939631357,-3.3967855373463656,4.484189466129976,2.967013233422847,8.408490057239828,-0.9712871722177927
5.333646790590139,-7.1815570241815765,-4.015117578720044,-1.4158851024512442,0.036355017350943264,5.741597247256732,-5.876394918734764,-1.2194597626757464,1.2918255993908736,-8.553781529441085
1.9675801960054624,-7.6832859264796785,-7.98179816568112,8.413350320382634,7.81478198671172,5.628836301627572,-4.706623514625718,-7.018078710682211,3.837853670801215,0.18543262048196696
-8.381774390629648,9.667249736255593,5.748692588134773,-6.166666489906272,-6.077113911902598,-6.520504632078812,-2.9761979625743944,-1.034645447464579,-2.855363156223924,-3.994546084556729
-7.496579158168627,0.3525057577956176,-9.569660101806479,7.174837765871252,-5.919380986111944,2.5968464018979693,-4.323553840730543,-0.733613741343041,0.20139242576189387,-5.643452365050104
9.633844962613683,4.793509877260768,8.020476274765317,8.859679370618174,0.9611254570688101,9.059912079990097,-7.936468769001992,-5.897241359734216,-10.663572811670033,-3.8503515869610374
3.3121084404403804,-4.981440390800623,-7.903535433486977,9.006885171834762,9.582424590891124,6.179540821654593,-4.933667956232015,-8.021910341661778,2.349833712654644,-1.3210273513110127
-8.279997065345972,5.369652126169973,4.723604749078594,1.8655200453364194,5.056284629086855,0.42607951272442224,-1.0854356779953775,-0.1773807591012857,-10.607572740324994,-9.204007460706737
2.598965730808578,-8.432485593963417,-6.0008599880882665,-3.491815777244972,0.5595952695494677,6.037794693936794,-5.407929265388414,1.023254807474294,1.256941997442572,-7.683026161626677
2.5553051921001835,-9.002068344173981,-7.642926533835855,7.468159122596711,9.543174328702527,5.393262904665376,-1.7650135820684003,-6.606959792442186,2.9428398885413793,-1.3243077933290848
-10.088182544494803,9.941229322529539,6.414955015554842,-5.949310997111414,-5.953815312111438,-6.928903391352256,-2.4221520363660423,0.3349984930468201,-0.7427390608980202,-2.719816716781863
-0.12082563018231163,10.198542773394495,5.362705731213613,2.08496884214412,-5.872469990554601,-6.362114816884494,-8.812123003861975,7.019958590232788,1.9413828972014875,0.9910258200428532
-10.180775569464465,9.725269418117731,6.066791481915423,-5.3541736457879505,-7.683577843595289,-6.570662404994758,-2.6295729064475664,0.4380673412136013,-1.2195038404178025,-3.7001585913218498
4.056135084643395,-6.7425478744770055,-3.0181964178155893,-4.898698552084244,-1.666151756287987,5.233561354687121,-6.242504455699752,-0.20525525270172995,-0.7017349142754967,-8.684967126891486
-1.3220198555338514,-4.59751537903934,5.644169378074014,-1.9245334001204224,-4.130328937181222,1.1464091427499665,-8.074026525732851,3.496332942418743,-9.415118359760957,8.729870153974863
-5.878413660702631,2.815816692134959,5.240122964019062,1.8636256627845222,4.8031099421551025,0.8270281998267018,-0.0900296191501262,-1.1575565681128233,-9.615111840245126,-7.680386360055009
3.4679557159961307,-6.771251771107789,-8.651079357619194,8.696022424277537,9.03780828343396,6.538448973157313,-3.354781427334481,-8.68980615108489,2.918580074096208,-1.8060862140655363
-8.915920776472568,9.56485286059973,7.829842721314108,-5.349943223397305,-7.330202546560647,-7.127973940651958,-3.8122377502860085,-1.818915433355348,0.31234225846529995,-3.733670459661604
2.265025146293167,-4.817280319982418,-8.988527481667353,4.9713973886141645,3.461679631924781,6.028664721861338,4.270556256397962,-8.040648276082058,-3.322702160194992,-7.27247685281224
-10.851174867812128,8.1686707920225,6.7560821044275885,-6.253088820939509,-6.704593587999596,-5.30994664787132,-3.1819758233866877,1.8732713131423702,-2.3517228505349426,-4.518608764725873
4.4663420455779494,-6.116518947311925,-8.54809183228756,5.105753511026637,3.853412527163879,6.067282508758097,5.583122287832684,-9.045118793558432,-2.8377170222249544,-6.8567016772191245
-9.963810154159521,10.097661290135589,4.773845428536499,-4.573229256744691,-5.311289499900929,-6.234475692634021,-4.1420976069471696,0.8951286382583237,0.9276910337226041,-5.938653894942647
-10.479853603938455,9.467901312669166,5.998196194672241,-6.0798653496230886,-4.36107318821319,-6.639481220047123,-3.554929103731817,1.0364499266530356,-2.361728999640926,-5.030512670448366
-9.35569402427443,0.4126776778969443,-11.405337725015329,8.005969506224943,-4.276630591980075,2.1326877387633285,-2.80406251769856,0.9079825935079631,1.3150302827035028,-5.6049093019789265
-3.1131782490219795,8.784737472837975,3.000394673702667,1.580698577879859,-5.883056680571823,-7.346604972504145,-8.197847961435187,7.133019809500892,2.346357263085736,3.0137601661052416
9.211763402359107,7.592371430348252,8.419116803478774,8.065860732406833,1.5540984928354957,9.220915887106216,-8.053386258989402,-6.360253324787577,-11.021422167696421,-3.2500851594459625
11.109639915170817,4.161609952637102,7.7037355444941635,7.608932696678051,0.3040279975086,8.055898003154697,-9.178255303084274,-6.313683621314103,-8.815612916882138,-3.8369316101642776
-8.558060420114384,9.018160196950532,6.244057436588142,-4.62041308925967,-4.766103362636365,-5.68721999964709,-4.5699249164331945,-0.015479866652822194,-1.2811843634176476,-3.8544871341135036
11.136688823019107,5.430553307451943,8.359303702788747,9.039506745471256,1.9357044549679725,7.271814614830452,-8.189847359463029,-6.8616915531878595,-12.104795364472412,-4.375103576884845
-7.452723384006585,9.680231262449228,8.299425779241284,-6.382429935963919,-6.3955481500217015,-6.2983851005427365,-6.132746220168016,-0.6730491952054429,-2.4579747065416715,-3.3533511180066338
0.3708119595980004,-7.9704072255807565,-2.4278061632508807,-4.1638430577376395,-0.8790790337277861,5.737663121200485,-6.519498600800618,-0.15883283156488248,1.9205405114770526,-9.633154087534772
-7.975331943490897,10.127433992550639,6.565681044073816,-4.375882756906135,-8.55547931213787,-7.7541443044381975,-3.2335209171408565,0.5092369888978822,-0.75558597603352,-4.111009673607219
4.481205660315003,-5.577532969209625,-10.4770934425071,5.263517921827189,5.854044323105746,3.6138157965210618,3.901811485559675,-9.302800353739308,-2.5990372353919837,-7.609066732163193
-6.155615634576089,-0.26063341672824036,-10.209522759119851,7.760638168800282,-5.12006598008509,3.6340128187867053,-2.726146148910664,-0.6351522072023736,1.9451151522083374,-5.68522527667816
-2.250536475197362,9.227025904055981,5.422752571176674,1.542044114365633,-6.471574344314514,-6.329312021002283,-8.393553948804415,6.497869232696561,2.1716637171353645,4.5255918519755705
-6.969951870146827,-0.6034104880342223,-9.0169998365902,7.273358857578911,-4.448618234314888,3.690496347773214,-5.726623619679972,0.44009903274792317,1.349080485954698,-6.3866207466284814
8.738816436706834,5.472585850182552,9.23435179570158,9.839104597588367,0.6402295316754592,9.302466885528558,-7.361426702787641,-6.718557524396369,-8.495950373737259,-1.849957233442821
-7.84100108001221,3.3156140820138207,4.644984122124237,1.4010918213817223,4.705705143500463,0.34920883019254984,-0.9004469273304154,-1.691832844186528,-9.086067793821826,-7.7096597626952486
-8.012434304581982,9.350397792855096,5.922078678174593,-6.630835143297382,-6.0307813262728,-7.665057811408532,-4.162491104705664,0.828359167634779,-0.0619498066100177,-3.5078691156691657
-3.9049868252452353,9.605635369956723,3.9158885044854923,1.777779332763708,-7.331576563063148,-7.669448098995621,-8.845372742116565,7.107913336930681,1.65044235258551,3.432989934240566
7.682107095741891,0.6382713706372924,-3.796238481002892,-8.844712046840797,-3.3159919558738156,-2.3854780415695753,5.546849482561493,2.1657744601313347,7.181772646968488,0.8563144923003194
2.6143419761448285,-6.516828063218736,-8.734869437894517,9.322981254678956,8.844291972931737,6.989485779637432,-4.983583178370454,-8.458014229638804,4.295766625689161,-2.3298329385622463
8.356373000115768,3.02769438880102,-2.3311680538010577,-8.859379624921447,-3.0095111022504364,-4.497804071395412,4.5319377148853555,0.9196638228657144,7.775839507632201,0.6690849872800182
-9.776037137663835,10.23880375602327,5.823560855177571,-6.246136061383729,-8.37371731042405,-7.655860887150887,-2.1075243351385597,2.1365572603670717,-1.2953109785087227,-2.5124857488493237
5.031155509471102,2.7114492660546787,-4.568052130154316,-8.81193250916933,-4.143193624504924,-4.57034953085474,5.482750742951464,2.469689523362756,7.798526418555409,0.030704759741764676
9.933077925881445,6.56336533353881,9.334405203769272,8.33379022615152,1.4339301734456145,6.750128525284623,-9.620245372211087,-3.6979753928555765,-8.772995263984239,-3.7390768661260445
-2.579662101729811,-3.68764237400524,6.261243497810845,-3.4450509289742266,-4.420606348922104,-0.4877304573183876,-7.320097483737109,6.406032352439033,-7.639027857038233,9.986695470648545
-7.426922633527394,4.580539052192265,6.797015688281733,0.8528073928151636,4.443041006290478,0.7932039063599967,0.8317271504972996,-1.812311566303566,-9.459856970844683,-8.220205131098876
-7.853265792762202,4.014676115113639,5.288487994496483,0.0442229422933067,6.312424064407622,1.5906497741688443,0.43300820552109487,-1.1331692221425307,-11.606758471366604,-8.277061408481352
8.117149966929908,3.6108741238771223,-3.5362295709595255,-7.209178160304756,-3.9366142934533372,-3.986147914738435,5.949033594184151,4.071572450081491,7.124146050828335,-1.3209523924002808
7.377363071624421,2.081070869657884,-4.39060820955544,-9.128888646688885,-3.5971751197062316,-2.9161801153407994,4.7144604313185665,3.4006297450499736,6.224084748966825,0.310961060822488
-8.438657785340766,3.5040633554425584,5.61475369399649,-0.7344385712172128,4.717590351107697,-0.22421798007041777,1.6032812078180205,-1.6951066719055916,-9.64494083300077,-7.930118164112031
6.179740579062605,-4.873925999561654,-8.40924805686602,4.934262921419346,4.541909310383671,5.019402850200422,5.3514605253009115,-9.34745153526247,-1.386055594377777,-8.27121932054484
-2.0036083812168757,10.503399236526612,6.911328581650897,1.5687722607567707,-6.38819773843107,-6.3103492360772995,-8.64284602508272,7.224677714259397,2.4582756243642216,1.6292054707012236
7.539679840224571,3.0785223732869866,-3.3436527242311858,-7.303449179179147,-3.0549310536236867,-3.537255291660088,4.270698784429811,4.505868666709961,7.082797747768906,-0.8278740524769235
-7.40974794009229,9.59253050657812,6.501512589386929,-4.789292363378906,-6.114049709927915,-5.932681609991997,-1.4229711422085587,0.2200072043897106,-1.678860521175081,-4.058838684026697
-11.586655081228578,8.692880319324038,7.144618389023946,-5.108829332896295,-7.041995386345209,-6.637409265984976,-4.512536201854388,0.6055466795908768,-0.1639210956957724,-4.946459353180366
-8.10861107171115,1.1467302213702595,-10.705211195370822,7.544707011153125,-3.6136426283820713,3.7446219765033937,-3.586650664432824,-0.24708571186003248,0.9647104013660209,-6.840739957942759
-2.9685585225929945,8.16444175873353,5.470214652772347,1.1170858580318648,-6.808060953931878,-7.357767040041063,-8.35934793088962,7.6571850207856516,3.059840179122075,3.651435157066162
-2.9676816236345016,-2.976211085018433,8.587078764793759,-2.4789426551088707,-4.094652537685234,-0.10265736161960881,-8.257183110073031,6.341854220246423,-7.050794649223463,9.189536242861315
1.3511229689824793,-6.433829196211841,-5.162663000479385,-3.0397855527577926,-3.961162490802518,6.104948887227735,-6.650396367941158,1.395833983476695,2.2384839878462524,-7.94689585089842
5.455028906394187,3.8451812610877854,-3.510961619394018,-9.155605275158193,-5.118110554019431,-3.302484210315755,4.90937937243784,4.191964069099425,8.116700026715844,-0.8585093964794279
-2.3177826559830503,-6.055058936508667,6.915411603017735,-2.9366076240422925,-3.846822319737814,1.5165288498401739,-7.71606401560067,5.03493395655564,-8.65493047641697,7.35654719623589
7.49888737834085,2.846438783682178,-2.269827870411758,-10.378497842084357,-3.0803870710749797,-4.542036015559625,3.9497245799202663,2.872235020507134,8.155575867940113,-0.026647456512674417
-2.868966268841836,7.688238442116283,4.226413675104825,2.233450190523618,-7.843386117361881,-7.837260508170989,-8.494539875086124,7.274870563928252,2.055097230275762,3.4029562212208395
-4.705325444152697,8.852162152718464,4.782927606107053,2.8227816724569452,-6.186769606913833,-6.297538274467142,-9.638268263337945,5.415520778375395,1.6292474778027746,5.163083381129469
9.439848109510681,6.47026783334449,10.637618539309477,8.164515807763713,1.7826977597897562,8.370631842910818,-8.973137861633699,-6.8459265443539685,-8.653047457963536,-3.6573432068839975
9.148150304920522,5.11990035565473,7.314125108547372,7.021998484403924,3.141776562705804,9.473712827315401,-7.652198176617558,-5.5908401475764276,-8.190698313723749,-4.614188122226813
-3.8563239125824467,8.04267208968767,5.840292744172527,1.3162754049693364,-7.92653817383321,-6.343456840748661,-7.652623601973014,8.04247622616377,3.018347920669992,3.4046564673514483
-7.860740550477765,3.273697099942473,6.893059104181296,0.6762249792590199,6.203731058468447,-1.1425472269418446,1.0041830763204125,-1.2798239286367459,-9.46658539250974,-7.667234791259178
3.6270475276032883,-4.985098864763004,-8.6346288276129,4.478112477496238,3.093855671290805,6.604022978305258,5.657441612222827,-8.515555692047828,-3.257068836164118,-8.71332146035404
-1.3870252870126656,-4.6901225913774125,4.805039349913303,-3.1172233264150115,-5.649674184866998,1.6070529487591227,-7.2173564806509125,5.120194250279029,-7.698139069441724,10.196264398006594
3.8684772430730847,-5.95015468276754,-5.851958551336769,8.510101211649438,8.587966449808883,6.025120323734071,-2.5293673951100377,-8.412677409247669,3.8090981281500818,-1.1002594223211535
9.822754684687625,4.727038158358357,8.92316460377879,7.518145480590883,3.709920386495007,9.387800358280979,-6.8828530587737795,-6.05629498249803,-8.273093282674358,-3.4017433071335708
-6.302000342430146,1.6464046722771641,-9.628937510021547,6.526540191317853,-3.984036768444883,2.9744825906246395,-2.8227378366507407,0.6824326485738357,0.05076148110374301,-6.244666528830078
3.308318984022592,-5.44004046542564,-8.03063491068825,7.848225167471262,9.62576407868418,6.835531922805829,-5.702168201621488,-9.167837311354106,4.572817851986579,-0.32090434853604455
-3.248226281075983,9.666616466375002,6.0671842005173175,1.5537349312821813,-6.123138836835172,-8.794169663863414,-8.178876515522399,6.519574500771222,2.329645851572146,3.9136991376811996
-6.359767815885019,5.523553962883066,5.014633493267082,1.7157956174776667,6.339800886450302,-0.5706051114632422,-0.8512516635546206,-0.7598706830709858,-8.595229848988218,-7.092892659991645
-8.133462283204324,3.9006480766513247,5.191145301412874,-0.0727494454867259,6.080726686865113,-2.7864237094941933,0.9946636071281129,-1.1358796429282536,-8.994591636016226,-9.770598199920983
1.6115841144177878,-5.653010920197162,-10.93875977066053,7.534595455888855,9.205293839040225,7.719324683338715,-3.6818827824952796,-9.398105174136555,2.487493937552907,0.4760395776369797
2.9238853899004282,-7.608449799840791,-6.649496680878704,-2.012913522021601,-1.9955411997616443,4.655744281721174,-5.318622273940408,-0.062472714146217245,2.76606352779235,-7.860825650234727
0.3755445337883896,-7.974891076811696,-3.914644057572926,-2.3490080668946725,-2.369093181396174,6.862084720682595,-5.18129993765118,0.7665904003125712,3.205019867952971,-8.618701753029127
-6.397334173147918,0.9382378983126856,-7.273587652647366,9.453211650018977,-5.61983695173196,3.392083815215291,-4.125976386696715,2.430450283505282,2.0390755415643023,-6.491791026202915
-2.434825099562747,-5.085902934083871,7.113051875485167,-3.457939817044237,-4.396504583049234,2.667992863276996,-5.395225176618103,5.6365552920179764,-8.691348928564162,9.11871023127954
5.758738484835182,-5.349009500147684,-10.473876877353755,6.161772080598319,3.2577947712577213,5.904067034981278,5.599995211244924,-9.186795248132938,-3.986986861289365,-8.949506178296375
7.881649323715823,3.0690133217001003,-4.143997299196762,-9.696410159282687,-4.119615403925657,-5.137844774712675,6.049456370896391,5.451878373784801,7.40297052315631,-1.1949966759605872
10.14999998156614,5.292702899411862,6.708541669517177,8.449358987745976,1.0754625170745449,8.075887318785817,-6.677018755422254,-4.3075310274960055,-9.670947656882051,-2.915606754102873
3.5473627384845,-8.666677185554997,-7.901715841754376,7.438655823496198,10.540968372035648,5.53092135245636,-5.125395994139071,-7.351288492783574,4.048830593385548,-2.1961370281696313
-5.476500701834356,4.225156536429392,4.640056154063839,2.1533131745359744,3.749201213548131,0.06436028191416476,-0.7575175797328153,-3.6313096428267135,-9.60926517924636,-7.007395208790555
2.1711689301510546,-8.121739313494482,-8.968708746906067,9.230587402582334,11.09727626844096,6.570665151599043,-3.2824961456594846,-6.882081872822316,2.720002941348081,-1.3620327875789588
6.048284229197961,-7.047629856236059,-9.814982466589827,5.072314845502877,4.269290634143672,4.559266079897847,4.322477445112769,-9.877518306665937,-2.080046845017559,-8.135619262175787
1.6180690915999072,-6.421368743073716,-3.1295543156204797,-3.9440473832402683,0.2118718533977133,6.748499722993467,-6.944477765677698,1.8833363618633427,0.3914337489928117,-9.69576432837766
-1.1837655139576717,7.607471118700783,5.22578303739275,1.23639954799311,-8.294894383075457,-6.661575550865001,-7.828855968040042,6.478581476905207,0.5232842744057744,4.0696067915859535
3.0230751852617983,-8.359302389175943,-3.632314453794315,-3.5512619250956705,-2.160015295437307,5.631812881575304,-6.910819543484395,1.0753064871122098,2.662826836936174,-10.973617982031486
-7.825330461546552,8.890480274090173,4.933672845305015,-4.927294203403823,-4.680186079930458,-5.939141439880199,-5.002903816162913,0.37123626940955634,-2.4796231113693175,-3.5325617020762135
-3.5050130178429795,9.665422370021979,5.498329952884767,1.7385491139833182,-6.841389196191241,-8.32870100790949,-9.138004404642798,7.273318298456958,4.643093325894151,3.0494845301467453
-8.417648484766291,7.742972331050453,7.2333768678458705,-6.0213569256762405,-6.196862760546149,-5.271959633168947,-5.109341792221089,-0.5175158087983323,-3.2965295868714914,-4.724576137802938
1.1853220318189275,-6.696644743424846,-9.363934651614406,7.434888596029454,9.130325960774194,6.27438237876051,-2.6393660050365195,-7.109752042739261,4.904603729475969,-0.4765926268144647
4.582281205096312,-6.413461752867945,-11.259680163685015,7.6735298959887785,6.334404884522635,5.136741774892872,6.157161144729275,-8.678067104529562,-4.450137792772911,-8.5265836001246
-7.610357091837468,0.10214115240585214,-10.014087967937884,8.38000286485657,-3.7193112811642175,2.682697470965442,-2.8504601779396292,0.34980010523356714,1.6686872428435309,-6.174139571136348
9.91348443020033,4.187710752579397,8.450373328091942,7.643775348895075,3.070954914432372,8.577527772174227,-7.27513646884955,-5.525651703127217,-8.54715122089348,-3.8253265749647807
-6.548793845950302,1.5902631983014759,4.547078109774042,-0.1697565176979876,6.480137486086034,1.2406933998138927,-0.269676024938325,1.3157235103254563,-8.114400922748583,-7.645016154097383
-7.83277763401172,4.959782668323778,4.95674205286894,1.0800078491691971,7.3011037223013675,-0.6044783220314887,0.47389797706795767,-1.0186169060301855,-8.996824008137532,-7.549309043086105
-7.476703650571603,2.5193826909947905,3.042582367190075,1.0169368076990217,6.752969786199559,1.1065317717261258,0.6209696662334705,-2.1862482020942613,-9.908916208917454,-7.634821516253985
9.939858114242405,4.270936764553477,9.191387457268345,8.17852501011744,2.471154852440199,10.027948972752071,-8.40612401357823,-4.032516171961352,-8.68894987579549,-3.7838565603959777
9.851948444608905,4.925434958295311,8.223885155986029,8.305894538801835,2.3856970338552936,9.03547176705419,-7.853471672007034,-7.41676367862118,-9.901822898501655,-2.643450498586018
-10.933645601499192,9.11703300077533,7.154189963655784,-5.22537843651889,-8.263170936716868,-6.460173283415155,-5.298495917780856,1.396857329785031,-0.5769532108041867,-5.07344442236362
-10.09680878880124,5.084847731856318,5.045167313860494,1.980476351199406,7.064304929939123,0.6992784988851114,0.508807914071528,-1.7356067479197976,-6.965894272851777,-7.35878614632526
-8.219271102746665,3.0645405049344134,5.207257523795487,0.26688620797143847,4.6276973562093815,-0.18946228080232086,0.4311492056774114,-0.19324600104544198,-8.560584613107736,-7.2911792187659765
-7.394189114213966,4.358631117413385,2.6169198015029056,1.0705803363439323,5.274154939630306,0.49717371153899614,-0.6034749087467877,-0.6195239054292764,-10.000995143726351,-8.141471248588324
4.2973317070556005,-7.752743902156171,-8.898404525580881,5.872307245037214,4.207606467611446,5.234774377829249,4.705969985824362,-8.38196121296478,-2.1824704475260104,-6.03938392362243
-1.497734587644394,10.355762043729202,3.897394603689717,1.4878638485728637,-5.648752677996535,-5.195095314567437,-8.275446896461656,6.443708561996649,4.009361346563617,3.6304806581089446
-1.1307279955912455,9.130110715425268,5.029483360320089,-0.24725132499439395,-8.077593620368532,-5.99302981682966,-8.551553644253424,7.176317636813106,2.587142593464298,5.797249362056724
-8.25909186276218,-0.958125501147336,-11.414534969040572,8.32597119439698,-6.071590360112591,3.0822034835491205,-4.277883376560346,0.194852364856333,0.7845302128523322,-6.109282638571195
5.177939078799294,-7.213977720011872,-9.961297215087464,6.76969507357786,2.605243744330777,3.9452108707902753,7.966399066481937,-8.189869826452343,-4.648426633296315,-9.083084674257194
-6.857024457499279,4.5070423516304094,5.438919704406386,1.123073110444768,6.26915123202736,-0.7099599163466342,0.11825144104668872,-1.62577522508736,-9.70527735118151,-6.505598968868121
-8.951756907210687,11.720806268502653,7.710669461998167,-4.339188650872489,-6.145161905415827,-5.363977854166334,-4.633008355163281,1.2909924449859838,-0.7067114930969219,-3.8855060220014983
-3.869053764032669,9.760539694225542,5.285363017369177,4.136424407246192,-7.187405426104271,-6.660959265612008,-8.588944072925255,8.900976195262178,1.9270047024772237,4.440473081691248
10.498098871682327,5.263575761600988,6.835060341720659,8.121939590564246,-0.21086026948084857,6.9847637979299275,-9.11309648796018,-7.088052229387283,-9.640505026205524,-4.5354612082658186
-0.4062154558605877,-3.639757460288155,5.829160891511374,-0.9925133612944488,-5.752729005496645,1.8620326251724943,-9.264160613551857,4.89806142211042,-9.65734895205246,8.987082071581547
-8.694395432790248,-0.4073009460495943,-8.156114961050324,7.46821240778802,-4.952451546729339,1.6762360414775208,-1.7600101837021436,1.6643884933731194,1.1223051530183412,-5.7953980174071305
9.442139998065633,6.254690626419158,9.051998807523445,7.761809945311662,1.6557111331281982,10.76253971633792,-6.695203684930099,-5.584837653521873,-9.016990328340825,-2.9552608353812784
-5.474113062575396,4.917336414886876,4.713187143305681,1.0168909983668069,4.518216982282015,-1.3633262202230307,-1.977819574772818,-1.9107817243838086,-10.896055078984663,-7.745118132049047
8.823223053916752,4.977213475788101,7.330455457228156,7.9943417913726496,2.3877691981266795,10.29796105365463,-7.760647477771764,-6.530026874914415,-10.455133309475329,-4.714680390400191
-8.173764642277957,0.964669959174203,-10.689269767132691,6.988249629100632,-2.9230157024133456,3.238608540839316,-4.304278365206121,1.7641012505551787,2.180027141829097,-5.38215632423222
7.873840802587238,1.0980974021969219,-3.4080310501653783,-7.578710363894972,-2.3692662541797587,-3.323293924519389,4.492988437893633,4.119183729722501,7.6433264757895145,0.5888256586782892
-8.327276776350532,4.408473931515045,4.609969440804404,0.5213158575393552,5.639477507244599,-0.3124043909349481,0.6301784823697043,-3.0004062011992314,-9.667164594354452,-10.102436361940383
-8.361275517035079,7.817593102430717,7.893417976363692,-3.5217188754067283,-7.684379011235305,-5.560508008027557,-3.9140451961219522,-1.049305215603487,-0.8682156553058153,-3.3418139912018128
-7.47955432325901,-0.23993152807899412,-8.79259210942704,8.045271220059277,-3.5596308412246964,2.9292762880359584,-4.748811464931534,-0.6620814427055401,1.669674096147282,-6.273289747532543
10.655019814409082,4.753198494360461,9.37308709869697,7.973739042113014,2.4180270773253048,8.101074831168479,-9.194844266251991,-6.903213824756738,-9.879338424049537,-3.4963636970568683
-6.95520175290876,6.724126949677512,6.882816947204484,2.7177006791301492,6.2550262157634515,-1.0183134613783003,0.7474506050716738,0.7983755909423627,-8.984662723738893,-8.663950023696183
-6.912364838207646,2.0415934138594083,-8.599846232829176,7.398746449765236,-5.906346247178626,2.297476853572235,-1.7624665978297345,0.07403298303478029,0.27156219303756535,-6.461347533616692
5.4823142538625795,-5.80527565372585,-10.348407312266993,6.702600260254988,4.730221910679257,5.282751445366844,5.2447230415284665,-9.992806302945864,-2.588897082934723,-6.9758253035668
-0.8314968089763095,8.460697886490326,5.208861915413377,3.60156630706927,-7.258754932138757,-7.083689953378308,-9.420008670584654,6.308766184805837,1.3730226897981685,2.9375112891586523
6.0936940617400355,3.9716628963619467,-4.914621511483045,-10.965378101664092,-2.9057532295653674,-4.955764750012574,5.8449064412954375,3.128037631482584,8.027258577368192,-1.124729797725327
5.783096572410115,-5.8000544947034225,-9.770434548854505,5.726271647775675,3.386117273541038,4.417049522247897,6.391946742955426,-6.950947567181625,-1.7193301160847163,-7.176881467601439
-2.292514504088464,8.710936060721187,4.421012584492476,2.7394126589812418,-7.919820910967168,-4.934914518999014,-10.659413825930507,6.7258552322438465,2.3925121248059167,4.745765722356219
-9.845362522897016,9.675749556733418,5.715746738821326,-6.7501494128366035,-5.675295349405105,-6.77551663313871,-4.768978228313623,-0.14805470938227316,-0.662146555440264,-4.804455057242772
-1.9128615295881533,-4.048932030590622,7.005009810621055,-4.690747005113397,-2.0845489857301773,-0.6104478619736748,-5.448921234478465,6.661954980103046,-8.328208108270113,9.432253755933704
6.238215070948535,1.1340658504925634,-3.5234538150063144,-10.015393582538547,-3.4727158569239873,-4.280009930110484,4.7825793737578675,2.5780475089519306,8.381607223720163,-0.22936271636558764
-3.209805896793746,-3.1718871281193493,8.059072024553274,-2.3388222560630156,-3.597240829294054,0.075627681907105,-7.441659919243806,7.279306215540433,-8.08307188384251,9.802687115897397
9.939721167379098,4.8210056766530105,9.494087374250226,8.550685384504284,2.681317155110722,8.02969232345174,-7.450227794133035,-5.560340470941902,-8.455269577032679,-1.8156048216461864
10.193884337974282,4.731702457749425,7.902082479592046,8.86144976730721,-0.10135470355347431,8.359705069452769,-10.401274336518057,-5.9814992432275895,-8.241383971077287,-3.2139778501310805
4.407649510197533,-6.428812974975708,-9.249825610623072,11.64838611992973,9.726267039205522,7.158071749222038,-3.315621633330095,-7.4235466905745735,4.220314581595612,-2.2990346899840386
1.6615676813514684,-8.143593945384204,-4.412313163735261,-1.1610897199407348,1.3294457318842676,5.8289279073361175,-5.00844018422915,0.3278928169577364,0.8104959042226658,-7.5942480748117545
6.52953529871232,-6.136579366555492,-9.783805478845503,5.879635623440179,6.76152777741769,4.471279542218944,4.821655934484061,-9.27311118596684,-2.4953354021674015,-6.261596766756198
4.371955662854826,-6.730303858807808,-8.805702436696516,5.419928719952024,3.481258097715989,3.6184556427939683,5.680801734578353,-7.7754986304305245,-1.1263609133539165,-5.282801309710635
-6.889647612206245,-1.3892710877027585,-9.717148268399132,8.705538688525072,-2.6262608485201793,3.3668976647869897,-5.748404806411289,1.3550555561919904,0.7022871820065747,-6.233004235030635
5.982736459593929,-6.9769540575291655,-11.969346993688585,6.520262298387632,4.362610031408048,6.506073175930313,5.309566316787967,-8.144614662203947,-2.053509023348875,-7.169210688509897
10.381003987191397,3.726386832903441,8.587094414273743,8.383573451161627,-0.12080543681994893,10.530341624547797,-6.903454775984994,-5.433338779256506,-10.060482429354161,-3.5614970093118457
-8.714320363077068,9.476636289323556,6.831847265653696,-6.587489129502442,-8.081172804221383,-6.095767393052222,-3.0101930993150456,0.26932188356871545,0.0753298924011816,-4.879333521454706
5.873636480990632,-7.551720122390386,-9.145801259494641,5.376344047787218,3.364044517197826,6.35036862081098,6.657986662414594,-8.39989364756129,-4.14172357965724,-5.6681963528465475
-9.856678913221332,9.479488468282367,7.13344419484771,-5.4857423975364155,-5.982674237512734,-4.989187941580138,-3.649991218062658,-0.1538698878284004,-0.4774928411635162,-5.541615533708079
-2.716452575871703,-3.676223381158215,4.654879772896255,-5.862006905371716,-3.4870607992844063,1.1287271273202693,-7.163052164201569,4.738392987092339,-10.218876890999873,9.10320964851216
5.445996497458307,-4.7140712471736625,-9.138108708542534,4.876446530060889,4.248074654470851,5.08134206650897,6.02312224914521,-8.3409001603432,-2.665374032787326,-7.677531451382172
-7.805404514018807,9.15085665621473,4.269856775255212,-5.083168114618953,-5.378100944407938,-7.917755443317171,-3.738670957146293,0.9463546487808561,-1.4342069291666237,-4.966188115124515
3.1445901952402866,-6.1198785033010985,-4.82620378943335,-1.8687766382356634,1.0898509737010098,5.014869319223505,-4.206786065105708,-0.26466132292909794,0.9963201321908756,-8.774791302245207
2.543804397043158,-6.613688952612378,-8.179531517102673,7.817690363123377,10.968963169294744,8.092792457452742,-3.8606199187732733,-5.623451589258767,3.285632598693217,-0.7965181313516928
8.379186571871642,3.065766663057019,-4.658319364792377,-8.280873111932038,-2.7326840506177676,-4.078532814233845,3.006499427080202,2.3104538444585705,7.932310563738889,0.03670649729821096
-8.74987750874991,5.336231824001177,6.346938192342958,1.5856192172674966,5.727633201729414,-1.3244262982059019,0.6538455744515556,-2.5710900463475443,-9.45042351093182,-8.18551996123309
-7.619218984840741,4.094373770384423,5.025306665682138,1.0407810190288762,7.088320239548397,0.3404440623293877,0.7150344466797026,-1.7119186561997548,-7.763143638208651,-6.999240897224753
-9.72858569963438,9.06268121120682,6.904829962427207,-6.8724680286551205,-5.11155320134483,-5.41608602133372,-4.278330699542062,0.27870992100638603,-1.4975217774353011,-4.953725749045665
2.3330671624446397,-7.00804828079785,-4.161308944686793,-0.967400777613082,-1.8693372344005648,5.639315432907559,-7.58015337894979,0.6567702469396188,0.7330448408640358,-9.349302001476621
-1.2157042733072994,-3.610936431780786,7.0953169632496715,-3.8640796443275027,-5.342725127434187,-0.033969807119615836,-6.945995211298086,4.017618560324653,-8.515262198869205,11.146381448464481
-2.158827406666412,8.16996209101525,4.742363478386309,1.4903420931338136,-8.660785605616903,-9.110577612400405,-8.611643508141412,6.761965169168078,1.4692104179500434,4.857315395014695
-9.308398104962505,0.6930369618754462,-10.366335014691318,6.12772735537035,-3.0025050520736407,2.3923586377340618,-4.4879376397334765,1.5358987545642908,2.7886364873822345,-7.835912468092889
-1.3389989138561464,9.148582625446114,4.719476698604137,2.5272274550566394,-7.741330261407528,-6.850078114111865,-10.990711301245192,8.19997856100164,0.46080701242231625,5.664871384349908
-8.017741603987359,3.0955573171519233,6.558413615723196,0.8507851024507194,5.879526580236332,0.08249959048028818,1.1604019678096402,0.2238710087359943,-8.81591691471277,-6.099557283948348
-7.82533935835064,-1.5897147288061946,-10.315555035149664,8.894292555987873,-5.205091057102073,3.2761505691075476,-3.53085542771457,0.714410472374936,2.0807846481809635,-7.401606704557991
1.4783926929048175,-6.587743668486044,-3.0307135795735713,-2.7713715331308433,1.1233221435890806,5.747583862773211,-4.8657385563803315,0.5776975755308875,2.4338129100977177,-10.742324013234818
6.955431843458123,3.631670377653605,-2.517901684301168,-6.617593975478977,-5.349922986773957,-2.7943479201489034,5.744213117011377,3.75631653869712,7.49154179464528,-1.9188580945763891
-8.464205220644649,5.47725521192252,4.0633117982038485,1.0884334579399653,5.172779411439693,0.05823809410457012,-0.48744561784831,-1.320688384009303,-11.23999710932794,-8.218903374152672
2.6591643594921153,-4.9268115102506735,-7.4399231362305045,8.090548156703811,10.302591515891296,7.693250254403813,-2.374911484209167,-7.058461736295635,4.652183525152314,-1.4996111688835227
-7.393302304990836,3.594913805659868,3.1346078412110177,1.3693955846362733,5.717080053857337,-0.7977631603288664,-0.621415280305087,-2.722595214679262,-9.32398175915251,-7.760267295133273
1.8072250712997362,-7.696708456659816,-2.776983739710237,-2.11340772441073,-0.051654254716480885,6.9296238131943415,-5.480580176208005,1.2130774474084036,0.2689462151705895,-8.866837873604018
9.767519659798475,3.6360887843918954,7.957582622950521,7.020257973992046,1.2157318854294261,9.650260562165904,-8.379027507028447,-6.507577636433247,-7.973064279568646,-2.998045639551007
0.9803821078998576,-5.557755621754545,-8.188289257128371,7.368423658379232,9.274898865282587,6.553903698587854,-4.497781290060644,-9.526422625381135,3.9631193196905476,1.0142928250745884
-2.4569836178910167,-7.65361809169601,4.828656518471341,-3.4109479631131614,-5.046694245248566,0.8953319523074493,-7.202166012107736,6.177682045062027,-8.334277477773904,10.070661456613317
-8.72058217382167,-1.0657417775133935,-9.545902869420555,9.262586775180559,-3.763996156921009,1.6018780874667633,-4.4590118149287274,-0.3188005960156226,-1.5973775416356526,-5.736789942539551
0.9804612805312645,-7.356790098614153,-6.4204508243384115,8.763321813089888,9.360155296252476,5.207530041919992,-2.3426212109583426,-7.546224512551697,2.9100591823578257,-2.1907754140652442
7.757809030060708,3.31840364914509,-5.160848986862178,-9.930397950151285,-3.2324647045085477,-2.864074366068264,3.128463770870587,3.625438134172016,7.730283457860983,0.19137040652054915
5.50193504934515,3.0594483583174616,-2.1230133116709666,-8.90841637502934,-6.044572204769283,-4.987273868984314,5.02840740502634,2.7410944749214847,9.028535302509544,-0.48277710043477473
-2.203908939152318,-4.655907173288107,7.962460818843832,-1.0111172905381245,-3.206095335951683,0.7683659799888596,-6.03379925355693,6.692727820911065,-8.583886702786325,11.830129021013645
-6.934314839002067,-1.351659912690427,-10.251845158974659,7.137193272568478,-4.999625334630207,2.8979929835417826,-3.767003516520035,-0.503895736220227,1.9397009071719713,-5.468883320763128
4.653432243095465,-5.754978773870831,-9.933305603550078,5.417811706400663,4.415193849236647,5.32198161241276,4.494578724279938,-8.058986778202343,-5.059713616514361,-8.731774150557639
-7.3423758552653995,4.072165889636484,6.742817477318564,-1.2796429272044851,5.460070931304424,0.3093014159318583,1.3523402639299613,-1.305856237867875,-9.126822196609744,-7.666139568083793
2.3738043970960527,-7.53410363765974,-3.6548723089436628,-4.295083747419931,-0.9919551097665802,5.835070868037769,-6.317153596669686,0.11229606846300128,0.2630453665109924,-8.714514640930553
10.037690975088829,0.3561525052215533,-4.581155637931449,-7.423614113811478,-5.289313208319481,-3.4867016366159382,4.1087586877230295,2.1107253803294244,7.572062235918043,-0.8883842179202364
-2.730240086589801,9.083655930856391,4.832475754959407,4.365279319214725,-8.978983455570296,-6.196886578487138,-8.953130005395074,7.890294641682883,1.3649276808694513,4.112486525062459
1.120774932731991,-7.768458928361548,-6.6018409279213826,9.28032427101292,8.47950752781084,6.984550532686934,-5.086070741339432,-9.142569767743375,2.8816181291788925,0.4575631556570603
-9.214776430672183,10.853631527155212,6.057834360275003,-5.313157857411332,-7.931644969278038,-5.87469673923881,-4.308537438553903,-0.26728931795815714,-2.121463268373816,-4.5690287780721714
-7.805395127422945,-0.2096043344055722,-7.966358519319994,8.27471705486,-5.25513083296568,3.8225233080845835,-2.7069066316362185,0.6978279896054418,1.6233951855637416,-6.448478539232343
7.8132925285942925,5.2743176805289504,9.462528505851719,7.242070336249286,1.5549666115871255,8.16271940812414,-8.089407465126365,-5.564259972981571,-8.288198793853871,-1.2378764017981911
-10.384027777604562,11.144687674834508,7.676003851901587,-4.944858236768768,-6.483159558331137,-4.81762906721084,-4.13316077193037,0.46386721849051116,-1.1911250874084158,-3.4735941554958174
4.5240728040717615,-6.803004407956635,-11.600426662614572,6.44282901145123,2.3523723078203114,4.974276599671924,6.783854544701685,-7.98877084633768,-2.7787970712787873,-6.14817068409431
-7.241350796212197,3.6405898931535403,4.845204557734311,1.6278805941383538,6.069823584866651,-0.7750809355282076,-0.621975394384868,-3.124478720140277,-10.752952758377688,-8.381728823362145
-2.8989664692204027,-4.37740684588362,6.75726332071341,-3.5104106437768423,-4.8894543267388135,0.9552077962532864,-9.52424698701481,4.602442144577093,-6.838995030306566,10.065559676330588
-9.575265522618697,-2.142084688720199,-7.142134585819372,8.804097429838983,-4.70339112480085,3.6141183349186226,-3.6194375544626007,1.3987110801077423,0.30176139480161424,-6.11629606341589
7.483103060524337,2.972298541186645,-2.982045373387219,-7.32485973796814,-1.5897834314239714,-4.6299370787621665,4.2101432166191834,3.494211170623531,7.617458737347059,-3.2784875422617845
-7.630143410185182,-0.9010044124686788,-8.657249783781793,9.864593420474552,-7.0412780453352175,3.172944498291925,-4.736126827625381,-1.0891055704976353,-0.19577028391882312,-5.923238033805054
-3.104732558236609,9.914819205529913,6.339314819236811,1.5713746569990983,-6.198264864575965,-8.033801874615804,-8.083594458568202,7.52294690148547,2.4953385170243907,3.515879483885514
-0.07867853608311082,-5.857299453163175,-9.254093296098022,6.820674019843316,8.49843598410581,5.5978716231445675,-2.717024998977582,-7.8499199781220765,4.029105474593718,-0.015728490987372057
-0.5352809949300237,-5.350822264354605,7.8923725123482065,-5.130042685027611,-5.481501857586535,1.151887801654289,-7.581960926647855,5.969190995178232,-8.467336206243873,8.546836123883292
7.642142658011523,2.550924974960514,-3.3268956569762045,-7.033609562502285,-2.2311685998071695,-4.081364135817994,5.700925909411545,3.980576896636557,8.394648181272167,-0.16812078397812713
-2.7400639968975193,10.467546791519355,3.3012730365048526,2.666088306972343,-7.485488011910164,-5.16073168706865,-6.845812403467892,6.556866327715356,1.4727430989555956,5.021039442900711
-9.924096053063701,8.243562704511042,5.583170118188869,-7.436950354048525,-6.470879274268033,-4.726231844848869,-4.056817772681489,0.7974515329930322,0.014497337146523348,-4.579512507871561
4.051310722147864,-8.380506385063503,-5.730319968857344,-3.7928482666517005,0.3105294657941857,7.459620817553807,-6.78870381078544,-0.17587726148732502,0.6793104670283501,-10.882631592718433
7.487055578169254,1.422815654293599,-3.7334978679179343,-10.296298536796606,-4.662235128848849,-3.659891874239524,4.320371143373453,3.635679777591919,5.876183727201651,-0.6070707922619136
9.487898655191609,5.446332570728961,9.365812991488266,6.965897443995239,0.5885639646002738,7.937376592433609,-8.618428517659709,-6.3640899326750064,-7.826408510435363,-2.7229761379355035
-6.70338997199322,5.511989572798961,5.264708101256765,2.5680203781591886,5.579417346445312,0.7904250253219167,3.405853185584485,1.0259361129695526,-9.674169627787597,-7.548666440691941
2.278384726324593,-6.655155621960549,-2.8135605226735856,-3.2964791690425588,-1.1970171693775842,5.719555890873751,-5.106925618853399,1.1998609189908553,1.6174272660429145,-10.579601199979756
3.8632047663956888,-6.7180685606393,-9.673989525232924,9.735465525274849,8.86618618323614,6.086210286297727,-4.312002860744665,-8.863295651737221,4.4086575626450415,-1.4832515281021603
-9.709331145093515,10.125368302773834,6.245149382010529,-4.924068751374935,-8.754579221141947,-7.351711136625918,-2.935895396522283,0.24547309442583792,-1.1535573322689432,-5.522202858154596
9.101081470566257,5.455793655359466,9.698258391066771,8.185994823250358,1.5847813968450382,7.952031079076642,-9.796947916446593,-5.847400979496875,-9.187371043858716,-3.9312395638473934
7.01497652758498,2.615969679436698,-3.564992899137471,-7.9383305961951285,-2.311109606267699,-3.743002298597955,3.7353384223297743,4.726057370115268,7.8640643277804125,-2.2602292391623457
1.2484823172846409,-7.0713818417388925,-11.128723437976955,9.2134978092647,9.338981950238622,6.356425953418708,-3.4034056009680267,-7.660736233440098,3.5742773495971023,-1.1482820820452206
6.42707155877168,-7.207622239203797,-10.603327932113713,6.833627074797547,4.0189860099039105,4.917649740306093,6.404872124742823,-7.695078680887367,-3.921648939180745,-7.670774503398865
1.7669534159653075,-6.724647533329872,-8.862375371025722,9.158621420291691,9.274471074524758,6.936063914759916,-2.674685483081641,-8.860628942364505,3.3753320374688407,-0.2953306762832283
8.275781091495402,4.104391645993835,-4.640130143768799,-6.208869442999552,-5.096004764172226,-3.958288608341197,4.66619185853598,2.917054141468105,9.708086938266408,0.45620556973136495
7.4313635700238105,2.648164614443903,-3.746552139861189,-10.136773009933414,-2.2077794185751403,-2.4280395475650316,5.84116721904617,1.6786305580517171,9.189175106169133,1.4111692902642654
1.5458333473067958,-7.151116202631039,-9.898250562258543,9.727293316440296,9.31475908250866,5.953252414942384,-5.163879891039974,-8.09110258411711,1.0579757742445257,-1.359906436013814
-7.2014802196775465,-0.19599012542234967,-9.16368204998434,6.964671671883133,-4.518540097247624,1.2583806222582679,-4.6284448361003125,0.511203516690027,2.128187860044437,-4.872286492491065
-2.494924555216316,8.060346708801676,4.232842523301321,2.659488140897433,-6.773732738036036,-6.295696612803463,-6.861887172120525,5.759281303787652,3.6395128098328,4.265807493444122
-3.7615916246347507,-4.933880665537417,7.535775395437016,-1.2688924316051902,-5.198573459410802,2.232244592397547,-8.531611782739366,7.19222417820074,-8.790743458609926,11.300561997654096
-1.7294684865865801,-4.646792228251774,6.354489180067699,-1.9160295100661289,-5.2349079605122055,0.5129683202964337,-7.703665362618135,7.137834212701383,-8.22349292311824,8.672744634689076
-1.8334314229056334,-4.131697186792202,8.105690899636123,-3.6735796069438047,-5.139791622269621,1.5090855603411115,-7.313497025820461,7.169266222139072,-7.94729833403854,11.655850060303207
8.764964940766106,0.9573309546775834,-3.384925683086579,-8.918049218113824,-2.1895129962765565,-5.705683377537715,3.544806939397993,4.184182047200631,7.274534946317089,-1.857161376454049
-1.533164847515725,-5.040712301253112,6.462286893054436,-2.666255599008661,-4.996124479573494,-0.5277583709450833,-7.220734777551651,6.10897222556064,-7.147939762751532,8.955746660382486
-10.455194698967418,9.368508252953907,7.1360710106388625,-4.9859104238319905,-6.219247133575948,-6.001125996393088,-3.830289682448141,1.18074800686324,-1.0482339756667742,-4.109679535991874
1.3998736466382422,-5.969860834491022,-8.244295399351829,9.529109087844908,9.135740571000344,5.596208380104032,-4.026577098553357,-7.5453956498038695,1.507880829271289,-0.802838194837115
-5.894567272836797,-2.2884446625147943,-9.995496274913458,9.358090238798454,-5.1945119714221795,4.846910211879826,-5.277583222890181,-0.7107414703917918,0.40256741673861807,-5.88551161195293
6.215432036896005,2.1596088477040576,-3.377767922246368,-7.459600200500292,-4.821089510725047,-3.138996268290968,5.147882345618454,2.729980875933972,7.246213155332143,-1.694693361325007
-7.08265115612103,0.8108811482864211,-9.158808382191713,6.986787089934962,-5.721175612506814,2.521786546045858,-5.660785371809554,1.5288382822881452,1.044313172621922,-7.438428934678454
5.154000941209679,-4.5262136897646705,-7.725802155177149,5.858532389277492,4.4732210794493,3.738865398263101,6.193058238575422,-8.995557027245935,-3.5417902922043445,-5.6810315436817085
-2.8244942783388747,8.073263427531943,4.88596245154451,1.1708896568011884,-5.397666422714734,-7.163327632221179,-9.403904124510001,6.852207194347585,2.7407176583358166,4.003704572689424
6.213675611721547,-6.025935544734726,-10.561149764045547,9.017734219779031,3.3481306988990642,4.8982724548000185,5.935396321086544,-7.961797496699916,-0.7026684972080459,-7.635048414408474
2.7270897883571883,-5.189614085084612,-7.4213347904866005,9.48844281120256,9.171500342047352,6.682079662322341,-4.723908788408702,-7.894424001008206,2.5753529977451426,-2.9778317652882746
4.565172685460276,-7.742635006414039,-10.945057405296255,6.2205822812575455,3.377925709720597,4.300306282110551,4.626953729073111,-7.509363068922715,-2.339835918315964,-5.464659242968855
-6.445406699658821,5.368924056200126,5.2563813617406225,1.1593535042641694,4.422685585986305,1.6032468896375187,1.9401111526407266,-1.0547848994206221,-8.67156937844649,-6.611690492242725
5.242346560095521,2.761975955026794,-3.6397247368937595,-7.740617028784882,-2.303993644126147,-4.8052485223673225,4.608006207948413,3.5837815765908143,7.406256506363073,1.1899932228526013
-8.007322540284717,4.4406323710474025,5.767715842166675,0.06933675153616381,5.576747314581011,0.11217426095457655,1.4532913511665506,-1.9660550927994156,-9.55283179295495,-7.672207178097794
2.8437878969676964,-8.286939760586218,-3.419578965829099,-2.3975144465578015,-2.4629278935076777,7.12780264213413,-5.847841033214077,-0.11139519780703622,1.470301631255632,-11.086213651032422
3.0889869652384325,-6.295254988861313,-4.091322339820888,-3.273592773222081,-0.09890413347978622,5.643364728455145,-6.879309310360449,-0.6354634631854532,0.3711269609284682,-9.581282905163109
7.954368062909912,2.7412755323096785,-3.3268126198332255,-7.799729385327577,-3.087067715880016,-4.978299402039502,4.41933556132103,0.9477489755938919,5.9212958650926275,-1.064576692181265
-3.071365649631052,8.805064254453793,2.9564406440071513,1.1672996174445434,-5.914775558053813,-5.2645267697277145,-10.072676628515932,6.731058656345809,1.9958944779052485,4.441612714740516
2.332085779719663,-5.481793406392829,-3.743352826348249,-2.4303129534903465,-0.8103935330564442,6.52151132711761,-7.7442105550781495,0.3700327237927425,1.778244933512885,-8.34557291844228
-2.955058521566478,-3.1089300138532807,5.012783587093408,-1.9521053050420516,-3.88572009605261,0.09806227641054532,-7.390302257242685,4.9096869119247355,-9.600627174206815,8.146684731386415
2.421360546759323,-6.567535973610568,-8.417802997399793,8.886963987727544,9.577747756003431,5.707423541167907,-4.245911333515055,-8.622582890348989,5.601920064747209,0.2669506609663497
-9.085197116884398,3.332415167540563,4.57338276246824,1.6649574685092057,5.06311634099901,-0.1088907763635252,-0.9785933085873042,-0.04475079371312285,-10.229107466732259,-7.607048928926831
6.232844206835643,1.594091014765164,-4.386069464410482,-8.273565170360335,-1.6511782190128907,-4.0073236346479835,4.207848887285346,2.166566879617882,8.60193161215615,-0.12934463636763288
4.905327150982394,-6.5174863806971635,-10.658079117806539,5.548788830622497,2.136203042024743,4.356468266441763,3.4698276115016453,-7.768547846610771,-3.3906032732597073,-7.802028388213733
2.3233168901201657,-6.342965430756852,-9.223504879294508,9.419335812880883,8.058239601763686,5.502413095320542,-3.149479840377789,-9.801428571414572,4.587828122237914,-3.208931490913676
-0.14570445762547513,-8.311449415728873,-4.784157874742988,-1.4652599391742454,-1.6924139575882098,5.8839873696914795,-5.77998160590181,1.5826052739329948,3.110868784205,-9.12849471439496
-11.931349215735793,8.784158881690475,6.4507791858590755,-4.452592385378518,-5.495695196315542,-6.104504723939703,-4.804999911750388,-0.465650925600133,-1.1069719400862499,-3.4783662171994347
3.0291026034654114,-5.750269680863575,-7.410757669228326,9.815857641963827,9.551198193032992,5.7345153246890765,-4.295485539348811,-8.924335026308132,3.6891898212946956,-0.4995626464960383
9.513493877604542,5.8024869313500345,8.99081866996489,7.884115656371176,2.091154104393318,10.173808509312224,-7.610098091322525,-5.157833955012274,-8.904664285102452,-5.10898208320279
10.714510824441593,5.2490379882753375,8.222990917441106,6.0305293350084845,3.0906220339934514,8.41822394438897,-8.959491817924672,-5.796485461788236,-8.942448848610574,-3.3251342823801213
8.076001664827698,4.469571416766801,9.920653629138293,9.630946535389931,2.0494394794319284,8.581366463083459,-7.453696525805123,-6.007040722263911,-7.995754183818917,-3.201771134071528
2.436178989196261,-6.267497046598956,-9.872786137392835,7.3018705805148185,8.723948136799194,6.563658494746175,-4.6356744840069,-8.401479073571556,5.811957943992706,-3.0423740100125087
-6.552857028300643,0.5943205287060368,-9.260837608720792,7.92575919168072,-6.5977544026071335,4.5424433132056965,-4.212875076077438,1.9562006639824734,1.1303148789974284,-4.277626680868014
-8.343236593995872,4.999943479281468,5.478190222584315,-0.8634526034865622,5.874661290398833,-0.5462856000316829,-0.07030826539989132,-2.2791052520931645,-10.494644882498099,-7.635588232874278
-2.5060498961464237,10.244276496637005,5.622561978998043,0.5730989607577228,-6.2923647776870935,-7.085737446919194,-8.75549518611791,6.595351014528887,3.7704373039850108,5.201513375823485
-7.334339508218103,-0.03798472930645689,-9.450647430035607,7.274610159914966,-4.885268745419863,3.4917130623451738,-3.3636139216389855,0.5816451965464526,0.7012505734170591,-6.359990792685356
7.986638100890211,2.120755694732994,-2.759450272010949,-8.713036301453942,-3.9464587598439866,-3.5604695415328225,4.233678194511417,2.2926070048604754,6.64297373264292,-0.07235205002910533
-7.482708298292694,5.282713030934312,6.458217096145281,0.031078702046010154,6.53209990016864,1.9348507725860893,-0.2294978486574777,-1.6232452934757475,-10.723172930445365,-5.988471916703225
-10.79433248549207,8.51222630934211,3.7988227066912534,-5.208635385640849,-4.309306814601918,-6.184089063894796,-5.331424000149853,-0.14764775025519072,-1.819976472182682,-5.193001973252537
4.630203618834789,-7.602754636989367,-10.383235815647053,5.798129602372437,5.4573179532596905,5.445777275501282,4.688019830955584,-7.12115262276215,-2.705659571200194,-6.621783174203312
-6.967802703783356,-0.6101108132234347,-8.60171549057377,8.48581997959313,-2.9732463059805463,3.7747829726556863,-2.6515604079324664,0.8032450866837626,1.2455990879436656,-5.138177847376143
-3.1954767588078345,7.581614838458669,4.785715306443485,2.55846912045707,-6.364743595074898,-6.0601843406407125,-8.513987546621141,6.7907974172818,2.8619640992953643,2.8039340160789736
2.026700290670678,-7.53120221641841,-4.545518270284412,-2.4500470715252014,0.5509193428667116,5.400426508168547,-5.836081358111443,1.0115592920171685,2.4024343037535987,-9.685415270047887
-7.242685952187511,7.9981258088381475,6.545040331605469,-6.933678271666559,-4.771475757281904,-6.919647772251222,-5.358355934595039,1.1333156314933306,0.383211487585426,-3.5118193274783986
-1.9792287361410599,-5.6225786308806915,6.550879114291619,-2.427911844985245,-3.392037615016142,0.09854299642006914,-7.740045223205882,5.3487796263605984,-9.154507325796372,10.142743447707462
-7.755291910079167,2.7227620936909886,4.516616030981316,0.4340933007358574,5.737706290002706,0.3015406409910268,0.30189551895282296,-1.8269442234705284,-10.201317639770702,-7.790593378115476
2.5662085152691003,-5.168014241021076,-7.700241570211311,8.067512038838755,9.122659237994108,6.20270144062107,-3.8035912285112468,-7.130228766433751,4.093345292518546,-4.133151068986088
9.60315150034292,6.2796957335905965,5.974168336806489,7.849445300659429,1.10211806984407,9.938847205282569,-7.6159330434777806,-5.846107340806536,-9.527387191130265,-3.096185074603066
-8.369152159893606,0.7524120325104512,-8.942964043039442,7.000812033801184,-5.625241284162451,4.815026928137055,-4.690333697681097,1.3356891702822138,0.4560188896318933,-6.30608674625659
1.4174349468598022,-7.479480082811311,-8.975100226775576,7.889083024393042,9.43367453999393,5.962295050475835,-3.547144600646285,-6.649614263639501,4.502145511013457,-0.7077103497956168
6.9253746675845615,-6.136421535645351,-9.343070721856035,7.575833946374788,5.21031416810494,4.5730836479491,4.719881658172195,-8.02025240562384,-3.5162572476513674,-5.867814156974925
2.2016377537560805,-7.737188905198937,-5.180766775426351,-2.9584496822184296,0.7467299934159144,4.341844197396642,-4.31421133772793,0.02496759719570013,1.883662794329489,-10.157702556984772
-3.935000772843358,-3.2817296455937583,5.84809355077834,-2.7260676679293945,-5.736943291265268,0.8158085212349262,-8.55314157036184,5.970032217369831,-8.982919665893064,9.968006462396449
-8.715145085529002,-0.36411756778014975,-9.068788863455502,9.291521584849733,-5.444575991514418,3.060610559016178,-4.714991958968463,0.6266856030967214,1.7179850371745564,-5.673262876059564
-8.709295959526944,8.451706247251458,6.466692232150511,-5.472006103850411,-6.6365074038805725,-5.746888470643525,-3.63396312289897,2.32768987300077,-2.8913787630874728,-4.2978531857865585
-8.552910390611645,3.846476270012765,5.08436730003223,-0.15524333133629997,6.090221591748083,0.8413827561915423,0.5720703611534023,-0.5086313197432845,-6.841608889041887,-9.720564794923305
1.2431369652721966,-6.057209530754353,-2.25645798757355,-2.2794679959596853,0.2278568366353637,5.457670910416289,-7.3441985429204895,0.8968603868908166,2.417580700510914,-8.999323191719801
-2.2327294390544865,-4.265616271180196,6.704476674536782,-2.87747941104452,-4.514033565726932,1.96076227319049,-8.043329508024033,5.870768744315747,-7.427616459598624,8.926682807978937
9.9249324244466,5.7246560618516025,8.355790375568228,7.04260185176953,0.7608421555296814,7.742977849991659,-8.273071947322597,-7.235326951799762,-8.92593446405263,-3.6878315119703577
1.80022364437017,-7.07715659975275,-9.357143414431514,11.076551975419106,8.282545585001698,6.314579549975396,-3.315203606771715,-7.416449724288589,3.6260534544606653,-1.4376526970552828
-8.500088832686604,-0.6038069937586323,-7.749985367057341,8.028846086021865,-4.582633478115352,3.5237653315915676,-2.178197565369414,-0.1742250302890752,0.7116835066075313,-6.409110261263642
8.876930027372968,3.7593011958711178,8.471751266532623,7.620648614294098,2.220057758779137,7.01438158957987,-8.469162170148488,-5.50409135959498,-8.419944546296723,-5.35320856087204
1.664760571179934,-6.161458778603004,-8.586630191562033,11.36958413452395,10.399556279280187,5.23678911217262,-5.104779621358997,-5.339869778896821,4.7472325359765,-0.6075805179384012
3.354898168114418,-7.046511564810629,-8.951091299066485,8.999684041029882,7.472648412077555,5.9018833065672185,-6.39351952881877,-8.63207928176806,4.539849583635965,-0.749683566956904
-1.4655157234608716,-4.220040789770638,6.952194323559018,-3.4642605687868118,-4.527078251762423,1.6449926492785534,-6.199402870773635,4.865467999162265,-9.142335196905982,8.347855309938204
4.822424429154267,-6.304845762575269,-10.414708310287583,5.407384000561395,5.608816289975589,4.642857169802663,5.351161470987004,-8.271398802825486,-2.776923463939066,-7.903596183407079
6.922816554952587,3.2374913800992067,-2.1262852279061972,-8.557870039339834,-4.347732291587694,-3.858718099610837,4.691657569021325,2.969179551446804,8.17921403770063,-0.9950613806774814
-2.9210209920164076,9.14621409497028,4.185331117484657,1.754516406505696,-6.9710267486603845,-6.960988091141408,-8.786069266138528,6.262917849102102,1.3052840857362393,2.8768672902209396
-11.552846152186875,7.917051318618171,6.646483899875627,-6.29682468252753,-4.371464019898679,-4.498013256906948,-4.7830776035603995,1.052266251048239,-0.6118170702782338,-4.7728960540635645
-7.506425057479518,3.268002855401568,4.5005371657855635,1.8548020906862608,4.283859264132212,-0.705981221687882,0.9675505695291773,-2.1003543629264763,-8.07083608268078,-8.880250898932015
-2.267875688135969,7.863272044578815,5.0262021540396615,1.7686984629546105,-5.1241514928357805,-5.30708986806109,-9.304133325754172,7.172685203932008,1.948352669255783,3.709792079761286
-8.493511611856626,8.59220531218047,6.122297682871734,-7.075565221117772,-5.95443571752393,-5.665281919474433,-5.2650807786705185,0.03992972782859816,-2.708353544739034,-5.074217006282999
-8.622099657894172,5.269352168439487,5.222636594530583,1.165230484445077,4.527865538474373,1.450310784416508,0.367228011574664,-3.3448888233736938,-9.215793817678101,-8.60636529583433
0.7071786684337118,-7.07231821493912,-7.260939418421147,9.046585384580435,9.602451857057806,6.446026557902749,-2.798516633945856,-8.656778412410176,4.37294563873137,-2.027832789063103
7.764620840045713,4.274197688671259,9.264533593641746,8.632083564360864,2.237407122477454,6.554790025384016,-9.292484483299358,-5.663750885112927,-6.668981932547972,-2.2754807196762847
-8.591044546425078,10.58008708579878,6.58240384069898,-6.111297232613795,-5.136226833776725,-7.542070305912208,-3.47657584988824,-0.874897994719672,-0.29572335489808244,-4.433462711650323
-7.042829354713275,-0.18186354884286415,-8.300861320505453,8.909388554673466,-4.014172535697229,3.045128042277552,-1.8398511577095193,0.8852723659356885,1.1814996403524245,-7.06385387005643
-4.661013024382055,8.295132808955902,4.428748597400407,0.985990156789548,-7.010884158243575,-6.803257710317179,-9.063183738444089,6.673520334675244,2.1909549068309033,4.603392205490318
-1.1157430955283187,9.724835230496106,5.0692196590298355,2.3528093323266974,-7.435745937912051,-7.0101698868295665,-7.169258230809679,6.380964909706827,3.6370790255740273,3.8394234014288506
-8.787608166538375,11.458042044977288,7.2075766529529215,-5.909695162557635,-6.020574278536645,-5.08844067458536,-4.694530466069363,-0.15675994988662356,-1.6700596417555926,-6.279999994804493
-8.12913322251653,-0.3833793737122719,-9.000600753970902,8.88080738372288,-5.332883942018199,3.421182797700337,-3.4983871774143744,1.6881301799314696,1.688671415800712,-7.809712534324749
9.32367506738539,6.617012245412752,8.199454261444359,7.496608281448708,3.7390915715079105,8.140662311294498,-8.35893948281519,-6.195587533668837,-10.44095936819375,-2.921595261319598
-3.064744402539617,9.218675159801299,3.4377293101520126,1.5774889721844683,-6.562173929901095,-7.212969997658458,-8.93171461553596,6.794190803050332,0.5078299256834087,4.4830447672601474
-3.1909605994731285,-2.699604240909931,7.657967931145628,-2.0233831846047345,-4.369062865279043,2.362394903285379,-8.284920286483006,6.7969071272852855,-8.952260632930148,9.488845412355117
9.660039222728209,6.069431148459503,7.431549586176555,7.282462693430444,2.4776792767376796,8.353256938048752,-8.042466823926974,-6.896836507331289,-8.973507248317619,-3.3748474931429766
1.7151023289716931,-7.957225540626229,-5.664605945897387,-1.6809094336183081,-1.0533113535892549,4.4571789342393995,-6.83301573254304,-0.5822846881603196,1.8913158622559765,-8.003523894529359
8.714651496825978,2.5293990700332265,-2.6289833263238225,-8.684281789641794,-3.6351094100878667,-4.625192736727266,4.3676284004885835,0.9563842258867399,7.606774388625698,0.7643412645905514
-1.827128132990119,9.140464031860288,4.417403939449836,4.02003187966029,-7.554561209941823,-7.283185582340978,-6.8467744544312765,6.491461610648846,1.4721849519276367,4.014426132490059
-9.072889477566742,0.15598675717906713,-9.263398452887222,7.252986774865375,-3.255718449158304,3.8573593973666886,-3.073936674202924,-0.08597950248294906,0.9328755088392695,-5.6755382193020365
-3.044999086105048,7.306928170605374,3.5233543962794425,3.2089813039476707,-7.035525369087938,-7.428396889766548,-8.678309530783222,7.825305651666248,3.1396990507666365,5.609950785813835
2.7924375505973584,-6.350037719216343,-3.7774969728811563,-3.508950248664491,-1.0600063503764705,6.65134000427274,-7.3895421655772795,-1.8084892541189266,3.3563742273848707,-8.559576490578165
2.892135912078116,-6.881231250232122,-3.1395756053650103,-3.135679513612493,0.19679023875713342,6.814019093507657,-4.923987348149896,-0.37545909906424346,1.6799537430036589,-8.83152475681961
2.667147050619342,-8.013947435201908,-5.373892670377055,-3.506922180842747,-0.33609608599476504,6.962280467620341,-5.523594411655219,0.916711991889254,2.321336650078851,-8.969664568739576
3.2042073176706367,-4.459413259933211,-7.9476904351518,9.272645480176802,8.97281949318289,6.350081833340398,-2.547952723204273,-8.091266476631906,2.798547878895487,-2.8166399907245996
-3.1255351418680797,-4.562130567288957,6.558216593440934,-4.140900035642861,-6.931846035174745,0.3278457556483009,-8.74489003140426,6.215319561804337,-8.33090555974391,8.764526033668437
-10.805206824424118,10.761573556778226,6.043696580402438,-4.842799286748907,-4.789766439302881,-5.875221792200924,-5.411313953973895,-0.4230835338650343,-0.03835516027254959,-4.344539881681977
5.632957563355997,-6.395051242047324,-10.274787412785377,4.321793264326034,4.55173094131044,3.497904223867897,4.308727318667023,-10.074390370876968,-3.8867347875135345,-7.1821390431682195
-8.996962664664391,5.154681569234731,4.762270615413083,0.7542824720683357,5.819683492444466,0.32881335885034507,0.34234860769402675,-2.337978338824741,-9.97118639243559,-7.746929042925843
-2.039930033244224,7.4787140049912155,5.396667516215083,2.585638477954334,-7.8963103197277675,-7.124190066950148,-8.877635044263641,7.189026131096971,2.3561602014327105,5.592818337752092
-2.0899030344910265,-3.0998278515463236,6.698080940657463,-2.2511674723210757,-5.161777794156603,0.8956226680940939,-7.041437044967881,5.903409087236417,-8.53080592327451,9.863957199630452
6.652059786050032,1.5842253391462253,-4.380889774375061,-9.43634814146252,-4.767703497197486,-4.393069607764234,3.233276215172957,0.6217487959792796,5.534847363384902,1.9053876350750936
8.16324175704412,1.2979009769843906,-3.288684936206994,-10.077970083984686,-2.5109477537516494,-3.466299704748275,5.33741575144104,2.9462552083042914,7.49101069428502,-0.4873305958459757
2.245124653858726,-7.217831438441407,-5.278753265828832,-4.123982350386101,-0.9661538621127199,5.470442035809451,-6.423789722155199,0.2012780335256712,0.7455150034205307,-9.505812358466159
8.661694693620477,3.8867289180570497,-3.524653242757153,-9.417373375557785,-4.293029393872101,-3.0812093953690685,3.442416558632867,2.2974185614480236,8.941485188807821,0.11113246868441007
2.1996137174225736,-5.44762098928616,-7.570422362763223,9.088591247959503,11.321550080587315,6.063126596388758,-4.046292239929998,-10.613993629611322,3.237297581081922,-0.34493509029947855
-2.0066413531474967,-3.6259616228637697,4.917542244467312,-3.3311314164750736,-2.5586260330262007,2.1373904921586897,-6.547877335497203,5.8885726417252915,-7.4741714980546154,10.166880251671953
10.116789410406515,5.1425486499679165,8.020132927710113,6.610991841361121,2.3501539341305384,7.928901721549337,-10.24282527295068,-7.283611541261142,-9.329051157448221,-3.6989310496518804
-9.051920895236375,7.727049878444538,5.8104909360076284,-6.965874919057791,-5.581558120406069,-6.397320036526717,-3.928658385402222,-0.6116043550846937,-1.6607931230905744,-4.9388824993482725
-8.085173702679073,4.637955366151618,5.900609255560115,-0.9302175607806542,3.1854080408012635,-1.1221352458543477,0.3008131907932191,-1.3736103684703362,-11.195076018789493,-8.046955113849483
5.256834698059435,-5.7523487251780825,-10.304135891828864,6.57305534629968,5.3402073863979265,4.984956714514764,5.271909796874159,-8.642602069200866,-2.6300918500367936,-8.514769107157637
-2.747051287575083,-4.720461816109275,5.3967839000742,-2.3900067970633048,-5.3404073473988865,0.8876666536451825,-6.681024406862367,6.629831046450608,-7.737478588589149,9.52444720686229
-2.5439093927579934,7.845608090578789,5.782701650743122,2.7251027166275064,-6.088595244108223,-7.789497048070686,-7.435533445699911,5.921671852706423,2.609157328664446,6.351907181730887
-7.2011864642478525,-1.4381840411309104,-10.08809388325589,9.221346204739575,-4.823828702353885,3.590324668394549,-4.31229963892036,0.4208544468330726,-1.3678065932696057,-5.456898951068692
7.037940615270872,3.0276872904667456,-3.07124898625025,-8.473949119386338,-1.7841924240778257,-3.2489629508894873,3.607849286722462,1.9113945414538496,9.216879533553323,0.12812765717609353
-3.746624261275323,9.12369460003129,5.968519664476332,2.286354157805712,-7.48613057936701,-6.424205398105244,-9.297418066855002,6.628922546335558,0.8679375666311913,2.4096227491691895
-1.7633012426723886,-4.330261628628312,6.592407628218575,-3.6809426313362312,-5.324520895454906,1.5205964431209262,-8.01433488038895,4.267020790253769,-8.540748449694771,11.192979034160095
2.678297716617861,-7.388108994910508,-6.112193143213787,-3.590379123232498,0.5416707696081817,5.890588165836872,-6.329046475939863,1.4028573166462073,0.7181747448719014,-9.296339879313052
0.9046081134493849,-6.578704180686756,-3.3580389561533375,-2.666631683690939,-1.4367335753167312,6.6978979588523195,-5.478488352284842,-0.4837467486312603,1.8973861085465213,-10.422699277624691
-1.8272446517577863,8.704019371604865,4.964045188716543,1.8430266295730475,-6.782631226158552,-6.284952567839033,-9.656548439869482,9.415910191184164,1.0162828533644737,2.9472629431331767
-3.1763867078302557,8.281317229074563,5.7359487437054995,2.398490992270842,-8.42456453782803,-7.419414607739217,-8.451945102787949,8.161287137045292,1.3430695816712206,1.2471955661039678
-4.340342501391101,7.785842296932559,2.564290827149568,1.887099991149839,-7.029947651423142,-7.20680580646231,-9.880905451306587,6.1512891620620636,2.48667009841075,3.610899624212421
6.5999228383777835,-4.572900235590493,-9.47612069406717,6.602287396821712,4.175792022436923,4.263037324653324,4.988022169890849,-8.6665236890325,-1.0063070386354478,-8.724474024463586
-8.885821391488019,4.08596447717599,4.717422195231791,-0.6719952424216751,6.026914541617464,-0.852935308664396,0.18520433950880766,-1.6690260026734964,-9.507058374611802,-7.696128138764965
-8.161323586268992,4.744626118834897,3.833985954321109,0.13864454211101274,4.491698728613803,-1.2281818569091654,-0.36897729021484116,-0.5523174146374388,-8.455261584377878,-7.570464407410837
2.4433812259710623,-6.95191995994225,-8.930846115355642,8.017700222878839,10.158685670380596,4.426455305715125,-2.9366362781503845,-9.450256104617564,4.64726780431979,-1.5507676514201543
-8.667288629933866,1.679385097016599,-10.488611432211146,7.532187780247884,-4.0796620982843415,4.280762382553312,-5.1692774952102685,-0.6913414396908697,1.2120483963374409,-3.9584915017256628
-1.005595885562616,-3.238144941800812,5.926469407186386,-3.0728954740214185,-4.993011880981899,1.749018125906253,-6.848626271141006,7.113084479094033,-7.3962483233473515,8.010479241071438
-1.996989576130697,-1.9135791064679002,7.398455696604133,-4.125499476778112,-3.9225733583309155,0.7999029201964806,-8.523046071331214,4.622306735004154,-8.055784209125015,10.43528626688891
-7.167158243676835,3.2480237680095616,4.976388200284259,1.632357865962317,6.556981004588735,-0.7102752343189138,-0.1434701575499847,0.09205195038000569,-10.043437756412285,-7.898912947810775
5.003761795449846,1.9111954422097348,-5.641740075754397,-7.999109843698765,-3.802157024798114,-2.0953029314139067,4.424930168736013,2.994299674770873,7.4760603047774525,-1.429632040737331
10.525040548894465,3.8167072661530406,7.306709840835338,7.789564236598494,0.6937655943773147,9.66010997673826,-9.408364594374525,-4.523315599406783,-8.060332056017666,-2.258337649227129
-1.4118974355090415,7.448638096592726,1.6322464965343442,2.544349090159941,-6.635969967448555,-7.970318000075377,-9.82386735735694,6.353779195864028,2.1328355523381157,3.535136279737902
-8.806282726509824,8.486579741085983,6.628934419708704,-6.00109790551314,-6.791818913655743,-6.342374931984053,-5.049326286087036,1.5243090687727243,-3.1552431383562856,-3.6356526832108194
-9.546954541422423,2.8882738788973468,5.467531210184305,0.6947878185845481,5.091011701822528,-0.6551784535481567,-0.3284188013485423,-1.1322021784461307,-9.54017922388349,-6.957337454275324
-5.896364204540366,1.13445029310754,-12.60779075766294,9.343170024039955,-4.898052394257419,2.5422636241806282,-4.772953213919431,-0.5477572047237721,0.25426964210717773,-7.4300434731713025
-8.313626264404466,8.262561138482058,7.158148139650444,-6.369289001770801,-4.746455731336305,-7.102334602069202,-2.7717936106034173,0.679987286705122,-1.1089047729233985,-6.145725777390562
-10.017158039690024,9.814033879525947,7.249065781752713,-4.795285731218793,-4.5558921480887244,-5.825752147470611,-4.971185940775913,0.23818350752297573,-1.0532672546438002,-2.1071911545333375
9.511756451022649,4.791912487334208,7.3991731635085785,6.606546210316141,1.5850881721271013,10.362613583995927,-8.814811837635853,-4.632887919270891,-9.226217890392324,-4.674543775836395
-6.6124305507524666,4.0131155535283,2.920548532191223,0.7667152929877733,4.092724236951984,-0.9867694584932432,-0.5106752341330869,-1.6803877956460838,-9.42185784855072,-8.573752301719223
-7.59264622320235,0.2532678843017698,-8.098632015393383,8.422505335790719,-4.345869537091264,2.881960773502939,-2.194892004216755,1.0416975344858879,1.0119140468905992,-6.4255645617441335
7.888110179963455,2.1265171696363026,-3.039947901876682,-9.989211287924771,-4.005496550009434,-4.400031102652839,4.854004830475635,3.674617885609983,6.696629665351559,0.16921118400740576
9.474063005945009,5.5892041148402685,9.11896411018838,8.355735531444584,1.6271591101405094,8.787745748429383,-9.279220318552342,-6.879413808450984,-9.766603329864862,-3.0236306951006044
1.8850082384152982,-8.206312032555159,-3.8074572721481634,-2.4717296304095955,1.231742336437097,5.078708023324384,-4.566414236763632,0.637111682656547,1.1872694956981373,-8.2717452880828
9.014273093659337,6.199250448576981,7.2172997627022175,7.942976268617373,3.951957231178114,8.595232097148106,-8.122372302803962,-6.05970621125959,-9.49093050221544,-3.178902712369842
-2.2149734940392563,8.779878327881999,3.856113170641705,1.2826286316244726,-7.795819106632512,-7.711931801506392,-8.905506046685366,6.607762926387951,2.7043523005767955,5.648697711256836
10.364482369383198,6.212330207473693,9.94006409302131,9.383091148890076,0.7338902832449272,9.325528902100777,-6.750845514543149,-7.5749206226463315,-9.266665433634953,-3.856795367964137
-7.521048285888227,2.3657510177117267,5.017115431268217,1.1118962020718712,6.886884044495395,-0.8307658664511615,1.1410669814654075,-2.2209415320101282,-9.401285203946934,-5.764850272768854
1.5210906712636474,-7.125076926758981,-4.396562123061221,-2.9458952778454184,0.47072361215145864,7.241535509721906,-7.616546029741802,0.6122814994151902,1.0714292786194575,-9.319242859461138
0.7419931336033616,-7.636701881502399,-9.502377600086847,9.481347381244527,9.345656538426047,6.000810878166385,-3.7614893375102256,-7.455268130578849,4.35290865418449,-0.102783289592842
-8.417174583199076,3.0757978280418805,6.181591533230083,2.1225889121981565,4.912612562351665,-1.3830980581127439,0.8402558674460051,-0.8552577459764078,-9.864357556459913,-8.945334857565362
-10.189436666752798,10.564113563495109,4.982089409219238,-7.247973932884121,-6.226903260269236,-6.306524524959052,-4.631728629233351,1.3047230686166431,-0.8302053129417358,-3.3172781251051453
3.1563189861288814,-6.464266268860586,-4.341718023732687,-3.8304760580674353,-0.36786476605200713,4.685569781725123,-6.764988279763671,-0.6947269699429219,1.7097903553008964,-7.9007994115294835
-2.8282515587193684,8.218260271394833,5.7158859748266995,1.9944813326126742,-4.978436505398262,-6.940770407090567,-9.546734523546473,5.809808522885876,0.21916055860823058,2.5773156129154193
2.1642354618572477,-6.372108732422852,-4.257802902112814,-3.6190769568739625,0.29621374192641126,3.8245382831064454,-6.334319412710268,0.24302874489089782,1.8642000356404809,-8.890495689521964
-4.686262669495605,9.19276279208371,6.068736544041669,0.4990375518986263,-7.465554864469025,-6.551002814565817,-7.585485122208526,6.875298299198554,1.3300499055982793,2.1925284135048257
-7.0668083487706035,4.607994181527581,3.400811357800536,0.9085718436370025,6.583204043505665,-1.1946093772863042,-0.09732010624885801,1.3118763336885721,-9.165719589811987,-8.10016541105263
1.8696033853591971,-6.708051760283034,-9.21323711186505,9.877540241199624,8.592252302690715,5.612546562886883,-4.617643749484651,-6.95450230843352,3.1922164178309207,-0.7369047343244168
-7.745170719242361,-0.5503605789014581,-8.206931324820767,7.655869723282961,-3.9349294215479125,4.356381149037349,-3.19896154614972,-0.8478750960164163,0.9613604960880906,-6.5049108865480765
-8.500599687926085,10.089815618361275,6.92197125030208,-6.751430044945883,-6.366286766524889,-6.865000204947156,-4.259219097513472,0.12059448189450639,-2.34102520193993,-6.132755785173151
-6.537799654247397,5.443932871107031,8.399134890613112,1.651189722989073,4.630914472356325,-0.6029781532041365,0.2971544173828652,0.057068990130613395,-8.758678647319503,-9.188980066798113
2.8988924366559665,-7.818296877159184,-8.797840765953891,8.291776241117049,9.78598184487633,5.951154930641292,-4.442970320472982,-8.2598542955044,5.720703363083249,-1.6138497613273621
-3.490946612682605,-3.735050522544646,5.921359348285262,-3.2006102040319653,-5.441137496316021,1.5329335939518027,-7.828008616942255,6.0088979267780065,-8.528490192297049,9.921299351924256
1.9379183814785552,-6.845873169107316,-8.08852814097756,8.648314289104123,11.130919365234009,6.360139211787917,-4.227894124753313,-8.586843247768005,2.751712060070117,-1.8247051119654627
-10.952780967701232,8.46993120458389,7.458510346156677,-5.5225060373595145,-6.26171232215066,-6.025562268999301,-3.822527552860322,1.7379911955030718,-1.2376704454540364,-5.633630309857912
-8.135075515302434,-0.4582757858591215,-9.805605505192984,7.204014230473947,-3.9679868619938703,3.0679956842053713,-3.564341934294495,0.565137294749071,0.9889320119756144,-6.21010634343303
-1.8428563250269403,-4.095443253125075,6.101725717858788,-3.502261821737296,-5.692436755983804,0.2528320971235779,-7.4620389146037995,6.3886585625977155,-8.545745541449287,9.372669266142656
4.538732746498365,-7.973229140404639,-3.1521767352277537,-3.0655641510073077,-1.9652365045445623,5.806333471015342,-5.357430972445305,1.2051983433379112,3.410556487895919,-6.125745455664945
-3.037814304802507,9.600650146953415,5.878161907661737,1.9944412606767936,-6.5707941785523065,-5.1778946486407085,-8.597574577147443,9.925206029679098,2.58780988049572,2.400688796765091
-1.818724936931237,9.279903121370856,5.297642012378475,1.9036373976984626,-8.066620579457014,-5.8222954124551505,-9.427439889417137,6.387926616736277,1.8443823590597774,3.248640636624396
2.8074031212039934,-7.902789813506418,-7.24014900443794,8.746292683861673,9.558168833547356,6.726505115610793,-3.317036571688396,-9.455542019824057,4.508747110787401,-0.8937962968316997
-3.393055059253883,9.168011234143849,4.698087554674101,0.8301993861101089,-6.521839830802987,-6.319325066907712,-7.755276513460734,8.377324967533607,0.6446308669070846,3.223626516005786
4.1616437643349045,-8.253332491823883,-11.451883526720152,5.387240532770267,3.3823099928618103,4.145299791973658,5.034973699099277,-9.168945247609225,-4.947000201280724,-7.4904954418867575
7.2686645196234645,2.1222192389737544,-3.8371734925259955,-7.8450281973865525,-3.6965317743721338,-4.580043462122618,3.9888011820823777,3.5043698440435174,7.943964207745507,0.6402386679234546
5.652755087209066,-5.341115476842617,-9.802041561417191,5.885095671163307,3.8500433571224186,5.232312201129616,4.325230729135257,-9.335564109164483,-4.437586442895305,-7.648620110157602
-7.40737729062381,5.210900305141915,5.754625460497667,1.8791189481353459,7.4816600195860605,-0.1675412122943821,0.7594331327465274,-2.388675144383606,-10.126288588078433,-8.17414569799348
-7.611298844303672,-1.4580983459544086,-8.736713456151564,8.684977732579869,-4.618873369783201,4.325686994040959,-3.7353998017988217,1.5127365125454721,2.341416608343989,-5.720598003964977
-8.572372890520395,8.994817297271203,5.163666653308503,-7.802692272104158,-5.102651135858678,-5.7152458264602055,-3.8271815936800766,0.054853995793953725,-1.8900980413608122,-5.251153844480773
6.066325920432151,2.3581623879607463,-2.851723058022929,-7.486533854479595,-4.919539054131987,-4.337284895128763,5.097410546464482,4.362742723792891,8.030134667752908,-1.6656622145672293
-3.3477834214999813,8.127605205914865,5.174696172574012,3.202150186429794,-7.516934938180065,-6.421722889724462,-10.925354775238079,6.738905184841504,1.9912413019932738,3.251768138939075
7.245441095356373,1.2528510690008778,-4.349801843194698,-8.5535394187214,-3.557066275262821,-3.51244285143079,5.257050694021585,1.528572057462255,8.047844728686492,-0.3077151746642977
6.7206305899214165,8.45934810044884,8.979578707960842,7.30753396923821,0.02408476454426922,6.943334905319775,-6.575658029406704,-4.5784042028186285,-8.342239185790291,-4.608470423144526
6.367076270894726,-7.745375177509544,-10.78589876631987,7.217241364023733,4.2345979610336855,4.792018001274177,6.136790550764425,-9.408708456220808,-1.7756128912872267,-6.862835084856856
-7.109326414273196,-0.9259295323548838,-8.290831893855234,9.198313625325413,-5.178722708248761,5.460074339270503,-2.659153169074496,1.1082894086923853,1.5848164829717286,-5.318983980283235
3.9218545913765115,-5.1578815393162,-9.278273448873453,7.866586978650891,9.260086499570994,7.32127472572611,-4.397915522761275,-7.138467421610183,4.893100519379225,-1.970975775570579
-9.512733741413912,10.447061185115249,6.619636410154451,-4.978102664845391,-7.409030141532041,-6.358170596201176,-4.539665595897823,1.242109472749467,-1.3296080648956894,-3.485343519702549
1.7116792732069537,-4.105751533666662,-9.086685006785977,8.652614273595741,9.120535980861511,6.019326578897766,-4.689200682333841,-7.9033446366661915,4.760255438441468,-0.882660809729266
-1.70328144122121,-3.8225069449102134,7.475179172584013,-4.611048098717669,-5.795657546392404,2.025091325793811,-7.963254643596434,5.371293770117236,-9.771829648568902,9.332790842662863
-7.743961215083907,0.4423769057625,-10.005559482297514,5.9422264994075205,-3.842285055834601,4.22626034068217,-1.262141835923448,-1.8058260943780984,1.6850376962124085,-8.271593027572846
9.446196977065126,4.247238902839001,9.25037627090919,6.199527195229459,1.6218137725997503,8.628565137094585,-5.852925666450842,-5.761794139675155,-8.9559167527062,-3.5564258087700056
-2.033670202621864,-6.397177529921042,6.564262754427925,-4.091810387342725,-3.7544666988045643,-0.9497631927316632,-5.256439670641658,5.705741198444968,-9.373949074891897,9.454766271642153
-4.1271130203833755,-3.352297842077972,7.443311092960299,-3.3048217858773095,-4.321737327822658,0.6272444806433578,-5.552785259218408,5.006021312126569,-9.129048620424504,9.021012492946367
-1.4965330093054479,-5.773865958317777,5.534139503154082,-3.911077466885888,-6.227284260995646,-0.2930827029668297,-6.181118587181077,5.327174962365234,-10.25792528295893,9.226094877095763
3.120682443418562,-7.370609007287726,-5.28000818537247,-1.004965201121651,-1.1163236890063932,5.2304118144997505,-7.743251174597245,0.623161873584344,1.99717798119462,-10.586106681849525
-10.709444126841873,10.7783359821084,8.686063455726794,-5.606140958988503,-5.852965277406751,-6.13017114813528,-3.3847859518104464,0.37556987601836117,-1.3956638670014885,-3.269699595541796
-1.124924804542232,9.578195248250681,5.234633177893388,2.82658524272104,-6.120698601364505,-6.598918169306571,-8.734126652684134,7.2609297875991805,1.2683356459974995,3.880776479054135
-6.844081509161986,4.579742936211731,4.018222219759773,2.09450803646087,7.624342443212973,-0.007952292488830559,0.5903448925692911,-2.5510188101311897,-11.562017356298922,-8.201287056102567
7.645544259841477,1.8640944618033535,-5.526209276699282,-9.970391873334679,-2.5238780363478375,-2.6173544713608567,4.500784118950945,2.913442641728828,6.716636086214137,0.7349314071496744
-7.244332897315555,3.8426719894440375,5.209791386866048,0.6740182695519843,6.391254591643358,0.42188376458459886,0.7525625445975584,-1.3871887980192827,-6.960985371811864,-7.999581237817955
-2.3187737331276925,9.463504849483355,4.130072143037219,2.0076106956465734,-9.36795454456426,-7.538358005609795,-8.384819044081542,6.341228881244024,2.081284456453773,4.608324056723607
-2.0857184797833925,-5.503812988215351,5.967904411745104,-3.305334796865476,-5.121277646151295,0.04133711046582389,-9.610675263023222,6.130892905192664,-8.441315636846133,8.940393882274835
-4.1702810386199225,9.517538192947827,2.576475683748647,1.6558191916981972,-5.9384453247313,-6.68821185740291,-6.889985111846197,8.348632068080477,1.3684018465385992,4.1887649357723475
6.847537934862499,6.539920856497977,8.176796702881953,8.946664874374346,1.197012785911022,8.559263827922873,-7.375318011472915,-5.009991800545223,-8.862465554307816,-3.310154288935713
7.92712328932956,5.410707509549259,9.126150163595423,8.598661147729727,2.195437233539963,7.2515424972942,-10.734616568041659,-6.180565100995301,-9.629428892398368,-4.755965108846998
1.8678179644305162,-6.318306050974196,-8.228001070509247,9.712675560818651,11.046082000875451,6.402141113827427,-3.843675771514885,-8.953286685222416,4.1206068541424745,-0.5295670220674045
2.9339885294103474,-9.628898254028584,-4.046018677990804,-3.717688168748418,0.2843022568848588,5.5563639226434125,-5.975576268564976,-1.2203831059815708,2.8651222662537013,-8.443663625326236
4.263979713607862,-4.4795774257108985,-9.741536472209257,7.288491197111134,5.095740017297685,6.658075002424578,5.607287938957967,-8.909168215128133,-3.201470620559464,-6.1865161681576035
-7.034277139876904,2.5355147384012664,3.161463483429683,1.4848016620456015,5.433745642799736,1.809529461900364,-0.9242931399052436,-1.0767271807814889,-8.796338898699547,-7.499358682840518
1.443923230833653,-8.400868587695834,-4.617499361952292,-2.700732548613148,-0.6049857344935754,5.1030125924463094,-4.937240650437623,0.0764835102822666,1.0605689439753307,-8.844699478356608
7.230905514345781,1.1371457879783227,-2.911963077991924,-7.427603012485777,-2.592090390314388,-3.4028331892832613,5.404198890317925,2.3295813480645076,8.335292506077543,-0.1928885806327359
1.5277167227207025,-5.019933459973091,-7.599552538501473,10.859332034424437,11.145754809889636,4.688857674231699,-5.017564105802494,-9.050345535335959,2.7407198869107003,-0.8734977609475827
7.0657687747153,1.6711676299524472,-1.0051401699905567,-9.736125322021376,-3.427069894271233,-3.4395370205937614,3.5665262904159407,2.413818737009266,6.401703293046778,1.5107877231786593
8.389877759728783,4.602125613928861,9.408355751790483,8.778210656962022,1.6308834199310855,8.005005127215956,-9.083798005575813,-5.143522708042838,-9.064458452133332,-3.125492405407448
1.7133536115580648,-8.575918715010108,-4.942424949558875,-0.7238000226785468,-0.1429451720179119,6.629423404587991,-4.829315569415891,2.1188233326346233,0.07686882579700582,-10.300874860886585
11.441199873474709,4.533989189515577,8.966484521348265,7.737699012893639,2.855197128495248,8.552381913944494,-8.07670900586961,-8.714660999626025,-9.928793294331493,-2.7487603381357157
1.962420219134275,-8.018383676703833,-7.341626644578126,8.80781754339907,9.850006086426012,6.840667450189362,-4.5360231085503395,-8.244086324163536,5.019142880986641,-2.314147790948418
4.126340348697842,-7.1987528781606684,-3.730950469649452,-3.653151385609641,1.2567208083166772,5.366974306651162,-6.314740284993635,-0.062061122736010166,1.203395518596512,-9.800428794447694
-2.589797372349511,8.181230071197563,5.555269111788263,1.423629409345197,-6.996393106946517,-7.51566743468035,-7.0994764047826795,7.002280149380791,3.8548572783433777,4.975603318039175
-0.6756555911546682,-1.9645539162422687,6.678730107047678,-2.411512220622962,-4.325066060629568,2.1379750622124067,-6.352399216247936,4.977559044443952,-9.12168913689923,8.728441939004458
5.939721406644928,-6.545054080398915,-8.756181085209459,7.437494267275637,3.9530797322939044,5.298595207422671,6.5268960857905824,-8.984479191406713,-2.911924076749352,-7.602827452294999
5.36806750934315,-8.982718120295432,-10.602351977359296,7.241802089432023,5.107028083967179,3.845575702719219,5.58998155145765,-8.70837338739768,-2.1410830504052547,-5.474004046151507
-6.298359931631111,4.162909919058894,3.7888668778414436,1.2705021478700718,6.909703580620205,-0.6306225655505462,0.6868994426880085,-2.502707303042472,-9.591090438905981,-7.455479920689977
7.296183171189232,2.460871638969644,-3.2791088544682188,-9.784868178544333,-4.009280538031688,-4.740438190893901,3.9725271100230395,3.947054436308796,7.563502541028967,0.04013797851979428
-9.510002630475926,-0.925561849890703,-8.720909417121788,7.2382840951431,-3.4543739916234344,2.796562088230568,-4.665151679553677,1.0116046813457358,2.5418229736900395,-5.8865146307455625
-8.53259272253852,0.9724566174634375,-9.466788397583372,8.278470337122204,-5.878036982046049,3.315999412229919,-4.788591122284477,-0.4744208514965388,0.5317219040417127,-5.857813631647313
2.9730534706859295,-6.322306871109114,-9.190192554911523,9.652215778221487,9.03745822410484,5.839876591964544,-3.859040731631043,-7.583097364206105,4.074508179620557,-1.5601993074608034
-9.03540488548447,8.461605036996243,7.755084374868405,-5.552519092145599,-6.106247234746486,-6.676387011683777,-4.6645711277662185,0.8328947316993587,-1.9061868571532754,-2.3586615664640567
1.9065799993891175,-5.081181428196441,-7.282306831996453,9.828647672842447,9.849465345446863,7.82258171073131,-1.989876614925921,-8.175637707919174,2.7152280869548173,-1.4672424428324682
-2.0085319016715406,9.06405981537928,4.646941994856278,1.3128485444672848,-6.180798770948735,-6.459136648886557,-8.346308908643211,6.797488072831123,-0.13104268500706873,5.258604267674604
-7.988768253469527,6.004192153549274,5.301414155060028,1.542302665883696,5.375279990121926,0.35036254323867294,0.23777125179497047,-0.6756618201597457,-9.883542947935,-6.46571808680642
-8.62440318000809,9.378098291470234,5.877652516459145,-7.527187402546606,-7.049550412893168,-6.949122049579286,-3.808097687816949,0.1499817515067301,-0.6731666551062571,-4.788400467309851
9.730539651732782,5.105776322344504,9.83083237134694,7.158986034395163,0.6598075611686793,9.249805891608315,-8.636312222445174,-6.39686376562078,-9.72239485734031,-3.9662107802887965
8.507104069273694,5.843788688483398,6.990949553244865,5.499997526180998,1.7149280250066976,7.891433320365306,-7.216978661314151,-5.922358973844261,-7.444718911789389,-4.041608453430173
-7.353822605885763,-0.13628237388969605,-9.74667977734408,7.4214476884670075,-4.921246028951447,1.96585685566196,-4.359634468329249,1.508214048028785,1.0327178079452841,-5.4102464705539095
-8.102011542978875,4.598228724653896,5.699412943298796,0.4839839119849315,5.260691596723108,-0.5710594941323446,0.596199495333991,-0.6533206191560298,-9.757526741735132,-7.26945647160164
-7.272383626296778,5.252487928706689,5.4924172812578504,1.8404288394712127,6.740648847669988,-1.8732578136416864,0.8150305629571672,-2.6186918301103863,-9.955216764481941,-7.841200175679932
5.418514674057847,-4.759268463479,-10.078387500753982,6.195583361482675,3.3219802059921437,5.676034142027982,6.327728685219865,-7.729772192336675,-2.7188465640449655,-9.281192371401083
9.435715288036853,4.75957229503602,8.67640708918215,6.81701430477302,1.9178605702347478,8.526396058427235,-10.634668343567924,-6.310682290717599,-10.271334426393832,-2.9947540592180184
7.7377181764206755,2.1466314030453155,-3.963186211524124,-6.750241865285356,-4.32997776035222,-2.827693880145489,4.984699243649675,1.2278934955990919,7.065260968057027,0.2634202099836871
-9.108802566082343,10.127138237810335,5.956502041774641,-6.412257061323122,-6.937601331141586,-5.79549590303998,-2.881274085885037,0.08766852535315567,-0.45313731353063624,-4.051937386874567
-2.6254266661747083,9.228999311368847,6.217996893790286,2.9586193695559504,-6.010472598654373,-7.335649119299817,-9.727568584864335,8.278823473736455,2.89834702739397,5.634122231671891
3.339749940521968,-7.0322929872537285,-4.6868747352186775,-1.8679071959460862,-1.7110769373826693,5.798869502193051,-6.1861547295583215,1.0638193938605847,0.27106300632134905,-9.921189491414701
5.83573319875347,-4.653452501448679,-10.124890296252438,6.623201843022986,4.867632579776768,3.259585121421027,5.577395092710017,-7.246990775576721,-3.423894245878695,-6.850152667238577
9.680424902004866,3.8658153744955337,8.851403725160395,7.07780468269147,1.0525803250482646,6.916790427145617,-7.6114473370544795,-4.967328307681461,-6.975311087626395,-4.967441776477641
1.367588281303703,-5.804262166682623,-9.848272717684571,10.009126651500674,9.634475851513958,5.386589266712275,-3.2163682354520615,-8.636919411677653,4.434215567688266,-1.4710616005886945
3.436947141892192,-6.022537262987069,-10.363634125319923,9.273962676956632,10.096613804483802,5.878945743728004,-3.781468743818654,-8.659415714546729,2.307034874179577,-2.747326996139213
-11.572998055529862,9.131059557298132,7.089206809886349,-6.274186337665572,-7.413938284613955,-5.48579133363539,-4.018617930656169,0.005557985614085659,-1.3192037060034087,-1.5387480540935727
8.915301159155629,7.414856887831225,9.29640332823113,8.459838904324172,1.446235619488053,9.014401880866023,-6.537436525880359,-6.2251702456772335,-9.434851037155857,-3.740155923594801
6.858145376410453,1.0975768714526555,-3.2195289150879005,-10.471309535146421,-2.534246654850881,-2.967399479160889,5.434898139048255,1.781665393794566,8.10033595650306,-1.222304302543897
9.082003786000294,5.514652536160877,8.147171031045875,8.494495622545713,1.1745092345466528,7.544494183382105,-8.29794749674153,-7.306206522920924,-7.493323003250005,-1.5661266569928374
-4.19770281112125,7.8942387057284495,5.310790084504976,2.576960204218626,-7.271503956538137,-7.8978739023529,-9.86573130816202,6.950254669557389,2.666818726509467,5.089697247265233
5.754955171336379,2.011582989796067,-3.7165689358925986,-9.017597541744852,-4.314858719810148,-4.221944431988743,4.371811161426523,2.1613030293246225,8.426182589529779,-0.525087031962663
3.2607602310376884,-5.672267835632681,-3.3021623782394873,-2.1382945990576547,-0.5517681061757602,6.568877936910343,-5.917163618236566,1.269258614229431,2.462397182530534,-9.430832206380433
5.70992943497381,-5.40918532853308,-9.074934152579216,6.66520295682248,3.665289328650942,5.592845831835347,5.2272200864165965,-8.428537700600552,-2.11329482247683,-7.741582216346346
6.956934200027179,-4.74978787522084,-9.691318881047936,6.2677333566707985,4.533132619721105,3.9719098685113976,6.405416277363429,-8.72257876391548,-2.3397841199974745,-5.969365239141403
-9.624890153960797,7.660392427393386,6.66690006847666,-4.54254323389228,-6.9631406506791915,-5.919956803869514,-3.0635640949160483,-0.4145518066677182,-1.81240249150135,-5.19332868651632
-9.017888940723155,9.066765671958382,6.1301860963872254,-4.9000162413829225,-6.334070064180436,-5.815265356995356,-4.89648107732671,-0.9096883112827496,-1.2538916651175516,-4.4942635515338925
-7.793601324823861,-0.6624715262946197,-10.643579019070845,7.966664293553828,-5.120327908208425,1.9898015710909847,-3.119697540574051,0.8846811021821057,1.6299252877106694,-7.070981244953827
-3.2924509153889874,8.692224611992646,5.453396053597771,0.7423053675067768,-6.65216725654714,-5.572966838993518,-10.445810991197238,7.508156774031008,2.2821830291125993,4.943274427698219
1.481344711652956,-8.123698486941391,-5.970468394997803,7.614306497729152,9.494099668433726,4.3959191339051795,-5.904772053150562,-7.948731228020054,3.8590281180114405,0.06454886559441064
5.949289262179185,-5.099207248418419,-11.45522135468556,5.04364058024183,4.061576319047385,3.5477200251551944,4.315684863733992,-8.247249586095258,-3.746720993560915,-5.424961919108948
4.134003945960981,-5.050701935123733,-10.133937907950283,6.498919564339113,4.133490073961147,3.7548450619911082,4.958328461895856,-8.190157488480025,-2.3996892934173677,-5.49420933901709
-1.0470016843351133,9.46292189271285,5.601866025299943,1.7361577139281044,-6.12972695172756,-6.60084175505942,-9.789238486323242,7.642043920297578,1.0306035714238653,3.528571281036117
-5.417379301872609,3.8204332731590043,4.339461197852006,0.23648498181065225,5.896167770874914,-1.2146070600830996,0.08143423692324381,-1.7344596131178924,-7.935218374446381,-6.649311241703678
4.074342433172447,-5.301267838651597,-9.017330777346233,6.6219517158839825,4.251240996046141,7.412683041993682,6.280834682843321,-7.2790787034752285,-2.763803274692726,-7.814213227535461
7.487966949286765,3.121195296884822,-3.246971437934706,-9.642627314020558,-4.242725214466975,-2.6282915593150187,4.345622943931494,2.7753226091126613,7.665833473076407,-1.4479008480555215
-9.050898111263571,10.040498278251063,4.954596920013358,-4.746611245401849,-6.9331996187837195,-6.6897377363725905,-1.2772733885490455,0.797002013365769,-1.7474221026048606,-6.380711568795068
-7.455061921144402,5.1763790469165425,6.80678885611069,1.1903480703982676,6.678534960180092,1.703682697884305,0.3443168802619251,-2.012818097295967,-7.304550180349878,-6.721089310782627
2.6255009610635276,-6.537799641440983,-9.40180095322985,8.883466901541915,9.502288616366085,7.200485860630343,-4.793460217166341,-8.309374562398437,3.729483662175422,-0.5342717675218084
2.6521461248359692,-6.05302979913284,-8.642784221902089,8.902929448415358,10.357167091309329,6.313942876641861,-2.5086271372691726,-7.425727774582455,3.0668642567621096,-1.6940841490779093
-2.837559288264857,-5.874710092155604,6.688377544276134,-3.4475765846503887,-2.8015910261653785,0.6070624914923468,-7.481919459023521,4.648041154343776,-8.089770113324816,8.563516450063513
-2.439297369335111,-4.940156361148226,8.62931748961802,-4.18029040860443,-4.426404255440282,-1.2095380991316738,-6.850624720017014,4.702234274404845,-7.406360818021792,9.446712838995055
8.906674382264894,5.842541776974172,9.04402411423856,6.556127826948819,0.21332455209849677,8.443071321329683,-8.683906076573118,-6.169779610860431,-8.030038591586006,-3.26844923419769
-6.523958736924167,1.9559336943466095,-8.633852378051005,6.951985869509306,-5.169807319832196,3.8464089959107315,-3.2824879817827575,1.3886861590092907,0.8368545925749972,-6.6664111338549645
-7.670348017177139,-0.41162010408986993,-8.927258596375935,7.179377176723117,-5.708123666186503,3.688317832028996,-2.4237431472360518,0.37854672950829327,1.4378763603277656,-5.544830879192118
5.609039050480469,-6.264849403025757,-8.542466764387973,4.83558138831474,4.562781635088267,4.335911728925036,6.954547883404905,-9.347665646540774,-2.4153671666201104,-8.520810349935255
-1.2636429733863954,-4.271166040489473,5.729339200827097,-3.478593934036761,-5.3139694454936635,1.444702505091175,-7.875437719427305,5.649939302052312,-8.486495888217735,11.379051178591626
3.8542158751086824,-6.133299254728054,-9.034282393874898,7.010065015849374,5.923927712859863,3.9266847874894406,4.108373240004689,-8.209155986473771,-2.6192642005745053,-7.687478422281322
2.95546959222422,-6.987102483997,-4.146619046621762,-4.072819671289546,0.7613563661693801,5.2001624898108,-5.47289793201633,-1.1698726369724919,1.6577661876208125,-8.779617289361461
-5.7698608540092655,-0.49545794199689297,-8.93397059537771,8.268313454179715,-5.80600963244372,5.6730012616755845,-2.403018915915525,0.5904762732672508,2.5160816803645805,-5.090804176771654
3.043964865015539,-6.44186568571672,-7.4818382191382975,7.455505440140812,8.963865400484318,6.096133819478187,-6.579932001003936,-9.132510453450857,2.871061275884351,-0.2487441303846234
-0.6398022063667788,-3.945778143431127,5.371463053366089,-3.4765908746025422,-4.4233100142179,-0.6352383149805254,-7.167847042963833,4.85550402402155,-10.159708259961956,8.79075345254073
4.869716430935502,-6.425272542707578,-11.345028108620133,6.4479518902556165,5.419464312907433,3.9983661988112438,6.0612199641254065,-9.101219959799494,-3.9263344780389238,-7.0023390067029325
7.6337934645492584,1.9368827942036166,-2.2311141609458076,-8.478402532716714,-4.525168439377638,-4.064648213693297,5.494897113408407,2.665860298965743,7.739538440997438,-0.7534140520609311
-7.205258418040748,1.7961919105625175,-7.8824547181807585,8.769236111031782,-4.672966607838943,4.651515042706811,-2.9711001551666567,-1.892301598814445,-0.1197252609896291,-5.964770564131527
6.036879134544928,-5.868068562193603,-9.952392132269425,6.804023353425191,2.3213008981324506,4.479618868424569,4.22837908860021,-8.490208466998249,-3.554884804747902,-8.33845866005861
-7.434059880989932,3.452776811707496,4.326584111901406,0.7622097956208066,5.335406743422961,-0.14750369484500908,1.244894740421003,-1.6230644128940976,-9.593351000451856,-9.23778425637047
-8.018933445578345,-0.3367186376090184,-10.205974859813285,7.027752944252726,-3.3144060435677307,3.513431811184356,-3.1806097340025925,0.2641352469976803,1.2236605357247294,-5.370009228379868
-1.09096936139054,-4.175496532628405,5.358422737211527,-1.437116846855777,-4.971289674465155,0.7461526605063475,-6.157939904936494,6.264078973470384,-7.173611284488684,9.385637232967555
-3.4997339481834384,8.44798839859555,4.739530201315743,1.4696940298245327,-8.430290622217402,-6.81154661846992,-9.900631470362114,7.797115346133885,1.1028760006303724,5.711385960938449
9.940671019494877,6.459073673814987,7.187054918092793,7.593345922224433,1.8166563707469978,7.254964678234703,-8.349855692002308,-5.9323471420770675,-8.57661967650825,-3.4162353591030423
7.243000258744541,1.9369588560225333,-4.218959331452636,-7.879577355129219,-4.427639659090673,-3.5058382076434573,3.659755714735167,2.824871317789187,8.703985264444798,-1.4335781842417887
-6.39005400647269,4.262076645922575,4.909453483557948,2.793189982238533,6.150425240723211,-0.5735889824634794,0.3202709567745361,-0.37526828658022904,-10.455193272782452,-6.39871516960153
-7.526809185281993,-0.3292351744677684,-8.9758910160301,7.709498113978321,-3.985529507321634,2.0837324143485985,-2.5289297708576397,1.9514392475173088,0.021145848805285472,-7.216510715092522
3.702893873050553,-6.1175849533508595,-3.6346618183689428,-3.1213600072352863,-1.7604188146447,5.112303608617899,-4.458516136014113,-0.34375392088311374,1.9497143414805076,-9.824699390461792
7.177273757855773,2.4156466909554224,-3.079916995017271,-7.731080243791931,-3.515280514954474,-2.4950035897570397,4.6385255972129595,1.7170397268111433,7.655110939785401,0.5972244577282784
4.997389158570299,-5.74405156556868,-11.235652306248575,5.528117904504926,3.426343394440873,4.642115934785695,5.033229668290623,-8.257507008698129,-1.952858604237289,-8.392346352368667
1.2424327005059896,-7.906087319141385,-8.02500298858436,7.459761630119963,10.597620376253355,6.012020864846313,-5.455255698807033,-8.526977939275817,4.063784163312374,-1.7296512127629509
-9.623406580868545,8.54426413477983,7.939313557384786,-5.698018543904388,-4.3147923981591365,-7.957402073131156,-4.471933913652612,0.5277674693356287,-0.22371852952877114,-3.7759478234369763
9.50755933469226,4.726599080379475,8.909513961588686,7.289400299825716,1.174239406851533,9.601519097710641,-7.4472724057728374,-6.101615601248191,-8.951116884539536,-3.501791402069056
-6.655627180096849,4.2925974323390825,6.016229988498633,1.5958529289536956,6.83870140210393,0.5760495733504648,-0.04390080919993711,-0.04468562294777989,-9.031562272874279,-7.981907398926714
0.749683448043613,-7.122917794921896,-2.909803378630959,-2.537271761809404,0.6627208291420401,7.0375174137371985,-5.228789309584951,0.3593746109091182,1.8707917654862893,-8.307191973236785
-11.297536513286547,9.789895059250359,6.559649518316768,-4.142924805951606,-7.303065823111946,-8.140205131430838,-3.2970866468792037,0.8416556509577577,-2.369532647688831,-5.705166151043253
-2.5966329518299314,9.56260575575282,5.58947340759259,1.9137545026682379,-5.024123876357007,-6.6558748487406545,-9.18475426264291,5.711955556395875,1.759640714548008,3.8250646105097728
5.786203783327014,-4.8759044566780965,-9.508545981282445,6.0646683702936715,3.9715841359022623,7.273392347563033,5.508047381700511,-7.922031273370639,-4.851847189080068,-8.509975707652087
-6.164938067402424,2.5173902575673157,4.203243346885221,1.140309657438827,4.279150013824467,-1.6131440407277398,1.7642339563221041,-2.4971366733400546,-10.80080268627477,-8.990320948314775
-6.184923682450185,0.09632227994970177,-8.783941245220964,7.888765505579147,-4.902889992376003,3.2015684535600464,-3.4724722421947556,0.1053928505079561,2.2742054723418024,-6.676077127991601
4.236320752602963,-5.494276366921072,-8.067580825479192,8.423058856837855,3.6896985924355907,4.568106467993826,5.029023060697328,-8.537057260004321,-1.5324138622046874,-9.081931283767283
3.3772869819506863,-6.381890128238261,-6.952890622000215,7.630025945119184,9.442559565902467,6.347345001509667,-3.2876314189457196,-8.859917656321214,5.369106869653973,-1.1839861837362138
-1.0580889304990584,-5.88834544957397,5.972962674177974,-3.064632548066357,-3.3754811855931774,0.3274368404747263,-8.108232662974832,6.206612686641191,-8.722952849631204,9.270348132971185
6.168656097858621,-7.041954226044382,-10.653441914146182,5.776111912237769,3.2737788550542795,2.7000583705722603,3.206093220755609,-8.900914080816564,-2.5786061394881807,-7.027033202738755
9.512598470377227,5.733362623679985,7.79118195627811,6.544510581485146,1.5813948322801716,8.350082990771156,-7.167522461573621,-5.157915000998785,-8.910621333430147,-2.302854400361926
-8.411041301287094,-0.3503627605154718,-9.21324309065538,8.078968286738682,-5.481273650293056,4.644784739134328,-2.815499194723501,0.7234076278819094,0.5346525308688429,-5.238635017644988
6.627972567050795,-6.05196084924397,-10.394606917838097,6.481211063659132,4.755543532835645,2.6746034731515897,5.947691978077593,-9.458942138146192,-4.019123212075248,-7.144042142668971
7.522775808286384,3.477616206780119,-4.1028642158433,-9.95655459535133,-4.120387257880326,-4.842780229993381,5.001448041196398,0.7344455218856769,7.291527636873896,-0.8416589372064327
10.436389723659314,3.113682392869554,8.888463928303246,6.319137921583602,1.9322110687349392,9.15130490880822,-6.491009813212507,-7.0185094800542815,-9.621159027091222,-3.5889262918102505
-7.612881119926954,3.7737942257829653,4.0909017709639,1.9802631906753845,3.844343503899232,0.4001975261335853,1.0418047301762914,-1.976418462912818,-8.461208500913568,-8.390511572218923
-7.445859206662229,2.1996470570338986,6.288026156664384,1.575891668093336,5.260158565534485,-0.5448063496869393,1.1091591381836354,0.38833444737313627,-9.116537568485658,-5.939923604414512
7.617625723767924,2.550794962208079,-5.009399986575681,-7.742266169698902,-4.057693022227227,-3.254874260864957,6.794278786430111,4.037591706961312,7.9547841147375316,-1.9287713304708083
1.5335979682707208,-5.89094204539215,-7.850162682562961,8.913288545489477,7.952672447818913,6.571117128963611,-3.4857102571218928,-8.263272731258748,5.551891817423946,-2.7608793901086273
5.593311257471442,-4.05329290668847,-9.892628080552715,5.13735212003072,3.3289722927545737,5.604598707863705,4.291555196758391,-7.961230321054313,-3.187437958267208,-8.612444382162167
-8.556656339508777,7.9892779405493615,7.0937487110183195,-4.90249839197383,-5.471637633697239,-7.445204637045955,-4.572190377826569,1.4896868683863789,-2.122859997840331,-4.475113252703475
10.480189412820284,3.847656067495446,9.157766720349386,8.122922211393043,-0.03211716102723283,7.552064344367357,-10.06030217207846,-6.806698053540003,-8.546237137124091,-3.298027809086105
1.015505714155535,-9.204986486258019,-6.951730811784518,9.533442064169668,9.195876540184882,5.500723725442573,-6.7837568985790035,-8.775086596093805,4.400526867407214,-0.2547758216141043
4.410488562494651,-5.818558336664228,-10.164217788484455,7.496818042927589,3.5973105460159602,6.257156044684686,5.117694450098926,-9.58896996147036,-3.866992746852465,-8.305045941845265
-4.222332152143627,10.368158502363734,4.5253389909754835,3.2109859959141938,-8.474054849945638,-7.479484616229719,-8.833084056917826,7.370503509263445,1.572234763384932,4.784301488268408
-8.018002132770617,-0.4806844126063346,-8.524676170890585,8.203322258752246,-5.314728812342268,3.1344469609190546,-4.804751961926545,1.426766994307503,0.1482900240560845,-7.442842161425355
1.7973758855291402,-6.075085929857424,-4.89836239680512,-1.134497493214131,-1.5787179074746938,4.51180009424293,-6.2150307877865565,-0.24708693268940474,2.4445911627020624,-9.122386672792569
-9.940763845721692,11.546493907026845,6.554949247295388,-4.590216816729173,-6.764709862402666,-5.622310323547757,-2.9871394816575587,0.703620603220338,-3.7155825498542874,-4.1571647351830485
3.4081769591851607,-7.102597786528364,-5.435842884114893,-3.898655397566112,-0.8634770540747269,6.039842197181554,-6.38114717615886,-0.1954808159350016,1.2554921440622029,-9.094385705843992
7.078342465363469,2.3118455807726868,-2.423766920632189,-9.193995861484947,-4.289049032484254,-4.517951513971214,3.682609574208817,1.4005436837498095,7.041191049013542,1.0378635145977002
-3.3363232135632237,-6.341944661456125,6.05345278797426,-3.093299058769845,-3.911855566414823,0.5553221328450479,-6.711578420092593,6.158013782174738,-9.542310332154766,8.051465026169469
-7.449632327118764,4.198350342425067,5.881315638833467,1.7573673847533817,4.385064443994442,-1.6563581978396515,-1.8194279964141153,0.3427514787156045,-9.936927403670156,-7.250111921965582
-8.200370831720331,4.491388703087401,4.759671682103189,-1.1060940259813026,4.5948776113004435,-0.44075507184003393,-0.6231925661652522,-1.2981928163369887,-10.249213641979699,-7.885610357551794
8.689390802689907,0.8416521787429139,-3.0111219436942838,-9.29735829107249,-2.4667105198167856,-4.55106778726282,3.795654626990123,3.368177923973768,8.539770715803336,0.8038953037436183
-8.872379856017055,4.467814203267645,5.838664247408971,2.7918129958856257,6.727654163551749,-1.1014084178289245,0.6667640601659626,-1.5821659830853836,-8.273621242560214,-8.551344120692663
2.9977507812086674,-7.105544057975898,-9.310796957034313,8.165329390376627,10.261806731729347,4.956178754839857,-3.2308869624215797,-9.127667067696434,4.508206650085111,-1.1797305424774125
-6.8373104659691855,4.540210077464965,4.354934455343161,2.5277261578775674,5.681506749574876,0.5288254036279235,0.06263805297469305,-0.31846451827597977,-11.076975733789702,-6.166673964123115
3.7577220674287757,-7.473097700974867,-3.669793866242321,-1.880022957820394,1.4642566926281275,5.848284718977913,-7.050711535696829,1.1326175216275143,3.714018733209307,-9.393540455826667
2.9438586434742415,-6.020487988994411,-8.567445410216253,8.802331060745686,10.52296451143274,5.794226091838787,-3.53774540265184,-8.850570717826567,3.025361493392687,-1.4331046930651996
-8.812396198490081,4.2236315891623,5.576575503589125,1.1087266784427474,6.414668447590053,-1.85973249521575,2.3384256311386498,-2.81969883908204,-10.62172513455059,-8.291624630655592
4.523576630747529,-5.84352095295736,-8.872831801523526,4.902259557919604,6.490752109240788,4.781991997777609,5.807130923814383,-9.958861300665605,-2.877252617448023,-6.710943987979514
-10.216964419158522,9.120683424379653,5.612543568634665,-5.956678927514782,-6.400090630200919,-5.672259804848953,-2.8249716697887988,-0.25296743197688987,-3.3284246913836797,-4.196661975315403
8.147359639179946,2.334026205777987,-2.4727891887821145,-7.871216528803265,-3.567004289675359,-4.2466348705107775,5.832747885352226,1.541491966095834,6.786549078742486,-0.3876786491336267
9.039862680542488,3.0264814015012305,-4.226355683920951,-8.423951073257648,-3.5292148222692084,-2.681150950677283,3.7187268972618592,4.017470501063881,7.749492000666651,0.2836777571707183
6.017306122364957,-5.495502042064553,-10.46475257754342,6.4340827400915845,1.8028110575925331,5.570317025604195,7.119348637400032,-8.328478916636142,-4.436707642587303,-6.939671173270271
9.410514747904582,3.0829157217053664,-4.743035291724733,-7.390739346262322,-4.530733033378519,-4.201157442345226,2.791153253992024,1.8871865272111903,6.99808607962807,0.2624445888641953
7.135160593674206,2.0079306161328554,-3.3281508961244466,-9.138130117196392,-3.8907269021651887,-4.252125784289815,6.034945041512751,1.6424000186683687,7.95661859755538,-1.7483466596301904
1.3135149536791917,-6.941734845151626,-10.363757141727172,10.320506060488372,9.029347702073474,7.459277691394181,-5.1392241937541865,-6.963932798870111,3.1897798720638177,-2.481319533517147
7.664397376624679,6.742135910968744,9.27544055420835,6.8610551465900445,1.6083204714353099,7.137599785490252,-8.400987984578089,-5.930224784257272,-9.430101380423189,-3.943857884607567
-1.5455679938314109,-5.17798111834339,8.980429857478036,-3.3039444804025417,-5.0951200835425015,1.5606642601203178,-6.986287367564416,5.225555305839618,-6.313139964316003,10.713338230203183
6.835106855053381,4.038291124412726,-3.22768089696118,-8.676141769190883,-3.0203751458471912,-4.149519712882083,5.1659908077471135,2.866407682305073,8.155136193811106,-1.2392960006390983
-2.8184067001026136,8.262129722607739,4.9590533466472815,3.3136201299638763,-8.754799660797016,-6.76508351412853,-8.998460552202651,7.9948629919491685,2.235496863101865,3.40948222418209
-10.271890277772599,4.645450501908217,2.617428320719592,2.265373971197932,5.476406023012942,-0.2702699961339533,0.3700068261478326,-0.9474352873753809,-10.056772609684868,-7.937063013259844
7.151419858144647,-5.079917683072821,-9.319111041292578,6.578725678906102,3.7531869177406274,4.4655822218065975,4.859978259990825,-9.834511182952,-2.7952580865329475,-6.574729747942105
-1.8302506352905172,8.201883779260902,4.5908494953900645,1.8128096028959013,-6.548775886535692,-5.42910815514461,-7.958910715498607,6.246146838513945,3.3987966848837132,4.474583695934064
7.2860535829227775,3.1769764358187924,-2.5166776186710464,-7.652309382832975,-3.2988992818748306,-5.226354387937904,2.9277556971167074,3.898439399273975,8.826881369207097,0.08031957618395202
-7.610289715864481,1.8027235230622736,-10.165117621582382,6.454750517602988,-5.104838649165803,4.039668186140113,-4.692921463747323,-0.9287399592436629,1.163132989568347,-7.766598099656975
6.739465618722999,-5.051126288303325,-9.382392773810802,6.227892992654935,2.6370426398654967,4.141047520520272,5.199400764446007,-8.816929308801447,-4.364207671434183,-7.248184064673536
-2.823831665003773,-4.676314957885574,5.082663925948006,-2.006360104603288,-5.700792846392474,1.7698844717670768,-8.244227261148183,7.05844764540857,-8.498794211098257,9.178981335563256
9.785039071317614,7.121672713219922,8.991611768623928,6.426513421742049,-1.495354506966064,8.82204426110072,-9.216063500221718,-6.1800554690129,-9.904531844802639,-4.3743023689313105
-6.272884311584275,5.290248229076024,4.519686879048277,-0.3003919314245391,3.2361987085784003,0.4933827835108394,0.7330461203215162,-1.0635064448574154,-7.801014661558359,-7.689277215398735
-7.348664550770481,-0.043983740604145345,-9.099149181724078,8.09878449532141,-4.3925448745380455,2.675842765545625,-2.6362550487581506,0.8750102009696903,1.0848914447494538,-7.000427460125579
2.668381940909208,-7.232049695060407,-7.5794020233133175,8.499478137208238,9.603511852135274,5.517404966287652,-2.9704994428659726,-8.70230898051146,5.368075374985806,-2.1929472321693635
-8.377841207512313,-1.1951859745560636,-8.637861792047245,8.171766687772324,-3.2356351447698417,1.9873700365537192,-4.343942101273644,0.30913926542880293,0.182348842895659,-6.296792225347656
9.417574317485219,5.031202254064089,9.036435458232651,7.809991526202012,2.4307680446082776,7.9088101064903435,-9.295069711895568,-6.789211280055234,-7.652797452937461,-2.537426858527966
6.439099652037409,-5.8502909577940265,-11.87396667512796,7.84186803674622,4.538243628292987,4.458430381804513,7.185534398063841,-8.865655903027964,-2.975100593871332,-8.02772153009266
2.020826196745234,-5.700199618924817,-7.868850475799183,9.569052066239372,6.786679379721809,6.295935326006485,-4.016578497265288,-7.8785321181127905,2.9303358916967306,-2.5217360356071983
6.772073894055359,-6.28827926938608,-9.318238083400935,5.902470104663265,5.067249138871611,4.67041850462347,6.385729152784611,-6.99435030149973,-2.2834535973195758,-7.7760786652392575
-7.107459917229733,-0.05661249362427047,-9.474448726717185,10.01531767401282,-4.678564101757692,4.05613716100189,-3.6228563525218216,-0.6965158646984679,1.4840932687676096,-6.958708200959251
-8.66207105997352,5.063541353247314,5.604917729306723,0.4515250986150432,6.606192090684354,-0.3896976823190597,-0.0662514026260147,-1.0496833222613335,-9.956690168644107,-7.873850987096035
-8.678094330419206,9.214668871082733,5.439654104768829,-5.696476103137657,-6.2500446158014356,-6.14607217402857,-2.9952836248548156,1.5140518727346557,-1.9553104995393518,-4.791560654088105
5.248964719067134,-5.4529877272196625,-11.005058444907318,5.529111787466556,3.997898081505383,3.378960995648833,6.6563287360519565,-9.317874102748235,-2.0443558290736537,-8.558122116444721
4.331789648238703,-4.8502603069697425,-10.601484714642146,5.559106368642276,5.286357018146313,5.301718306575512,4.746314366305625,-8.391738226544918,-3.540637329601111,-9.275356567971478
-1.2928867976047655,-5.857584814600148,8.196575984584843,-1.5975732845566633,-4.748425291218908,1.535581788452813,-6.600447317056137,7.514153125631189,-8.660094898564468,8.991506094310335
-6.925519402379228,0.5166607014545881,-11.332079430459473,7.046325440552199,-5.845025408503482,2.434381498587878,-4.186133804788306,1.400510018173402,2.132687939249492,-6.595801719692456
4.667856700129552,-5.271579616646209,-11.645956369362512,5.532303534260693,3.3208547108731294,3.476229827656087,5.708879440974519,-8.629294158910339,-5.109513146967453,-5.687083370244894
-7.25254260349101,-0.4370848490027734,-8.81776308934326,6.802579237651041,-3.526237216555758,3.0674112020859505,-3.0022558103069574,1.3612358848411055,-0.22323936550036283,-5.420653379881382
2.7844697821104836,-6.101731508743272,-8.5622354844229,8.09779734034353,10.05647029607331,6.848249854389698,-3.8224201014851324,-9.223878761142092,3.259412184513631,-0.35911644768353035
-6.843510295455657,3.2178830021535827,6.699213219740699,1.5709434173873698,6.794957204681679,-0.07229440074920215,0.702295919385077,-1.0502929760215245,-8.944767959735351,-6.313972043856065
-7.272145613332647,3.2752909103850913,4.359506773651156,1.638443213477781,6.158889523638615,-0.9220100428195181,-0.10489988058229294,-2.8755547239971895,-9.620911475654102,-9.788198778994763
-9.282175560981196,9.167137506398987,5.456978111817186,-3.8096889053122798,-7.123173673610541,-5.668263455898482,-2.8555895681858483,-0.060151864260572174,-0.323087099841723,-3.411203992700306
-8.014244048825562,0.9903562322942943,-9.757312863318896,6.070846627456964,-3.54522459065147,3.985342629617973,-2.8963813031329897,-1.3424232231891777,2.4466613127128074,-7.076186974600657
2.958979146855962,-7.861826935177397,-4.291260356288042,-3.545357660532319,-1.4269971034704634,5.96973448801318,-6.508171035629263,0.04047372809656338,0.3835846956232829,-7.938035580793907
-4.613947128771764,11.056464038733052,4.795203835427503,2.371316949063269,-6.937534941028179,-7.615226394000534,-9.024252237584781,5.724128153304392,4.29938673291748,2.926939557498513
8.446285916096,6.5714520223799315,8.079143992782539,6.401560910947598,3.4918446812579975,8.618808371699243,-7.362958833200294,-6.931814630370463,-10.98726475849744,-1.8181909606469357
8.62688471514258,6.402227481107434,9.403515008567007,6.754164983513535,2.122921014146774,9.143599031142806,-8.052139433035704,-4.972502451590157,-9.385492765678421,-5.747751057839187
6.297624941159577,1.9376750373260803,-2.255880275735082,-10.7986402690527,-2.3616803332381116,-4.960587951474997,3.892853099579325,3.033561774030135,8.347394702156711,-0.25771146997352523
9.12434264520877,3.5921502022057266,-1.7806969802352346,-7.294585470223613,-1.1353655035593797,-4.533270261822876,3.7964754920566164,2.258885747014811,7.223408645080879,-0.43275031469781866
7.7378781779694386,5.49181612749705,9.495079380700346,8.850581047275863,1.483523405477893,8.165581000146743,-7.874472713836854,-6.188828313456245,-8.284847445693437,-3.063028521900199
4.537751180912789,-4.59950167713092,-10.373533535116911,6.748427228847601,4.608289958351211,3.68229994002695,5.097316368711214,-9.022050802258546,-2.4582447163037195,-7.811463298915249
9.691333742734978,6.346206876391185,9.339871717700406,7.505807234194535,0.7086250917467882,9.024503940257524,-7.029626867008189,-6.653076106360136,-8.58854602149638,-1.9118782660029037
-9.100501538050889,3.8651075236090597,6.0003895643702,0.5415309608287924,4.430227507329662,-0.17632893185249507,2.8448127303713684,-1.7051802201265185,-9.698689496137083,-8.957730831989695
7.9020050313441255,2.5224487807600524,-3.334719764903011,-9.0792408447515,-3.006946352978142,-2.8254157500271355,4.458688730542338,2.9538277168851517,8.487231012747621,-0.01418227987337728
7.061861627294184,2.9138367641898237,-3.1291957308354807,-9.217663448399882,-4.259087230277781,-1.9530914703850095,5.504795229093019,2.0869762324557697,9.092715795799405,0.19937951995274839
7.130585731590178,1.001022957524139,-2.9875513074912585,-9.311137639452982,-3.344461390208374,-0.8085589019596311,4.974562636734339,3.3633224433715023,7.490260322472733,-1.6752891544485606
6.290205715312599,-7.324119310878687,-11.635163193042116,6.278757061672523,6.191202152070074,5.788464195359541,4.616960503988474,-8.0030195553451,-3.466674906945106,-7.256202122053104
-2.7763078127377767,-4.116321802031986,5.446057182275929,-3.849106247840758,-4.433834907951738,0.22740833158010165,-6.846281927131665,5.454050335714612,-6.913950862028997,10.431196238794751
-2.2421473571834913,9.90391692382176,4.722162825503526,3.038650059006083,-7.396915641251642,-5.470762153090367,-6.53942963301676,6.960684355059044,1.576797713463404,5.61483603303861
2.847497714257083,-7.245530226004513,-4.525165311439317,-3.0803524787858616,-1.4901161176976352,6.491062552187138,-6.65305283630932,1.131459877280477,1.8672904595007207,-9.592246552456174
-10.10421542721629,8.47280478559693,4.893414918697726,-6.44836714451135,-5.890355202590201,-7.034821240970891,-4.152962178235185,0.9615599200570741,-0.8404101307350165,-5.254950048205201
5.4728530470485115,-7.071521971523487,-10.271440524393602,6.360448053711771,5.519040752054106,4.150100167338405,6.4880615791927,-8.600944976582051,-1.5871268695321092,-7.0058963155244545
10.18732342805932,5.584625671886127,10.216822650899486,9.217539197102294,1.6217426222634796,8.686214553761484,-7.653357471035653,-6.051612721729244,-10.48632481269352,-4.431652888432959
6.687435485506382,2.8098250812634236,-4.745931281320655,-7.926770282948039,-4.36670445445316,-1.4292353067711132,4.2768080270015645,2.270973703730883,7.181568662417626,-1.0259041059831446
2.2171717753730014,-5.804628838759984,-9.289408910497684,8.99697005409788,9.135965568782945,6.964882887987817,-2.7030486807756615,-8.156212568989782,5.2182833759760605,0.3330973163536559
2.451590813334006,-8.134766805407194,-3.704482999315516,-2.4834290979460003,-0.25766692004528924,6.913050628996541,-6.296445509857821,-0.5951505378287543,2.6760665916127673,-8.268658967715579
5.7359098057636615,1.6950528420605613,-1.990356877787045,-8.558944046062898,-3.4115995738702756,-2.8715978202283834,5.181243224972618,2.7298662619679863,6.842833141029528,2.128356318606601
5.739403048916454,-8.693444803593653,-10.784780919179939,6.772305415658931,4.126503776692968,2.8122512548582055,4.3062451667453665,-11.128020078570414,-4.173248686158831,-7.103555460178855
-9.380821316231769,9.84387495032181,7.072360690030473,-7.357922796232289,-7.487622514718761,-6.229368363113801,-5.602434220450414,1.326339735844513,-0.48954366086954326,-3.848246643161371
-3.002150854311587,-5.291689743860935,7.9507895784367815,-1.509264807900925,-3.807567663471552,-0.03518624969483786,-8.151147935800504,7.372003577442066,-7.236322198826425,9.67415937434022
-2.392978218913385,-5.852316862311667,8.136690719229964,-3.095636735811269,-7.602477304092815,1.0538701812900118,-6.6280095136507065,5.622507366690577,-9.864880152165792,9.634431715343847
6.855294166638149,1.2620100113093766,-2.9946209126408094,-9.036680410882202,-3.880601155585391,-0.6726032851861699,4.1890737779068274,3.064908219044055,7.690119474975634,0.6018927598753405
-8.052168285551112,-0.7284624023789092,-10.478921773634898,9.326924376421863,-5.691814697238737,2.8798492553042903,-5.6147163555830355,1.2853322662347422,2.092463867643619,-5.457135825905094
-6.520808597603173,4.834095521123637,6.183985538535271,1.8692186085819653,6.358228506038552,-2.3852876353687518,-0.4379012135652579,-2.5539924207982,-10.691474238879431,-7.836601266279884
8.76940193703164,1.5685358756523509,-5.9313884453987065,-9.51569770879107,-4.989441029358148,-2.5283190949661307,4.416394270936598,3.5786005111536956,7.776146433662865,-0.5470254549354442
-8.043130905303824,4.264666045750466,6.283144557049715,1.7702331836813119,6.1683783969684916,0.47837190815030894,0.08152509395750068,0.19422750491896812,-10.162526673439103,-10.620582156093292
0.9718458584493932,-5.324334270473636,-5.70170675620126,-1.5205124822534175,-0.9602346756705245,5.336916658021529,-5.821127700365045,0.9165891074300455,0.9438908749099802,-9.886779470768618
5.620488220003651,2.0596238058510226,-2.5670053687538004,-8.875806865307169,-4.184528804112515,-2.665218778494755,5.696029322729819,2.0727396828542637,9.511385632106734,-2.3399182295441356
-3.3200551342630886,7.756708269283705,4.40585897712112,2.4395280583870664,-5.892292674562168,-6.956060616918469,-9.158175279890854,7.475280907747443,1.1871573332341527,6.250990277615682
-8.742727185480247,0.17418308848536723,-9.304765738570598,6.995113935690628,-3.9048398211368367,4.088299481847446,-4.055515565064142,0.2027791001643925,1.6604695244609382,-6.503574032601265
-3.387460875876217,9.114173082607534,5.120623415996086,3.469880091386713,-7.374592671519343,-7.377682091585161,-7.688655737757263,7.620099854029008,3.2899517460521492,4.450179558930746
8.806695247436457,2.527114770336718,-3.65969730900891,-9.300936623720157,-3.609191814863023,-2.688369770483594,4.097430877163671,2.878733069598548,11.124869340584107,-0.0800018484882476
-9.586126523246914,8.023111810072802,6.186319849695057,-5.36553790740163,-7.64093725970333,-5.175328151337084,-2.6455418782094027,-0.7500219433153283,-0.0034799941075458474,-4.318998784751296
5.819812220284475,-5.007611870593728,-10.241360133062637,6.406531398458528,2.910709112302813,4.483257432281432,4.679436824062372,-8.679377263694464,-3.0596975017325168,-7.997058687511421
-2.892014812665719,8.890557181923485,4.242199142613497,0.7891391257181726,-7.279526253282407,-6.6108148406952125,-8.883220786758548,7.506023946097916,1.3521850344099429,5.333169470637069
2.1227301295792134,-6.621703477198452,-8.613490889946112,8.788652824214292,7.626070418409752,5.399623468632593,-3.662949775420888,-8.295678723361041,3.5288514480612307,-1.5203037946466884
-7.894592373650417,-0.626065846576889,-9.8594041818394,8.048751163102965,-3.1222924338980214,3.0992483013825187,-4.552075883586639,0.4266060526378492,2.68928919262713,-6.805735608425074
9.568530170576484,4.973750892838689,7.9305766335501,8.868033006821078,0.9127408863760487,8.730449994325427,-7.921798338195451,-6.93214226865572,-8.939768964831611,-4.42834122220269
5.990389902985424,-4.222064310284477,-9.317481333300389,7.473479562661661,3.516519537683619,3.8597877204714037,5.266032805333977,-8.572046850531931,-1.7598609119986026,-8.412302758678761
-2.0231613336351133,7.466982139259956,5.7225698901151745,1.5020450321228533,-6.973263379890441,-5.554312945733757,-10.12549132522026,5.926404730385712,1.4387009085181708,5.199830406940226
-10.019765758643835,7.278109828119712,5.912789162539921,-6.06415530278557,-5.7536206086675685,-6.371836266304688,-3.1202320269336865,1.8442637377581867,-0.3029295333335835,-3.7049073486606043
6.312693885368387,-5.816990065232879,-9.376885891466067,6.487515058610279,3.7688172470387196,5.078753289059331,5.182515033401727,-6.582418532880635,-3.5233888293830424,-7.173821384234165
-2.707135352037432,11.082192466361874,2.8081965890220753,0.9218597723013875,-5.382195507971644,-5.022407249738214,-8.941758980926295,6.084470212972061,4.118143736673335,5.755893947670105
-7.039352371336475,0.5067342752840885,-10.80090226147749,8.185998855677372,-5.850462198892054,3.6519116546641683,-3.2867014227143283,-0.770812623470222,1.9022351940619409,-3.964087947961214
9.286354432499646,6.377885096385355,10.89595450544932,8.27942913114854,4.09979140043723,8.607917177346998,-7.7787261401653796,-5.752107185456841,-7.875154438784153,-3.915714442844916
3.5369291379781944,-7.9241645307366175,-3.2262196465037993,-0.8622406557051727,0.3363437911956886,5.809289611384396,-6.338303128604928,-1.2439025279870537,2.158831015155054,-10.186208973570965
-8.204319378637699,3.6571405345602033,5.001054551890317,2.068687303702423,6.051592481018322,0.8818934045609852,1.5609348080739147,-1.6661729810777288,-7.529195788346393,-7.946151508910613
-7.614231426338927,9.775460302582113,6.461625494501556,-4.720560269812465,-4.909660418736102,-6.811874445643532,-4.636724223149275,0.6339846650756374,-0.5296007602260231,-3.3773261473775995
6.569098104484215,0.6334449499079937,-3.8392929448827835,-9.238539378462761,-4.447723900292556,-3.6117952737786374,4.656388938374996,3.25089069633492,8.310044137768417,0.09477701361651036
9.013567974921578,4.353405948032009,9.396569692826645,6.97432248721909,2.4758061631988455,10.365315473429467,-7.250172918602281,-4.688908426466447,-9.81445899901427,-2.7306603386027177
8.12884231514274,5.649961681190736,8.935504709490758,7.882348938788313,0.8731750052562008,7.5202872548197846,-7.98974434704549,-7.025692824924332,-8.936182249622231,-3.7393431692803176
-0.16012183635199273,8.298242691922482,4.223253530612639,1.9100466708294837,-6.483828342441523,-6.616558781321162,-7.5542319626878935,4.897130844963495,-0.36462963533149706,3.6655733839107594
1.8940636688453578,-7.982631393351323,-3.4173477385983677,-1.1875465499790487,0.23903212594467682,6.205371277220164,-4.91966086711097,-1.4318088088716334,1.3264608357527017,-9.982161805624889
-3.409818357700619,9.652678053806705,4.311260360479117,2.5763571150230753,-7.423741193265463,-7.042902499348241,-8.797408581240289,6.321335459717231,2.7631245802843014,3.6482379894493238
-7.695371151971397,1.8836925537567961,-8.737323536780595,8.716859894664793,-6.467669402569939,2.8858036329625074,-4.252441285535476,-0.3847207752517916,0.13432492135224638,-8.111033843431082
5.633176774593092,-5.0304319746404955,-8.07381573268667,5.126827734193946,4.276921258236662,3.5502983235745478,4.526780258134288,-9.502418697593033,-3.1649465938890815,-8.564897895469876
3.9199462833954213,-8.697277022668933,-3.438775486101391,-2.7739607614436976,1.0222314994064643,6.044383827108494,-6.366429894016054,0.036981569837735234,1.888198071760611,-10.213782440596447
9.19385262106416,5.6044629044485506,8.39417499712215,7.477287061181984,2.112780780231474,7.435346322372483,-9.238172020628287,-6.438892251255507,-9.492924361508248,-4.498789848539087
-7.238773681592841,-1.1700052412984856,-9.48550822598906,8.178407993299361,-4.852384360670457,3.338949160897522,-4.600293333783922,-0.3256325690622007,0.18708932583297277,-7.923005228684516
6.394502850586421,3.728186748553291,-3.0319602857313583,-8.908350591732319,-3.494561849329469,-5.238034165109473,4.965252564126978,4.237976625420005,8.059534133423766,-0.36955848724364593
-2.4744838743001885,7.045781914760267,5.294854420449791,2.783968329532442,-7.873489865986123,-6.459918050380955,-9.694825994045209,7.421193292247039,0.75780182790921,2.368345103386332
-7.676019828880822,0.3378296635411346,-7.587811217085727,8.386184263410737,-4.628970451973143,3.4297641882394436,-5.190810985115453,-1.0454302302736485,0.1262104177507204,-5.290020315452086
-3.204892500249814,8.096159144781748,5.879462842669663,1.5769400058389722,-5.8112478574572535,-6.275988703687428,-6.534689004531222,5.844078692358979,3.2815334746509746,5.3078924263216365
-9.555286806890917,10.745138287628881,7.422875590079488,-5.760698583175223,-6.146811558360315,-6.036244251449324,-3.5118555366424213,-1.3305293630198507,-1.6626259229270324,-5.659856264232587
1.69969530513419,-6.741599184140327,-2.9411004903841604,-3.3920848209343397,-1.009175772954452,6.164849940895695,-6.442381711814212,0.7490093290988977,2.4036902378925897,-7.987729969305741
7.588286685807779,2.9634422185940625,-1.8481595417210452,-9.444942939359867,-3.3379940581984333,-4.442960312021999,6.314219254855688,1.711460482963282,8.127931080683178,1.0037588699705389
8.107917918442688,1.5161846823977698,-3.319751922901135,-8.064793104364343,-2.851153705529093,-2.354490318780798,3.723060698445368,3.039407822231797,6.429343790070647,-1.280075708128721
-9.701898227705001,9.015613200517453,5.723927000289162,-5.484441997285836,-6.176393555732895,-5.943485189253817,-4.942407028314374,-1.1060525661668157,-0.7355083246511254,-2.6907753341626535
-7.80805777145809,3.5317181685342334,6.2589286612311925,0.6645297353021392,6.704880417771546,0.45462567712435065,1.9191190998776448,-2.4256514312801065,-8.53510658383087,-8.584918628184113
6.274713163766863,-4.712503469856618,-11.17822624134468,5.709350670121901,5.483230290795276,4.64761625025971,5.861573099418398,-8.448909736711903,-1.9391965854487365,-7.169687168949372
-0.09447055670974214,-2.5437220089196595,6.479997036723244,-1.7187630152024655,-4.7817378667609916,1.8672081613963147,-7.357493831961518,4.758499716572311,-12.041805314083483,9.469025285939736
-8.25570103884565,4.689399200948824,5.524392800576648,1.3391009465871617,4.001461881095432,-0.263540497492731,0.4743891498609932,-0.21690523671211626,-9.2921739153429,-7.459514028538592
2.059976234904971,-5.095512278546624,-8.158139929909918,6.624924275181307,10.490211075640651,7.08067377544903,-2.956392010422042,-9.95753609841758,3.0216705689720897,-1.7856549587647428
-7.34726436745444,-1.3110184400972873,-11.260053310796579,10.068209874215793,-6.04687959331722,3.7781421903797634,-2.255085545873606,0.5489579923893719,0.3337689103983883,-7.728959931185171
-7.890677549054935,3.6465521193681782,6.940478040135115,3.4873562554132267,3.783782307747755,-1.600636885978822,-0.3047114169920253,-2.13870767450802,-10.266877911816515,-8.036405639677424
-9.473834055265172,9.289669200675037,7.47569144671755,-5.857227014159172,-8.121709532513423,-6.583027637573765,-4.88731735875257,0.5747081792013179,0.0730774093626414,-5.914842440271439
-7.2420836789919125,3.8166135559243477,6.53177872945069,0.8665637575934055,5.217566526613984,-0.5928974706884214,-0.27841970186814535,0.5845182598982572,-9.005205862836377,-7.774084292130571
1.6322720367643835,-6.072517223740235,-8.33810753072873,9.49857643762824,8.869923591959012,6.406505032968768,-3.846380952291723,-8.358689087413609,3.9300702720144773,-0.14158457845726646
10.989391881252088,3.8018995306877055,9.26581920812775,6.619289340113043,1.4486669257368514,8.64367140414684,-7.974792927644772,-5.851075910521683,-8.94370508081374,-4.1352376466081555
-7.9207485302112906,-0.5043607223182445,-9.6313940609138,7.526454028429045,-4.553412153312462,3.279549754228052,-4.275692980050053,1.6525093365751187,2.8307885093519003,-5.1363336839160585
6.919951182799268,3.79247179532902,-2.3082386983274494,-6.905326883848277,-4.570180402085938,-3.596523954591668,4.395614767806017,5.354861461871706,7.754097436823159,0.7094704942049068
-7.710435697915506,3.6577204695085,4.819672753271361,2.443167126473363,5.736509443574596,-1.8003649642878434,1.9652810069760436,-1.0156710231180885,-8.852486674277287,-6.913100025689852
1.1997316961462472,-7.994689779561686,-2.948783743348404,-2.427978514522666,-0.2664435087037289,4.804645416982943,-8.96034784223343,-0.23841553861226383,0.9817208228153532,-8.721979476971965
10.616547316653703,6.272338485965497,9.978097887940283,8.709834464569877,1.7302705686875617,10.470355344645101,-7.890551350379461,-6.514669772311349,-8.589476206748865,-2.5209974830068522
10.841001678159847,5.469818116566344,9.827785772810888,7.847707617426905,1.0749444546133433,9.561661485574687,-6.596279680683405,-7.100944724398415,-10.13488518468991,-3.4534114505045883
8.977914827272654,4.877118106957621,8.067422742823286,7.879316944342058,1.7486565138299628,7.6121808846401695,-9.373934712764514,-6.189098843875678,-9.52965183973307,-4.634760358016578
2.434166988175365,-5.582892894657655,-9.265944531298688,9.93187525925759,8.935865191753331,4.692996282618883,-4.905480895639521,-7.479535886969095,2.7391921902484793,0.41312599798167615
5.741546147591015,-4.643447305693917,-9.105581716512502,5.14616141482464,4.723830691164765,5.034301266011603,6.589520457430484,-8.48628745238839,-3.2000257205132328,-9.050783623954349
5.822697979796784,-5.1064924326544485,-7.975193609097024,5.773824865940504,3.0171128194832812,5.241659982097395,3.958580963780345,-8.481134311445013,-3.129116845475304,-7.008731025088642
-6.890437837239158,0.11360181518283183,-9.106574911765914,8.72463735340606,-5.4957738874595465,2.536646220940942,-2.3403725458388482,2.265774087416214,0.005323128455427151,-6.971905321929163
9.658702888721347,7.292592953528573,7.917638545983487,7.340633512238973,2.242735133291039,8.181430910067084,-8.33019099669221,-5.009990916253335,-11.915720725218474,-4.091342729752524
-5.966129081601498,-1.1345687842356305,-9.339785514211199,7.209123209532674,-6.272756285957966,2.958070333985954,-4.7035651445529405,-0.29026800186709656,2.9403106842829967,-5.878014785317056
1.978865675913097,-7.323837528567544,-10.299157427056569,9.684231518487294,9.141469466249653,6.338652445083728,-4.80853635754395,-8.365653754123345,3.1980792838884,-1.2975432305861807
-9.267312550397929,10.400433209942811,8.209108345539367,-7.704820699317364,-7.6789419629078335,-5.0224657015286756,-4.192044496578049,-0.17659215661332006,-2.6152606141532893,-4.7304338975832705
11.458762242677286,4.647538310355581,9.898959686597,9.714653216444965,2.174200984749691,8.337470444075429,-9.552515215016692,-6.584942873265871,-7.491489173920214,-3.1421407551124436
-3.7438945708175884,-3.5772569174659528,5.708706768716356,-2.1052452161100366,-5.997282594996683,2.4529409952651786,-7.4564118793068666,4.9346032828596185,-9.197492359475358,9.400889634696641
8.801723128346035,1.9842184261695672,-3.677484388929083,-6.6622841997950655,-5.053467765911981,-2.677445599179851,3.838335911790235,1.9754166037502994,7.911907580250901,0.12067330216724226
5.350069777118845,-5.976790518620004,-9.908171011611048,5.87460499289603,4.31450053470726,5.201903802942856,5.005900254348256,-7.683533676807966,-2.1163750995147526,-8.562881061324052
3.6098075606964635,-8.478873794560446,-4.825048699755142,-3.234423691051592,-0.8942882824162185,5.432409535213479,-7.497752188223268,-0.11513391532323503,1.7487406940558814,-9.699089580679829
-3.205363282907502,-4.976777420000826,6.423907741472014,-2.915945034231895,-3.4193511437133663,0.8597457210882468,-7.308869590764078,7.062395571625808,-7.908334754517799,9.002168286029692
-2.0808566993846975,-4.436970130330641,7.44671356480583,-4.110001720112062,-3.7818222826842045,-0.46284758784054003,-6.404326762831876,7.106637016413941,-9.178578520044477,10.956867598551884
4.806006620368775,-8.008590135941422,-8.725186354111015,7.36013373803144,7.064515775170524,4.245523656162632,4.758613331443787,-10.220542187909095,-1.8707190853154754,-6.952792374951744
-6.743918417896518,0.1101979007198948,-10.067712971232549,8.129746499162405,-4.195317748758422,3.8020192258994654,-3.278769510403625,0.4938918152972935,1.9600251201674896,-5.065114385677848
0.6138290509599029,-5.920472783783637,-11.189249848670737,8.311230818103185,8.54698737624581,5.885787426341757,-5.76415616646879,-7.6426696251317034,2.4114991360832385,-0.06454458449870404
4.976753453408655,-5.1000883164215525,-9.90215185873646,6.362406516999818,4.632114700343787,4.282604402289492,7.102888011116915,-8.009367237001642,-1.8990779341397177,-7.903174405461537
8.568873289766783,5.832505457487794,9.760583007902154,6.605686402005179,1.4328548542034847,9.392267797157336,-7.613988728446815,-5.044396611302241,-8.247014575335173,-3.834496912651418
-3.9572819645500745,7.606822353821766,3.9214346149756656,1.7597225322288848,-6.568719625553266,-5.404753376326394,-7.980668133433991,7.163584385535276,2.0032840269614867,3.1589221912831
2.9895412715218086,-7.798231385883472,-3.067834782364538,-2.290729428410155,-3.2210786533246276,6.003191205198199,-6.412553511245521,0.8218685828139686,2.7925062174926643,-8.875829698458228
-1.6860270390908356,9.087604095386725,3.3499179364870475,0.6780909118771159,-7.215411890441398,-5.211088067986553,-9.097919107999616,5.820379962380597,1.7765571707782313,3.8887279861732384
-9.450957634676914,12.31637059829998,6.464707000325234,-6.88339651591916,-6.090489938363602,-8.406549840477691,-4.007111923413511,0.5111539149399177,-0.5664992442124738,-3.2017949466113143
5.917134963577016,-5.825662963649961,-11.234656272990495,6.481234396298203,5.991111563002178,4.82103541929961,5.562462546487079,-6.959069307427367,-3.5763009868794198,-6.792941169410634
-2.232223922637629,-3.254873728182417,6.644892799515996,-5.035850263850735,-5.611048318421296,3.61145645558107,-7.0461267048418215,6.99472972909128,-8.817333265898423,8.733127417803484
2.290065499761387,-7.299799563405248,-9.323682307147685,9.131138125452056,7.779466066128853,4.426377312078096,-3.236852422030655,-9.977391320596405,2.7079828349357826,-2.9967896605964106
8.764708781519534,6.430247988396505,9.631835460680264,6.637084243638618,0.9556119316052178,8.135975360762206,-9.095796503539926,-4.353886379738407,-9.295629858587752,-2.6036443419206448
-3.3342676821599326,-4.25016140617091,7.726004056993639,-3.8556862749888587,-5.798096453368198,-0.4121806704861548,-6.786544138928347,4.7693358420891006,-8.64434716703666,11.109010128313566
-1.6319650763267104,-3.5221158716389986,6.48357527396282,-4.270256420907689,-3.7118396417949215,1.0130653415725535,-7.1215460211887445,4.760536126769573,-8.704822990009925,8.544083945884628
8.586657594013964,2.0704754781530417,-3.033457935593682,-9.11517644747692,-4.798811564595971,-3.890981361749055,3.4671800112268043,3.176705415796134,6.972074606464071,-1.952755229753679
5.954923167577411,-7.864108524064852,-10.303565752647213,7.551917441367573,2.503194785310574,4.431434460601107,6.053177609446101,-8.054937464973808,-2.7604994293361846,-7.186855297159207
-5.949263209275358,6.708368379293853,4.872805663395155,0.39035787732966076,6.225842762255424,0.9839400382884262,0.6513838322021049,-3.5529199319190923,-10.472722038306605,-7.419666814529849
-1.7352811483278132,-5.353513786392617,6.083640035219235,-3.134437272767675,-4.762435705087944,1.5419393838296338,-8.489689610466677,4.894644010037853,-8.80742242205203,8.372135028672671
4.816472096327231,-5.5380296368544055,-8.254628400590274,7.0835627847152605,5.5305377256314605,3.1773185777134554,4.749697831445772,-7.953871132520177,-1.322391254231105,-7.032178382590832
-8.268288395085523,2.899885500932693,4.958045332520467,-2.021094429720156,4.816038011462834,-0.5501113659214657,0.765053517906116,-0.9015584818993737,-9.113907649210118,-6.944922627173815
4.111190726889495,-5.962851950038965,-9.355009856438736,6.543268227630002,3.668872703324894,4.306203040699545,4.865321777958159,-9.844304046919373,-4.293424993962283,-7.292597853403037
-7.893368541947785,0.056107450966337846,-9.105520661684777,7.901743491140372,-4.147499130305304,2.570380055824653,-2.4331329595158464,1.0275659851884615,-0.0025630138073016173,-4.604901204603205
2.4832418387435573,-8.128438924287565,-5.647043233935859,-3.9366346948598823,-0.5522193078137201,7.06455658879308,-5.967629840596562,0.4960694229181972,3.031186316118775,-10.615446654683598
4.949968265366759,-6.291468547711437,-9.651419965751103,6.575485776484431,4.252346221651976,4.0065459371732715,6.505743581973697,-6.993751881659993,-4.119099744159799,-7.518349653547485
-1.2920391022272537,10.535602180120772,5.638189734376062,1.5415493712226835,-6.47589710081466,-6.9043051996668625,-9.74202961736614,7.647882197220306,0.8432604437043731,5.349130944382472
3.5937917120094465,-7.423387857638754,-10.844230848765935,5.005991695048146,4.22123207889786,4.822723569574612,4.362334978351379,-8.394908528385638,-3.254764042885929,-7.782094843066292
6.754148355820964,-7.963565034293333,-9.871799700036831,6.554431969141376,4.378737133521772,4.2705478430627,5.543302525579363,-9.754326535953492,-1.965523942318125,-7.432828376043965
2.7938901927621003,-6.561550982275543,-10.010111962081385,9.857924884690844,11.558828675049453,6.724742909157002,-2.8072961742757228,-6.242438627907918,2.8543983795230856,-3.0545215703748902
-7.11932599691363,5.043156757456455,6.365739028281964,1.7153301741871259,5.492631281189552,-1.2041252865963776,0.7271663540236541,-1.8254678594238385,-8.115129716102263,-7.750902616806618
-8.247244117949261,-0.402561191105681,-9.892864857448338,9.087784758004561,-4.919601483540724,1.9527316624646018,-4.489215701374868,-2.797904221655962,0.43971298498344447,-6.265265824392309
-8.467343090469573,10.20377174604606,7.624676153296999,-5.744360082765581,-7.779024722771695,-5.354037530720186,-4.1855265399450365,-0.8946515105479118,-0.00906026118335923,-2.076009675536652
0.4240938353220105,-5.767901774017007,-11.047036537395236,8.971987904161745,9.107780027219802,8.40791215456067,-5.739375845246213,-8.947661006856679,3.548564071561488,-1.3944794626771413
4.29185527558775,-6.090406956560443,-10.138577401190826,6.290962519929972,3.4778700328288825,3.2678795282666195,5.562415191926842,-8.685629959804581,-2.1928505463528842,-8.430303592425194
6.516994483910889,-4.79213465614786,-11.76894236325943,6.975308049590148,1.9523488751246836,5.039323915652333,5.82476624661557,-10.243086994833735,-1.8306392859828602,-5.938782908206487
-9.169795554926896,8.90154599111164,7.571897643235197,-5.34712376758581,-7.177653912455591,-7.497111802896612,-5.375457576018468,0.6830704090775137,-0.7886282153779494,-3.52445151725972
-8.367782748106864,5.154836601765115,5.165346021539541,1.1517591013928776,4.934048889461076,-0.019403347670021845,0.3836816227414073,-3.853377034448783,-9.465751878966898,-7.979788588452115
-2.2851051412423335,9.026878528980117,4.7375549347769335,1.2001599000852656,-6.855117016892327,-6.382111302030497,-7.387184148840968,8.28279374158391,4.175482692375732,3.3941039930328594
2.6462704730541367,-7.636047386276729,-5.585174205401082,-3.5808301048861315,-0.42556065908722157,6.776637254659648,-5.74565818211083,1.084576057978216,2.5559696212680927,-8.564457354214127
-6.799378798044964,-0.332386648859803,-8.594699061294953,7.1941383284476474,-5.457397400295954,4.19404573987424,-2.2803779546413585,0.36632852440336694,-1.8530833384901872,-6.501960172097914
-8.655243508362966,9.461738947800823,7.352106644104383,-7.526992918636996,-10.28590090747633,-6.048121775093244,-5.339920794530735,0.28267692993170124,-1.663196668182291,-2.5880165936236246
-6.522121286154327,3.569514094411063,3.8300849181067997,0.3853820505401897,5.371172937215709,0.7676829228940906,1.2624250668660313,-2.2269486387844495,-10.022741591455832,-5.739287389154821
-6.156872649654199,2.8462908482308404,-9.671508612649347,6.464179480862448,-4.707523398081095,3.0450163575864355,-1.79442782921049,2.0679497669317586,1.7995805574621575,-6.889604970702117
-1.6514975233771068,-4.219802591717917,7.269524354359476,-0.7912240346384092,-4.214263252875821,-0.3383031857911325,-7.114875498336323,6.285496409286176,-7.241818489316335,9.540974336582643
-6.578085783703639,0.4074260736048042,-9.039140719165744,6.851261429914784,-4.723697153965684,0.9466007175916187,-2.9229757869512474,0.6599353242933579,-0.41102686523423726,-4.686485331999418
-9.29477258411531,9.647614730924928,6.322179568499392,-5.628465686770542,-4.84805584750574,-5.950175633968814,-4.28852356581233,-0.005069184451238495,-1.5309519848354158,-2.5386772342085218
-6.1264469124345124,5.60865445815368,5.150292693988567,1.6556732457718353,4.200981843217079,-0.01286181423623299,-0.06977455525926235,-1.3945084785391206,-9.766270904823134,-8.13467760004563
-6.877978469749058,9.918068061341797,6.858861124031025,-5.138053802155897,-5.654089675271383,-6.472463288433755,-4.546396277049946,1.0945793189664612,-0.9753887866262327,-4.985307295128569
-8.709607645732222,5.801046468198841,6.028994772118942,2.342573439752724,5.2437937244908,-0.06822275126785957,0.11136326956380505,-0.4528374246984178,-9.099881775474437,-8.40065662077512
-3.3047546909936325,9.438680066059334,5.91939750598826,-0.24364915541333243,-6.376882383660456,-9.373380413606025,-9.803992560159218,8.952689280399648,1.4405182014721216,2.9875715915119363
5.390257432246937,-6.072069848087852,-9.299794957317516,5.641361460042301,4.207833577708887,4.66870349192323,5.553602015495039,-8.502692448264911,-4.2345254476665435,-9.943837273155186
-3.4485330168715045,8.870198572476706,3.430184093386994,2.5730984139369366,-5.348876358807573,-5.66134774157863,-9.051770627566219,8.814249052348655,2.170967692066287,3.8243655848028695
2.444911132585236,-7.2551672654143164,-4.813817429072103,-4.028304995290292,-1.5262530720373262,5.373512359235386,-8.375548668414057,0.08733361293756828,2.7726487452668556,-8.503773840166172
-8.961875441630006,9.318288590577337,6.853928155243065,-7.37660031637572,-4.4750637162437314,-6.496151787963355,-3.2175681704700465,-0.34096303757486923,-1.0530897249403441,-5.478261959563906
-11.014328231204402,9.792070261404628,7.478176588591298,-6.384869310948121,-6.072297900719955,-6.695483097846353,-4.0991875400082485,-1.992693424917574,-1.5828810308738206,-3.2060478936311068
10.209979314052681,4.271859860965864,8.505474726632373,7.259803385614167,2.0459611348396445,8.121404951058553,-7.098016266504635,-6.959010846788738,-10.826770157600253,-4.85067720444627
-4.9940812445047325,0.2899843857434499,-9.363109229339614,7.266597428424736,-6.703257281742811,3.4274049368194737,-1.4154393580574776,1.6721726532131291,2.050769855979391,-6.057308072431543
-2.189672952269795,10.667903396690606,4.779766069067229,2.969287898851861,-8.269849116304734,-6.722348153982177,-9.935696075607076,5.846597987966802,1.2829288274051394,5.3533508903344815
-2.5020191561448084,6.927808469827237,4.8003684602015815,4.185700723337974,-7.2396664599082525,-7.608186691131268,-8.464979196924611,7.635901125965275,3.2150354002805903,2.903583400012021
-1.6912439210666907,-5.098379368252101,5.343751995533327,-3.1904094420047064,-3.6041474203259525,1.628812294316738,-7.612103071620443,5.183195810432237,-9.56566625131177,9.601112129283784
-10.217530786931313,8.69149027486688,5.355730565603466,-5.669345284673543,-7.443907985136489,-7.509326308180612,-4.338845857719922,0.005972457460541092,-1.8990781559796401,-3.7089725991989
8.108634761617333,2.076895607652804,-1.9465310540388576,-7.21101767008027,-5.565773123004595,-3.4645527393731217,4.042284076285251,2.4906736274867196,6.928104046454985,-1.497122379037489
8.69090345278497,5.628204858551442,8.10275069347555,7.365930236437823,3.2086610840078515,7.287256522220096,-7.470995985014425,-6.081406637092077,-9.67100791069723,-4.710916217144831
8.463506354527635,6.097894831277455,9.493433375703098,8.01014903453086,0.8876971605070576,7.910035667536881,-8.290482681381675,-5.3918482016350024,-10.678943622902356,-4.057196849039089
1.8478109609167523,-6.129189707872687,-10.34932264444894,7.995618338266451,9.442997864148298,6.252835203855889,-3.5301062101124936,-7.602881992984205,4.023254963359,-1.0032948085764803
-9.944245031170922,11.04607464902356,6.717174945948253,-5.626905271847478,-4.057554069890248,-7.731251968780095,-3.118724774167135,2.159114912452857,-1.6859575536562312,-3.315786409184315
8.278737305231834,4.038204412097476,9.368571366199172,8.288731318594657,2.718828787744219,9.719090141958278,-7.455675164035937,-5.2168832753118375,-11.173415479961378,-3.8003786266597066
1.8235266356382596,-8.062695375705662,-3.547197906640993,-2.8172509755705955,-0.8450326675902744,6.792899064014881,-6.120400964568547,0.2997226938140231,1.2486418657899179,-8.640251811618194
1.8662872977870801,-7.282470262109834,-4.105086378856017,-2.5455892149318804,-0.3203682087809774,5.530892874851795,-5.063331053355012,0.7306365453975359,1.2413279313682142,-7.735879077795948
-7.979417989894189,3.456434657393238,5.571264661511382,0.5173123920944063,4.29055817215168,-0.8611719824872427,-0.492156577994294,-2.4551363253967553,-9.406308600476159,-8.036708055746121
-2.6904854224656534,-4.8829100912824215,6.441357553834741,-4.401983620851107,-6.143782477011045,1.3640758562056816,-6.19305315315139,6.651517117921898,-9.762962740583108,10.217927477082387
-9.008963354327175,10.810223921783136,6.020709076839258,-5.654283999405593,-6.0251432139220285,-7.3244878096601465,-3.8947379735963272,-0.9705452246973378,-3.130149930897084,-3.8086707881469044
3.336521665843243,-7.561782970793378,-2.9721000457126214,-1.6112539769503218,0.12981565428371078,5.797589069051797,-6.674882520823695,-1.109839669593244,1.8082541697197505,-7.537979203350862
8.015752231875892,5.186593495584842,9.045637485381057,7.25029877064562,0.9433388891271137,8.229855563936459,-9.29468337932332,-5.445211712636864,-11.039259068682085,-3.4029684567692904
-2.542810187756463,9.469027040339457,4.12344919234053,1.7767031005126348,-7.085486622031611,-7.626687939816185,-9.015101919751793,5.774904616634957,1.5311464877220708,3.876576062551238
2.687112565632736,-7.799701782895291,-3.670264960328146,-0.9955235411517092,0.11692637601483358,5.622063240082394,-5.331033509567336,0.8622057228794443,2.3548790489381255,-7.959038384739636
-11.060664175594729,10.132147521604125,6.074250957825044,-6.088996404174899,-6.680603488431953,-7.135344077102581,-3.343930930573006,1.8857722285947145,-0.8910859659110237,-4.0720351998270665
9.179019698601655,8.211933115693327,9.442514527635979,7.686591931820918,2.4058214527197066,6.418199183383723,-7.204007555725643,-3.5134015140876196,-11.184687695632618,-3.7808023945604203
-1.93606980981155,7.22841963626421,4.280249163775639,2.2742770231324743,-6.695792674828766,-4.18707592929545,-8.488527732068103,6.319468318656693,1.9268359877751027,2.385205222454457
-2.0230128314908113,7.064914372875898,2.589521378943901,2.7123501786423,-6.372606919015913,-6.937504958349983,-10.233776261391082,6.615611974824628,1.7595534871776717,2.5655575873467953
6.436668066050402,2.0897083641224685,-4.259257384451891,-7.521164989352665,-4.523102327202077,-2.9899862988938772,5.597331294892662,1.8699648870841652,8.120846269943032,-1.4495813118681955
-4.644871837031445,12.152034661858316,5.695935645294153,2.1964085980698917,-6.934521191767557,-6.594555518418289,-8.317205328256673,7.96873850144876,2.577904700867624,4.251032237176157
2.7236223573585887,-7.720607271423011,-9.299415105883085,9.350477969343068,8.406132880558417,5.442606921514464,-2.5627649503584378,-8.659933348345508,4.639327346272524,0.05837306432296541
9.181993401077955,6.03418683029055,9.295498197183505,9.450343954992936,1.3054466722690954,8.21760573570401,-8.570918608385668,-6.004975511576832,-6.591137419672431,-3.4625822695373993
-7.1921557057695855,4.037993407199532,5.038675249904018,1.802980435402731,4.27738924602537,-1.4203870426488265,0.6336026419963725,-3.4589550846240384,-11.17445706976563,-6.036924797506613
-1.7064077120164656,-2.11014539935293,7.414193400194934,-3.1800928233258627,-4.455346812516981,-0.2002297334264771,-4.8344795525584505,7.647809340524339,-8.42577409013247,11.918558850777123
7.577950298861107,0.32020357310330105,-2.175363004477961,-8.544863853293538,-3.942332749642889,-4.315666201140226,3.9592091807055976,1.860235337546316,5.7466799766676875,-1.3732232976718686
-0.975016646614902,-2.541068339900997,5.814755654803806,-1.7632587875782513,-5.745838789288417,-0.7382106709730127,-7.578471632978841,7.5563147525765,-9.501602167358495,9.720926885187103
-8.637896074134975,0.16359271768618383,-8.412023924245137,6.712025172257494,-2.310756899790759,4.44133161994616,-3.7644251757461387,-0.42704768368255186,0.7591204365918871,-6.219108529878119
3.4733013628404965,-8.388874207470643,-7.872384175157162,10.352508715121445,8.752083316396819,7.8621227205202775,-4.598061678980932,-7.605475058011918,3.377887845579507,-1.5039464823705766
0.2497476647211614,-8.081713258027591,-5.677828558929757,-2.2886029561586883,-0.8780609530304019,6.006481535359004,-6.111075745401332,-1.1096089819321853,2.361812746495585,-7.148767185330592
-2.9283523116094496,-3.9383891581300547,7.511431127482611,-3.1652740144374825,-5.123754665964888,0.932534289131514,-5.704822069758762,6.084973875132937,-9.772927896229715,9.847321959587767
2.901610308841772,-6.4353493968848055,-4.525439739334813,-3.153122806617521,-2.472776640926884,6.22673823903721,-4.924145645509363,1.9006704481901622,2.1534640118213577,-9.837471518508615
-0.5804353668417406,-4.64761294967725,5.968941608884228,-3.639866004303247,-5.57632815324124,3.687502092621569,-5.760557635044157,5.387646299030518,-6.777161199682667,10.271040905413496
10.901666543268183,5.9524390851666436,9.444903279635318,8.342717952996221,0.4510123915955986,7.239323749715448,-8.740368125369972,-5.436703044083982,-10.475886304032386,-3.6687397996789035
1.752102349569975,-8.846424572058622,-2.662376022026333,-4.031964402789489,-1.4669403729669663,6.611498985665406,-5.360479013404074,-0.823485928212514,2.5307805865014865,-8.781207266941824
-6.138928266799913,4.843933262712537,6.633858582504413,2.352408497499189,5.151091852719377,0.7117044276585736,-0.8283093068132594,-1.263110853160855,-10.67397182209699,-7.951827364374881
4.925897938680332,-6.158319280231035,-9.579921042417535,8.083454293611261,5.0080356304989095,5.8970067503295,4.944651248695232,-9.523030115561122,-2.0292601535672152,-7.698829749382166
7.091377278140735,-5.770077003202727,-8.939381234872384,7.587984695964897,4.358740586327126,5.394374170695125,5.438093431082156,-8.571275116921596,-3.4922268566433616,-7.5095963625631965
3.2657566103374895,-8.131840623441079,-1.7387512757231858,-2.7039234989276437,0.367729495415664,4.54851073046037,-8.404687452083703,-1.1237427220961282,-1.402042098954856,-6.958902418347137
-9.60685300110734,4.637833892486987,4.586511702732774,-0.7841084170524328,5.259155459977507,-0.31222835625549694,0.13948891486534837,-1.398510749747854,-11.137584071721896,-6.935022142468233
1.5467060283213008,-7.295986687756924,-4.233005814375297,-2.592443561500954,1.6459089609482143,6.07437112057127,-8.042426926937582,-0.25811020344473257,-0.08408071025495878,-9.400790002645884
-3.346698402112475,-3.6115260743236703,6.968752345170277,-2.7415544497909434,-4.951566191275987,2.4539293029543225,-6.428063399783062,6.647105424101441,-7.308931161777142,8.718877868517477
-11.083851650582154,9.38589859393183,6.476007141194325,-6.188982283405096,-5.9211837876935025,-7.082639409936922,-5.067152688388388,0.6042116029945891,-0.9751295345888094,-5.352062139939214
7.44472398146777,-5.701062495066276,-8.916896353038288,7.690181659014711,4.629173973230529,3.714267778508544,3.7852396024772332,-8.144728865814118,-3.230943251617148,-6.3990177419100815
-1.271792021400287,-4.602015049063423,5.818196928991401,-2.942807518807906,-4.7008864148485685,-0.5032057565059274,-7.753067660697355,4.651126828750351,-9.745782016900609,8.596794244143876
-10.179704843921998,10.953395577387228,5.534320501000374,-7.492422938607277,-5.256790231570671,-8.606530834137523,-4.119284909681962,3.612809761852805,-1.3731431801176166,-5.296184846735411
7.685747506877076,3.8770272008768165,-2.544621993938164,-8.320575288263273,-3.7516906236662244,-3.952866761791326,5.095391820239769,3.0746389579387037,7.369972817898549,-1.4227931790347883
8.601580994424337,5.139765644038566,-1.887414516908621,-9.088124085309257,-3.278274832268746,-2.930158723716648,6.195799975850938,2.4129686597979263,6.779337417156647,0.5781497947398813
0.7203953481616685,-7.559384672307124,-2.5405853747818883,-3.3320872689033334,-1.1969013297636146,5.1618984645510855,-6.093539580150943,-0.29843406305206555,2.3350328793989097,-8.873678333309778
1.4843408067957204,-5.715347654357671,-5.859345225486496,9.333743212193806,10.17428952381434,6.8614646265546275,-5.329799943958413,-7.4607404224048715,3.9911168508927064,-1.4566975086062823
-2.4057594937446436,11.056362168342066,4.917237298192777,1.9508907047570188,-6.557544880384285,-6.891201597224549,-9.65134212889614,8.146802831176409,2.24806175797593,4.179064807854566
2.0506214786260357,-7.689476729615247,-3.7684597832623266,-2.9413847580642303,-1.9672351587183192,8.504892217495252,-6.49369153986195,-1.9329203118797822,1.0061926875194613,-10.338268433972775
6.062436256639747,-6.552181943421765,-10.504920376294052,6.128618230062388,3.973316046613151,5.480911337013434,4.919909235458704,-7.717866929293876,-2.3909802950601438,-9.356614796859457
-2.577734373060366,-3.6136884082962824,8.079135020595475,-4.764971390674012,-4.838584957730705,-0.42246394852383173,-7.987792538482911,7.7459513162274245,-8.285307639980392,10.52656233305552
-6.813652626388534,5.541388844065678,5.266546270952753,1.7093255596999226,5.050283472888584,0.779096140826141,1.879852144849708,-0.6809797325745268,-9.60978421163083,-7.408060394892428
-7.678394573055657,-0.15528820694264658,-9.032461869967415,7.227087276356673,-6.289740751444628,3.904743080553916,-2.8676546456305214,1.146996256359019,1.0891776054220657,-5.53568626203617
-9.249551951803586,9.269798777322277,6.580566608244145,-6.016641421553981,-6.665770047940514,-5.801042640864175,-4.850986370599811,-0.5807651960795024,-2.484294678033063,-2.129762648362007
-1.7482408406947885,-6.350755511595277,6.274434815664673,-2.2797830653938584,-4.411275763394498,1.3778349842200772,-8.407720576158493,5.22393765058514,-8.027168747905716,10.43462687406272
7.219334792406567,1.3336857437635743,-2.3268007692862405,-8.088638848793185,-2.8624152030149754,-4.714295441501349,5.727438782005332,3.7709907064305708,7.511861816535713,0.3393195787825505
3.238928307988678,-7.209962279552078,-5.895504607817423,-3.031209323432841,-1.0785302387776974,6.446422533293871,-8.0767979013462,0.32586828522116745,2.361966593034156,-9.732479630881565
8.559406838414827,3.5287199542937713,-5.48381588338673,-9.607833469441323,-3.6755038240929276,-2.654491249460734,6.118250762968571,2.1138080538894095,10.082425527333987,-0.6044608212265975
7.825427188195432,6.014731286383451,9.16014846610412,8.322989724813917,2.2333301373535135,7.675234667139032,-7.264250694468029,-5.087563451524826,-9.883691686959823,-2.9612693933847547
-3.6922538077871394,8.761522873102136,5.669291937183427,2.769871611011474,-6.864444248610837,-7.8549161691987885,-8.192740044461816,7.342904153196728,-0.2980153633662477,4.944081382237427
6.8911750931771945,-5.327687925022932,-10.453602271659946,5.601026664587582,4.934880120862072,2.1538169646538403,4.617825610185839,-7.109798962943062,-2.5338679498815013,-8.441279961725336
-5.227749210547587,1.6290567589798748,-9.17106332830764,6.53871450680605,-4.879824429982084,2.863604729093135,-5.040065701262704,0.6923700508036585,0.11056245700994904,-7.01781673653904
-8.499624158897884,3.7946284490527105,6.277955094106506,0.4834705017576618,3.449383030904852,0.09347745725221016,1.2514987423865618,-1.918290230984149,-9.614461278409841,-9.021967701675319
-1.4850391115482546,-3.3391054869311545,6.26233284552741,-3.4879438735051576,-6.319690945334308,0.9261200205062536,-6.802468469148307,5.74393421935359,-9.285688452504319,10.981142171853477
7.113571317283906,2.0345338226911482,-2.2331104337238354,-9.71457906583542,-1.8919441753822055,-2.1944261786183112,4.67973858838124,3.95242306180824,8.406588179770434,-1.8457332826782242
-8.934555985163444,-2.098187279008883,-8.779857566398908,8.50734379589651,-4.373802036720529,3.513480868897544,-3.8310891898841755,-0.2608281241204444,1.450340552953536,-4.773027401084308
9.42004076275001,6.814779676397953,9.486269379739499,7.748673860773212,2.1742554118952993,7.669419663031027,-8.791190605325196,-6.286641380875754,-8.53798315941555,-4.740756357424758
2.0243681601424712,-7.497825675088279,-4.406879641336021,-2.1442239322947643,-0.002387736337617352,6.693818774959797,-5.5608152166974385,-1.5160819336504034,1.5070916445475542,-6.766901962050856
2.4835097969787414,-7.818462432726062,-8.549095942359136,9.574504522397481,10.770078610861624,6.854235504061035,-2.6673411819271653,-9.078555611237562,3.3582429040950426,-0.7675994115467022
9.043060034528866,6.288205136358692,9.637184083650217,7.560833052164583,2.9597530100058993,9.249681142969218,-8.91226461827412,-5.765414283172674,-8.391840937712395,-4.103928152307538
0.23459627203105948,-6.6243298410121225,-9.014535832828932,9.924259272783448,9.66745877966958,6.758309170444167,-3.562638430517504,-8.978548845155862,4.89592602673615,-0.39844522059230414
-8.4385097651851,-0.9189814419562792,-8.837309703901827,9.767784010747077,-6.856223924321803,3.079969538097944,-3.3024981364213923,1.181574395756458,1.2533329299346314,-4.541508339553344
0.6002560301367983,-4.686749455559605,-4.747321641496127,-2.7932605480255255,-2.7345336028477174,6.1898065326011675,-7.112868513909914,0.38634452983826173,1.3040169443163117,-10.148735680530388
-2.0907994021640666,10.415884721144751,5.29032892876424,0.470089382180914,-5.827679573428352,-7.878170220590359,-9.222299028588361,7.5737231217503975,4.01796772464814,7.27137011192627
-3.017337820700061,8.86650580938085,4.186630427205088,3.4256372184114774,-6.55288242654895,-6.579635233665118,-8.216120612592608,6.184689797717934,3.0614120222844443,4.085687269385449
1.844303963350384,-6.002665987469302,-10.629055009617842,9.409707308436277,10.454695253843434,5.640349619750171,-6.417946757573,-8.085209488699647,3.7018443806286654,-0.47287507446366894
6.153363963935072,-6.695863823886466,-9.967977185618626,7.711156822199413,2.728469952568033,3.965085695330888,6.1353708657256245,-7.2247757121128,-2.221717526840935,-8.289313724714711
-0.8381320016224725,-5.811540837642521,6.388790981867894,-2.3311002203156974,-3.0727600880732058,0.06176865679213761,-9.690700761477643,7.1226033310920815,-9.758482012830793,10.097181975594074
3.507145919702487,-5.915115637020745,-4.4392319724333715,-3.303626644809575,-1.7430306293328184,6.396294997568511,-6.211231590355093,-0.10180612205055767,1.034626802103297,-9.840658154611434
6.352566315491374,4.0542154466189455,-1.3212403100128025,-9.002149465485704,-3.369383125167688,-3.360063924935174,6.10573954810789,1.3585170825516342,7.516885278826173,0.363696361299671
3.725831351817825,-7.5706047895488515,-9.448937668267066,8.130440800847039,7.830522291057174,5.230902277137459,-3.8045083567666693,-8.758758744722948,-0.17171479899745945,-0.12267682778785138
-1.782537410355533,-4.645202779052187,6.494206509999714,-1.7989683978028348,-5.79971413373965,-0.3976314764299915,-6.40455214051281,8.459789402164429,-7.632491676252532,11.60194752808307
-9.629558243063155,11.557318197843177,6.740167544619785,-6.133673690600828,-6.993959110043465,-4.6948273949385815,-4.695299022197017,1.2303979426197447,-1.9202634622168935,-4.635723958613524
-4.548941256803898,-6.408859682186635,8.371156038198235,-2.8483180614577672,-5.5072247133404275,1.536625294254281,-6.408462194458769,4.7112539699330505,-9.041832502874158,10.613984595716067
4.8890226103928525,-6.105867940746796,-10.217657127535578,6.103270529741814,5.758599385104378,4.680498806906507,5.807666550267232,-10.527908460888874,-2.08468077688168,-4.830656929939003
-8.421092380779578,10.986644219479999,5.963865636864688,-4.952036022446294,-5.598098499844638,-5.258497100520879,-3.416465228673701,-1.4473690583170127,-1.516522059685445,-5.331124770956077
2.2570716994492,-6.456478505325699,-3.373446555068929,-2.230426874149969,0.37355872130682943,5.580550281225904,-6.373242025408839,-0.062175219652378044,2.706664609212977,-8.705810705297399
2.663944905439017,-6.34222940062643,-9.344876313556707,10.003724870773963,8.890863797103556,6.033302870504426,-3.92438874983053,-8.397510462010409,3.920525595992708,-0.045434979274971976
-6.757596953464743,4.923986230653453,6.301090933437892,-0.28418687179449575,5.926212972362546,-0.6839855404796958,-0.3534477488424439,-1.9864072969512208,-9.608085259185161,-7.18112704416618
-2.496187389917036,-3.664495404933938,8.397889315063525,-3.681414773092253,-6.376323290924084,0.32304766705266486,-6.277561387633612,8.116216905739865,-7.19894591974778,11.023023944388724
4.5997093437689935,-6.930238297786252,-8.24313046190627,8.421658187587262,8.338673617242087,5.491631098751859,-5.990196593235258,-6.6931226569645705,1.4545302773285238,-1.4607783556086058
-8.72942237854678,0.050401411681818525,-9.989542105945821,9.197458057228475,-4.985713090773199,1.730932348838556,-3.9855811838195137,0.8598329927550976,1.1782116500083926,-6.814706903141439
-9.964732668672147,9.714264912969837,7.232735838292437,-4.469113091255579,-7.870726476241926,-6.888627700788486,-3.486393881928482,1.2655922283319838,0.8323499231307006,-3.219713224925294
-3.908283773189973,-5.857867627934722,7.336116372550639,-1.340603225125534,-5.3487178551145975,1.1128272572619267,-6.374432607190852,6.28149523227008,-8.757753431825565,9.097088737561354
-7.955370023469988,-1.0300960143640392,-10.37372721890182,8.438836798791423,-2.5206160587821684,3.7895397913347426,-5.3596910048957875,-0.324643679689785,0.31029138502068,-7.124913409604367
6.304129298841792,1.8610628149487056,-2.688910027257543,-9.867424642429604,-1.3165824957661236,-2.940571958573306,4.534786756113225,2.4989970927326866,8.53245635016848,-0.9670510283573566
-7.996354763990624,4.8807900793329555,5.273836180397905,2.7161775593038353,5.1577284121556,-1.0883914241762906,-0.012962426116998771,-1.8724322570081033,-10.138767503704793,-8.530894505695944
7.487404535436117,1.2847128711684463,-3.9108834226615894,-8.955775172816354,-1.7038681127791993,-3.373961056493823,5.312100362940799,3.2556967675974984,5.322367308991435,-0.9551925348399678
2.3334350175616256,-6.66258296679011,-5.285458366806415,-1.4092241233296579,0.5529885895548305,4.980738972415779,-5.812854338484637,0.9269670249432642,1.3026772209120971,-8.58937789991195
-6.167239604991754,0.7340884925555378,-7.610082254193455,9.346618809682738,-5.227343436609166,3.31717214331448,-4.634455393692754,0.17070425468816755,0.9960372588837128,-6.387818213024813
1.645276452109578,-6.509357765766616,-7.660313852974674,6.985525178717452,9.024609922051965,7.551004360910826,-4.419593017626104,-6.500449159440912,5.09940434960295,-1.2624792406969243
-6.313510225501426,0.8779375575267245,-9.580459513035418,11.185142147078107,-3.5812967901513684,2.3011661803739054,-3.019604424511732,0.4672234898759735,0.1574934960061819,-7.372820032655667
7.861026463168029,2.4954627952514477,-3.3006191753616982,-8.903915679065152,-3.2434509841543395,-2.9112366660520452,5.38362167951726,2.876818627366106,7.355843011096001,-1.11271790628067
-8.725155306061385,-0.7839384241781217,-9.673621218263547,8.86081284263259,-4.6484031158722665,3.2704470092305646,-1.8801096931564751,-1.4356227376689292,-0.10417205583495814,-7.38409936752845
5.4098173152131395,-5.988004020633654,-10.281148874575043,6.577320555737784,4.066416382858288,3.795840976905028,5.552698416267294,-8.368298196693171,-0.48088478032062243,-8.293644888517719
9.903967896868902,7.503679206081627,10.282630010117787,7.257300875102589,1.9955600436415137,8.002660079387757,-8.391972718247942,-7.056776420805826,-9.536989550959463,-3.133874503201474
5.978737290333376,-7.019877719506432,-10.188146345594104,5.654674785845567,4.40085883861436,4.96863127906078,4.321246006627239,-8.112675576493448,-4.307408812805583,-5.490645638058445
6.531854891165295,-6.782011756882589,-10.670501005475105,7.5554970780448825,6.238528250553386,4.435140853161992,6.632030342083864,-9.98519507094754,-3.6742099300873585,-8.692217052088987
6.490806975319799,-5.84297084305173,-8.700734343389723,4.77436046024056,2.7357277573373304,4.340115514184441,6.893031953691696,-6.556296067644467,-3.719111728189347,-7.629571777885933
-8.090941257099784,-1.1871998554979442,-9.400133739500324,8.368666485157686,-3.758785108291351,2.081724775511314,-3.4802915350126145,-1.1276546008585728,1.3705631802767118,-6.410415109947509
2.5959397379229534,-6.310594429086726,-7.969125105179427,8.798382717193634,9.514425768862141,5.77020667808369,-4.492223832154537,-6.708308089110246,1.640891828716641,-0.32019013605370894
7.945156853913233,-7.087187356951224,-11.186905067469496,6.411978180404697,2.0582283962729697,5.229558592645251,5.538487696791772,-8.151820366056816,-3.134257364234494,-7.427603043529004
0.08346978150303785,-6.985702748576912,-3.8074916982672518,-2.5392637150647945,-3.851906486951838,4.437882782770462,-6.754615339681468,0.5763477014612787,2.1376302828838343,-9.241215537571223
-8.359453563883392,9.85927507553632,6.8994810481117375,-4.94464677954436,-6.627856489061455,-7.106113621284225,-4.517779445423803,0.4969116737493662,-2.420311335530587,-4.6756782126258365
8.421413429156157,3.0643607647479305,-4.286794120251863,-7.838828440845139,-3.681047609939938,-2.450169244985516,6.1400226135984095,2.6292831644333914,8.62005181776696,0.47795198273064843
-2.4884389553844897,-3.9101313482470355,8.069495696993808,-2.914807164596791,-4.784719427566055,2.083994302254605,-5.136075697607624,8.158944498646617,-8.883498626179534,9.463698482513454
-2.580690519116852,-5.555027777941181,7.457023226072664,-2.288079229402374,-4.286915898756307,1.9785042916136737,-5.985880257310192,5.961116706258015,-6.534660738851881,11.321128685437344
-11.492984807549416,10.842609238294973,5.421172851552378,-6.344495795804183,-6.005156144781984,-7.528467731548011,-5.408664919062389,-1.6288189500559076,-0.6401026742520494,-4.720603440765483
3.7135655432594494,-6.111293586091547,-9.036717172996344,8.1795248511697,8.580358251060984,5.614679303642461,-1.7565605751068172,-6.240275423489723,4.430938920178531,-2.157563301620799
11.278798538244418,5.5838843913180565,7.777004235463825,7.793539132784334,1.3913339708127397,7.728293427948612,-8.079296522154777,-6.392046965824842,-9.847663906106236,-3.738795777321971
-8.109973587820743,2.5090427963822726,6.100854217458505,2.187935098032278,5.558712721467085,-2.2354885181782906,1.2050108988806154,-2.186767740101937,-8.975041151485767,-8.332774259288064
-1.2434897821880495,8.148111279983821,5.609336036754838,2.4003640458124167,-7.525854500995073,-5.104798700666435,-10.03196458839249,8.242677089108705,3.022882552907154,3.490831346844264
2.819972292525131,-7.010451090837936,-8.769441714171865,8.466273216284126,9.102312888625697,5.200692224348155,-3.517240322658252,-6.971436970890565,2.8680475004221506,0.08431952019336952
10.377591788240416,4.5965435941998996,8.259799148108048,6.856828650874014,2.7592611222575183,9.662727908245778,-8.829924328143122,-6.444584074521372,-9.415944286827898,-5.040617378012889
-1.2730758674086822,-6.64028543358045,7.95506975761834,-1.0072076371798329,-3.2933369387932854,-1.248363705745747,-6.417347702704265,7.6899381730994785,-6.966238338668829,8.329649484783952
-3.2452347829066923,-4.051201942503037,6.745154568060307,-4.3785790898703985,-3.4135410182689183,-0.4085114300295991,-6.41023640353181,6.172415013325076,-8.963999591110326,8.632336207049462
-2.2224489049424205,-2.171909233438821,7.385530327326841,-2.8768344359211073,-2.0998721610754574,1.5129063966391763,-6.566270238184377,5.657591987920293,-8.459573640704937,9.32704573614613
7.821343423746367,5.082374392492404,7.88898693371286,8.277455842194579,2.1272391396480943,9.728989106096378,-8.284227808262104,-5.741854949512822,-9.653161703437718,-4.596458035963291
-0.640379782508897,9.433991736555587,4.91646034181915,1.9817257647650819,-8.450508648277182,-5.524536657565599,-9.449185396441075,7.82800617188172,0.4592659282929221,2.9819918914131285
1.42146612322844,-7.5599854500356,-3.5075256976494638,-3.0154809110043104,0.19982587881366598,4.705761445200918,-7.258446617306259,2.2110341739933665,1.1903332495753385,-10.381903752672205
-5.725410574104449,0.4030389991943074,-8.792726763502206,6.524380663565108,-4.029855569786348,3.7568560284587775,-2.141587150489716,0.09009520925186276,-0.053452742732848724,-6.985149884263792
-7.947129128038644,0.27293306324534555,-8.630248408372985,9.278171532492287,-4.300197794952484,1.2962954467507994,-4.823083065743094,0.24326638669702505,1.081485442633072,-5.4414925296132015
6.345803464054046,0.5101029089313349,-4.274543829171501,-8.803894214355118,-4.024535337299053,-3.9111055979917535,4.2672198172789795,2.2461590144936503,7.709651321767234,-0.6659278900521874
-8.71385387064215,-1.2557441970054393,-9.281995774978297,6.110812976697806,-5.269370570986789,1.5144036275282469,-2.3967171783693155,-0.3679707307941882,2.58703977320462,-5.18938953603112
-9.087488601795856,2.943777449343761,7.193923938676775,0.777658149740563,6.077004393455029,1.0007434618570188,1.2288701961504538,-1.2996067903375286,-9.528881544342626,-7.304565111286479
-7.656320968396467,4.94772470025516,4.278016141498364,0.6266626889546852,4.172433947488284,0.1615733088875878,0.7520217558491379,-0.36535352749389904,-9.703651399441652,-6.7755835540266975
4.531340474217369,-5.136939647770946,-9.07431697422109,5.308057457175068,2.9442101472652986,4.990663085526817,5.392438014977292,-8.98968967002712,-1.7743869211261774,-8.274899505533163
5.98032134223602,-6.62664399821329,-9.189604300508751,5.598338390430895,3.349195920349788,4.552584654739199,4.2084764267587715,-8.122740600650708,-1.9533869092447917,-7.129622169504968
-1.9807279218517704,-3.29112911658194,7.378524505785781,-4.184336685629637,-4.495640905311725,0.8399479809351746,-5.029974436809741,5.714148433835325,-9.491471029740765,10.17606416148699
-3.5075830622410415,9.316078028017788,5.405959114612791,3.2001029078250394,-6.979781267631223,-7.083783343452913,-9.716310343392571,6.4966425614588434,1.7958213429626488,4.528817062737087
-9.60055373582708,5.957272193396921,4.185432880137881,1.7744706646431891,4.950445990858164,-0.9689478516768392,0.21867602222079457,-1.8055337120441572,-9.678350977768208,-8.629123244324184
-6.581327033831313,-0.7026658748198558,-11.095104593966965,8.258807641000098,-3.634395794885318,4.841754498264314,-3.8730724216456602,0.44494808749799963,1.453736019381548,-6.567260308353224
-8.737186015703713,10.62205296178248,6.986808370153461,-6.345458631247292,-5.387787278188737,-6.331154295476728,-3.2292973222008268,-1.6586019411467041,-0.9141179101478333,-4.814003021184192
-9.160347487531316,11.121271760886136,8.288109332750189,-7.675989558496813,-5.786428472022848,-6.509933092995162,-3.7599997979438893,0.09684559910220869,-1.243510997270483,-4.024009799967143
-7.965830118372344,5.066792054211418,6.096783550965412,1.6322171425389462,5.77827870656058,-0.6862964947605127,0.7851845466521943,-2.734349277000527,-7.01307545308421,-6.4919050644691625
2.88466387701466,-6.716585492755396,-3.118379969853454,-2.471233528343664,-0.3999191350083435,5.859609966317125,-5.318973637240312,-1.2925408678598895,0.9547104092628389,-7.484092088566954
-8.927170689195766,0.4928400081695763,-9.366822843808345,7.808005535658195,-6.112511098067189,2.950290086856875,-4.180506359558107,0.719087124765813,1.1012235649825537,-5.510850787410116
10.74827142388345,6.141580933970852,7.59634974191874,8.109592630627361,2.5587270215098514,6.563250701765206,-8.273783428699625,-6.41592529555532,-9.750147295534985,-2.9946163329820403
7.923741442866614,-6.4853621526022245,-8.90177954666846,5.649700894461883,6.370387406820571,4.919208342238576,6.262338663246936,-9.11018447492413,-1.8542448240121714,-7.347729783679488
1.8342244659727858,-7.37945164407421,-3.5015526710071843,-0.8670942560099009,0.44640433928635814,4.7311842240440845,-7.949094928270212,2.6443030273723362,4.117282988900303,-8.882538149170763
-8.968592159940945,-0.19251688394467223,-10.50685718089182,8.18923124110874,-4.24612184872344,4.75327277232922,-5.307136133223259,1.3768333792273513,1.0653582922430647,-6.753578042314083
9.582754372572476,5.354001838590949,8.750765017359454,6.845823813358654,2.2511356824455913,9.718003337299331,-8.392941640711179,-6.262629458046569,-9.012453169736391,-2.3751885249753215
-9.609374345659777,1.1707203339642875,-8.815863334060666,8.548919052919816,-3.5592014800467124,1.9949776773872234,-5.5014093540668,0.785592340075306,1.2274769623090234,-8.034217699162213
2.1589488843348,-7.737486124679272,-2.6142189237565185,-3.9037416309314255,-0.8668639459373447,6.23095787972027,-7.617527124717974,-0.6352094021739211,1.7001128437426207,-9.95765678028442
5.066349986737758,-5.66331879392501,-9.404636711365715,6.509711211788127,3.9273816313160785,4.444143036629405,5.296437707304796,-10.302016862604077,-2.8919770507582276,-8.259872865291777
-6.661040021610621,8.403841977609012,5.727401792579514,-6.318610756719878,-6.120366000719499,-6.802113141716635,-3.3028229268067335,-0.4834597573438971,-2.7426913456212665,-5.973631935448269
2.955548191764719,-6.919209385366831,-3.4905644973130063,-1.9989942997899062,-1.806314607943649,5.896318020366541,-4.547363362644115,0.0773319995782279,1.977738019788294,-9.313508195126067
6.684814783785052,-5.325028214723919,-9.431015903686237,6.694804605207755,2.3321177485898765,3.5288590040250387,5.203270146970316,-8.391234469907285,-2.9551419519571405,-7.410342028286408
8.896369573307302,5.375065786593427,9.833974022614468,8.825337606869795,1.9032911049677281,9.702988189862634,-10.24249846828247,-4.203122201850583,-8.402954507484655,-3.390590099714783
-1.4674729589938988,9.597830431210209,4.510361589364661,2.553026969235864,-7.586519759138619,-6.024553934255234,-7.188846862312089,8.39413347547789,1.2926977650567661,4.522868873194012
-7.776764686937972,-1.0999338864176584,-7.638210150258395,8.40276457616693,-3.8526740582391588,2.9517802964999422,-4.905975675967898,-0.908033521877061,0.02621384468747212,-5.955385395462748
-8.290448292640791,0.7438803824521749,-9.617305116797887,9.403267750704645,-5.310734245242682,2.198019726836968,-4.56153355527319,-0.3433044788586974,0.09395382224692883,-6.875519165094565
-7.06550410854341,3.4338901841032707,6.069910693560392,-0.397219500595549,3.6328486357322918,-1.0092582345113073,-1.5282444576691427,-1.5617430326994979,-9.57240551618257,-8.247675151571151
-1.9024745639165674,8.831089509477934,5.174384484708652,2.8608251098145683,-7.200294816708462,-5.084898237363625,-8.608256997444608,7.821266004590098,2.688224486918637,4.583038166535364
-8.0491677682733,10.970595253510213,6.366727039074524,-4.5225148814500065,-7.3124534836266655,-7.238812677653384,-6.265610993433606,2.1679968345432874,-2.2250794762337636,-4.3019497757862215
-7.876142351710126,1.4711885620129073,-10.326707068711935,9.36705127323609,-4.702308271548577,4.4574722005073255,-2.183159434477729,0.48615805746931134,0.6191419772664273,-6.236732057624356
1.643365694502998,-5.755416954344102,-7.787154546723608,8.308932506285544,7.895650521810197,6.7493200216681455,-5.4810715661383265,-7.894541942034542,3.2374154254558305,0.021715085580948035
1.8350085941728,-6.464935905065335,-2.673848144439046,-5.278339889814699,-0.7675328424636478,3.9677852909126456,-3.564735771503035,-0.1834357655239579,2.594664619066222,-9.106308605194942
-8.060464310547877,-1.1172020079828948,-10.447348997106872,7.319677808241925,-4.6218018435235875,1.1108181235260801,-3.3266080537794545,1.0452734338523721,-0.863872773077287,-7.282091325767058
10.494603256992484,5.3678563550221075,8.190757036752935,7.764464857014083,3.0386207851758704,9.216224485821884,-7.791643803252755,-5.442456694190691,-8.915281866292291,-3.1912803274382875
6.655746582822676,3.3168796711648776,-3.9907666367136803,-7.904641635240807,-4.512817952287108,-3.119337534341515,5.344475242159031,0.1014631426667032,8.612721816855476,0.7483696428369362
9.46179151423357,5.744108892262579,9.53603677016931,6.369385975174894,3.2488854727128067,7.282194357403122,-7.4685214948152225,-6.000897652344316,-10.376610564587937,-2.9652479150307083
-10.30852213509074,8.2725420754393,6.607561454223775,-7.227720473482712,-5.416693089346117,-6.276906866897949,-3.4927201679078057,0.028940020698534352,-1.7283035613694335,-3.887853290871833
-9.431802735011692,4.92398884538483,5.833122542549323,2.040040110676598,7.92519165211951,-1.422609675699395,-1.033370076965792,-0.7433123182300196,-9.829106566303789,-8.827799713670851
9.744500555624304,5.637630755773155,7.3320677631144555,6.934047005619718,1.417087465211896,7.682488182335885,-6.977339013577958,-6.073328567769596,-9.874125569429122,-3.984163208737752
9.549071999648234,4.619621879994924,8.98081412909104,8.241044795056345,0.2956729932930151,8.210618273461703,-8.074579602161363,-5.992392656341948,-9.217655174905204,-4.714280904548724
-1.4861330200283147,-5.457630668157936,6.385449713469082,-1.195658368904949,-4.204121151933862,1.1406155175941184,-6.01424696153732,5.542695115796134,-8.542947748305837,10.554583628608926
10.22226356871258,7.27474921804754,9.752567045268007,7.176358996876931,1.907769891631766,9.977913652149795,-9.403849601739102,-5.29774762493187,-10.54353742993323,-1.8093557573033838
10.861283922724898,5.430094401966017,7.392489490922989,5.897925483299036,3.6263106957862172,8.915989174613195,-7.685893108919868,-4.590694909325514,-10.747189165515195,-3.8519945999665204
-9.297345383946508,8.89118838396983,6.134952189359592,-6.952169184428353,-4.578725616672893,-6.318459438312031,-4.140008196604097,-0.43366344880770147,1.574558275170093,-5.248745228262057
-2.6609827180883334,9.602603334682899,4.920870703963134,1.3504701641201382,-7.087749441508545,-7.373110527934779,-9.427692513580222,8.173125012519728,2.379315720829223,3.4685419606602546
1.5424599966376245,-6.182975387987475,-10.210061688746933,10.03306381253771,7.841428917212034,5.947112470292139,-3.663270166927037,-7.007718007890228,3.7912052066775113,-0.5619872515954228
-2.8321278663036225,-4.115670679761187,6.782013911661094,-3.53443702605504,-4.339008384168019,0.10157915995738032,-8.04725422890169,6.849740829230701,-8.062028319835429,10.508118367246894
10.334789592212767,6.095679944435371,9.744568671794118,7.048812778726746,1.4493846821330452,9.091081384408302,-7.558672287529523,-6.758963369153977,-8.483870296007497,-4.436925501380655
-8.192421642469657,-0.6213883185549954,-9.747638548313718,7.979384080889611,-6.7173714449214685,3.0690218259615407,-1.981864280028632,-0.49460954368048804,0.35071199339582915,-7.486528552685854
9.451158482666647,3.286535820270403,6.635595124943059,7.057195050260343,1.259789493884674,9.90321111345177,-8.270741795223508,-4.787935850705542,-9.475240816465917,-2.887308201854381
12.524018706099634,4.423805505893702,8.734955283365434,7.918995928258402,1.9556616784071281,6.6987729799318085,-7.733547549285669,-7.050692843009412,-7.659465097620169,-4.949358427169335
8.805776239213923,2.4473385209027807,11.253754529613714,7.325945870064659,1.3814086507358927,10.109096393122702,-9.438401409759125,-4.943736865083929,-9.682896665213262,-4.817188829331572
7.8696882572851985,6.512065291255792,9.180610051735053,7.800626332479097,1.8584113550137726,8.184753607105,-9.050819478405174,-6.286319030247142,-6.88739514428015,-2.1910866739499832
1.1244629273928812,-7.097209504637557,-8.869560805084479,9.385128779718642,9.952068703683738,7.060787516648518,-3.0918711064540707,-7.793630515659196,4.100583189300728,-2.2877038410302193
2.1520912975594424,-8.54224855223581,-4.96667383138521,-0.770849985463665,-1.400634605501037,7.622800528004732,-7.249886617512696,-0.7687802658010443,1.5070601562174286,-9.134741667279222
2.055324356831684,-8.151504273098428,-6.05168817976794,-2.8328018077055104,-0.5531152033346629,6.803103692187943,-8.25502089133246,-0.8404075587507964,1.2675502866843995,-9.074472594173248
5.772341083302709,-6.888429688603421,-9.764451205796798,8.268920069690832,3.0445080423100253,3.200019481085019,6.040315581060454,-8.743160133281279,-3.3626873046143997,-8.941798229699245
-2.8803549633049057,-3.133902830323116,6.8189587779256735,-2.149534848041501,-4.501854474103066,-1.033171861032872,-7.310151422334286,7.085636172601774,-9.694670917648493,10.484777658753982
2.040497133929723,-6.367139777323613,-8.538356838139242,8.959543863661212,12.250828728646958,5.501327684834499,-4.583436146691279,-7.352460973060564,3.0894915311679583,-1.4883564865568664
-5.508735270051082,3.5235848501502134,7.547818673948134,1.9652050423439538,5.865883568573734,0.5198106221289646,-0.3868284047137216,-3.098136318489881,-10.672081146952685,-6.75475498617509
5.2952234293110445,0.8171526581546473,-0.8791371677175279,-9.326773292291545,-2.6841955028050997,-4.794089846309875,4.770978290394199,3.099556645032912,10.5806668626279,-0.8735602355301969
-8.410057266535949,9.806332956018242,5.273218727222074,-6.226863244085668,-3.420452320589366,-5.607418742549596,-1.5458678399977486,1.8905627148439426,-1.1192975556019367,-3.8740101262580438
-2.6735328289381415,9.226379481272497,3.6465201366461506,0.9572908569507537,-8.268169744982481,-8.480380697779657,-10.05561044885649,7.482985422302832,1.1295127193722916,4.675066020152006
2.123233122140113,-6.777149858915528,-3.993182965702207,-3.415422299898544,-1.3846896068511692,4.570476880482811,-6.231204258462676,1.3597099827831423,1.8440284395969737,-8.211577490840591
8.151638440319621,1.8193708839483034,-5.933868612379436,-8.33196835869477,-5.349357309762692,-2.5611570127350967,4.549859652054038,2.4551181313676946,8.43481045584062,-2.2975454715614054
3.6733915269117206,-5.646638919676345,-10.537565642711131,5.433597407970909,5.4715654855240725,4.325138383130368,5.073861672385613,-8.175531080199308,-4.983203882160849,-6.327752869613737
-3.0250682163539655,-4.747986975004459,5.896383969846537,-3.3652863589529236,-5.6390134721116265,-0.11609891263534977,-6.2869299678360715,6.376015053884043,-9.012000178936093,8.709706867547212
0.07437888393306036,-6.289069658911238,-3.4515936432353906,-2.4168187570478192,-2.608822441804766,4.926745318673213,-7.173347126366872,-1.730319671234858,1.8453762258260553,-9.868813867042824
-1.5154847995996268,-4.47861335757038,8.235497201197285,-1.6063150370657124,-2.8334537374603745,1.5494221436122004,-7.058719649253665,5.644774744065996,-9.777910968870456,10.239784347476691
5.353570397876679,-6.960942734441968,-9.743721845072027,7.054698561485565,4.649496444006313,3.495452996031316,6.183044823236413,-8.579766047117383,-2.329481246730426,-8.484170310078706
5.178047882332538,3.7845046735428234,-3.480749495561492,-9.23311346745959,-3.312347095023005,-4.217452356355554,4.800335537044459,2.585750300072346,8.455264961748423,-0.7696477966126397
-2.1160895748505877,-2.629130901102626,5.4176583844562565,-3.5935173558830136,-4.7442409124784,0.1802750040543286,-8.640441955022299,3.3392350946558698,-10.335831592075817,10.836768664591837
5.8035155927406725,-7.316691281707092,-9.552035329360095,6.57369782622933,2.2014577714326586,3.492540539052195,6.469282508575664,-7.82169781692328,-3.6810794263094815,-8.717479794911856
-1.1167323229884214,8.764239613599369,4.928572465507958,2.2334915227119527,-7.013935932621818,-6.069301320116164,-8.044839036083797,5.574990942260523,3.326640477742328,2.4989595678852345
0.7319920375438851,-8.2180850218728,-2.1030114463719936,-2.213288075157157,-1.6251636679291916,6.12173430612647,-5.439193879846176,1.279103188362471,1.7211353477841194,-8.094494042827156
-1.0973712379234408,-5.11914019427146,6.920157171477731,-2.79129654411101,-4.4357719889827045,2.1280397557725435,-6.409997559517708,4.901036417918419,-8.784557909996249,11.481178552041179
-7.111667984586765,4.112338461483134,6.057792803426537,1.718573998938966,6.246658750286047,-0.03834419396560869,0.2134688198945535,-1.3139034503557878,-9.99199407366988,-6.862842815604973
-2.8451822510156566,-5.883205603867956,6.460927555549165,-3.7246941018233386,-5.182751654905631,-0.5628349766095735,-6.931852448573642,5.666946109257902,-7.973915551578714,10.194837525665134
0.7282635688143624,-4.13557885332878,-7.243469848215467,11.141687078368246,9.375087638154316,6.718520556030819,-4.3672000484852305,-7.16363291428557,2.4691173181920805,-3.740043314682752
8.004974628606218,2.4070112063191464,-1.6368681232892592,-7.7490838012303005,-4.585830830621199,-5.756681854544782,4.6989840649793,4.134647481926603,8.354905516521269,1.0182622246724413
9.585852150986168,4.585103548880356,9.202865474665131,8.734770964942912,2.085297459947636,7.923548799499281,-8.666219277007974,-5.85994704449113,-9.046656843408611,-2.5885712656153177
-3.1508644431831323,10.679638045821852,3.7837089955663514,2.0087357579737257,-6.22732103954104,-8.51144470369302,-8.358067255230086,6.268415240018253,2.845083015698178,3.1988005440019327
-8.514253006643902,-0.624542437877942,-10.05064428249851,8.423756161065173,-4.745965860802062,3.5296834413549916,-4.606591279771563,0.3305265160309611,-1.1214941870906237,-6.157904572128093
2.2537587617151402,-7.575255724754947,-5.261252485959556,-3.630690973621434,-1.869254393158519,5.41679753304021,-4.054595267315382,0.36262606483044224,3.0311918666283737,-8.564015399771904
2.135031119575253,-7.477318906591823,-8.787228370429451,8.773951231572246,8.054344276240283,5.950331539611554,-4.711527796629673,-7.46056595089354,4.99094100597134,-2.4238658015032137
2.1727474443283437,-8.422863401833968,-3.508560281662639,-2.6305000691611866,-0.7132155466354175,4.99677604621792,-4.2651407015461,3.127282496282692,1.569706653484135,-8.717952497185044
-6.334253895048539,-1.0871753191626907,-10.461428512383694,8.704381417865807,-6.165610179866709,2.9600738430637072,-2.9945865728820413,1.8147333482414232,0.6799899365775275,-6.95285518479715
-7.679953980136329,3.4150483344570093,4.68121061794916,0.49904310115491646,5.883643905513112,-0.11721854860137372,-0.6876270814853576,-0.49413288380418063,-10.8589100949611,-9.55508013453233
9.046197217706982,3.83671992993665,-2.8463940341241836,-10.266822825552293,-4.408242423954289,-4.392622852932618,3.8209971364389266,4.3279349629674115,7.591611060495653,-1.2135653151096304
-0.324102728016638,8.327570785195027,6.263763829039254,2.3563378736996325,-6.380531375013521,-8.572380424919276,-9.008713522024207,6.510699325162138,2.850359049757485,5.232532056323714
-10.516530081431968,10.641625321342811,7.004191011598572,-7.562485501022735,-5.728171460641781,-6.449577105124177,-4.370622197058986,0.7400857258167612,-0.886466141590893,-3.4678253740645415
-10.639530143866454,6.866427726989072,6.4217468082275095,-5.8949753404620155,-6.227937239443278,-5.603391159416788,-3.277549328578037,0.7538984378886788,-0.16556823907097584,-5.694386976852476
-6.758389424389184,3.5172869649068232,6.450324061939649,0.13237771964408207,6.058948502012946,0.42797848619773127,0.71213467496152,-0.464540973782013,-10.234158833622306,-8.308298162994511
9.046622244056056,3.093397786869745,-1.0016003424768565,-8.568030251252148,-3.553716372452614,-2.0515040486088747,4.443495403290155,2.9983454450190123,5.322956114486736,1.1820023264286106
5.9596187071535995,-7.3964314531833635,-10.012591048877178,6.281552975757712,1.9279272577487627,4.768420488765462,4.2478608715856065,-7.812438418427189,-3.977626674894347,-7.4634589889763765
6.6404805838578485,3.65004890567514,-2.018535483249475,-7.798009934521938,-3.1677928819126553,-2.104361902619856,4.9340947218877265,2.7306182112950577,8.469776317525355,-0.07812182535944495
-1.8372695322860146,-4.201157448591947,5.604562546478586,-1.173583864625493,-3.4250606560517456,1.32897839441537,-8.514491736020377,5.065571739425361,-7.8515304997154205,7.734054620313529
4.124659970010514,-6.903810947509734,-9.652565896796489,6.156431115074186,5.10479133465735,3.2414501233403255,5.358460926085716,-8.706118707836852,-3.9029293997803673,-6.803958688864493
-1.4437061349805056,-4.67439667587184,7.832916995522499,-1.9990844306107283,-4.44306872994874,0.8970656828054314,-9.023275205687971,7.254166339992958,-8.838504475074895,9.337781992733998
6.11640245899085,-5.828377991629566,-8.613268083783836,7.7951161179288615,3.3766839897868497,5.4637887006072985,5.933526482185969,-6.014438820234721,-3.6285204481286644,-7.7993543405292245
-6.1085253789700005,0.6693187417056784,-8.653538763790014,6.577481492130039,-5.1095588981549405,2.1860732766454407,-3.9487813578356845,-0.2919157003669406,0.5566006338076543,-5.241748157115608
5.731391676742087,-6.015671029279761,-9.038924263510557,4.811402539434816,3.1313282161549303,5.262184703515743,3.7231828726239,-7.707339124284916,-2.380867272882634,-6.940699069792045
1.444053691714166,-7.407596513560147,-7.881482359638218,7.359800099276612,7.241396594047615,5.806354662259875,-5.355431384610942,-9.45623701453197,4.25809432193112,-0.32097628729539396
7.5370490396985215,2.265000286086558,-3.815699196503154,-7.950610677342107,-3.1774800862530523,-3.5287592512073216,5.787226991527858,2.8337984193483625,7.583082207455868,-0.6242929862159207
-6.614735449480263,0.3319928837857311,-8.810513253461435,7.176078253979108,-5.374753955819483,4.093829140070372,-2.342147296393267,-1.539069801952144,0.3663424396141781,-6.279290287074809
1.1371032970590433,-7.313022635316178,-9.000187284347593,8.638783113717523,9.454199928386982,6.871103278748839,-4.2754601998085535,-7.650860213264317,3.699476540173643,-0.26145572932952776
-1.5770060587923656,8.777730840979375,5.775498983411046,0.8668761715290978,-7.704141352678944,-7.488699316515647,-9.367305464700026,6.26696527273845,3.2453833019595004,3.902597155551077
8.670927115107352,4.284669561113471,-4.573563643720939,-8.845421131910019,-3.884320078894932,-4.209342473535956,4.6907720353801965,2.671079760646493,8.358057747243631,0.8009124327858448
-7.128438129054571,10.179694282700519,5.7845675540679,-4.617597200943001,-6.680180201792237,-4.957424821503764,-3.108478738644883,-2.448012932826976,-2.3651792601127126,-3.2310319732037716
2.8449296489967058,-8.695523727637303,-7.504819992281283,10.505018969261265,8.830516377169717,6.404593875002071,-4.798556296663369,-9.994936226604473,2.945945264700751,-1.7370891646715834
-0.8392931187013439,9.408957658021302,3.443995774192917,2.4177723521608727,-5.682995704505619,-7.489892497595329,-8.972344923308928,7.3382111102279,1.2374019217819356,4.809731989764768
-1.9020407353618234,-4.90527041432897,6.578053539926857,-2.0581088507747496,-4.899335985771237,-0.4782395200729168,-8.70777979018316,7.482378651467658,-7.577840425829015,10.393538399198086
-10.446043290688971,9.013405019635815,7.2045949940513285,-3.6991253449985018,-5.758096151095241,-5.859270039941312,-3.384353557136516,-0.5780616414222921,-1.2455028884777772,-4.205183684375563
-3.341553196156979,9.485701684584726,4.08765579194713,2.6061015016962426,-6.6767041702999705,-8.39585370827318,-7.290822555305949,9.119400588594225,1.4095115443797894,3.7737499959849248
4.4682508036436275,-7.675627212579795,-7.413467643809996,9.032366865979364,8.709682852609768,4.847305302799414,-3.7680426512473546,-6.593160614057645,3.2954493850463735,-1.2779115499447466
-9.124058875960948,10.0073325622934,7.221298122163537,-5.356171116552077,-5.431834688989893,-5.936536121745657,-4.227832310462522,-0.3008602773639968,-1.6100732824383603,-3.8612876995884955
7.482363912784122,1.9419795747009014,-3.3716530976749026,-7.77158428205165,-3.517775705789314,-3.499704142025402,5.748266692972907,3.2660672970546862,6.541352422576584,0.07571116522098131
2.9397612538808913,-5.480740865946937,-7.457833820279608,6.849120536239735,9.763052621420654,5.638338762759663,-4.655148862523022,-7.486143087663616,1.9543650503473857,-2.948058731080293
-1.1658544316550479,-3.2806247259876073,7.33405475437551,-3.236919225221884,-4.321963011568975,2.422758111299733,-5.90034928289357,8.037808705589521,-9.289505979717758,8.867526448023213
6.805697726719833,1.7343610573743728,-4.6648342573337604,-7.803067568083385,-3.049604856427607,-3.7746252499325537,2.56785815355444,3.223233380145801,6.839477771651648,-0.41181912326569914
8.43398490003918,1.177441343165834,-3.325799741035562,-9.692891634750126,-3.12434771151054,-5.722474838574173,5.3961392294971455,3.5138096142705364,6.821242418391121,-0.4893617876915761
2.447192403532434,-6.494779050421263,-8.310693885367977,11.957565261803813,8.180916472891528,5.322908450612946,-5.288295633979583,-8.279156958307809,3.9301789735704977,-1.6622726435490505
-0.18986808307105596,9.407603967592694,4.831927952718133,1.6640532197382307,-6.746086286368988,-7.03257942965649,-8.13021907994742,8.280225232293287,1.2363107743562263,2.830218602363131
6.758361680315143,2.256452921492252,-3.784488819191644,-10.040656900064405,-3.953014946545012,-2.659950509040148,3.29359978292102,2.9302813154811105,7.892705459127977,-0.8570172588623377
-9.912218967299873,9.61007622206877,7.659232129291699,-6.198975246231326,-7.245461420125162,-7.774624588934036,-3.4350915229051417,1.8783231479741005,-0.09476935920139651,-3.465484447891924
9.37161152641216,5.565025947426946,8.154421533916729,9.509627792029761,2.688602355334127,9.333763258835614,-8.333452742601018,-5.569107019355953,-9.991158822387803,-2.8271348444844064
-0.12140624775987519,-5.931249022258788,-4.101710117512303,-2.2377147624857217,-1.7070035374075316,4.948394829411755,-5.517678467019818,2.669286568603702,2.8516046900557512,-7.805468824181505
-8.036930634521756,5.658030968936197,4.238869430670467,0.8641126818570587,6.606495916522716,0.21820280027295413,-0.7648013095052772,-1.2258274085762149,-9.64436754747276,-7.78975657731308
10.40751870002552,6.510612369024299,6.811038657486957,7.195647387344908,2.3938101330682255,8.961687961679402,-8.23487372241433,-6.0625173726838115,-10.034042094872424,-5.8932420981904
-7.688880650113018,4.703792673983688,5.578680181353296,0.9350617674524024,6.051610941514289,1.5626533206378244,0.33524538618884187,-1.3543838590679644,-10.103347443431687,-8.234130000901207
-2.958726515828961,-5.694101422455468,5.5899970780799935,-2.073958794005744,-3.713916651581573,-0.103228937535365,-5.0488714741611105,4.9675756484936295,-7.509523041703858,11.257404171215557
9.53172037751706,6.029776058780145,8.213789124177586,6.55599271401231,0.9926751064743539,9.49311845730216,-8.896761271169181,-6.522423737420858,-9.407867785620352,-4.112669554021503
6.042038281993753,4.193165632222609,-5.20135385899153,-9.149656985550138,-4.041080954911133,-4.482173276729876,4.693547610763966,2.708871403769678,7.907300499281154,-0.05321019446791009
10.67672138263883,3.8624408785965114,7.8785446926959,8.719558365477248,1.1472612482002256,8.162471228207286,-8.30789061179291,-7.357748140247013,-9.45627140392288,-2.5788901673828803
-1.7977870435872552,12.127196329242162,5.447915025630173,1.1251040859102233,-7.303386873173974,-7.333523701659801,-10.633970929266026,6.993432723797266,2.7551293166859208,2.8872194368441138
1.9619157935161422,-6.4288246587892655,-8.705646713347083,9.713277643369238,9.799727220606782,4.659777752957043,-5.265547823598029,-8.416274404631615,5.513285792684963,-2.0485419577095754
-3.373609583689192,-5.396719139722002,6.525530432850374,-4.110987241298636,-4.290556759089917,0.7247233533746288,-9.72403453281531,4.6377644288135,-11.394737370088738,9.393835670966036
9.385265743112223,5.994008361385838,9.446574611882053,7.561155955537286,2.184229123837219,10.03143729296778,-8.26259118784094,-5.1382414351975205,-11.086701201819862,-2.3696327544154983
-3.3188011429743964,9.43834717266241,4.1660394891571855,1.958717413062453,-6.333342943147571,-6.873687323465009,-9.27471364716258,7.2139131115728725,1.9339372756588404,3.791440526038781
-4.25262345260645,-4.762883056685564,8.542405805387089,-2.9905996169639577,-5.379680749890377,-0.9315806061402709,-8.937162112948636,6.579519582936797,-8.94285974872933,9.386744590410908
-5.118934768817925,5.653942591820107,6.5490255072133365,2.0397113310097836,5.209512047497347,-2.0231484552413015,-0.5703493219980325,-2.1259191073053225,-8.283880345595845,-7.586039516852393
11.023683562403802,4.8122354318588325,5.84835035952002,7.309490070071968,0.36758503946088084,8.496969640459497,-8.278503614198614,-6.024457113925041,-9.136180300534424,-3.866103689354462
1.3958630421182678,-4.692913457680241,-8.743566812289632,8.271725579567756,10.481409578502307,6.223177398810333,-4.2560330115765925,-7.854188792834811,3.0265517208603714,-2.2144411880960515
8.557975276762441,5.385786463268954,7.975060488148803,7.653303885260542,1.2394525410718094,9.49261251683216,-8.148512921242062,-7.083315408580315,-8.254657697956546,-4.451660000764826
2.0642028844433886,-6.547846104114814,-9.88040940187172,8.911688759120638,10.881174600200513,5.748813168740317,-5.144979599407215,-8.197973787858748,2.970047718118841,-2.5352919505299125
-3.272483727231332,9.052223963645924,5.323207829039171,1.7638558643613704,-5.8066491433852585,-4.516237098656585,-9.624313789270992,5.942478312344928,2.3261188304690514,4.883014061047052
-8.949766796816352,11.095820822949227,6.980934277425246,-5.107088110410305,-6.684284517709987,-7.693953173786081,-4.599004041308822,0.485969594110102,-1.3003142546563824,-2.249131341183768
3.793914829277915,-6.751035534228628,-8.895085644253008,6.4666800959344135,3.6886967859825797,4.046068161472543,5.007414700085745,-8.358218010827393,-4.0313282865104085,-6.558201341350742
10.409824039475888,5.6311155829621065,9.466026209453265,5.2385837480997335,2.2026716105686406,7.9257105119660975,-9.623909494878474,-6.143025094565521,-8.003640688134784,-1.2271650983149942
8.62672134607873,5.744126264357446,9.194780195223569,8.430725863506526,2.727291336937715,8.60378952871451,-7.716713772613607,-6.991816401740818,-8.931450728149683,-3.969734650415227
-2.073023819695708,-1.2377511747139383,6.294189390718238,-4.134396703097232,-5.3838648468331005,0.579182173805743,-5.662740495013097,5.857595752934115,-6.9429350280384465,10.17216384738847
-8.858505242906292,4.426939112743596,5.458529906306276,2.36550422227492,6.158585126213908,1.0817722868720139,-0.5485488038300932,-2.4452000212430574,-9.16351779428551,-6.709319474294285
-4.006455268231395,10.295225704865048,3.9744565380986407,2.6950731693788734,-8.149625788545146,-6.211269462729728,-8.166383148821513,7.7077249875046,1.0278717130643833,4.4109997455189855
5.962761696789628,1.6852115696511796,-2.8509796879994465,-8.567378329372927,-4.500003646061494,-2.8482878496537913,4.894854853938546,3.2567066998033845,8.133993331776512,-1.2371044966115132
-7.82348551148946,4.359680214926519,5.877548442510543,-0.3099929351419195,3.4039657531202887,1.1304622479103261,-0.5354181711568119,0.6734799191405685,-10.355190068004756,-8.027129210482828
4.911878491719319,-6.041946291666829,-11.663587684268341,7.133029172361133,3.9733223376919176,6.095374535784771,5.817397218843459,-8.287673194988624,-2.429737291006478,-8.658129395797925
7.18649281318563,2.4686389418094707,-3.2524496099200295,-6.8150491141786596,-4.249335241277499,-3.9138275241033664,6.038861156909144,3.1958402723990296,8.51181056159243,-1.585952008342623
-2.9968038471252436,8.5817279403787,5.034330978606398,1.552185203120469,-6.589852334254857,-4.804708794630508,-7.967203053204318,6.997499383330862,3.2235141570281205,3.7533761828993573
-6.221710982857621,3.473833526326164,4.771047133285928,2.212893923323767,6.652175349397873,-0.768882705541086,-1.1666712562194563,-0.194303221241672,-8.90775988833579,-7.44154173426104
-6.7970157832604094,3.0612986683835692,3.996083288934101,2.3589796735639785,6.2456177389589875,-0.3825508345278325,1.3076968560889588,-2.6521760050827967,-10.736085572915561,-9.459632612648635
-3.652923830373412,9.122845833974845,4.60664884558364,1.7650528266681924,-7.008164702590201,-8.761958638773585,-9.387052664376972,7.416367816639818,2.182156626861576,3.1337764149949505
-2.806573702295857,8.767902725683774,5.626255342134039,1.2611964566818092,-8.42243040939417,-7.0407407128014405,-9.322501707884747,6.357276595745449,1.846921778965485,4.652957203167692
9.88235223601656,3.6679681167700453,7.675335361930638,7.098772130524602,1.5034331536799401,7.557789020992181,-7.897342833710863,-5.99889551715426,-7.702589532037862,-1.0196342276221504
-2.5664453170054204,-5.447174059079704,6.725785914008763,-2.5756565554871864,-3.0795009287976516,2.9315393466797675,-5.704493096514532,4.277410691660836,-8.969405267214377,10.073555851964713
-2.120821893822582,8.919461896917449,4.125096161313359,2.2166998881270765,-6.940030920348178,-5.752329342642048,-8.752216888377033,6.576599630428536,3.0124664738234648,3.9443204809747066
8.548102532395605,5.027893225407414,10.04463487621047,9.692694386869732,0.6933135411314142,7.433773930737758,-8.37393671538378,-8.25143678105961,-9.076409061579817,-2.3076498707047284
-7.1417279516138805,3.896125245575275,3.8018961271243095,1.7334943303731125,7.295450774486531,0.5377809461904062,1.6123755047692407,-0.5161628933894808,-9.884696329725537,-7.751683463603083
9.525115189800461,4.302292261579697,9.45019663641961,7.403236625597067,1.5102083671477282,7.946935855057164,-7.791116124266307,-7.615719025192785,-9.306299564515047,-2.513114393625335
2.528341560137846,-6.414888537701981,-6.208159437149492,-2.3626943102510154,-0.6600314267855648,7.372327309160978,-7.5351123390964725,1.8418754006489906,1.9237005061655157,-8.58200221494
-1.734042129017967,9.56732621405068,4.873903290581249,1.7246410658662827,-5.6790955326773975,-6.7397497234279,-10.805397460223162,6.2063364537917005,1.8364544826714284,4.471450539086464
-1.2596927223465915,7.681508730718672,4.290439509011145,1.2006009351844913,-6.5004740724251455,-5.649887417625159,-9.435302043357083,4.933218548029265,1.6100794898397055,5.074925287938315
3.5837308958487357,-6.8370003898681535,-5.635780625605934,-4.902439774856147,-1.598072699997218,5.078411807166621,-5.063365155832639,0.27581783598265913,2.9819798753393587,-10.39582480130268
-2.1595475757530567,7.449483356836266,4.735223035669409,1.709721467858483,-6.200484415713075,-7.182155092765811,-9.167775542983101,8.055393619786999,2.357358263948293,4.477607513103687
0.15180922513095862,-5.030891009291356,-8.930517634239704,11.144594779882977,10.115590588010683,6.616045175680246,-4.493952310813586,-9.092907755559741,4.207632104140083,-1.2684641344809553
-6.952913769738108,-1.5284814289954751,-9.926645057956843,8.017273080903678,-5.698183255107986,2.873384869897596,-5.13271763679389,0.40708170465533866,1.1716175358765328,-7.307020296695578
-7.481450961127309,1.0058147288107537,-7.5187646528184535,7.945107019874332,-4.179445383972265,2.612877761756765,-4.798592887719979,0.20590076616978784,-0.42839469288387,-7.240518669136769
3.071293199283251,-5.52166084895977,-9.84575123892096,7.446783112554019,8.585751278286475,7.213154544361472,-2.6928405863495524,-8.971269600273493,3.9919698839794755,0.6374812079321146
-8.53991022627041,9.317129937804468,8.393436686083684,-4.893384224967019,-5.7952272787052035,-5.245529091725485,-3.5817852895483675,-1.9976818667505962,-1.8602385786280509,-2.978249168791308
6.04231635836892,2.293957385049962,-4.036754469353897,-8.729632103714486,-4.290016130108489,-3.532313548205137,5.19463912705048,1.793090631065172,8.02559340356396,-1.407954101405792
-7.996957155070328,-0.8143837487231778,-9.728384374808583,6.176478777107069,-4.108921936216628,3.1275596451027274,-4.038103088206542,0.132691807147175,0.9482853853301773,-5.649473518817392
8.997645269894026,5.760652264013937,9.83427062923373,9.499511355474642,1.739461322219487,10.262373852385572,-7.353443124200363,-7.3123512055902715,-10.356662477402914,-4.070681235337383
-9.397505037501812,0.013120452663762161,-9.015228283430904,9.266763842849286,-3.0047637963880933,4.15817120678834,-3.3252986808245635,1.0775486951345625,0.7661987804160255,-7.765788726296888
2.336774921651033,-5.953337037570134,-8.441386391083974,7.676975674679331,10.759645279076247,7.439865265751587,-5.165921906559513,-7.713852425498139,3.089236145000122,-1.0580861360074247
7.256450105185478,-6.199198213511668,-10.289078747706201,6.095984754564981,3.506937090815521,4.47313286774117,5.460335337323883,-8.504103433176004,-4.093283227791002,-6.790187829449212
-2.1557119844193404,-7.912376027125667,5.757340571432206,-4.38603136836549,-3.754236299188275,0.9489549950950025,-8.253501886889856,6.348302173548457,-9.93247949261093,8.693975633742761
2.7366168026967927,-6.325680349577425,-3.868956987755382,-2.313915061447247,0.31020592553387605,5.038473309857161,-6.862266936784313,-0.9012328309146234,2.031205940861106,-10.924723986819169
7.22924071735444,1.56605870146571,-3.460978629950013,-9.39632082552046,-4.38242567352432,-1.841556319664651,5.214851457517627,3.3278869093371775,8.816898393947657,0.0618089960043805
-2.223332232327845,9.348742918185346,5.2984231089009315,3.9833742227070816,-7.05657441864532,-7.6784068378144,-10.217646984650537,6.592592875556784,1.9891732619903786,5.956009419438697
-8.999245839424454,0.28023305090178974,-7.861253254745647,7.790948944871113,-5.380120830149026,3.947926777890827,-4.451725732116527,0.6758433311846375,0.9760070369511056,-6.7123789480675145
6.460193987755323,-5.652296302209065,-9.277865610030029,4.8320323589954635,5.604091983696808,4.4807855395544465,6.450452583145015,-7.769264741793496,-1.8209706615706756,-8.73038175975636
7.077499642883993,2.659520440540515,-2.586298494147423,-8.562156299223503,-2.999500557900104,-4.664310190158788,4.9708178040982,2.9446008098369005,8.946239794201526,-0.5253286408876933
-7.8956708807164295,1.5032424032735066,-10.062005452727442,10.300951503876945,-3.6522740584102795,3.6519438376258493,-3.20493519223536,-0.5158462727788092,0.6689768346408909,-4.861511779167699
-6.979398599409142,2.0709742516047442,5.341678157095727,2.3123787560504336,6.666193667055437,1.0210143922843777,0.7580681594615715,-1.035244401016026,-10.164338696962767,-6.997153117239026
-3.7896269755490333,10.769080310182686,2.5579494283443793,3.66962605223077,-6.668609723948651,-6.976822705146339,-9.38324684344496,7.7226590298507745,1.9846655324393272,5.26475343793743
1.4520308575867729,-7.51291799877925,-8.864929871767334,8.606959761259018,9.491572390429347,6.098480910716646,-2.5479853614955683,-7.6220091201526525,4.142332141436723,-0.03179300131345131
7.370180492072035,3.511454759121934,-3.48573189661569,-7.927741155119296,-4.093706321505614,-1.5290115979698704,4.155281968121393,2.066150302771961,7.643762732082593,-1.2837204022715865
-2.620706450195694,8.20931964734576,4.25217891981954,1.5595540183110892,-7.357272773755275,-8.135244965249342,-8.965982438154201,6.762915278651393,-0.9071484551380924,6.214423580422572
-7.252723096634629,-0.9909059979617767,-8.825519047370133,6.869309844820664,-5.652131757696245,3.0075314559923627,-2.0239600632520665,1.1861857921047099,2.0113980911333824,-4.885833856146315
-6.06804784149114,2.4587315360809208,5.715705057660812,1.5667556679322778,4.2960230245199815,-0.7919311311730977,0.09781555764967831,-1.2325073470652095,-9.139946195898021,-7.87310100431355
-1.2999537208988574,-5.127553966851713,6.1618557398784555,-1.1497416552068966,-4.168001646383384,1.3016230110300713,-7.23007561532431,6.80758219896313,-6.890976553449706,7.262673448937306
3.028161735787552,-4.80336851968862,-9.59603082488265,5.86103385027932,3.2468554893721406,6.179234569851002,4.361187233046058,-8.887754423620844,-2.2609403270574844,-6.231852169474031
4.570487358488777,-4.69957074166442,-9.541768220783714,5.06119822136163,3.223278684764431,3.316398178756198,3.3733779731023263,-8.130584780369063,-4.068560800947094,-8.438564090328157
-2.035959998479205,8.94145721554145,3.7930851181596963,0.45832245925486736,-7.326142143218291,-6.023710798952474,-8.624234012505806,6.077784136786715,2.1954811607153575,4.546768935649745
5.285706294795219,-5.533225438645086,-9.801907432812094,7.102247245328201,5.404219880398369,4.478377399825983,3.4161903946019105,-6.484918039527581,-3.483179862185799,-7.487457106398726
4.8340714303288586,-4.092890513983555,-11.500175510419787,7.471299313425456,4.326641413735859,5.197252592184096,6.219952951302654,-7.96347836185495,-3.6417071896735185,-7.968888498986187
5.790432148753416,1.8664729075197326,-3.5457165607975747,-8.533914940724364,-2.3347561770723515,-3.422919360250063,4.911777591606037,3.101263219419613,7.416717184184013,-0.747908422636658
6.996675305231584,-6.942328388738458,-9.173192093062777,5.787187992751361,5.480863070899859,5.116358482312029,3.8697129027114414,-8.650304004996137,-4.77879963149096,-8.845900521765673
-10.627530278074717,10.216178587693747,7.045219772475787,-5.5834700184638155,-7.209998458726895,-5.72396223592557,-4.670654023943195,0.3931419780510793,0.0858445192292947,-4.836251431849307
-6.326856103087133,-1.558847529641987,-8.825876371870935,7.180668802758613,-5.644848834771746,3.789557752331671,-4.441658914319689,-0.11442364396368376,0.12204722331402429,-4.5178810978760175
4.701942525310541,-5.033129477402721,-11.832712853294144,6.643174542322596,4.384037399466327,2.897847729290505,4.628511789697482,-9.31789182100456,-2.7779939580088064,-6.216283026759697
-6.66408587649892,4.820106532226494,6.126665894161391,1.9420007005302278,6.779614210511436,0.7048460826213889,2.2022521273819393,-1.9903651167367156,-8.656833313551656,-9.222888239739149
2.379746246124674,-5.237560220855712,-9.535306639959037,9.806934330703779,9.833201457335058,6.1284304200976605,-4.901158215665703,-8.770997479975598,3.974111603093796,-2.6202869200893595
7.436239611801036,1.5888302670847814,-1.3992048680324394,-8.70430084868331,-2.8993117465852842,-3.505187968254152,5.589391656418973,0.6504994076444741,7.039509350584842,-1.0774974192886366
-5.861864368502029,3.6502109887426815,5.891110455008769,0.6420447893602466,4.446152092126308,-0.20563718493378202,3.139083370135617,-0.6675539056491346,-9.02956483021875,-8.366723476419061
-7.160367178973281,-0.1581830084560196,-9.48515616069704,7.95508571388382,-6.000380171766771,2.562921855174673,-4.18237252386394,0.5148547697819585,0.3773908292085265,-7.172040131987389
4.284058212582149,-5.007611220790945,-10.360996531434509,5.923130784281403,2.9616878856894746,3.8276504342527757,6.072189019280061,-7.747979396561423,-2.594827348037942,-8.183431674257259
-11.653612889124561,11.519828350570089,6.36570093112856,-7.77825770011065,-6.205406757281201,-6.298466334958173,-3.9970495203817387,1.4863197455714237,-0.6136546557306293,-3.877541005015316
-10.031739532318987,9.127926675565277,8.261721186715564,-4.80659947810404,-5.428845948521364,-5.961984189926933,-5.03248214974048,0.453637528067378,-0.39061116754430525,-5.433681825406449
9.995980946649954,4.944042694091163,10.568056708035424,7.959993737218312,3.2183780943617446,7.676157352001206,-9.478678641285878,-6.314602208818208,-8.832770763842403,-4.004125066751126
-2.6839448107056807,-5.456181774546561,7.712547654620669,-2.9845251835060735,-4.909237852685309,-0.22847744753700638,-9.053510385647895,5.821892601349674,-9.887205829924556,10.449775191371298
-2.5651180715749633,9.35224365643044,5.531182523097857,1.9773995429348836,-6.2607408931281165,-5.2417498610050055,-8.457018144371226,7.635175771503482,0.5033894097741078,1.5307214190918454
6.051387494064513,-6.979384802554987,-10.154473574209371,5.406833084456437,5.381194269071125,4.148785223947815,4.703568736456513,-8.570432459167336,-3.0382347590814556,-6.9941254156314026
-8.428470147695606,8.892230844252031,5.62298471003896,-5.6908864368153536,-6.256330740598392,-7.410422544295921,-4.090449670713259,0.8944462343638881,-1.000706232139605,-3.671129342654889
2.514479005684933,-7.983096221125784,-3.060031722883009,-4.1181629709069245,-1.2350772842888247,6.065543778848738,-5.952184062690931,1.047647024986204,0.32986939123156067,-7.419077408732667
1.388691358024499,-7.793465719837651,-4.0541417868310266,-3.299263350169493,-1.9860617242869711,6.904936259647298,-6.551394427656318,0.42288151606355295,2.1444249671264544,-9.659144870920613
-3.5628800421991045,7.946483206619129,5.590186428201677,3.6837830565226573,-6.9840764096887415,-7.048931316465957,-8.768275593522828,8.485401218106894,1.0949471006736016,4.399820538655694
4.278815112786023,-7.334390311530444,-9.878485596934922,9.110019765755201,11.520988925831059,4.256981026737016,-4.048740335022279,-7.570292702615766,3.718310488778669,-0.8150284552049636
1.6668774148324879,-5.784730082726771,-9.02702459097117,9.088179500952801,10.82803741075478,6.932239543749654,-5.149023889273543,-8.619032743683913,4.9408818746844965,-1.0550720825794777
9.082116281711421,5.44191581033519,7.60752088403845,9.32982918127317,2.8147427520655746,9.868190698102966,-7.083170658180656,-5.488025449489634,-10.237736730515682,-1.650006220662854
-3.0980644497914462,8.177023697148622,4.032003575552284,1.4340469807917535,-7.427895986076347,-6.04677568149564,-9.94319054969853,7.54406434251257,3.240259387169734,3.6482551914075128
7.7925447735213,-5.482262760028928,-10.303413844387896,5.959862609213562,6.046332266383994,4.8871233806559,4.659490913098954,-8.581332028691275,-2.615544966252999,-7.213405107898064
-3.4916850165910596,8.789652978201296,5.1899309352526535,1.0048252290770967,-6.77425168500531,-8.214135088194151,-9.439695400587224,7.64330484964124,0.42930650133250636,4.6019262938813075
-7.868295561681393,-0.014565122573805128,-7.281275960346483,6.8914340674795564,-4.764738474302684,1.4361375656900233,-4.192541307050348,0.712755780968235,1.446788739554151,-5.713887809847537
-7.591947336746977,3.4333163360675,3.7655518797391085,2.7061376280822103,4.56198148755707,-0.06172610844224626,-0.5200935822111206,0.5166802599497307,-9.393444439487055,-9.188550578763858
6.34934546506194,3.1618146961044005,-2.4533088160999412,-9.338541419866338,-3.134160604934538,-2.9334016245288184,4.281476297315589,2.90500028750896,9.825138899550023,-0.8372695248132402
0.8052691197006197,-5.637965448175084,-9.290611780557931,8.97047343161713,8.990399507655466,4.855338695176531,-3.9847182806709247,-6.78164182490002,4.687797533548703,-0.9651573625820482
10.271184066576883,4.733342366367687,8.925805665857604,6.994366045184799,0.7186953949480437,8.959687245133743,-7.824859413827209,-4.935693307398031,-9.129836152085103,-1.273041590608221
2.6140355180038064,-6.945818843986232,-8.124275146586811,8.306796367381896,10.728551301983863,7.169011804899984,-3.6108975079867065,-8.259846133258268,4.537069408041335,-0.804402309970567
-1.638450978464347,9.963099224669941,4.770568860692483,1.8316439305737837,-7.355422635156171,-7.706221584990489,-9.525341856335508,5.97296695115572,1.9464287841791523,2.476783978694522
5.654117519724942,-7.639964950178862,-10.84274199609119,5.166529682793077,5.0170036148997665,6.886307363400381,4.54458735374664,-8.75434920228563,-3.5241146717300285,-7.461393568689462
8.285993437370964,1.8601232505748744,-3.6112212038919047,-6.9353574586389355,-4.1180613243847715,-2.281005427657182,4.979601684686716,2.198058387717735,8.085662164952922,-1.2721228461051228
-7.289240270879261,4.6045078080832695,6.141979699254337,0.7446481792213726,6.613091725681475,-1.640393090268059,-0.1597638741835854,-2.250407381985281,-11.372215273842771,-8.370856512276168
-6.169460007783638,-0.2547081702162121,-9.80834355747901,8.270429802508735,-4.908837154355193,2.597709401516128,-4.319401792337423,0.034987576289752076,-0.23579809957426967,-5.624947599890124
-6.979258726147164,1.3875987554461011,-8.534434825974222,9.280314993208108,-3.9600933091481205,2.041322715683501,-3.4060863738947336,1.2500213757284389,-0.022294702808426936,-6.882670766213481
-2.9670460092352395,8.854923896052416,4.269296073827318,0.6251225720005649,-7.594307868141702,-6.358829688262132,-8.51664921525951,7.491582721465523,1.0271517530107963,3.9799483937852416
1.6238040797975182,-7.549031332634996,-2.706766770536575,-3.7949136956125806,-1.6055951413763374,4.93475239929958,-4.388455875666766,2.2780722688546464,2.5998546026430205,-8.287607021445805
-4.1523194812505295,-3.5368300194253646,8.996092299710353,-3.308382903778987,-5.198103533541657,0.5810748668249632,-7.096469452676162,4.908409504873915,-8.967465587388716,10.752635985948364
-3.0057293585347193,7.860793702213538,4.9077224740944345,1.1496347133148825,-7.397879830012473,-5.554833502838909,-8.011212328070242,7.481497227750155,0.7503812337514528,4.3728481233915675
6.760425438673749,2.0544544928043393,-4.727686922538241,-8.207802719682087,-4.425105113147216,-3.1508055762983074,5.757596787327908,2.0667509927304306,7.269972044825586,0.45881116895886986
-3.802339166811398,9.586676439373997,5.09048224909064,0.10335334440856792,-8.041411035063634,-7.163248490019714,-9.139187503776837,6.114045980079898,2.4112789642163595,4.412925164861421
7.42155428170996,2.341986612921363,-1.5448766696549272,-8.007431085054398,-4.0156755986160055,-3.072446641168447,4.02727811634742,2.859033334260938,8.93987667073682,-0.7175551366617425
-6.828263336187704,3.229368993204343,4.1442101738950505,1.0829852639524526,5.040156994154835,-0.2815252816623116,-0.024874808399677983,-1.650196622840157,-10.157715379084571,-7.890447271562042
-10.662002960281415,9.856514982365328,5.934045557016965,-3.958692938042265,-4.818659193439729,-5.7278123765757565,-2.5541484360394717,0.5599199827681384,-0.5956621327826693,-2.6976969007370863
2.049356288573553,-8.248857221121833,-4.1497563543759375,-3.7556036629945093,-2.803862528246766,6.430641709345766,-5.427462784138135,0.7517797122658072,3.151219799186661,-9.73602363590397
3.3902275929024346,-7.516811002479663,-3.92746397372784,-3.9910394261561075,-0.379685914694866,5.977979405474114,-5.983139231676625,1.3118835565150926,0.6405165548164533,-7.4361288944396975
8.044025561258612,1.042286224116172,-3.3054526956331762,-7.388968731362444,-3.2818752510867517,-3.743721741505242,4.240997321776385,4.016492055768242,6.524339874635505,0.21935357598698157
-2.199111211939466,-5.448046786119508,6.701366295173793,-4.015087445429094,-5.131594759471038,1.6178122173034504,-7.615092317366673,6.961188537133865,-8.662494253053694,8.36889863913953
2.819459654365893,-8.037642301531038,-8.902851609274265,9.693627885552232,6.37887001426171,7.503400024030964,-3.5540452406415386,-7.329830072154979,3.271941251048373,-2.9196726067733287
-7.9149461679314275,8.808744643301168,5.066424841984796,-4.936380775003496,-7.744099361757639,-6.768065244438809,-4.17277562632024,0.4254951793446491,-0.6719351700833496,-4.859051478325549
-7.1043297742597415,0.3857675622805659,-9.7247446270192,8.504060122758823,-4.638730808955175,3.2110850622694906,-3.752834498066548,0.46314224674973753,1.0641172595376411,-6.242668858145752
-3.272711405534886,-3.602852311327438,6.859664579853872,-1.6690743091856948,-3.291689407913142,0.6954847477619776,-5.545915770402653,4.919823524960329,-6.118692621453889,8.858953051524452
-0.583110927793101,-6.376067335109794,-3.2227952916248657,-3.1051643214041276,0.3943099015881433,5.640421674905927,-5.944092653505363,0.6242175556764489,5.034866289051905,-7.72655783751704
2.5571160859408346,-8.525561052846426,-3.1622383355076984,-3.2066077779410844,-1.028236259911073,4.366541269719718,-6.01889029507517,-0.043632174418327285,1.7982107783843833,-7.599282847238155
-2.393380999864477,-4.9773891739624805,7.6971181283397145,-4.160561015024349,-2.8939515290037425,0.5784788564171555,-8.49556900520243,5.498434757384183,-9.383395013495857,9.162064379906496
3.341625687008612,-4.828015632762167,-8.828982113549541,9.019391952283575,11.52397369009272,7.302871243928419,-4.525009185787805,-8.665541170758445,4.641209992030406,-2.2079872552537037
-7.763221963861255,3.4318353739479126,4.7525711082894455,1.2054677528981836,4.508883968306158,-0.15066471217506866,0.7526546008876713,-0.6703114471489721,-10.737445249925925,-8.470575329364152
-8.469652977274148,-1.646460976270604,-10.260931112358799,6.497506373011913,-4.765939911165636,4.1467558728583,-5.026753237120385,0.6590901647672689,1.77947661631146,-6.305619216337808
-6.498508024349185,5.1202457690674805,4.660059309153028,1.5067618092062829,3.9256018580148284,-0.8943085783553489,2.1237360178645615,-2.6035261180306577,-9.482071147553043,-9.238532461709813
-3.6415793058678654,-4.298974760677269,5.964168585893128,-3.3417821252861164,-5.220870667136826,0.7299252152766211,-9.18798811554174,6.726296627994055,-8.547651901083812,9.27045313080814
-2.1928393015166057,8.129037442074099,4.820941578999184,3.2764477212567957,-6.293461390758487,-7.292523411492427,-8.581128786280082,7.08285774096849,2.0301804195589037,3.8358405037724053
7.083108574636121,3.4874564644029356,-3.017015473716873,-8.43749244569295,-4.097141827470774,-4.9523773900815655,4.167012729100336,2.3180951029654295,8.31969567761257,-0.5709261228330882
6.388890070201945,1.1887480899178682,-2.8429084049840196,-8.499828441988878,-3.9341826783010143,-3.470238758001706,5.7863631356684255,1.7088803407816395,5.8140532659131905,0.15481038375201528
-2.3144402736217544,-3.5270415101653696,5.853235404952621,-4.020893052558652,-4.511442877981122,0.9814653126345603,-6.650929293911977,4.5676616986485685,-8.965303956423815,6.654273938841791
9.407388168566996,6.505232867796969,10.160829586783203,7.867400657062404,2.342237012493059,7.533634454418674,-6.546776615954077,-6.246493311916462,-9.015169269921119,-3.9002464569979387
-4.94801478132918,8.880006966012017,6.062626972328042,2.8993850861823245,-5.914229706560099,-5.643978871469729,-8.749670165674573,7.520838622904299,1.4046483394298255,3.845378699893859
-6.887247562967928,-1.261991187350908,-8.621612055550013,9.275912501138698,-4.570832139861816,3.2410741285588758,-4.659366603110197,0.18515350577289041,0.42217607260631274,-5.730915252096775
3.2728475299439914,-8.127020744488895,-8.75455866349368,9.340809177727705,8.550482198464968,3.8587429409203726,-3.808900571516155,-8.83431597749276,2.9008187911584535,-1.5516304851387313
-2.5903497898446157,-3.952202163610088,6.037963711883314,-1.2063414503145913,-3.75744302195998,1.0518937883178403,-7.34757161832137,7.2337938189088975,-7.172967439646269,8.576356584756102
2.7933714846013853,-7.861061598380937,-9.03923781824858,10.924409207432229,9.263466531464097,6.510477952058815,-4.85376463478414,-5.883082866172179,3.143366041104709,-1.4250548096594897
-3.9331547755028953,8.747633798963907,4.210634415929439,2.5617229537114516,-8.477751543035017,-6.417936927194003,-6.814018133349158,5.960348910905893,2.212006402474571,3.4994693781243
-2.3088434937625038,-4.442240682542309,4.342468472622827,-3.674487981925906,-2.8383089409949953,-0.34294942234471115,-5.514904686940548,4.637117203302389,-10.036027758816905,8.78595991474625
3.273977437369405,-6.668582545741542,-9.156281046851113,9.133386132755053,9.368120580256567,6.410849503040473,-6.4359697168463015,-9.115662011038285,2.8394304248062836,-1.0460824966964106
-6.098678667520878,1.0654468218534487,-9.103772360643266,5.949762888354927,-2.3132678203096533,3.2305141254223955,-4.078345536233107,-0.12099950229789858,1.3105726240647018,-5.916328300318529
-2.8991213296121954,9.172339618118453,4.5432551662132115,1.5572027559933734,-7.825373251848051,-6.271863401590978,-10.155459676582595,8.099550829342178,1.0200832159374509,3.4090163185678737
2.0197765747790943,-6.932743594958846,-8.345454155845985,9.167270605575341,9.770041404282932,6.306922614692505,-3.490043211515339,-7.953192526940727,3.025233643026823,-1.1929488649713778
-9.569262925849305,1.1736243499054986,-9.088549881200077,8.066990371683483,-3.691977258010766,4.497942410647914,-2.6111882306025893,0.1542739268529286,-0.0692709739186026,-5.313987972347386
-5.6189810096225115,-0.03294853649413747,-10.128970443818544,6.556868741610425,-4.764457478602493,2.9899571542662873,-2.9827375709253374,0.25799015858424823,-0.259513195403134,-4.632192593311878
-7.2543172118266686,4.883657049764163,5.1872366515622295,0.8925551015358337,6.5543208143119704,0.46907149367468437,1.1434971238109202,-1.5317042548771467,-9.382086903455523,-7.855411689191225
-4.583683974069062,8.992251264194051,5.761740341022353,1.786490721627287,-6.150563546148906,-6.528944125648863,-8.496667524683383,7.052207937430405,0.8057194307284661,3.039921408495881
2.517986391395416,-6.401134177730154,-3.0625445746818416,-1.4362736219419892,0.9915383771620248,5.204317229584342,-6.725008341993922,1.0681544165969672,2.5565575968982497,-8.295316445984355
5.407370355938892,-5.8227263939654605,-9.954466740731664,5.928347529830255,4.894623787105925,4.890260201960853,6.7159485956411835,-7.40224158513416,-2.5532048967705028,-7.087238176301093
7.495750970426488,2.6034440718960647,-3.122187758948097,-7.937511040149669,-3.8630448500234253,-2.9487959029588997,2.7931624195309634,1.7887701353115966,7.402720520600472,-1.560830636777291
2.2286971071761332,-6.234285895335345,-3.5721535362091927,-2.6160564852869004,-0.39975274244154546,5.676305095482416,-7.436248599863177,-1.1362052169512107,1.6451228482561708,-9.231645031966119
-6.6313286946421135,3.438616615745306,5.48548999624915,2.2957637366575354,4.523182543267102,-2.153259327460113,-0.2360359815775087,-0.49265880626045944,-10.444687174692655,-8.307270663275832
-8.95894948065506,9.09912795800983,7.328146635990785,-6.463354393271859,-8.478194254931722,-6.755810875263919,-3.851922994296144,0.21928867274830072,-2.5197028908171704,-5.9910661719179785
2.9529683105763995,-6.298372662986898,-5.118869450068839,-2.238223036871876,-1.5641548871427857,4.214596971789696,-6.93526067236559,-0.46621159768358567,2.369886537593357,-7.918778082531377
8.192988323613221,5.971359434471701,8.089070647901002,7.056584138180776,3.3538612736738003,10.64844391173521,-7.293136022142127,-7.172223323352159,-7.33193488897154,-5.0548256443830955
-7.019573107544556,2.782806235689118,5.321891010803263,1.2536417917113558,2.832505104786183,-0.618433789125822,0.7854385182490472,-1.6610308409310146,-9.965900319222927,-7.68599842696378
-4.624038913224665,-5.140364516229372,7.659675018936868,-3.2934035544748292,-3.921212607903141,1.038407111610037,-8.875015795119147,5.637543921374479,-8.150107795958005,8.95059247650598
-1.5339999932703203,9.515380298138167,4.8294604528268446,2.974215776507873,-9.582859484150507,-6.202234273745039,-9.492403439763434,5.492890018642246,2.5335028343891564,5.535110101083866
-2.2420709720412666,9.523011151428255,3.058688134195968,2.8682079980168473,-7.362688242834709,-6.7333165812903975,-7.226107128380586,8.220362231364234,1.7537695869583434,3.2702593305056213
4.006646873396338,-5.329802347212832,-10.334973785897725,6.290453418421741,3.451247366168472,3.4445608512018,6.859653401989286,-7.7032679327467015,-2.1859643996125073,-6.774063327295493
4.012094915575055,-7.178338882088523,-5.992677506166512,-2.8519657884453067,0.08089576094016049,5.338464195055302,-7.481302898071201,0.1201742364760626,0.991119003349144,-8.579177344512082
8.135512528569386,3.54269761518543,7.558562662217595,9.63660427774971,0.16613783594898734,7.481670517870784,-9.688342443278597,-6.354471948707104,-9.531475119969976,-3.9741498914617464
5.600047361213803,-5.307528756278497,-9.004594991115464,5.194830376185013,4.201740237169715,2.571625437049827,6.236198216759319,-8.85772683364223,-4.036067508416609,-7.350071999540594
7.166981698725441,3.346241104397241,-3.386006703540779,-9.552959090462386,-2.4601959726924996,-3.3977944051868305,4.240663814017701,2.9289295609961887,7.007614546645588,-0.14044937020794374
-3.445703997842346,8.346506571729435,4.932071564554475,1.7858406655343573,-9.117858424476243,-9.000809745911013,-9.445192934493186,7.781209501552255,-0.725204607861059,3.6617213797692783
-11.471293560755678,7.874599232571719,6.630718572500354,-5.459933357429625,-5.878766007889064,-6.633708296327576,-1.384785472167556,0.2672360738789232,-1.5918857792604073,-4.972403864853039
-0.10578203781447515,8.956667331164736,4.8409778829430685,3.0238240799483442,-5.774101258193286,-5.693079287715566,-8.199597534606825,6.18051800276822,3.6557317671652716,3.015106162902221
-7.567010247557398,-1.7088299158650802,-9.168806390161048,6.3245887820539215,-3.7035817191688656,3.9347156427404153,-4.691964354635794,1.062498436894253,1.045719811119474,-7.311921120574318
8.280065224810025,4.837414309472648,8.568795803437016,7.7686799717367645,2.7123683021539122,8.006975410869977,-7.483407716150734,-5.705398743057401,-9.202306831872189,-4.4446921812312326
-8.76234331311787,4.077495334424384,5.658748769958441,2.4316795113872276,4.6343568464941125,-0.608992154472223,0.20400648051322667,-1.7198953568456834,-7.995972260039691,-7.946218468130984
-2.340736646783136,10.33188366380628,3.63333627094846,3.1130482450697774,-5.562512123811405,-6.998178120267025,-10.960182655644605,6.715700928404271,3.3192947814252847,4.1385834936220265
1.7580531472615593,-5.482244554250366,-9.213177584657435,9.977701750126277,11.372982205328018,5.099899823962981,-3.6156888948016785,-5.297775303962257,3.751249357146059,-1.135161854978325
6.3605451774921455,2.893558997163227,-2.561810395234348,-9.73381266011713,-5.077102222563576,-2.399896408764822,6.533294158272741,3.245596483706355,8.312696340018652,-0.8877420759198622
8.222778470621941,1.8166223542244753,-3.11984631474996,-9.556758854661107,-3.2214939880120097,-2.4236222542628933,4.845118780364164,4.660281964489473,7.023818633603253,-0.4577329504604075
8.698481727758338,4.63153290258848,10.190635405851982,8.576647691895905,3.20582034937194,9.886824456923172,-10.580029756394591,-5.736888109589019,-9.681632855687559,-2.3765837403813643
-3.0661717633257055,-5.069096536879659,6.701495049189404,-3.591677209094793,-4.109857011975777,0.23979569493839115,-6.181515474427504,7.606624565651731,-8.806451301061843,10.657997492980451
1.5844599851161014,-4.892606555762308,-3.573702113497446,-1.9966594958290163,0.2942939629721979,5.720588053059999,-5.209840196741186,1.002750812109435,2.387332873993609,-9.39300371621745
-9.171508539600838,10.565317831243183,6.62580225992297,-4.4746426184951025,-5.280500717341119,-7.4082909903333825,-4.588945246468722,1.4526657959245246,-4.0737121909681235,-4.32487288920415
-0.9363583935269757,-3.273685690864339,5.274940942423254,-3.4096266534497723,-3.6574897905118773,0.22681555520619912,-7.076130639896253,5.327499719270513,-9.598375883865957,8.84136508060359
-7.747736728486464,4.742433086456446,3.5994594997729026,1.212531576731019,6.63382446440702,0.4481413727324457,-1.4408792880969084,-1.460888589310153,-10.224392425570446,-7.8293095747263015
8.112663625070972,2.0744638633578654,-3.2747603900285567,-7.883014939056209,-3.3163755358605,-4.081202665473333,4.891768543417995,0.7669180187769942,7.744377906397465,-1.1741035074960013
-8.418621434175174,-1.1765192730763365,-8.528133981323133,8.126001909359507,-4.509886624196966,3.402118872881044,-3.324859650403421,0.14664163357032445,0.4525481358110187,-7.118191218880581
-10.990679397507776,11.489291315972363,6.626416764027862,-5.811168328197194,-5.775423980690156,-5.369564633664754,-2.969266984254606,1.5687505765523289,-1.9919451779485415,-4.473284000996022
-7.250663805899858,2.9452789962845225,4.693806432960825,0.9699198433738367,5.35539322525979,-0.21831782902922542,0.11640626621665967,-1.2303361088671079,-7.987381160984594,-7.628058945663968
-8.153358913069988,-1.8571811110232426,-7.798688142093336,8.755436187557102,-4.028390397993804,4.212133739009015,-3.930508706970744,0.4859510573037516,2.422807528817587,-6.123330000170322
-9.904393075206924,9.712535726371316,7.088002949708853,-4.920038355164295,-5.080705687019007,-6.253902384452466,-5.222931705956906,0.15002453582556718,-1.3170370597510859,-6.011185952216252
-1.7896294890179716,-3.53512844975434,5.552451669004746,-3.318587522897521,-4.306517543066579,0.23191964393705455,-6.454346278801205,5.5217387669491,-7.21061712195783,8.806579330260156
-7.53923208327696,-0.1251174588098602,-8.141296791575272,6.9572130891971105,-5.362355543023759,1.1027424478127874,-2.390794841999958,0.6519050518795798,0.4707726728847964,-7.625182368080635
5.600205719881006,-6.515077481740513,-11.673316333715334,7.7347642462494886,4.976423856751653,4.449584131908882,4.530673935508353,-8.434082375035164,-2.469696604073139,-6.912606993737797
-7.270169861112426,4.827640849766157,5.939831188798427,1.6935279550126239,6.846179139321853,-0.6781163431663241,-0.6036179101186787,-2.036352353985542,-10.837848281480483,-7.763391767939593
-1.8365887516754187,-3.628696921401973,7.481800001944117,-1.2839870341740436,-4.983489156721253,0.47723750973420465,-8.103900129566433,6.011241978696821,-8.641219855574779,7.982786494674772
10.474402328834088,4.932544051004153,7.047719861803762,9.297461784722271,2.141367579553566,8.466619590882408,-7.1357551740154,-5.208766249318939,-9.857307765799664,-3.9431749907608733
-10.570329611294856,8.711464647672534,7.03381923205607,-4.954651113323886,-5.242564143451742,-4.76228121599183,-3.9826016993644275,1.6887403878173453,-1.703404470606834,-3.2733258844508932
2.2591255953844533,-9.254453263160237,-5.475199065091143,-2.062950614251413,-0.500888555545447,7.456894426584588,-4.663568025201579,0.053977795787409466,2.321244941954121,-9.38759518850312
1.831470537699911,-8.008974330976459,-2.9864282405891367,-3.7238050844128594,-1.5715435458063487,6.2800803483692675,-5.068112932959514,1.505165159353307,1.1010695450203651,-8.474983072613925
10.519829302413108,6.548459918590282,9.409296140883372,7.940788783946826,2.8954470913732395,8.161536977658326,-8.954638820344819,-4.890233105997355,-8.77791146477023,-4.177451025316104
-6.536404610721189,3.5828700630900725,7.428924859757253,0.17393533302473596,5.190873453189016,-1.2943757787863628,0.8877424778053099,1.3520410922613801,-7.647876434951477,-6.995777692600759
4.482308225415852,-4.989205427893278,-9.044312191590825,5.708541144831184,4.715231385941855,5.527576009142205,4.50208788009525,-9.55310980957666,-3.901990160083426,-8.895621509873003
-7.55996179471035,4.197910475500327,5.250975330485619,-0.16190495261522297,6.175733559171466,0.9249453062764532,1.0920858093091677,-0.8886763969953902,-10.482218615567461,-9.257429385133097
6.560419083682453,2.272822110647717,-4.219715934690403,-8.546659728508661,-3.5628992777517343,-2.75368760523142,4.7117657547222755,2.7974164747972927,7.170374763132146,-0.8420488061877303
-8.416499970810106,10.89629467672767,5.832697826980391,-7.208272391525028,-6.061539755686223,-6.879317325698197,-2.046551921646243,0.5299361731445895,-2.1632990351928645,-5.322576707050873
3.9087239375307172,-7.159914265850913,-9.816554182917734,10.525351518661937,7.525502073906736,5.159416154076575,-4.15458250904344,-9.606991187677353,4.796809593049735,-0.34004485470287305
2.0687539924559015,-4.7748683589310925,-8.598164269834635,10.632379060933372,9.532963953182104,5.780862717854283,-2.368368093931893,-7.609540097798903,3.041938936360424,-0.7263786658076756
-2.0064627322852546,-4.336523866873827,6.248604535740845,-3.6008594557982696,-4.906493162856846,1.5531069147000465,-6.399098795529296,4.906145283812324,-8.769976460792593,8.98481686290801
6.788655641347283,3.195206987019494,-1.4733156535212137,-10.071652858125075,-3.169179003444016,-3.4731708579954517,6.386855175642853,1.841938313177793,6.992000110465627,-0.6056096643011306
-11.161299371156812,8.345649851369776,7.643151642696059,-5.498486649054268,-6.492378034546741,-6.841003608242893,-3.4297952332560553,-0.3539762183454662,-1.0554340585150892,-4.906671764852118
1.9847044124566993,-6.626411367135213,-3.4166858152478854,-2.002878643910425,-0.583769626449586,5.50779424877639,-5.468548387006317,-0.668172272314068,1.0036141139476,-9.009257069139748
-1.4183359524490522,8.551346616173063,4.489938117148992,0.54001786941602,-7.404289598218073,-6.386454745632796,-7.542264694854614,6.216366098696252,1.6567942978789099,4.010152335688386
6.985414417260994,6.3861498943274855,7.5176738180218,8.755719769226962,2.8595175744598684,8.767377297843543,-7.6864690600849155,-4.981471963773108,-9.591081895599967,-2.699963725032234
-2.495268331139804,8.990161041088319,4.837963596995956,1.8288092720167894,-7.453289198031507,-7.426968534516339,-8.871081026852009,6.780098144364938,1.3094544521870113,4.267881783612806
4.570093456559057,-6.806182370890858,-4.298348850364169,-3.5292650912455885,-1.6228436826148518,4.877750132392115,-4.635425542920884,0.30265868328870316,2.4135385012155797,-7.556744145619158
8.510743145293617,7.514686494794137,9.61910560290538,8.449266753202842,2.9628308332326387,8.682093872272812,-6.9438490734396545,-6.023470801331332,-9.093706761515056,-2.858164905943509
2.0543394326332622,-5.532438696059353,-3.229461497492337,-3.303208324919346,-0.5058061571300747,5.871200561309513,-5.552192923680577,-0.7341537011024193,2.208307842479075,-9.29914309488828
8.464473874486574,1.3506186657424546,-4.4386260773735495,-6.669438004820094,-2.6332242754152286,-4.3114212127228395,5.460276177974972,2.2853352046288817,6.045545325629616,-2.6559520603846285
6.5940965994219445,3.0499543234941595,-1.6080490799934477,-9.319652206310137,-2.802101147283752,-1.2591084850296341,6.156884240286604,2.347276027732913,8.6128176922176,-0.21629481682983537
7.260509647284025,3.7156159804596123,-2.065248988333358,-9.161500793628855,-2.771122981158449,-4.619264652924716,3.924753867742686,2.981558962549275,8.12200596475491,-1.6034283976456654
10.121146445109014,6.615671129189759,9.79985470507458,8.30242093425556,2.284678074531402,8.690815460568952,-8.85719712621557,-7.110287475337709,-9.78505156790914,-3.8194227012921815
6.996219104425745,3.3577068293042167,-4.8031417202895375,-9.228837323675036,-4.907077185675851,-4.270268978356794,5.7777721468919525,4.15621306107033,8.002088980951994,-0.023491812133541234
-6.343764761024636,-1.3201310698353672,-9.131291750691632,8.707436730907046,-4.553643844449819,2.0900722360116406,-2.6902784570811433,0.5229105063413706,-0.020758448777409955,-8.158161429042122
2.6119655807483655,-8.49073493232027,-5.011035943866994,-1.5344816892365867,-0.5691841305172303,5.139216282049647,-6.8650002480054475,-0.2307050298431883,1.4038118473631451,-9.916954778229297
-1.8849789402555142,-4.444088320483694,6.074594707581299,-2.3937376330958635,-3.4431521988624874,0.06810326184019011,-4.639481520789143,4.510997457982967,-9.360677852745486,9.971706762312708
0.5988122353530563,-7.469719508768433,-2.9456795256632065,-3.178210343779693,-1.3892842538549313,6.575243652044409,-4.937974798377506,0.1961177010034426,2.533006231290742,-10.14794628647799
-2.592694221632897,-3.3905777334291347,5.6783298000919515,-5.322333734082062,-4.5120149250556,2.50147669355879,-7.146946083556141,4.671846371947925,-10.13326372261133,10.935640645933836
2.389481225959371,-5.5466521166945615,-7.27243198588777,7.725299560581122,8.26225655414138,5.387686236850423,-5.410149214176139,-8.109306245441473,4.284776985487643,-1.2183684201603098
-8.59125075763031,10.52554713259537,5.519002958789876,-6.577054656075631,-5.172409972711796,-6.478763324186625,-6.134933088261096,-0.904552872087929,-1.6104692523301665,-5.338459846323763
7.734995654281487,2.815447144163831,-2.3329233636531326,-10.099442272335317,-4.660004964047707,-4.783130108849474,1.9064353587158975,3.5933071646555117,9.173939966924028,0.00029346761586213077
1.2349294566636146,-8.13474664125284,-7.895652097556581,7.331469395960415,10.532173597439446,5.263551839374601,-5.011017359357213,-7.79809529874103,2.6465212452316997,-1.9040612065011824
2.02148995102864,-6.941955837137189,-3.8837957797104727,-3.8770929613051264,1.1779855050483152,5.232669397737989,-5.350408154972535,1.053904045501282,1.708696250125098,-8.46419672054041
-8.264659017106874,0.0022532545464073184,-9.68111062066168,8.348807948095232,-5.244170080366475,2.5736349515333257,-3.566506265463335,0.4571500521727699,1.9981614319114405,-6.7178667686222715
-7.800332752092315,0.34464268659242486,-9.465671945011145,8.382861421143778,-3.2367073997735183,2.866225641733669,-4.8527022947123335,2.214824280854767,1.4609698038702703,-4.380671914175995
-7.4822622775468455,3.833398364213363,5.6586936784541395,1.8950415084449266,6.154942594408044,-0.41701670779120364,-0.16635246574899498,0.5139393788194435,-9.353993303918907,-8.09965877273611
-6.608607429977911,-1.0225239621236093,-9.624724455836894,10.216953764799845,-4.59980973474967,3.077921313752894,-4.707396243795483,0.9072947293769679,1.965223803908037,-5.428323243679651
-3.975982813668427,8.512883981312685,5.61519129470608,2.4887977723846886,-5.901205079123235,-6.357967047342011,-9.94199758516638,6.9927336911711455,1.242101105746713,5.492026459959949
4.951874833933911,-5.708243653162844,-4.4181157534679505,-2.6633367735623925,-0.5756284420719974,5.114358839871331,-5.81390520924587,0.14068879057057146,1.7540186600098837,-8.889530682119407
9.24623096602125,7.165023136832776,9.641526966548307,8.505706620301366,0.2413058422562675,8.610322027229918,-8.38516338788618,-6.243999862186969,-10.65886769453088,-4.581162007032282
5.440921075900053,-4.128717635429139,-11.24385481893598,5.520265438962953,4.554969870508201,2.9605987669440466,5.05239775031585,-8.901272595393419,-1.868911608892232,-6.989765774995487
8.272815541181394,3.1514325258739717,7.491478980830461,8.283041783366688,1.840075196672838,9.189617608444452,-7.728405342250643,-6.716623101342299,-9.584537715584787,-3.8787221603879387
7.571741675585503,2.5885533148711604,-3.148183092463246,-8.056840982898304,-1.821698771615337,-5.513710944294013,5.132126515685336,2.79511722310501,7.567148284321926,-2.9189797198885477
11.110614129014184,4.447066474609921,9.66963982865272,8.643456995809299,1.0558332147169418,9.446370837229097,-7.7323371925483,-4.1903641072148385,-8.902075470447947,-3.60193671625731
-1.3287570942677944,-4.964526099220686,9.096274613769374,-1.8980309296067617,-4.511578981539554,1.4334004963888884,-9.271314689216377,7.006319021990551,-9.329277623562076,9.8274717690547
-3.5411639068999294,8.574026923811921,5.927954561080479,1.9876786832033861,-8.115762987181732,-5.625771232518607,-8.107327129850528,7.861957872715156,2.738034476035016,6.55581345650336
-1.0057993212855996,9.891648418773993,4.418914662398437,2.000055522935263,-6.671244383203717,-8.921844461700237,-9.085505139156608,6.641538667500905,1.0206802249692601,3.880351263034954
-1.2315327272643253,8.422714739362492,5.186976217398139,1.7709770315068378,-7.097308394378491,-5.7813327412887565,-8.01291140764798,8.137032551499342,3.3277790420185047,4.182455397553668
-1.4265017764942185,-5.044222404301983,8.775674000609957,-2.6470360762311613,-3.199313352029163,-0.16068916363839625,-7.169793351418882,6.660112713451019,-9.542287368226384,9.758081443820924
3.785502549789968,-6.7863286493517965,-9.96630510626098,8.30835464881637,8.374460810269944,6.525109548030492,-4.803671620121365,-7.775523467011077,2.948595311702488,-3.320328663606201
3.3509202924298105,-10.010087089552748,-4.461565050443866,-1.3656277109754522,-1.4503361384086142,7.465992392729885,-4.522634203065044,-0.18444194785522983,1.345127858194493,-10.084597587954514
-8.197039370581958,1.2385900690195404,-10.900359503691176,10.32839068172358,-5.5090301651772124,2.988410465238202,-4.1951223287064945,-0.6717469905424607,2.859318710802512,-5.514016258704972
7.825355422501182,3.631997542800412,-3.8884775469552877,-5.505904551793975,-2.360774657265753,-3.2238802581725485,4.410337044652319,2.1958295415621905,9.405524863781729,-0.3452017904341084
-8.18427743770449,-1.9478205057645157,-9.468064067702633,10.638033413411947,-6.4213564436988335,3.064420023873425,-2.4538519028805297,1.1504482818563115,0.7854648720664547,-6.449259559657656
2.22213252200463,-7.79156587330192,-6.120465672561157,-3.2480717425279595,-1.8510509533462858,6.169585976138877,-5.097236960139112,1.2232598353321718,2.60524411336867,-9.204517481052534
7.5165688734395175,3.2808998192444516,-2.6289868905837013,-9.721810490281943,-3.143602299656406,-2.2265875730717912,3.9142288606720532,1.217448748151983,6.582212349107127,-0.6520440956028325
2.659026715881047,-8.034856766461525,-3.5703051785599818,-2.9418042260142485,0.2814821967393326,7.065280141200496,-6.5932691175628175,0.36142162766518937,2.0317456037130825,-8.451642450165346
8.493035838249527,3.4793089416431506,-4.090839128817336,-6.8168447560820455,-5.5564021108134645,-3.1638361709033673,2.5324735059930057,1.037841814554322,8.679820002367737,-1.2470342692970953
6.544062948060989,-6.222833700408204,-10.912031787315984,5.748932679048158,2.914403650903539,3.964232377438684,3.5565089628302906,-8.59293991431631,-2.2435667411865485,-9.030043776956099
-9.057967212413372,9.70268924492003,5.591338145715004,-5.129875485759649,-6.480072002311316,-6.117740861799573,-4.891775456672802,0.6553974900623339,-1.7849331653641682,-4.941028353069349
8.061363836335888,3.296331240840627,-3.4713490033583407,-8.088205900987495,-6.270742460800927,-3.9336275562458316,5.539693327079301,1.3552448433368012,7.41080167550081,-0.23603956599334114
7.332279167594644,3.1877875287243826,-3.108854288855695,-9.299258806918887,-3.9670013760379943,-2.316649065814207,5.308797622569153,2.1335536266508823,6.356783305628015,-0.3488549131965402
-1.8934264732816086,10.218170565367139,4.500432560547102,1.5229804190893204,-6.8790992322946725,-6.278902844346832,-10.282182572769551,5.027341962361465,1.4717633853725922,2.94073913000675
5.372319159622353,-4.990633665592565,-10.014556323633908,7.289587397538271,3.1079460160356165,5.01309927543603,6.264729289432868,-9.348974963797241,-3.0090550214809526,-7.840294394127986
-7.161831270217578,0.48396014232164475,-9.266490448692968,7.138541735586671,-6.676057331679718,2.7037578653424235,-3.9003939112750103,1.6552922207316967,0.833603911709406,-6.499479923706152
3.58278610180328,-7.04852198647708,-10.080517199173848,7.365993679447812,11.373467225393846,5.638922311690443,-4.093461379951085,-9.159321798193377,4.6329998095723255,-1.978509984432558
7.07642911327623,-6.3144140571313345,-7.179065213244918,7.082019959997666,5.966399709969917,5.573630640333858,5.583923091405882,-9.116764523378173,-3.8075253445110278,-6.56296779251147
2.6775523906109275,-7.285149787355964,-3.0641479183989686,-1.7023004972195,-0.4652282865288848,5.758131010770343,-5.349203261713266,0.5989561900734159,2.909091449046797,-8.171430368861737
6.62387778494543,1.8856446481129046,-4.035035301090739,-8.845007583722845,-5.209044529038935,-3.750858957454948,3.655974669898902,2.682294525697997,7.03912487452364,-0.7247382134869037
7.417490742712615,2.63305338247189,-4.485664226882001,-8.395602526979404,-1.9338407166015863,-4.4759447512735635,4.0895478431227925,5.531175650343211,6.9221221632050005,0.7306885804019869
-1.8610623870806462,-5.780351361361924,6.053483585715002,-2.759771160434811,-3.0429412567158574,-1.6747941011288052,-6.566352296821509,5.660374050674688,-9.003597473300252,9.056611771874588
-4.065779521712502,8.586170967232409,6.140638626862412,2.8233914260542248,-7.2282793255591296,-7.229367297594376,-9.159962807853393,9.400270899059544,2.404235687095729,4.591493203111979
7.863478912255611,3.3174157675801412,-2.4607733939800163,-7.274462842018691,-4.599732095073243,-3.8886723371903846,6.327409686241785,0.7924344817081808,7.659525607328405,-0.40614151037684665
4.75110056489792,-6.538165865860152,-8.45364230682254,6.827036610932969,4.668497152397059,5.592086268813075,6.348929532920866,-7.094342573345289,-2.242267319598005,-7.477474368783764
1.824896749399376,-7.750886141936385,-4.793837588403694,-2.4989396088813174,1.4290879120761706,4.95981931095509,-6.324666989494233,0.2329908288970009,1.1609369428825562,-7.972755942076619
-6.869728474775365,1.5397195032825024,-6.650910925937797,7.4467789931070545,-6.645275919817731,3.8096421211579803,-2.155293742888577,1.2150503905969448,2.540552626395904,-6.5283975600915785
10.443248739101586,6.899309633156633,7.906721291891733,7.4435899190149,2.6334228480629642,8.305452690047616,-9.184481971948397,-5.5396479237217005,-8.423964506082466,-3.827779140631688
-5.063118757954705,9.948606039437596,3.27300013781268,1.7484042820480485,-8.04974021721063,-8.682090030855967,-8.296865028431222,8.08267807580135,1.4457898341374562,1.570409263775999
-2.2777623306189905,-5.3508321526828855,6.700159855751974,-2.9336063201965397,-3.9286521674491426,2.4730662169838222,-6.7847466416677715,8.077722126846698,-8.053685222927042,8.970407439302303
7.4221234796451485,1.660053632021362,-2.724066964684865,-7.052907867596174,-4.763023459710727,-4.391395119223629,3.411688387106003,2.496890501320012,7.7964823313914176,-0.5341200137791217
-9.171214789660706,8.41356335622193,7.21999405804651,-6.4767044088542765,-5.096839402659575,-7.302971832039057,-4.02831363526533,-0.060144455368414285,-2.34862258958468,-3.434097379131247
-2.273583064944184,9.785151322085289,3.1612925904482596,3.116923727147661,-6.541130783656856,-7.295397507176748,-8.205545890529725,9.594215773303098,2.2041664899226707,4.409672142221245
-1.8298243400962468,7.8654920930396655,5.306191337137314,2.435760976794683,-8.605433919941866,-7.557674245611602,-7.644218353588638,6.342357384359022,1.557895972554788,4.6235124491728055
7.186220880690503,0.6089063459415456,-3.8928717066176786,-8.974176291584456,-3.1536001323661567,-2.984182656434484,3.8400417657977344,1.9769434882703436,9.051229150364533,-0.8496098962369475
3.849280856901798,-5.086674856873881,-8.565645805714459,5.487416921022948,6.097970040451343,5.163195679655619,5.8593689116838075,-9.03579306411913,-1.813396660870985,-9.206996936640191
-8.800152635902784,4.950123046402791,4.72751287100976,0.9455434203700359,3.618228135257876,-1.3933852035543153,0.6753349413494636,-1.6827568567340614,-8.582441907962219,-8.74189302185727
3.197671126951075,-6.418625350986206,-4.328917493098311,-2.8193949081697682,1.470508242365752,6.653408296109565,-6.92834801315302,0.38467693203778436,1.5131482384626573,-9.206325979523156
7.674903408369465,3.501455845248428,-3.03628723300144,-9.40424809878531,-3.2947150981769275,-3.4287803004460957,3.7492677689562006,4.013939666955888,7.689799308406292,-1.676202167571703
7.061657534990699,2.630852497125145,-3.3536644408806997,-9.166788629826778,-2.768646257806722,-2.505691585445555,5.79791237074428,1.9874499711678295,8.095064002604062,0.5366655476560795
3.2023222788280377,-6.489133633528243,-6.175341140726833,-1.3501452928653936,-0.7851418238929277,6.095563731728778,-6.871420469261229,1.559935781194205,0.66243904800198,-8.2388997272261
8.961378030540182,7.7317001917461035,10.518042629925613,7.790116498971587,1.2385942031112918,8.632260172353249,-8.410308925608174,-6.481909715202688,-10.753567476367536,-4.0079469683893
-8.587489616315537,8.616524970892998,5.8012256035115515,-4.934623168091264,-5.441564277850371,-5.480499866168669,-5.2309525490273865,0.02917765457270649,-0.5381110351543638,-4.133875355475267
-9.898701105461516,7.8503954869308545,6.913107579615775,-5.793551696648521,-5.618139931780112,-6.238386306492714,-4.077858842378338,-0.37606439736287345,-1.288946390335924,-3.4371799652229993
-7.001372273216809,-2.3218397546803105,-9.305692729960436,7.776714151622947,-3.6025654619941427,3.9775594504183833,-5.392780400993328,1.6639862759052646,1.3837306750258043,-7.850152486942677
-1.7258071137701547,8.762747242153825,4.04236864153646,3.39553954563924,-5.140727527353691,-5.901251542494151,-8.753009614070987,6.515257193857777,1.1918558283076104,4.683965661186666
6.946490284432261,-4.45259464917639,-7.940459581839919,6.370204072323254,4.778739146549821,3.530118886122876,5.07196616062968,-9.634191742648614,-2.357426671994255,-7.644206046628491
6.872415343981434,3.6251810937676,-1.908592026380421,-6.577104695189108,-4.489056858349003,-3.356127035258852,4.191921783551717,2.568803750715302,8.674133705906257,-0.6015805072828155
-7.4503760081495765,5.955523713466171,5.803549063267271,1.954438887775221,5.012447816760034,-1.3895625655614734,0.7163041381374322,0.3730194384594885,-7.978585427347304,-7.184330661086912
1.3171497973096506,-6.914496970515496,-9.013928552749155,8.623759357392897,10.035136430934124,5.851289197592577,-2.513800085991514,-8.865032806002489,3.8540380001858443,-1.9727361145205728
-3.464320202402103,9.437885193791782,6.702403755471247,0.9056367696864591,-6.855407734478512,-5.467889037860518,-8.917969147881726,7.775894711748437,0.9599067067172959,4.589758653128557
6.189930231879817,4.028990363806274,-3.4478711453930133,-11.425890479064417,-4.082275215749978,-3.529235450505284,4.811494214799192,0.7522716909723528,7.714946230275319,-1.3883535715935773
8.513771373391053,1.110275014872756,-1.6492934778822597,-8.296381229433466,-2.7316097021959935,-4.2882033910965545,6.08118254800339,2.483133170524478,7.432219928974423,-0.07332357745475121
8.463506925913068,5.402931119536525,8.211615444296363,10.163036663534667,3.4279473324125425,9.500532184445165,-9.720460981115767,-5.216185639333042,-8.907787546647302,-2.269933245218567
-0.02400770637385863,9.279061439176301,5.915269574227116,1.8214552503635029,-6.3462679464458205,-6.040641088757542,-7.620133044881754,8.380891220876928,2.8944972349371536,3.8463648247268
-3.7107806420961182,-3.4421875413598215,7.019251876569021,-2.9337897576328347,-4.479701633360407,1.8822041342699112,-6.886987175495518,6.689551761349337,-9.20155352121167,7.8203837232036015
2.7373501683623767,-5.838426983250537,-8.657582377987296,8.82533324779549,7.767731291898071,3.9085607044250352,-3.7114522780917234,-6.734008525532095,4.028794235071203,-0.5733505981559597
0.9665696488657682,-6.2468962530652234,-4.265090715308247,-2.7857442572327766,0.01585852744584848,6.037893974733572,-7.192339267847751,-0.0400531668097413,2.5094443059021962,-8.560739523195027
-8.006446039648976,-0.3749265114929813,-8.888994775177505,6.21887095620652,-4.898749882807584,3.6004212227053296,-4.336263163852857,-0.0779726204086652,0.4838111460501434,-6.781960863026619
-5.970922046928962,3.6263068502997093,4.965808104014794,2.062668282605961,6.36375908110349,-0.4085318379220801,1.5513028208397885,-0.9204112792942115,-9.475426337033163,-6.939715041155406
-1.2623059075180307,8.95228211883229,5.591328113286188,1.6066626635726802,-8.583498777977988,-7.804575581405501,-7.275438988127813,7.049529833669399,1.7789162554891575,3.8616133596460283
-6.812239264749076,-0.30877324575501247,-8.881415506998216,6.7107292933854845,-3.423419518306611,2.0561065224603654,-2.9912151738293216,0.5193105944487578,0.744762809339414,-6.573070996101633
-8.202281964214036,4.293198103519876,5.89296287315659,3.0010008694899684,5.97032853673611,2.1539017323923675,0.6555816246634337,0.33470769708981596,-9.05603337745715,-7.602381878372308
-7.30686937892135,-0.51201006921724,-9.588175353788937,8.645441946482347,-5.2565384815684375,3.372037226653653,-5.285190369086087,-0.43104105320384245,1.5902491540685535,-7.533103006185933
-9.716856407335907,8.74652192108347,4.454470346188412,-4.153746846320687,-5.660358113637984,-5.7987024850320115,-3.7497514805095413,-0.8868889360476804,-1.844716766713122,-3.3336364212551484
3.656902381820643,-6.939609311492763,-5.763709764653643,-2.1673741223940293,-2.0416031734427245,7.110326756593238,-6.829391961830783,3.254198276017897,3.315667365568528,-9.867604315228023
-7.3361972782779485,-0.027530745466123663,-9.56400865183825,8.664219887845027,-4.7807476336967,3.1176393850029456,-4.122195012234523,0.4789588133015532,1.156249135011665,-7.29205296957008
4.918958666143819,-3.5245175413847405,-10.175181198050272,5.882524375618243,5.257753188997492,4.550937588395399,5.406412418466074,-7.104537593238389,-2.152070183564171,-6.953200262723113
9.61725457239359,5.967894684436785,9.295671332581236,10.092520061448932,1.7631067645490304,8.27343751231413,-9.467043146532323,-6.132240138438114,-7.232567322244421,-2.5089083823000564
0.6877957867790676,-6.345897504764346,-8.866599665782774,10.090711444205347,10.343683400273848,7.486554790507267,-5.025618955252794,-8.83066925392856,4.798742966378576,-1.7885959405504188
-4.272719637556831,-4.712285360897027,4.488410276445767,-2.7035782778963853,-4.617487704525083,2.2146515098072994,-6.46968813190708,5.517851927540729,-8.91520338298545,10.118435262240126
1.3779805780823333,-7.18263515359835,-3.4066371673605422,-2.725815126051272,-1.2694885828316693,5.906795448917736,-5.309341736039952,-0.822494501609528,2.1089475319460522,-7.753450926582645
-6.877515815043418,9.33445175773592,5.771368793852804,-7.160304981218494,-6.583518683517662,-6.459316675321284,-3.812509612269581,0.1973324764207971,-0.7278743170425916,-4.563047028702408
-1.895030923009325,9.771793838245626,4.109377688617574,1.3973514432960519,-7.154678888302914,-9.182030758011532,-10.353518818834562,8.690397182943228,3.6672679483654593,3.9124155163645304
3.110472930413901,-5.5597593619451375,-9.165475667644527,8.56879521014668,8.613321788234515,4.970093217003311,-4.542520098636828,-9.65968773878701,4.367723111751403,-0.8024265200460974
-4.0800737751212495,7.887518659288516,3.4459538298290457,2.116112778704439,-5.147112191666178,-4.648809447083314,-8.200276655195253,7.82436739044316,0.2212425007114367,3.618777756186887
1.6976281006691711,-7.0370551383886095,-2.8730267527533497,-2.8429356655269498,-1.833469397243357,4.1627614195449105,-7.2278217414380315,1.1490802656788974,1.5276669009340382,-9.678512655520755
0.6526152287041134,-4.249521204321722,-8.876290928184448,9.230603540756976,8.620709820873548,6.6579092717819375,-2.9476637418310645,-7.746761548299392,5.4255186072575725,-1.523694715149065
-8.460747219558838,4.608865171568161,5.567868586841258,1.5690030248945483,4.072038809930194,0.05291331784636949,-0.5212539054161018,-1.4472886053268117,-10.25939174807908,-6.771739523467789
-2.0990735717430877,-3.302633336393102,6.9395180359000905,-3.953850734901133,-4.957323782972144,1.1023337267194513,-8.304104776465854,4.791619882170188,-9.70118767977031,10.253543119824162
3.7346145836683062,-6.260750674813112,-8.82162324060203,8.1591859394166,11.334853224463274,6.6944947414829015,-4.851326332451918,-9.217725387673559,4.93772425717205,-2.2343918216162986
-2.4449176039572875,7.936541350269016,3.9245751269681333,2.652767432875408,-7.6099938228684065,-6.663651003693972,-8.792755916732197,6.671922567892886,4.166244324189501,4.79537057823892
7.023765893269038,-5.320876352048268,-9.805057883800306,7.534404590123589,4.54225572637445,5.5884034816745185,4.5630354340616375,-8.057918107077075,-2.327963568511538,-9.227359874718637
3.1667535570217438,-8.056551477692889,-8.690430525115241,10.587252402105035,9.072431790488666,7.0989588171983256,-3.414607089316582,-7.090697113347342,2.874899988643205,-2.0023517952735537
7.090797790214748,2.0081452789796628,-4.073846697019837,-9.787141973493615,-3.8809567941120386,-2.8781634579941042,5.712703661954244,1.3570017347941767,9.35065864513049,-0.2627560077803429
9.48500249335214,5.015961118392777,8.608309261666891,6.509576560622182,0.9705491074981509,8.935749407658218,-8.200478133984165,-6.770870777438603,-7.771176458659568,-4.713324284724928
-2.015879722171861,9.199122251893195,3.7815210560468877,2.6734795633497233,-7.455265017389044,-6.758099778630585,-6.278243218367216,7.227463015774053,3.1715735611498515,3.4582751307950215
-1.1418362154741166,-3.0259863006467294,7.075813430939181,-3.542295888833063,-5.533582254152562,3.215767350078232,-8.086499187127611,7.561581186137047,-8.118475801928813,11.783569538025167
-7.328308539064768,0.0641600273068573,-8.739738697243496,7.924436186719319,-3.123625580458735,2.015650935861121,-5.4916969263814295,-1.407320145052357,-1.1453825324268427,-5.629741074669207
-7.477373962022668,0.22950180755339689,-7.800103435318978,7.240254460445962,-3.1507096706783226,3.025333126394524,-2.2411017353642135,0.39613382609339615,1.2718118093385649,-6.337219246061918
-9.712595891246387,9.186812813421916,7.395464180610593,-5.427639969647407,-4.08767522821035,-7.184134445928648,-3.39705343877927,-0.034072377166755596,-2.230386614146329,-4.186284333074133
-1.6701833475764678,-3.6825492752871454,6.300438873013752,-4.303623880940404,-5.593606939874565,1.140309361905715,-6.194188370994295,7.161414866664914,-8.340894550993802,10.705038298191768
-7.835115312018366,9.033044430041672,5.808359830501744,-5.065979336039188,-6.799290385481624,-7.173359317060332,-4.392994991513037,0.45052210046175584,-0.018919495912831152,-6.109504941498738
-9.403347526741864,11.799780704270239,5.785663103841608,-3.713083900437558,-4.359077352182817,-6.429220953632915,-4.213307667009146,-0.19693656601993448,-1.4293021574903544,-5.582136628598719
-7.644795137338123,-0.026928467878370402,-6.904638156148073,7.104356495783245,-5.537931504213961,4.894271617168734,-4.381759821296633,0.794941073891932,1.9688629567338016,-5.816411872757429
2.7471244876186556,-6.417217415121961,-2.8666817046787747,-3.4979760096718824,-1.2369947986873042,3.8086848602780616,-2.8661014467305685,0.13510345295485637,2.887019277155762,-10.309152889935504
-10.539263497178423,10.094129144180735,6.132238617248328,-6.776471009810061,-6.0834553131605835,-9.006476931085464,-5.666130715214473,0.3176367488704741,-1.2786578605228427,-4.54473596619735
-6.008088221706405,0.6729955130283072,-7.7755737489556545,7.6248960201311515,-4.967566701635194,2.2060094902718608,-4.449821923251876,-0.5255244087299639,-0.37251738234636433,-4.937054264158118
11.247826354696308,4.303581149584743,8.687791051566672,8.23514825487371,0.9777903141495585,8.924074681708937,-8.629960453514917,-5.70603368542724,-9.203453473314893,-5.543924610301017
10.011398735470284,5.966826001616443,7.49879829711247,6.624464654249133,-0.15105952679917722,9.203992701301981,-8.62587973267261,-5.260145506240794,-8.691743648334748,-4.495820066305682
7.4271858141377916,1.5487624737646242,-5.255667427849173,-8.447361856096707,-2.946317754190121,-4.49729199837385,5.665196333784779,1.1046935924434453,7.185466578787915,1.1503143254564787
9.960950410515373,5.99135161296977,7.548358769625612,8.928170121424616,2.512745384464484,9.177508953242432,-8.60882865171174,-5.901386340330653,-9.032075352923915,-3.641563789488943
-10.424180369702256,8.30232623244117,9.417226421634378,-6.004769686618613,-8.289068016190864,-4.83820004392579,-3.304084235698675,-0.27133779837503047,-2.2942187158438268,-3.5019443998809305
4.341338183700909,-5.963927902506326,-10.25451196174457,6.5204099915341125,3.8159091771320117,4.284478574134284,5.584367619831378,-8.16691450067447,-1.6067641390168121,-8.019607143572099
-9.911352482856957,9.0309600424406,6.227496008237994,-5.131871046465375,-5.415357705385938,-6.637864234462915,-5.1516334274015945,1.7695688604936606,-1.4564407183543677,-2.445095381181993
-4.110101601529266,8.185789103418076,4.536624076079054,0.32998087278656474,-7.055481595583341,-5.218639427547928,-8.81744126834005,7.554223821217387,0.7621354696915954,3.5450901478814316
6.812716102492753,2.243439429166516,-3.807834581828402,-7.278380496260316,-3.3567114412291286,-3.1001420997056774,4.209811225399267,1.3593175874237613,7.740134066685558,1.251568469388932
-1.5576478524787074,7.993123670638021,5.11335073526333,1.7055285930419384,-6.032856415934776,-9.007337013627442,-8.93742205687728,6.7207022597147414,2.454563185498331,4.631495743289111
2.7098729643754225,-9.932576927951102,-3.990966416217306,-3.822504589494059,-0.5542546044643567,4.66719003102211,-6.862007052758387,0.01106115787896439,0.7959619076376545,-9.5465261923354
-2.7804025472723763,-4.504244457899711,7.829254042879302,-2.0661086575649334,-4.317402956416677,2.1138776446540937,-9.062552548372233,6.293381145140649,-8.199047399778983,10.05988119958933
2.473567668770778,-5.483924380964686,-8.99563687696888,7.98056719828098,9.247831407930057,6.373131853065405,-5.109260011271873,-9.383279804018944,4.132046826716565,-1.6033069765783967
5.701944373063647,-6.404525693982685,-10.704867382967818,7.299640243006134,4.634094961207636,4.0870077020035325,6.334318657885575,-8.964985180524305,-2.8316272946085435,-8.287102518042037
3.2710264443598103,-6.396837596404698,-7.9050330193839,9.191307319630983,8.103316193712773,6.470690754834264,-3.651363632794121,-7.462828358350502,3.556663555029742,-1.9584056819718239
-3.6054727099479518,7.574235245604028,6.234383899453073,1.1262083356224042,-7.871019540607577,-9.033499706879661,-9.477289504325512,6.000433122091205,3.6643153950005445,5.1712686452635435
2.2334875549041797,-6.719353852103573,-9.503236061743827,9.142751381604405,9.47119031465083,7.343400974668356,-5.513358019595374,-8.122606627569365,2.9243981305396582,-0.32718806703168124
-6.322917123398018,0.23174717065416767,-10.560504333725358,7.730366367289671,-3.6151208291106682,3.5751890074307355,-3.646716399968704,-0.1526551096904838,2.122804767400028,-4.6404982916672015
3.970931850796206,-6.6108798986956465,-9.220057102425326,9.591246874251855,8.168385845226567,5.48924283021761,-2.908343670139797,-8.170686094690026,2.4764680718850984,-2.686753190573147
-6.312972522105743,-0.3445588474064066,-11.731358715771389,8.268050775996802,-4.462103564353108,2.8677505459968367,-4.616502468758376,0.5605256838776045,-0.008055607028367828,-4.430462228680735
-5.725234884824016,1.6934225177762583,-8.825696274916268,8.04934922616194,-4.520498565904578,3.56729802581293,-3.805665230578882,0.8423044434788333,1.1424324490191564,-6.618883274853772
-1.2438668248990727,-4.628455043646275,7.155052412893566,-2.234569556601416,-5.843641415397185,2.585614651818594,-7.437259214791902,6.739513128496496,-7.78536361535176,7.248201640474937
-2.166472276675046,9.471039347352106,5.209646116460306,2.4208782439580467,-6.236904431283726,-5.550957063143516,-8.64180658693454,8.032526673087215,1.932564540576949,5.601568771370381
-9.9316452899364,10.540404436125444,7.806097363739461,-5.924713386822716,-7.098171749534847,-5.375973980600562,-2.731606038227641,-0.6695347158676375,-2.5650132761240654,-3.9501605140555616
-10.614663736473847,10.987638326801584,6.932763874744817,-5.760280690985307,-6.761049352403766,-7.71642782235632,-2.927426624884646,-0.2804777287928458,-2.1409063028952855,-3.1834908861522067
1.761573153258147,-7.873955889784853,-4.398170251761417,-3.106796488449766,-0.3249729063010486,6.123829045345477,-5.41472316568779,1.543972479708401,3.7111604986410267,-8.946328352192488
-6.103560445646067,-0.7977898979127596,-9.06165708862076,7.361137496379441,-6.842660521328689,1.8860051282283796,-4.2142689090782115,1.2996572947622642,1.2807387336848381,-6.162705763318214
2.242143290575824,-5.682990402804032,-5.131167186213858,-4.624505743136615,-0.4235247399389101,5.593118063958684,-6.716549443647907,0.9367690056271405,2.6875165219096395,-11.279269765480137
6.56465726448803,-5.613233440405899,-12.122151362972001,6.456922790826892,4.3490337904809415,3.493276605248343,3.635733476966097,-8.057437662516838,-4.079875766332483,-5.62120160053062
7.590626450573188,6.291713935305493,7.569378724056952,8.175931501953581,2.012951469849853,8.068952923491436,-6.27348150174627,-5.90066873315665,-8.339820739107175,-3.208577169394904
-7.570337893727258,1.3078437073913423,-7.404218726716513,8.445792375018446,-7.48368155204706,3.5477327818396134,-2.831030348670433,0.6259927394122913,1.6607205056003767,-5.945845515029075
-10.360852225926187,9.340233043571583,5.135022314763582,-5.122342182838321,-4.598586850307216,-3.5397009350213624,-3.8239869941428064,1.283332773441944,-3.1417253000651746,-2.672682869733573
-8.16656221352212,-0.6892055271865443,-8.370480722331262,8.71466880224008,-3.9206820069497414,4.589123661312694,-4.071428573300861,-0.7860457312974656,-0.246758030981427,-8.141018454548298
-7.872170009447046,3.018953541763916,4.332647416548908,-0.6235802094373051,6.37445227989026,1.2494688260399536,1.814284860391332,-1.4787496683037709,-9.219700557798568,-6.7722482609696835
6.0540907487845,-5.046859709321024,-9.056397746241993,7.373041964800506,6.268910836192909,6.1970380721686755,5.891831167883877,-8.960853824021846,-2.4642676394237224,-9.608814535155929
-9.348682595844954,10.131251324705884,4.756090638418383,-5.441726927636687,-7.551265895775515,-6.729233055482686,-3.3807902421728624,0.5862222389006704,-2.212639606937004,-4.169144039854743
2.8647602889995114,-7.501144260044457,-4.822214400314442,-3.2563236820222397,1.1663384823717458,5.928690160087209,-7.99028656628585,-0.23552024518184844,1.9451574097167255,-7.225592064349666
-6.457317472463041,0.4186501566571831,-7.504005568546484,8.364996640409293,-4.6025892196687,3.572167059095439,-3.9082673299383384,1.2494475823571407,1.171246810728619,-5.514730880344315
4.754169016806198,4.008921870724657,-3.3673472634942585,-7.189349751652951,-1.9763199661270239,-3.6511649008617635,5.940874620911764,1.6910379999140157,8.177551973740261,-1.0290911464994348
-9.816315840893669,7.991219581135898,7.051120893209734,-4.432221996893767,-6.255486534878487,-7.238558348085617,-2.9571611993292266,1.1586742511431922,-2.3871804713533096,-3.7939915785048193
7.598242444772344,2.228608457013535,-2.979836438944753,-7.626707286178146,-4.2786546403532535,-4.017653907703386,4.182343535881995,2.1243753795453046,8.943137366316588,-1.319550701840258
3.1092297527139077,-7.872074219259457,-7.888373167145818,8.408805891977241,10.408514116468012,6.502504596867102,-4.117252998049642,-8.636583688963142,4.507955524598469,0.06400156027295445
6.057020738081999,-5.926769959928513,-11.519550344167513,5.088182037948946,3.5320419533529237,5.232434809454636,6.043930904793573,-8.76854523841296,-0.4709550193476746,-6.1210512244317155
-8.35574151100279,5.5749774778668195,4.631322909723843,2.3349858064057525,7.684558782868662,-0.8697694506825544,2.920685261220613,-1.4356935223010696,-10.124184766370597,-8.13821256795989
-2.3865273070579547,10.638964586667882,4.962958109344131,1.7208161818144445,-7.171438460066814,-8.443300401972603,-7.955217979488851,7.245685718485901,1.84182032127355,7.354559123765769
-2.6763157033696046,9.160999814631644,5.846387802736459,1.156234012953496,-6.510953882278369,-7.2734484056033075,-8.809582933701193,8.601974778106001,2.213399302884079,4.207888104077058
-8.543686611378423,2.610797377203559,5.136384330583066,1.8002462822103715,5.457994883960648,0.48229895757041075,1.6096699652003195,-0.877901050356902,-9.645670272885813,-8.386489131780461
-10.10515699725778,10.017229989828419,8.040891567595526,-5.642088411137965,-5.0453035886239626,-7.690084724408917,-4.358418605627149,0.2065535154906561,-1.4756590546302049,-4.0913228077889645
1.1094669432388267,-4.761535798785106,-5.560723240367447,-1.723499959843857,-0.4473164987729821,4.529376855379159,-6.130825295711305,0.20593588202759208,3.1538740930513733,-9.784302645880256
5.39864958504279,-5.281156445333088,-9.730375836344688,4.400108917983407,2.74505307444912,3.4959771576208203,5.881951600497496,-7.962254543795438,-1.1603282443603429,-8.697049220464967
2.2140807068365222,-6.347602541932671,-10.26306990377369,9.20252748175814,8.271209391626645,5.3554771300368875,-3.189793230709922,-6.032443996512578,3.7360192890458173,-2.014045583848205
-7.660066702082263,3.1749772255183193,3.981377766043801,1.266619132285342,5.33935208619709,-0.38983246771051544,-0.81147515665007,-1.8437166006376935,-10.157891834110917,-7.756292922375658
7.432576097873768,2.7432849139176185,-4.809169410495503,-8.251044263752771,-4.717967851377127,-4.607396637444113,3.8655214126585977,3.5656374206937556,6.143885157063082,0.09529634468010395
-8.962118774226541,4.4962746735180685,7.050589866747513,-1.5038322986901251,2.7296304656369963,0.6432512800657333,0.6908288970376839,-0.7767959169976447,-10.018003393560504,-9.98394879543359
1.3998702312097442,-5.6940573025793375,-7.861758653565729,9.701510161511088,8.79822389983466,7.078439094272917,-5.068969069012945,-6.969197910010049,3.423789728997247,0.48722028113265936
-6.109821534107556,-0.2746808103424523,-9.013065010507153,7.884894397036947,-6.114768750579302,4.454320428873236,-3.23407974422192,0.4194338969798801,0.9317377375534176,-7.809125760395967
2.509575884677183,-6.1796840013223715,-2.8656381402302733,-2.3657600741208045,-0.5868675902809715,5.917630210146406,-5.517393800183518,0.3398594061436965,1.8476828949185604,-7.874364624772802
1.6180454971685818,-7.722524092035567,-8.004757097349184,7.5291798030329655,8.007128223908216,5.105246686801323,-4.323175099571336,-9.382889609087767,1.7458606208615597,-2.332394319545096
9.145807793057898,5.404754631297873,7.344600494222504,7.259887761983046,2.022905091814488,7.086493665073482,-8.85007362077619,-3.6956977732452234,-10.224712586610433,-3.877207297385142
-0.713955938701486,-3.366284168782478,7.496549594591489,-2.075747730365314,-2.0797921291819668,1.930539251831402,-8.03083250512926,6.289840166549116,-8.773703894631845,11.802215048808296
7.631715953468169,1.5723378173815998,-2.782938489863939,-9.2311490952812,-1.758540560551729,-1.7031319129937514,2.2887528344088652,3.3423602450612315,7.000956699325528,0.09118505905294816
9.100566676597944,7.217598354771536,8.621290170513223,6.85651248068077,2.4546851955261824,7.770285901968222,-8.296602082629537,-7.349191532164375,-10.13207838297597,-2.75573412987112
-3.3411525405472013,8.376003401669827,3.82450320791198,0.906934752041507,-4.754855788134309,-5.548770531287543,-6.917960254491749,6.1006278959431395,2.093553984775068,2.8679439307168133
7.1861369751584,3.8598859504674463,-3.74916854843126,-9.617931777310073,-3.1233329365318157,-4.476358679939727,3.801288944911991,1.9734043234379421,4.746901633455498,0.011165168085958466
9.589399995999967,6.177155665656861,9.181438329217315,8.680196138423513,2.422619536566838,7.173029441536491,-7.960350884403622,-6.644212654122429,-10.204716699696522,-3.7832332774120125
5.450560970348657,-6.253382945677426,-9.372811225240353,7.372429889148192,4.6895836869298915,4.148597557429039,4.813153072011591,-9.629710683783916,-2.6371985815192946,-7.059498711177719
2.802796398901541,-7.174279492101114,-3.8908116728550133,-3.269750165171698,-1.7043874409137874,6.462961401682856,-6.23046378114608,0.20460577002314007,2.128112973185127,-8.805703400816236
-9.695281583942432,11.340442637996185,4.90163114904318,-5.658596741765119,-7.989044689420049,-8.83848137346804,-3.617693087691429,0.6346264287922161,-1.6459365648998865,-4.281611286078914
-9.03729305385765,8.664714976561607,6.348026859976137,-7.380529514381792,-6.176510446133324,-6.376183122775973,-4.644114390842407,0.30611433496228313,-1.1808047466542408,-4.990285344948505
-7.529705600347179,3.5014508155541955,5.548651317063662,2.884202223831116,6.820049974128728,0.24178083739122935,-0.39906745631910745,0.3180184302090667,-8.43237477385648,-9.323015487118132
-10.55858143999219,8.045331154275846,6.7976334508157406,-5.924474091259412,-6.276109226937866,-6.34796384217991,-1.3315814806426785,-0.8350976229965807,-3.35104589697881,-3.8430403625195515
-7.86327640225774,-1.0257863860162235,-10.090135301870196,8.260942041797886,-4.609364555862432,1.8264653532586732,-3.3693967557024433,0.019426560424818384,1.6544671104182018,-5.522413368801599
9.196324765267496,2.5594226446120025,-3.9122159592007817,-9.848485334138788,-5.0494552874187395,-3.8381571249257482,4.870106843796891,3.3736459665774756,8.01027103410325,-1.065909300646723
-2.214873090831701,-5.39899572863024,4.5383392313407995,-2.4014826974275354,-4.332358883324906,1.2628490040631497,-7.00959759123877,6.998174897065961,-8.584469479565687,10.750259366820655
-2.7257448855091666,-4.183805197528996,8.146004918890599,-3.332333845579068,-2.842532515184196,2.957832621587198,-7.531422366793473,5.6682949940194876,-8.8696064937957,9.800228717698232
-5.206084265994322,8.959991261680509,4.408944306019423,2.6693760487541502,-5.030671096205925,-5.753544563728189,-9.10721644719084,6.216997006757033,4.595660038114036,4.220669989935397
-7.094244476587491,3.5793855016805516,6.189408466694079,1.8802281400157097,4.690461953587334,0.2670865218605944,1.7836286788863709,-2.4098855827408334,-9.704945336804164,-8.074959652410874
8.035380691664995,2.3507784128052895,-3.9048250118201664,-8.17518721004306,-4.768411134237629,-2.6283698720514863,4.156560129208541,0.628686383698895,7.289500886016841,-0.6128262446186808
1.4683569918752206,-7.10628509380046,-8.42197380917531,10.681437899763903,8.62576042670306,5.141911714773981,-4.01631109336053,-7.014818739358263,2.2377775634824344,0.2566840256669747
9.330284004425016,6.226536153822836,8.333507315333271,7.509292954454023,2.560052099431827,8.105711306717591,-6.024367264213448,-5.5138977648380685,-9.070530735635039,-2.6734926079758634
6.045022558284366,-4.213598560675151,-8.682739076218631,5.1801125129792815,3.0115651377264325,4.0445120120514835,5.5243282715965085,-8.470850708343873,-1.5904051521861986,-6.3875055036506305
-7.988536146551662,2.8070150763056043,6.44042683248478,1.4723640043209103,6.242404576581576,-2.258039545516115,1.2321852504229094,-1.9588263720329664,-8.907313141179499,-7.320947190451824
5.587828668962053,-6.406467241657305,-10.324148805353964,7.293949417345374,2.60820797160226,3.5185164153605593,6.100140916829406,-8.592006424477347,-1.8391727770917643,-7.324686531373948
3.9178236078357798,-7.212368988716284,-4.975109214037383,-2.54974446059941,-1.4291342838599819,5.086789117903871,-5.573340289561263,-1.3190407067576628,0.40436245474862265,-9.051700865226103
-6.715859269727873,4.316898282313905,3.946491446765447,0.7989596206051146,5.295226488239782,-1.770650256212237,-0.2571526944201159,-1.5174463533060545,-7.479413525381511,-7.47106949980456
-2.554048087710285,-3.8277682558778774,5.038660350418681,-1.7755006679061887,-4.505614617541109,2.307037149452208,-8.084359659540533,4.231151890733846,-8.537933841742623,10.324814799857588
-3.4845636503310002,10.31779406013308,5.304581581561211,1.42024884657343,-5.877802337469333,-7.377680431661154,-9.620331249147048,6.563819798018416,0.25123168177608446,4.632993936339115
1.3270357274056797,-6.941030903013068,-9.468113420101027,8.043705243003952,7.699623847914218,6.2374250785503,-4.47643032312964,-7.08027898063765,2.237264438184197,-1.739033680255852
-8.131931454162736,-1.0382645300995517,-6.855225134445119,7.8851433570014065,-5.00885483865423,3.9282857847975245,-2.169689186017539,-0.14316769337847957,-0.06460968132393263,-7.545064240281069
-6.96784215602122,3.6338428519392063,7.062425985840275,3.187126575158758,4.398137090475359,0.07696617366932756,1.3691588630208507,-3.331762970602462,-9.465386851969553,-9.495349299904122
7.99839538492395,2.875483298414127,-3.8086757464036385,-7.74088924017038,-2.7865335988722393,-3.6506118655616615,3.808568762720219,2.023246087906119,9.109072566858742,0.3949768881574127
5.997701856460034,-5.79498320329087,-10.406945114682802,6.231154511581201,3.0010962790526667,5.113343507576302,3.2910455052372436,-7.550700399797499,-2.0990018697982826,-7.584436883984205
0.43989680225597505,10.258965708935108,3.28880447002008,0.6507117271971619,-6.397761129432778,-6.33284479589798,-8.289443921318647,7.068567121945005,1.8968459748612754,4.489331080080266
5.35552241352745,3.4241051622598824,-4.946358341438383,-7.305393017409706,-4.058352611769907,-3.1120560033489655,2.605963638289304,3.480712592397403,8.160557063603202,0.06162177002963731
2.5863506668017973,-7.481237935321072,-3.1631049897893586,-2.606914636560248,-1.3435233300240013,5.522865845814552,-7.752493389307787,0.1024469440936937,2.5367278971155183,-8.731208723460815
-5.645620232685,3.104789043524092,4.82759333894018,0.08969408135923507,7.0258629975397895,1.5507555878253927,1.9831826072187753,-0.9017824695982094,-9.111115756679796,-8.300212922145608
-7.473428203181036,-1.4454121424925677,-10.801217080333558,8.16567651355995,-5.588169869187676,3.595755243244411,-3.925074080773655,-0.20527414266639377,-0.7707094938633727,-7.1557990153198165
5.346687106294287,-4.67855660174731,-9.430235058475741,5.451431589963754,3.4166426184947483,4.191954713161666,5.041205928948422,-9.03385110213165,-3.9324274471581413,-7.392216672061253
3.661183689301912,-6.835807668862969,-9.137377028331116,8.925228062755952,9.948876489921512,6.515310365845346,-1.2598404029754993,-7.592621831468547,3.2194151010740564,-1.7583068627319203
-8.527422053825518,1.7419751017537328,-11.055924084752869,8.896009062977122,-6.7339831351965636,2.4601143053811727,-2.2047555477638214,1.2327246780322056,0.38798517137841104,-6.821747932311147
10.873176802176339,5.535793929412402,8.789270187450796,8.567106999745643,3.177229713813741,7.0882294406577895,-9.348161666997207,-6.393604189361134,-5.936512437200577,-3.7548619472756446
10.301115851698036,5.385360094992392,9.28877070468816,7.383816452151732,0.4033784524458288,8.439176021747988,-7.54977158197639,-7.404730877224753,-9.560681498111075,-3.7405097856391296
1.8651323219924103,-7.7058076965553095,-8.424037359224322,9.18215591558984,8.989964196491222,6.3164779779707265,-5.062754456940605,-7.2866448766958385,2.687793435486267,-1.802519780511405
10.851003368644932,6.616398199455412,9.442081449850981,8.303353196183865,3.5105486413684996,7.632473709147618,-9.143311515288268,-5.018822965360666,-8.101140840081115,-4.686888970823865
-7.2816813329445615,0.23316373340014407,-10.222256024239497,8.581379323266109,-5.091612391694308,2.5504647868762693,-2.9784033399877874,-0.3756307881373281,0.47753799696086663,-6.230860039302803
1.9324352460928542,-6.637949655921699,-3.6678730157456014,-2.2008931862494903,-1.2620182576282124,5.375885790550312,-6.734853625254546,1.0528828963780805,0.9278025895012716,-8.220955350410476
2.1525528936507174,-6.237492697464889,-8.691814884196923,9.619335977507875,6.745055543557429,4.748121648871652,-3.4906441185239423,-10.090096073768557,3.1540801745959284,-1.2512909662446228
-10.001733884720393,9.430593256923466,8.111107420043165,-6.043671702662266,-5.290958856285229,-4.903149640894553,-2.4808454714571697,0.7798832260303254,-3.3243887749966596,-3.714592330635296
-1.9715677201028705,9.442472376008897,4.359885534353622,0.6941389477209456,-6.364332869526803,-7.714391403310572,-6.654231023255554,7.894030123853219,1.4416519323102246,3.550066308532281
-1.6384004443825742,-5.496987375156311,5.392373245419823,-1.5491842792541464,-3.5089040594942382,1.2396075898454675,-8.419912561441997,7.833205675847878,-7.480118811688735,9.433953130947952
-3.619773468518579,10.766556571621944,5.575557229375563,3.2447247789348905,-6.157955127108035,-8.009161364493176,-9.362848022915784,7.812897476726621,0.8001724259722303,4.874449986093297
7.336753218831645,4.164035902827081,-2.1758810762120193,-8.30347445908344,-3.7966075387422866,-2.7596914970997632,4.961517468329979,4.173775167446837,7.610535928004932,0.4454001978344255
1.51609435456138,-6.128558884396868,-7.052684756710432,7.87761378248886,9.791140393287076,6.7069100349849435,-4.7684626050056895,-6.692346794627238,3.3969534746936607,-1.5807031061209824
3.010457710515201,-8.26639319470727,-4.862911084411286,-1.9161206690192283,-1.7374445939582397,4.621361092032278,-7.18521548862906,0.6367273812303529,2.157449096758314,-9.755037775979087
-6.73003411010774,3.2778633788351144,5.109719718441465,0.34103263039548304,3.45430282562023,-1.0285053017944006,0.1971441870082749,-0.023010326462378217,-10.578969172874856,-8.447901441077272
4.71571633375649,-4.898501293973033,-9.746854581665968,6.026913944595173,4.166428516809049,4.797433870544422,4.678113412642363,-9.908702572682406,-1.4921827109759536,-6.694595066240949
-3.498802443311331,8.888499208098674,4.695603748516796,3.0673612024116803,-8.57209182086609,-5.350559273815333,-8.996335655214999,6.896641845551283,1.0101958596040082,2.5065948840551395
6.462093449231726,1.2248237565998734,-3.7622978057905594,-9.638028136059376,-2.463210388380963,-4.079677033465821,2.213627726532825,2.416716636506221,8.551710273453313,1.0745669546951706
-9.383512236802034,9.80733796601588,8.06369347883399,-6.6274170564486266,-6.475347759944301,-6.784599951440857,-5.083020448100956,0.16675337322795486,-0.25337853117523657,-3.608815047646436
-8.675020014489908,-0.07183580921779927,-10.490065932771936,7.761663651704635,-3.9214838165857038,2.2213160090013355,-4.270090511716098,0.4729917003323858,1.1810924883978595,-6.80220148029502
5.992771601219511,3.5241369562235136,-5.077268509566524,-9.865816654317674,-3.6710765559362346,-2.5486810257499553,6.063766269814394,3.742905945917758,9.296519765881396,-0.3736410088314093
9.01044160561747,5.318490949417312,9.028803157220825,8.860982652867696,0.8664144230445012,8.541061222237403,-10.737975995016676,-6.351874668339491,-8.022727191689878,-4.219535821082031
-7.5619708591955375,-0.4910612645137102,-8.915523886181715,7.9927497612818525,-4.909576460270664,2.387232927618559,-3.031249259787293,2.0564026450249484,0.08653363765055799,-7.699965912636432
-9.054404761754919,4.509636192352978,5.418966971272741,1.6518967812493877,4.544798581690544,-1.1505605677505801,0.16915975850475823,-0.5415653939310843,-10.509351893561666,-7.69104664323666
-7.217404981258317,0.7981956539174087,-8.515919494842096,7.923911181114888,-5.635405607463549,3.9947603294423297,-3.126855455837229,0.618781065992512,2.678516839288866,-6.329336410856522
3.4709226445215355,-6.149385035575851,-9.522323378205837,5.1896453152740625,5.6361923579940125,5.014620012003919,5.107766468872487,-8.095429463690216,-3.4239995910513303,-6.4312389070898295
3.9576706783752824,-7.159867379116274,-9.938797177368583,6.65895533324525,5.196078708151761,6.0561798702134215,5.703094080822951,-8.962300244189,-1.7916681221099577,-8.29726029373966
-7.211896937339152,5.756519500714605,5.100574195381791,1.954813201132474,5.7672287146056,-0.19632803843976548,0.03423499375093075,-2.058394911878191,-6.426091566742178,-9.383219685100833
-0.8366252362150468,9.433305137564366,3.9348669804696925,1.917400606283026,-6.321300278629548,-6.804104201863535,-8.299571764189642,6.402849322419337,2.1916610589002534,2.747737059015929
8.798835846295574,1.5862740510690363,-4.0158311382260035,-8.629010694006139,-2.840752190967514,-2.8189286057283627,4.542723887158077,3.0353192180942705,8.81754458713881,-0.5473080693083283
3.0274489709830594,-6.689610290330883,-2.9211638270675335,-4.692819548649391,-0.290462364316621,4.3928734435559,-6.013780055298467,-0.027018824194981916,2.5100279893377975,-8.84280445663909
-8.225081138951701,9.094570970341884,6.159966696964744,-4.164277457990394,-7.605747189407217,-7.457496916963293,-5.01137546567781,0.42725725094527534,-0.9294679975200879,-3.435741727921328
3.010605509554608,-8.261063953148124,-4.49744751217854,-2.898485765738301,-0.4229534055706858,4.910298030653238,-5.0908705525744615,1.4711043587898414,0.859419029605266,-9.56186464049361
-1.3062388010194,-6.408835997324529,7.504033400755841,-1.8064660205686753,-3.8195463163713286,-0.7051657805164482,-6.498862782940521,7.051136471082724,-9.081193621185456,10.178872587996402
-3.3899517126554803,10.813011146549634,3.904677801464855,3.6293779359980274,-7.1226883900321365,-6.877821657132443,-7.767962596406081,8.595415337437359,1.9114876745850882,3.77320850239937
-6.794480036896466,3.498180825674024,5.781041176029609,1.476150052558299,4.589924155065082,-0.12022964268045495,-0.09199599305355888,-0.2088414284173994,-10.140534737917772,-6.333297664004379
-8.94464136106146,11.475540482809839,8.855321795893108,-5.673568203820552,-10.200156204317357,-5.095077336804057,-4.4555314797963,-0.30635528918624955,-1.759544902147052,-4.622060242853768
2.5463362795742843,-7.422842703890082,-3.9266471486680037,-1.9997929280942484,-0.5840235151189607,5.05668292369265,-6.635723963803129,-1.155016528345803,0.9943710797201315,-7.108923383701517
3.516225786304588,-6.792815770830975,-7.511376322276397,8.828029797151348,8.344984233202666,5.864686184662515,-4.875774412082283,-8.612110482274746,3.8855862368083836,-0.6853450348389526
-8.615947133582578,3.6835079479232506,3.8149845111038805,0.6322639906507159,5.9311951103493765,0.7413645860068332,-0.3147221646089621,-0.12138829540275964,-8.914233240751374,-6.408782388485472
-2.4556073421111138,-2.6994457894934625,6.01325592480944,-2.724216667426657,-4.670171562422169,1.293699720899792,-6.115764371507703,6.652220574007892,-10.539783395870643,10.237600342483214
3.5416229671701975,-6.90563380688458,-9.665094663423499,10.723614377252286,9.833417106225195,6.172385484939036,-3.220547141433938,-7.772342684742155,3.6154411223016196,-2.5233849525159693
8.364770180007921,4.750993712917266,9.41046235521107,6.657375125439158,0.8248035632516006,8.038945947472262,-8.53459302980093,-5.070327034395779,-9.99609396976736,-4.21367336885561
-1.6095977476194996,9.321585649074931,5.452740955067061,2.602798525864344,-7.708622202073342,-7.440290633472916,-8.091034151512748,7.933893180932168,2.0013986409000277,4.27877893922969
-7.016987139278695,4.598236464486605,5.481399309435156,0.8396463325215536,5.167294578606981,-0.9530334769157549,0.959827311110561,-2.80701967198039,-9.407853232122966,-8.475868926911403
2.923833383495255,-6.290714358205515,-4.23549372902503,-2.4422215472754365,-3.0396563130085514,5.282416455698441,-5.001702665074893,-0.13874781490704502,1.111029700848889,-6.793302819569114
-1.9990401541375666,10.286856291126892,4.766193035711302,1.504038829730323,-7.872493192236815,-8.325314857688172,-8.172058084592488,7.9015014391382605,2.599663759970837,4.032792109568853
2.793189031632068,-6.431125570501702,-7.39509399436303,8.649173522978126,10.397829577625549,5.783364518609009,-4.788865925410349,-9.052270700294843,2.620164109070185,-0.5378820964054878
5.900595109515522,-5.149125672625242,-8.018348206034442,5.851937554139241,4.33300088247017,3.3109030445064507,6.091783933266245,-8.335390322622427,-3.0093748279065453,-8.300679322084349
-1.0376113380044731,-3.7266062033627794,8.790936761751448,-2.861561473918353,-4.822939350883052,-0.24055941791400737,-7.549515440622147,4.940340655894891,-10.305432406314198,11.701131313352434
-10.56624894963659,8.785774152339018,4.669834122518724,-3.7264006703920844,-5.500746063905301,-7.161980298060561,-4.196999990206345,-0.14174784156167608,0.1814475842164318,-5.59529436031009
-2.116781655873983,8.505322502490824,4.614304524036107,0.20409377905161374,-7.574340322240328,-7.289392031389051,-9.362416154570603,7.475877787532426,1.199880302481975,5.28248222324538
1.8421352468353835,-7.500944963792134,-7.122118314705193,8.139731530387348,9.564233468752924,5.680077874255426,-3.8714453238942514,-7.58894797793195,2.3144039410352515,-1.203566369361461
-8.23729436159695,7.885668077941011,5.318147684677509,-7.931185518629165,-7.062915195981275,-6.170211276226571,-3.8122965628769117,0.6444705437046377,-2.772156458223767,-3.3722624534251393
5.869155536525265,3.859663444570468,-3.4763413254074442,-7.088136562676057,-3.9013826131641585,-5.398457878035412,4.141729644353808,2.7485431960984417,7.809605213247128,0.12113573000196798
4.7539025730932565,-6.960577895735536,-11.572026553628636,8.15705357222823,4.665246139228676,4.056345763984756,5.392890091326936,-10.305506052821634,-1.6733635312058053,-9.63222920104112
-9.110014710094774,3.36288498393807,4.318603545394575,-0.44330948380116086,6.282049076346168,0.1531499610888888,2.2635108026813375,-2.444498032166643,-11.263768837304367,-6.900852641331901
1.3546729152549473,-7.283215493870837,-8.920571530477059,10.708525938111409,8.646323444946562,7.827217626548412,-3.058887820553065,-7.650286156286236,4.4327805624950125,-1.1832944613705156
-1.1579580324292482,-5.720088843448519,5.230147983339818,-3.165795910837489,-5.322218816862107,-0.504694144213474,-5.237185184689974,5.592291978724853,-6.1976835396483345,8.74300493311177
4.0413969087100385,-5.282029259407501,-10.021259954421101,7.507287402273706,4.970137547715813,2.831845000038113,6.740941357107834,-6.619357012471237,-1.7970819198503152,-6.608758385950369
5.671085045878776,-6.8718971877708555,-9.038870332838295,3.9021999733146755,3.8851186947845595,4.473498771607791,3.4038044302606427,-8.134978566950684,-3.003949553218895,-7.121501913685412
-8.102832744811401,7.350759857469136,6.428124059050069,-7.08589622745968,-8.015743333211477,-5.364953157586507,-3.370530566309907,0.9445621485920195,-0.4400737874266918,-4.655136092805297
8.417197603021817,2.6998648233053077,-3.3724566072706255,-9.335195282949767,-3.389280575151318,-3.705137382714579,4.781534472766032,2.010244495684507,6.542426249255334,-0.5302321529641576
1.3227569004158697,-7.281078928947943,-8.427385940140818,9.987005700846476,8.35419128023638,5.592888766141851,-4.638985589859631,-10.4679374717496,3.826372320560646,-0.26223237937948085
-8.740240311535368,-0.5974530675050134,-9.1834658413472,8.874648992400983,-3.817516789317416,2.204728413117312,-4.71662381267085,0.07809816416872623,1.618698611562489,-7.562918787141714
1.3992348332798081,-8.054825785662146,-2.841285189279414,-2.0260191987075213,-0.7957354737902844,6.17685590341524,-6.0363281386842464,0.8092734513198472,1.5122246807351094,-8.802186811160814
-8.056474678330304,4.657334935954965,5.288901397833334,0.9932330464610218,5.5411956051099995,-1.0728471609997992,-0.20937601249453996,0.13113412056699403,-6.610019656669387,-7.322216130536228
-7.392926707402876,2.673974405789819,2.747410945150206,-0.32861010048968486,6.5565337556198795,-1.0482272172872458,-0.9798456784977629,-1.5379810355000931,-7.26692983612773,-6.750276851473151
-1.5006649413779725,-4.71657687320359,6.140050323577331,-3.3600911142161394,-6.367655551763509,1.617125282440626,-8.18814557330354,7.902349020740073,-8.796599676219577,11.047178529456303
0.9299595500484574,-7.024054354488616,-3.5955335587245325,-2.871432267949069,-0.5077325231882558,4.712184835626022,-6.9723511277287695,0.5214058892986257,2.5268410318619017,-10.945857401101756
-2.7495230212108854,8.639465320648725,5.350838804431593,2.417432995426772,-7.24059335697035,-5.720779789911699,-9.919391084235908,7.939458522442967,2.6154014928325595,3.8519051166069187
-3.5768180524353443,8.871906643177027,4.760174467940001,2.487608517999481,-6.1680123130623805,-8.004751685113815,-10.372441927371632,8.601199737397213,2.3546142468437674,3.4129650193643553
2.4147630589317117,-6.9841972349146735,-8.420582444973528,10.090037569456928,9.767685755733408,7.990339794880619,-2.8211940586337647,-7.523397686470159,2.65859244750198,-1.376682639218094
-2.9266280050421822,9.358340049761788,4.988220575474228,1.0753396175151027,-7.367332564100015,-5.805776588505703,-8.34192763890207,9.398587954847244,3.2024284086057033,5.305744624480848
0.43540523786428187,-4.108167383651705,6.304484798697206,-2.7966130531200775,-4.153670407005567,0.21347168743558942,-7.69873224921385,5.886256482878765,-9.23374221463949,9.340804124989157
-7.051044648252743,0.04598996127746455,-8.350011876296149,9.139094796483812,-5.890274468484504,3.5240916745494304,-5.434645228405863,0.5343811616468125,1.5385098665671784,-7.61663023428262
-7.315285329649179,3.7223948422975344,6.81789135013368,1.5872647286900077,4.242614916167707,-1.8145946727738391,-0.16011452650488445,-0.637618308138838,-8.339161806413252,-7.660773723242814
-6.732945178482147,-0.12187316709619123,-7.843016137968643,8.963916708841541,-5.873529097887515,2.6990128746832385,-3.5395521967871715,-1.264828814470391,1.2705623243362076,-8.064493316744107
-2.881946918993998,-4.666738041481185,6.514340888286018,-2.4812076463972534,-4.8504305143664475,1.299298030161307,-6.039130059358022,7.310571959062296,-8.776498927041423,10.34908216091331
1.7709496949034103,-7.815778420469795,-2.9538942470033516,-3.222317529985752,-0.6003957196383007,5.859098697090912,-7.077278733171308,1.2507816236285532,2.4085722709198034,-11.057282357470466
1.5743664109595543,-7.123361711496516,-4.689943298075561,-3.492029598315538,0.07678825552057045,4.505986916595111,-6.900340787414418,-0.8193368652001529,0.35804385394180316,-8.924577453757442
7.615881389002431,2.262700766590127,-3.350163401737447,-8.907659168681201,-3.0270769077269537,-2.614868097889169,3.4908578673720987,4.516487640367685,7.5040797966222526,0.031878980316654926
10.968050101582095,7.014705082511599,9.382826429543778,8.413158867129775,2.6540419873181884,9.423105613798931,-6.931418019548367,-6.316926835620945,-7.777392931951848,-3.150398270663407
3.6603228155132506,-7.343513109070785,-5.543596449986881,-3.196606304439561,-1.0625889757622446,6.209058104763481,-7.014537580003484,-0.4844735503699181,2.358967515099657,-8.132082913560488
6.130383604430685,-5.721552640865057,-11.417598065537307,5.344702975813362,1.3681179954009774,3.2145165545359875,5.112030672698541,-9.574962605665885,-3.6623520251682344,-6.292048651921629
-2.8198537747923975,-4.184383300459817,6.296082238156012,-3.0944476532218506,-5.086076169502632,0.39318614623642595,-7.191792564421425,4.022594463897622,-10.81075098243576,9.796884674317829
-5.908001331397565,2.941819815847232,-10.94566698909424,9.170314196908567,-4.9806481406773075,4.298300200792193,-2.808515402032617,1.8111052307543796,1.2191705020282901,-7.192487374444482
-8.145883763839434,4.559871037142426,4.250466732204801,-0.034390462761393126,6.601196997083598,-1.3106120951372477,-0.8392971314610158,-1.343984976770068,-9.762293345093115,-8.026389746367675
-3.059771963914648,-3.4432028181631384,6.909958425071134,-1.7290591891132407,-3.9824790750478756,0.6595638164891952,-7.370200548723526,6.4767163934468455,-8.720101022119444,10.957239975208216
-1.7532613601221305,-4.764470082484333,7.626931445644951,-4.462258806650947,-5.276812258373724,2.1402287847737727,-7.617163999636931,3.8981076099099097,-7.056345849790699,10.814674803370144
-2.6608258199260875,-5.2101005428599,7.03128335628464,-1.9112845063011836,-5.69286070753474,0.6407032903351366,-7.2085326681488,5.365069399395421,-9.071208952950327,10.58080803306954
9.257641119094162,5.714160729560476,7.928149979847326,7.1734771635370445,3.0740982419942555,7.888529659181226,-7.047673392511924,-5.473030170948801,-10.642985247278174,-2.9630146928969245
1.4177163017130163,-6.051650790485835,-2.9333134067824718,-1.7234666357508504,-0.35460136007495247,5.796262293639825,-6.503555047498715,-0.6684687364828594,2.211287080673537,-10.244622138146843
5.2235724514115764,-5.265194745810859,-10.118766582453398,6.144212758462947,3.960586605926237,6.123431093771016,4.934192308893167,-7.922810858376658,-3.5790631230520082,-7.332673978072143
8.813810718288316,4.5806350889164245,11.416268086479011,7.803638538704692,1.2743072366124109,9.144071145754596,-8.280943994189501,-7.1661090748791985,-8.612400650137795,-4.346514353810531
-8.566674900256343,10.83456507748364,5.598666278646766,-6.725516031169311,-6.813754043636259,-7.087913822387929,-3.6912282668626393,-1.451396653714107,-2.479027235194425,-2.636219995864254
-1.084056661141549,-7.800344753264798,-4.238981206486476,-2.10908947985601,-1.1472781931842373,6.051192770105272,-8.186313018223052,0.22785191606528282,0.16878858432744637,-10.279295261259378
-4.286948026281528,-3.405989189049347,5.674403215926824,-2.734660497053454,-3.9749666870731657,1.0641012205208293,-7.288295259158712,4.802423329707505,-9.398528044694077,10.73417067523195
-8.047539493043432,2.765244360317092,4.820444046192328,-0.14564144659169131,4.310178662047354,0.11749413687038701,2.374054584755799,-2.8113899174398904,-10.70710189731277,-8.374910849859077
8.750125651741639,2.997621877740769,10.182712950038809,7.540717881149463,1.150807712185788,8.765751745919484,-9.27246019164886,-7.21758728049839,-7.5851250519755125,-1.684730356407914
-9.46139956301985,4.625829776403806,5.508593566128878,0.1809066008818876,5.8924485196408405,0.3322452897541444,-1.0290558314956353,-1.7709236105779047,-8.082571746474251,-8.475351984186045
7.155116067103316,3.0924171457522456,-4.2949682533147,-9.235410106538042,-3.4240143386419697,-4.5728170653712965,4.705773754075138,2.2054718635351582,8.249541081458553,0.8181214860291155
1.689383902773858,-6.204766992487366,-6.344256742550318,8.392503848163065,9.457789357661543,5.223066461205206,-3.825637716905155,-8.826774868009963,4.731461433734484,-1.0496312661765776
-2.357952440948733,-5.6779933802192515,6.686324238090869,-2.4792584492898126,-3.008421280580354,2.0064749318244415,-7.246151046858615,5.49660445041655,-8.737288525766274,9.214005224632423
-9.482127194643734,8.76038835037995,6.591016203630842,-4.625429759322831,-6.249529987730215,-7.125369532814795,-4.840239761287881,0.04492674097891386,-1.2872361927468048,-2.981830660562899
2.255030473815898,-4.5120823301417365,-3.845472730488212,-2.027466175695123,-0.44057671033118356,5.440702404563213,-4.712535143541138,-0.006475002154108733,2.903345926183401,-9.405198743666494
-1.7840172933296445,-3.9929276380240792,5.825075071064224,-1.9083535351105012,-4.6561852455436235,-0.6173220327392501,-5.636228160191055,5.120469041006476,-8.001916585138105,10.16353320605759
9.24480445138918,5.981531437274744,7.967117415525644,9.189973883515925,0.9838422344436618,7.800259002416433,-8.79244914385649,-5.336518290983962,-9.900390588960013,-5.293369955153768
-6.67731567044366,1.7098906791741246,4.917012098455286,2.768781355203881,6.14006847754285,-1.6540028338536583,-0.8856489096851583,-2.046615274950783,-9.41324168151445,-6.96562063562276
9.155622725676139,6.244931700429306,8.0973386061829,6.695173265038186,0.7476509252245953,9.586902776734355,-8.972682052764727,-6.632360235938907,-8.460956071061334,-4.192338792969613
6.048095728264035,-6.038399917028046,-9.636458461328381,7.596474940399863,4.5774165238013085,3.8450759833634853,5.737473982807489,-6.100454216970306,-2.2657149601107895,-7.530709154518403
1.2741448065575345,-5.670712879551813,-10.395550680337003,9.455589681162717,10.110150968369311,5.949388623990805,-3.855351776807591,-6.883062720174941,2.9798090195190805,-1.798602554097097
-3.115897917818047,9.225569820477794,5.839957792654962,1.481267236434527,-8.756179897193144,-6.26039814730981,-9.47369014546164,6.133856256408341,1.3979548451509516,3.976926198265059
-2.171241852609973,-5.255363790415142,5.581395664605212,-3.8541958354492882,-4.013126609245112,1.6117940250977139,-6.376433262066895,5.665396761325333,-7.4156785854739375,10.045102551520772
-9.970762511753241,7.422233743348267,6.07853874822197,-6.932326000797325,-6.32959793217565,-7.522317538605813,-2.9891800400946287,0.40405277229173003,-1.538695621916424,-3.5195250582515785
1.0644860846731483,-6.097959606851583,-8.194710895810259,8.662518685143223,10.02745734997126,4.30982194859563,-4.61457801804693,-8.216536906083252,2.512378033340185,-2.945663162626695
2.938189095160508,-8.122927273560357,-4.013517203816145,-3.4858872279725523,-0.05648946837646762,5.843986203595129,-7.131046036446701,0.3658133516907355,0.9988739075245443,-8.919775524262498
-3.495001431720577,8.730131030269524,5.834641698105039,2.8678168715146044,-8.252486642632334,-6.528629692923745,-10.816553006010821,7.370457817559073,3.9200672516101527,3.2135588386519225
1.2188039930298613,-8.29608595770087,-4.858356573699713,-1.6966244440592448,-2.454909312430526,6.098276616968266,-5.6439812657398445,1.4473368269584252,2.028630067904737,-10.414201136183946
6.844685847383874,2.223982513569106,-4.715668443905757,-8.555592194342234,-5.047905071617681,-3.846339590069214,4.243413187572341,3.5210588520583292,7.783999100713361,0.15028954408169115
-10.07494130227322,9.387991442848953,6.712236208646154,-6.481608099676187,-7.276088854035614,-5.6305199091218245,-3.06988184376715,1.098910102197716,0.15421846716611665,-4.717190432050764
5.823249219985214,0.7538408042186715,-3.2695978435864363,-8.594387624463113,-4.697324333870535,-5.010770380316277,2.6290346707084566,1.9918193559254198,7.381506796583163,0.13606973866863814
-2.025189793616994,-3.688681052418854,6.296034665989169,-3.5277900971279283,-4.716611660057676,3.1602349781414567,-5.989587400581199,6.774936787810456,-8.188919230821911,9.724997267391297
-2.065877168376078,-4.177333409322016,5.965814631907459,-3.1780455746565552,-2.869983820468982,0.967216090457506,-7.252443719377629,6.051580701017261,-5.9636043379894,9.77754623515823
5.2790925590692295,-5.531013603750086,-9.487932945834606,7.171496999699265,4.4242857766897234,5.425508589519079,5.932698312896358,-7.86182195662411,-2.3885577868361754,-8.689408157326765
-1.9326406599969839,9.325536282741858,7.718759644683339,3.0927445953753088,-7.007544782632037,-7.835650033876372,-10.444774076893584,7.526986551365926,1.2659494895798722,2.7391978463232345
2.6816498895207186,-6.776287546870286,-4.910224359916217,-3.7956778115737366,1.6245714752464302,5.2195348882597195,-5.307311918160819,-1.3229525422509643,1.568678657336173,-9.198191129582488
-8.829328418623838,9.846275384252777,8.181233198596058,-5.332681080530407,-4.515391551752435,-5.791892001208183,-2.8529876932205855,0.17161368586030012,-1.3468124152736962,-3.264472792199686
6.3413995689413865,-6.120387487197869,-10.838738190881584,6.208593932173575,5.828117820103887,5.9150893405754,3.424692472527611,-9.288946671334026,-1.8877911935451794,-7.704362887280438
10.563093795503791,5.186494890581888,8.178752561138392,8.522010548598637,2.5412113510096415,7.590665852704997,-6.1738489487690895,-4.265992175227321,-8.49041908097747,-3.0629899620030243
-8.084336015741634,5.378007504729492,4.6700603323256855,1.3463231421699522,7.62229515079904,-1.081341007059783,0.9942310420890519,-1.1606344539240452,-8.963458203020881,-8.12707505761869
-9.705965045686115,9.413224793526982,4.731503929998137,-7.224344191807995,-6.027222766610425,-7.0689391640840205,-2.8584302295288273,1.4619357368953017,-0.641930960802248,-2.3556454087265637
3.9638042586875155,-7.52912704335202,-8.935501392390533,7.761866762241298,7.964213148710206,7.7152579454169,-3.7366851238954393,-7.912878881634699,1.9883442951269152,-0.83820873709967
-8.55886955815691,9.061301916454747,5.802418514549457,-4.8275455769317555,-6.694275551881041,-6.842070616581541,-3.765699051145936,1.2658788422635445,1.0206139045748608,-3.3481810883817382
-7.54772004899927,7.180786102833309,5.487854508087225,2.678495231447721,4.842785041773739,0.34950878318500506,-0.16984321807676372,-1.984490147725598,-8.697875413823555,-8.737764561421006
3.379363528452309,-8.063358423063885,-11.065937097800772,9.053903166515388,10.206113555917177,5.648005124907014,-2.886065888334649,-7.986903154865238,3.5215992505161626,-0.4408349490327915
8.118041214306302,0.143000658235386,-3.6982162750773924,-9.632145261629049,-3.1182140151931037,-2.118495239960255,3.9802708709452355,1.662455891980467,7.861418796960842,-1.7089125085543242
-2.893178518785812,-4.403070844824286,5.775798972885528,-1.989908964134655,-5.1721119285095645,1.2145550108716503,-6.897033037508241,7.7078276874892655,-7.343685260108856,9.208211190556693
-1.3631700480393352,6.176779686800943,4.623268493902192,1.8673509264430341,-7.333263578742953,-5.153883047640314,-9.72565721549178,8.095319092734364,2.378553023570259,5.422970808456425
1.2648576496428587,-6.61190218275098,-8.047126568314054,9.44062352455978,8.63760165007172,7.365441478893585,-3.8210300450470527,-7.30356230893317,5.213761536916385,-0.07942957643336612
6.674131035635264,2.599370375314747,-3.724829403969794,-9.133023607892481,-4.50305970138951,-4.715120182588962,3.955362731939213,3.4087088364754665,7.310209683951681,-0.38878061398967634
-1.73029257532155,-7.170453880740833,6.803871526556631,-3.911044066235715,-3.587216824028343,-1.3383772450159745,-7.809891476414028,6.0029637769728,-9.270778309360537,9.362254331822204
-2.0724586760325656,-5.269106091188592,6.036974684037166,-4.362196555167019,-4.831618799737148,1.348126189559504,-7.14439058254671,7.859003284053937,-5.8961696526832785,9.273520335689623
-6.127782282316568,0.829205150133265,-10.62472592932065,7.0001857800646,-4.46421018363444,1.5523695391600758,-3.1503392269205612,-1.7335614672047952,2.0864389724302086,-6.624611201423058
9.61271778644222,5.502595221594738,9.543352715115065,8.25782911475337,1.0772845451147446,8.966359085984989,-7.982902892582305,-5.468929282701996,-9.199661135404268,-2.681653070967555
-9.230648747452861,9.462703016102457,7.555396973118399,-5.680965738196561,-4.305689478760225,-7.770320969725883,-4.430326039901264,0.36860973569080696,-0.9216469366996947,-2.9074567089360723
2.1879893799652224,-7.31917540854829,-9.726962213511849,9.456829872849438,9.941371209750825,5.980349962237609,-2.5400733125966144,-8.306988306367435,3.381885985117599,-0.5364611428622758
-6.728730114470932,-1.049986523611235,-10.089239807900537,7.496333447632107,-2.8957665671056976,3.7586386262515443,-3.302462757826764,0.7675961767399548,-0.3865878167539061,-4.36472041871242
3.342617340430462,-5.883623330149617,-7.766592898647223,9.149631593974112,8.376490215416307,5.358302502625576,-3.587836648678175,-7.103793994720012,6.4705724442371935,-0.21512818076936935
2.2517519899919565,-6.823956288960774,-4.311797360430192,-1.9588856900360283,-0.7795858661720232,5.181104499482764,-6.573337674635145,1.095602540887929,1.1945493474338824,-8.155588775115108
2.615399203242979,-6.672849726878517,-7.013223948320448,10.21043908713495,10.272148718514517,6.925681076539125,-5.197892030984043,-7.383564017819722,4.060986487889712,-0.5905253968168097
5.851759313147841,-7.205139577054895,-9.475883587188145,7.607740428820895,4.326913136751513,3.862902534187797,4.751875540785601,-7.9428656644229525,-2.2610411169214664,-7.326076826770653
-2.6952988605528554,-6.238816667275972,6.379566231939294,-2.4550634768532476,-4.864804683823412,1.2703521635704609,-7.359024025993938,4.741673377111805,-8.19700205522148,9.531906598445328
5.035731501268354,-6.324788619826323,-9.606790689145953,7.523267933752647,3.602957669174831,2.8783762696609383,7.909987917963978,-7.8475324008045035,-3.2218970431565324,-6.493772090500357
1.8478552170816913,-7.135071306665697,-6.827253515978572,9.332301023671349,9.862391883136272,6.330562585911489,-3.6376750030873906,-6.647933109312907,3.4338058690154423,-2.653887670728703
7.866535942272938,3.060141374457536,-3.06605857132975,-7.667712316736921,-2.980821404619361,-2.7689639462119713,5.9574046897475235,2.779808884488926,7.8020237508842785,0.2635020214596199
3.186315196300499,-7.673907158337271,-2.822002412027013,-1.7341520555006726,-0.3745064837153387,5.857168357156892,-5.687403514964265,1.4717399189386144,3.0718710370001236,-7.7360450172164015
10.09840215707721,4.261444811280342,7.0435879110688475,6.784253852756565,1.181263367974554,8.134218989885326,-7.0572864359528955,-6.628059610516762,-7.414954261611966,-5.173593277056081
1.0462720639347738,-7.270239135371875,-6.662385783622329,8.564966650845117,10.545507452877901,5.699286452849424,-3.0188857969925946,-7.144066064314474,4.637251038195182,-0.8091227831990144
-8.054949881955906,2.9112831515645814,4.188892731473968,2.771882783599489,5.0618953523565375,-0.5327189643381742,-1.0657805581875917,-1.9123963601331735,-8.530715035550514,-7.246619981664505
-5.5003609903428154,3.7818568766984244,5.941869552892243,0.13066398111534405,4.849034743846758,0.6864753187212587,0.711337787930044,-1.6504172095366971,-7.789120904018111,-8.763984043656022
9.269909612280603,6.121008397030209,9.766907734097257,8.066332125007731,3.1223470712619585,7.243513517436415,-8.996238383704334,-4.917855801037456,-9.084511107005765,-4.7558439897433775
8.838911837823364,7.4988261881635205,7.463151692416763,9.052495945081576,0.28718681479643315,10.230537385678943,-9.371699026386018,-5.89067120762776,-10.724647408486044,-4.843374501756424
-3.2489687870257176,7.679675521288089,4.254206205250253,2.407672330032038,-6.639421347205047,-5.626976768507703,-8.048408034455157,8.29309194125161,2.349155635474613,2.7721528257099184
-4.1658208307305244,8.48983799193567,3.904575375546149,2.694649007698075,-7.929767930753416,-6.1226144439384615,-7.467791612639297,8.018725815582702,2.306051258525677,3.17357821502016
-7.4702311925509415,-0.48902347513218614,-9.866873685741641,6.336030356693801,-5.389787577119779,3.9656689551613926,-2.9155329588428947,-0.06975260003508432,2.233691585047355,-6.331614961189813
-3.6590558432967573,-3.2207482262923195,8.010908689412828,-2.752366210857432,-5.1332514274010395,0.32230372670342433,-7.385037898222833,6.322608071278455,-8.813472407914324,8.87935119810917
-8.663099493316565,-0.24867274878020107,-9.04728097649876,8.283696770114934,-3.870650108604523,3.8705322765790946,-4.636188013264916,0.23473331550182142,0.622868933418405,-6.307259376116643
6.468207365405209,3.0872407893803695,-1.853083338388304,-8.16519249045075,-5.590492035575944,-4.129584430847406,4.6102726331243185,1.3163530063988425,7.77545135796531,-0.08638210006250008
-6.695605392525519,-1.420056189788033,-8.666844905938751,7.202459975693088,-4.8169685655599945,3.1747312834718824,-5.383442282844837,-0.4114500660055703,3.1393928870246928,-6.064533484648294
-8.138675118869637,3.9467636312064855,4.42165529072785,1.5218471989476576,4.439001382938832,0.19016664131078276,0.33583109250083476,-0.8191598132997017,-8.762936006370822,-8.159751770989102
6.149092592075899,-7.634535043763448,-8.480942256483443,7.444361574203316,3.584563368829791,3.7545027287426134,5.883209446219035,-10.045213187121941,-2.7959333423202963,-8.490207244415245
-2.4622189432357175,-5.818616804058443,5.732276389501995,-3.7223913758342526,-3.634812602987996,-0.8269756224792573,-7.2287503170678304,5.793655224308709,-7.473448108629167,9.970475289685666
8.244575556134082,3.0786489543654953,-3.2333160027902235,-7.547714146056233,-1.8333480512086886,-3.1304167809367565,4.002251799895617,3.248458533641789,6.924320964973731,0.6864612694182834
-10.092608129896574,8.790373150624262,4.883465228978462,-4.012276299837486,-7.652981243067675,-6.273460322225674,-3.002534818268805,0.9168455656478542,-1.4207539391498767,-5.877083054326578
2.670726040699793,-7.2741031453955,-8.570869255935422,8.160849244851708,7.165508561525155,7.166251530907605,-5.410113598222104,-7.939371255089906,4.017662659692177,-0.8703871093449183
6.741322212337825,0.4304740808138501,-4.658447925718251,-8.368912060786865,-1.7896788765653115,-3.5182799715058564,5.90500086106157,1.694194260134941,7.096616052783739,-2.8959859518191675
3.413283601206119,-8.494494762468362,-4.137079689491607,-3.7407875100173436,-0.9295425947226836,5.477343940179512,-6.053273810735508,-0.5150541198382992,0.3610015840334211,-11.165429272314949
8.551487976452325,4.764933879465448,8.84557097783553,7.55158494105931,1.6446586668745684,7.77263071335984,-9.300980219176365,-5.471199827406518,-9.433258340751493,-2.8743744045873396
-7.118572746292376,1.4041990516854346,-9.788328047138478,8.749117879148203,-6.116829530599775,2.8368449727543728,-3.3890616303424217,1.092622914565021,0.1809731102009733,-6.743702585501373
-7.633073666579869,4.077419256302145,5.235854517918652,0.8126679583699203,7.1995782496456755,-1.394851905910889,1.2044464660336107,-0.7053392437875193,-10.022009056226125,-7.5461207447213905
-6.741353336396953,0.4777024105892552,-11.035914956254643,9.041409676285864,-5.565993007093718,2.8763411595157207,-3.578758370517843,0.9879853061730379,1.3796847615531194,-6.352729220395461
-8.357850066323977,9.925677876267617,7.094691691237682,-7.475474720391996,-7.083955726533047,-5.920552171779884,-3.5047718640223535,1.7097954127776598,-1.5059663823037797,-3.769593109365347
-8.536059428979737,0.096428214110485,-9.95318372404703,6.648125099445006,-4.989554491028037,4.786763260897687,-5.224354886057763,0.5207526739504156,1.7317826501298175,-4.002880204345008
-9.645351280936893,10.582184486436775,6.990678029963402,-5.8132553281230415,-6.965445097793165,-6.9651411996463,-4.765768393761193,-0.0458782331381421,-0.6054337884133706,-4.39730546733143
6.822012819441405,-6.070331910648364,-9.750383568868564,6.590179817954677,6.230400202380465,3.340652763192156,5.920482112549783,-8.476875528060964,-2.8592205902895196,-7.099608050227117
-10.857601219327055,10.93435381609483,6.537533967210635,-5.454132052413371,-5.530342889228553,-6.96215909793576,-3.050906756110609,-2.21241522273642,-2.081089160379624,-5.099480003380227
9.07647043728613,2.2127747263175634,-3.5427913431422136,-8.96214229070292,-4.556664492252236,-3.9694798392706847,3.5532383853664813,0.4572708536078962,7.164032052618982,-0.5322130376678327
-7.424847861224943,-2.90518639013226,-9.901031144315132,9.593507330736756,-3.841961537270754,2.741351036506133,-4.199133919382418,0.9686021303631204,1.869474342109792,-6.836048157229219
-2.370552439342666,7.928159829016912,3.771617874629769,2.0709829770340393,-5.775693644449363,-7.136390417527519,-9.074244285948135,6.916637670994328,1.4875435640198527,4.45642301162973
3.3893491227360615,-6.25526554988877,-7.416540060909249,6.5561413409267795,4.741582876951131,3.9362001928946047,5.668691081115255,-8.531435163553514,-1.7118709973756392,-6.595617922717579
1.5912428572036044,-6.769653130664021,-8.206252720833008,8.673645487000908,8.190811861078602,6.11471329476579,-4.806215103305432,-8.317344216851385,5.027437494666141,-1.4674554293041477
5.149329421462713,-4.836177490352287,-9.903175817274372,8.115285442703595,4.849338654953108,3.613433639287438,7.359498904003768,-8.24100162082718,-0.958937569874668,-7.948714352530165
3.582175068059378,-7.812019947891777,-3.447992639662353,-2.510539917227334,-2.513890585730833,4.78490276933724,-6.156402390354974,1.3969812181639603,2.3120144347979643,-10.238492569480758
5.86656388350348,-5.519268673117862,-10.362139694241455,6.076790220307907,5.405217477747575,3.885707164866654,5.7208397249722,-9.204822836338062,-1.734711104174378,-7.054192625224738
5.981990177874447,-6.052287346688893,-10.702877886054827,7.34654537638666,5.396326906234141,2.9321860119732843,4.5483799798582805,-8.678534611950724,-3.3616111262736386,-7.156664226349466
-2.7077364285921632,-4.444693280463681,6.114513845811522,-0.9464656995984495,-4.997562600479009,-0.2009139470852912,-6.372712740802429,6.975942118925742,-8.4790100048661,9.135595109469618
-2.8443354042242017,9.356623962687943,6.194039256942876,2.8271456604929557,-6.464761690789359,-6.41682106315784,-8.794813087992544,7.88166243001721,-0.5072598428301274,3.8648440968511104
-6.597760256785826,4.873971200348514,5.98479953780916,3.8151496234832702,5.947727088130928,-0.38901032097325683,0.3280120333563102,0.18582210108563624,-10.76080647710272,-6.604211903492274
-4.12692448516702,-6.0664965241418365,6.332035594589822,-2.234402649802739,-3.729943271859559,2.441837095704061,-7.079850382933887,6.280140127409624,-8.759394163432928,9.535912266274337
-8.43566201082226,8.180793249742933,7.116803238140287,-6.923498492831252,-7.477582014091075,-6.962840636669114,-4.857215324383491,-0.052867186096380525,-1.575249937868874,-3.338262709707777
-6.117589119762223,0.1921478535238968,-10.289161398786195,8.31451564356914,-4.231979360612355,3.954253069331215,-4.238190622320123,0.8901468973386154,0.0011776160243284206,-7.346188483600176
-6.845669151525397,0.3268615837405275,-9.474058840709988,8.24194678246731,-4.390936693806135,3.9178401251374755,-5.284773641468983,-0.6760285403427206,2.0415161208049355,-6.363780459420517
-10.410475720773357,8.110591759586825,5.748404354630409,-4.333762105636637,-7.278977684948281,-6.2054505838706335,-4.418023894480202,1.6739945696816962,-0.04993733055406868,-3.3113472139002145
-9.86311241883664,7.196953569788968,4.649963909147186,-5.719188200087796,-5.749729800068079,-5.956453945304071,-3.7475850350082553,1.6573882301504241,-1.9006908478948168,-3.280506640012336
6.05974224899137,-6.500216378488545,-10.309384147679083,8.17164769100595,4.232588954815665,6.343769561020484,3.6021102673161445,-9.149973269921487,-2.4218688484626196,-7.588886229724326
-1.7403904268206718,-5.059644627634286,4.603876470028365,-2.3346241923866544,-4.0828216993882425,1.8672451660641056,-7.206804213376349,4.440776249363384,-8.600617910768806,10.624319296750073
7.960312811877413,1.9324732761202421,-1.715732089900012,-7.040979208848444,-4.636759890327726,-4.721835620950901,5.570331380593604,3.0090328968890825,8.295923058628212,-1.2104566939577965
10.154556116477623,4.230966325702987,8.562217542571412,9.47362183088014,2.6085921961854455,8.175992235886314,-7.81485447770769,-6.765606060087544,-7.981758543404215,-2.3801333201325736
1.221394663567764,-6.671911181466905,-5.526570803951695,-0.9079372503344298,-1.6528702380633353,5.479852656056829,-5.6759110957424,-0.28066118422886177,1.9916973383121541,-8.49563502107992
-8.273089463397437,0.20089074505295662,-9.844585247961806,9.15503182728148,-6.3827568127201815,3.927328507232857,-2.8518887366858277,1.3578568993977527,-0.6316507977887857,-5.988358093632074
0.3332984888029964,-7.693000506250298,-4.113396632303653,-1.4499552119927577,-1.4464081578433858,6.216062856259675,-5.716436457197373,0.328589301395621,2.778824696565441,-9.731832942352625
-2.0274687760709904,-4.478269037178121,6.177300884249184,-2.5914748164469312,-4.906881157705912,1.5573448427322303,-9.197286701662383,7.402683181530738,-9.820653028272474,8.67048370794079
-6.535801847539914,0.810811887017112,-8.80744821678056,7.510529677223332,-4.654197543386123,2.737068199564991,-4.7965937556618465,0.06261741178480545,1.6324711233576885,-6.259096696657698
-2.0833104168597143,9.033433905614073,3.9983919271837918,2.461041968811806,-5.075279081364527,-7.071013385003245,-8.118569814487829,6.0302499576275395,1.0658638580461668,4.633857833801287
2.2644185345067083,-6.348438549848357,-10.398397659901928,7.170448435500932,9.45675702427087,6.957679086961229,-4.57910506017754,-6.376463819289232,4.419596504497453,-2.1052913769159582
10.479103108927871,5.154851302582455,9.92382619816478,7.935826653947811,2.071167035650439,10.551538025814274,-8.714825923900213,-4.852883720462246,-8.615769281241626,-4.0652982769801955
-1.5473681877945107,-4.908809915632107,6.679027721795212,-3.325807371448016,-5.746045120222176,1.807709510252685,-7.265580127774045,4.541327650956182,-7.972037555316983,9.513789814387598
-9.144830277287188,5.849720002278503,3.9995497529780297,1.3858349588199812,4.584800012321643,-0.5123926813218731,-0.5257523577056706,0.22634288773142242,-9.631713007964638,-7.616581641213447
-6.823760865694001,3.459493248818601,5.703430225535484,1.6156120408916,4.613351480306386,-0.5318144286202076,0.027106295285104443,-1.3489541536689187,-9.771656240268419,-7.573504614514381
8.848024811415844,5.532697831743576,7.493540455698788,6.927427664254669,2.10744072883542,7.943030097641882,-9.274749748340028,-5.590501986879204,-9.177704308442564,-5.060943756425752
-0.8782241617852284,-5.569122700911762,6.868515470622672,-2.4521483491591853,-4.191396769682914,3.0823945573675484,-7.48234740097604,4.404451740157153,-8.152540058877738,9.567698747285887
-7.429315659304414,4.144942019275257,4.49945282413904,0.5115015959537935,5.566464439936797,0.8938187195888698,1.0250203316098259,-0.8845614710584558,-10.59777359435467,-7.319339597567244
4.962973168296381,2.3116448291805964,-3.429311124991507,-6.831291299336037,-3.753534845506318,-2.5607474869323985,4.1664238584052065,4.049323765758263,6.799711704192573,-0.05071229564226265
3.0439529647398027,-6.828134554764775,-10.85197757893853,9.264811382467926,8.470727620657131,5.359893533239184,-4.158132610100594,-8.544880692814735,3.6504037111391296,-1.2792806752251784
-8.973204436511537,-1.2184949683975128,-9.677647298795854,6.583368557140164,-6.206686272135692,4.292585579714817,-3.541598993357988,-0.050476304647304404,3.2057800457701533,-7.951160608202487
10.247154419482671,3.108715400878211,10.605936527515977,7.784009944358382,2.8740939782388484,8.377247462770743,-7.738024907981936,-8.401761010233246,-9.48033659458995,-2.645632173391034
9.067390669970969,5.578154476221695,9.811342066183455,8.807760112348351,1.4079062843656258,8.923516302749421,-9.358006205107365,-5.6299285903013905,-8.946958915988134,-3.114414022371282
-11.01247771427155,11.309803110303207,6.007687886611585,-6.018282783323056,-7.266155015845808,-3.633580966994236,-3.673084470521278,-0.35584644803680765,-0.49717607719523926,-3.4062814167291284
4.769377007750673,-7.141621537706252,-10.152560364816482,5.542952365689725,4.017427762321374,4.0882663573323175,5.844487946282962,-8.470151940860958,-2.383191092857299,-7.240234086222845
-2.5184861846205657,9.32126720088456,6.453286534743524,1.6302908223831678,-6.601278556506601,-7.389322955875081,-9.684687476522983,6.738615262080933,1.543541663342487,4.520927353468035
11.097410316669308,6.425753414284818,9.709979815798825,8.26420255534175,2.5571012092993826,7.205326675714291,-8.11853910171695,-7.00910575206794,-10.484394740852295,-3.082440054026681
-8.540106146408675,8.560020560908354,6.048514157001948,-5.1596783541412865,-6.3604405391194145,-5.747286850444583,-3.6773256000509096,0.9747539521963302,-1.7934008129672263,-3.9436862540087687
6.521480225237579,2.7750436606658635,-2.3664274436862707,-7.377598563737639,-3.891362923945879,-3.4289093638322186,5.37139549841297,2.002541092918453,8.481028260028182,-0.7877421780915266
-2.8393177170192003,8.802619146267144,4.012144930143596,1.6851308100186557,-5.461095846003234,-9.367918249811026,-7.561362370547823,7.661546396600412,0.8152785870069601,3.086139162871671
-7.842451143810815,10.120871868128184,5.895649034417465,-5.866809948136441,-6.9069210856345045,-5.068053863834935,-3.652652249957412,-0.28903522571507556,-1.8318547262824671,-3.054229053469257
7.105033026446929,-7.312249446926889,-11.097211263503677,8.1040491541822,4.459848513028007,3.325886837359149,5.296619257815069,-8.754836434603991,-4.518336266689178,-8.440881403515634
-6.863265359823095,0.2564665455155336,-10.36087572378969,7.117537953837385,-5.67009118776461,4.002366686707555,-3.692448549961145,1.2700176642917786,1.937008321185676,-7.028862789788707
-10.02094763041748,11.58392765996246,6.402281761748862,-5.018085673380385,-6.357119114894672,-8.180168333009739,-5.959784144610514,-0.08385558729514753,-0.30499837548769615,-3.387125539403158
0.23707133413729875,-9.308310250230365,-2.835226037135835,-2.7198216749005524,-0.695358405200562,3.9128682349035597,-6.7597132696212725,-0.01079204562854974,2.0561297606049203,-9.469583784513803
-2.8397511633910812,-5.414875030514388,6.687448692085555,-1.9840559950825112,-3.3051483788995055,1.691133521528598,-8.079140476316452,6.102840408400634,-6.943821278234532,8.153004399037435
6.676695571934292,-7.254341694076192,-8.759675249974686,5.722708976472789,3.281913576517838,4.548227061013235,4.308405024607118,-10.416000559815252,-2.7546557424655904,-7.148353039116017
0.466803308681361,-6.000289241367533,-8.667753550624845,11.095083561487009,10.309598143013806,5.6633423668442475,-4.609788178887898,-6.543830039073036,2.2087894331417255,-1.006070189289265
-10.842332766512467,8.399260666994294,6.92148633032785,-5.410992207010131,-7.462180029292373,-6.287340192042052,-3.2839307838374623,-0.6560980248623869,-0.25610242535327066,-4.5529483445989865
3.633341066783403,-5.65152792596283,-7.709368810703939,8.418484947111455,10.388574784191986,6.313705601656879,-3.396169088010582,-7.681125877047613,3.5631734248027263,-2.056952600330275
-2.4132627491033785,-3.398547363287375,7.6967823365887345,-2.2152617153594525,-4.315034740169823,0.4971651773981818,-6.488501780820034,4.9420297701063145,-9.403556973991126,8.286647371225406
-6.8946222791667084,3.841079449434975,4.122594079902932,1.3078729695152898,4.629455426115715,0.35405675282505233,0.8176227310689158,-2.5965598743492544,-7.70664890956059,-7.965120304726734
7.442382959907252,2.5716761021732513,-2.8252039672992426,-7.4105156030878625,-3.003296667320704,-3.7396796459933603,4.507874681270411,2.18765606924182,8.459446154759686,0.03420038233089506
-2.640670218724418,9.840333299639827,4.203114598989884,0.3665925832020527,-5.130043286945849,-5.49865551458546,-10.130590451741629,8.013230720743898,1.5193254643128324,4.424938771251968
-1.4580167088137586,-4.874115808961867,5.674380279974646,-2.6850249397080708,-4.879006612549354,0.6318790945328483,-8.445075445107632,6.261009195728825,-8.271983924415835,10.832461616250031
6.660185558570702,-5.4187116561450654,-7.924160472695246,7.670303544833165,4.875225628638958,5.04876218617574,6.655509116792145,-10.732129076646725,-3.3107424703774972,-9.541099856458116
5.705719556371264,0.8604373062447195,-3.3569849518141126,-8.112344619491346,-4.458401209133154,-5.17650380875542,3.4669518318489727,4.396900524411975,8.241224863559115,0.44438056661740255
-9.086409880383279,9.369380441651263,6.9638246875637675,-5.538234968979929,-5.240073368762226,-5.654915705556269,-3.722293297659055,2.013550663296937,-0.9408310981011236,-2.870454507248742
-10.102398918451849,10.29585281488963,7.905050255422118,-4.565504402296022,-7.179410191006541,-7.485616126561688,-3.4185205258293503,1.1302286442426825,-0.9609300219571877,-6.189480470276925
2.3719974246108397,-9.827235904390374,-2.8231713894076886,-3.386475597991768,-0.5500372004717651,5.4775376825162105,-7.2948757760368474,-0.7858193663631874,0.9132085408133028,-7.985319836416407
6.456926348165493,-6.569080099141225,-8.587377921908741,5.360839014108851,5.609893434463551,4.754515223877809,5.825203674487626,-9.52313157876262,-2.1014702461837604,-6.918690677086233
-8.496203330101524,8.85029173903295,5.312990411839822,-5.029081227119979,-5.0727422317355595,-3.744000829400639,-5.114880405899459,1.194048317725546,-1.7709008709512182,-3.39205848551513
7.2941370267105725,2.514065684751287,-1.6408245714040328,-10.40111090745016,-1.4625319221970798,-2.3180588789102927,4.266330565887071,3.1423822139554414,7.061409767279816,-0.23646828731846686
4.024473431925903,-7.4829366120934555,-8.78180651871901,8.527844444356498,8.89240158662621,7.353855217759083,-5.219686161898709,-7.580088028936015,4.412898637549003,-1.3391012988097923
-2.3056829834871677,-5.163339388452462,7.294541604870748,-4.857325479985095,-3.244733102108255,0.8420435448491005,-5.879868365709321,3.2967074729665238,-10.945216447015692,9.445760172424846
2.5504438790444723,-6.739328244999961,-9.648568384359415,10.476722813300215,10.24149190754141,4.921617484580796,-3.8697608883219514,-7.902505488345825,3.3390068736374685,-0.42509963940117823
8.472965920285727,6.949566412042749,9.929607585899545,6.683517179594928,2.7619477181942518,6.592479636529969,-7.244860725850587,-6.776693202724771,-8.735553664110988,-5.422903074276385
-3.451908753429271,-3.505090262642006,7.179655406194466,-2.6095305661826185,-7.0380838013663825,0.8160274060489099,-7.42271920398041,5.4254439300264545,-7.7547518478403,10.452598766177623
1.1658630365786038,-5.876912225579119,-3.4050606456768073,-2.6522614047584976,-0.8782817041942123,5.14623791824572,-5.736439945485042,1.3727812314808217,1.145134914985036,-10.604383834518776
-10.928798755450387,9.07837076535113,6.793162835443515,-7.586923554063912,-7.197098938824394,-7.01179834266751,-4.711125514659744,0.6870181776664046,-1.5216592366594826,-4.730703298640197
-1.670257122583138,8.397032941651398,4.081577082282071,0.8730154509690371,-6.440125960531043,-6.101173089763833,-8.380554890484124,8.998015348846241,2.016704216035129,4.830193211513421
1.347555062738291,-4.759049051255396,-6.526974930800119,8.624005702811084,9.404359611239553,5.98010414226543,-2.8002253764144305,-6.740912158032275,1.9073967315534908,-0.7209393251423475
-1.7841018362047532,9.53046441531328,3.998397241005149,2.4050922286146728,-6.079217665923588,-6.125818263462373,-7.649414385161368,8.031826762699767,2.3737484424057587,5.231601794237337
7.9219801906174165,5.34628098986733,9.038452049280876,8.355097867338081,1.033636136157543,7.168686787933444,-8.46468255147969,-4.112976640525602,-9.914701734517909,-2.319465137379903
2.7991501565302075,-6.819950594079078,-3.8751064867411262,-2.2963745722369664,-0.6066597247187402,5.651600869084212,-4.495241232722064,-1.0279717925270457,2.8697494812562265,-8.248649446912493
8.796069395692628,3.990833507810612,-3.437886915759593,-9.20705086321863,-3.8140510898914584,-2.371011387019399,5.657487008600207,0.15594174872895294,8.0501041254849,-2.9237139462880366
-7.695792412307559,-0.12026550587032926,-10.243996286541869,8.468625796546286,-6.233063635758253,2.533619079171526,-3.884657241351598,-1.8581928890993753,1.7031971232105105,-8.356065399336964
8.211627272294137,1.2286461494636705,-5.650778998813639,-9.770765663057878,-3.882853253370371,-2.486545214417124,3.701171532578152,3.3062696937587304,4.851873716744719,-0.37539477640093327
5.522781608129431,-6.514956769340907,-1.4211468699121483,-2.103993438786717,-1.5084865532319958,6.0514353059811565,-4.225885757355098,2.1142513645934717,1.2729540091977707,-8.817808049900746
7.577810084821661,7.585466457430806,8.258156556052562,7.279795664401043,2.2036628175989517,8.987887678792262,-7.553287821627197,-4.305924218737092,-7.594717839131298,-4.304326609373534
-6.717118768202596,5.756297723278212,3.7453806998856116,0.22322381789340962,4.790778986093359,1.5159968849811605,0.5175387060879062,0.3728458256343361,-8.864173252560494,-7.95459282368412
7.070235698058247,-6.011521209934131,-10.054885376857525,4.939611103983766,3.7728599971281427,3.864905206901959,5.452606307901823,-10.03193095825336,-3.159275883508257,-8.691553155258593
7.284372593054321,-6.406599878822731,-8.312835456423956,4.8408957127893695,4.592961689470589,3.985431874065352,5.902796864373179,-10.275916810775218,-4.11607590851761,-7.20730629498728
-3.734963286055091,7.5499112479885016,4.864330654788073,3.0202679865528865,-5.195699499693402,-7.338993856144887,-7.7596469232047145,7.285014445997996,1.849672934923356,5.045111493407581
1.7408520187060823,-7.163186488543936,-4.713271598717636,-2.52400240079047,0.661507508084751,6.672018030485149,-5.485730051140053,-0.20819614411148574,2.5982297701856885,-10.757868696973098
-9.547022658496513,10.435355941898129,6.983291330856957,-4.275145888078033,-7.357090171452024,-6.195985235712976,-3.8306883544192982,-0.5741258611103228,-0.4048046250663391,-1.8507438901863433
-7.726154954261564,4.232192934933087,5.925105789479556,2.7008368007082733,6.199344431155244,-1.5117749222904233,-0.6163852477456597,-2.2474802824597333,-8.713941993660798,-7.235465360078562
8.838031106672378,4.589693100916908,9.846602028804263,9.750335267892073,2.266785936048098,8.828500535305919,-8.138829035919674,-5.6428637623359705,-8.322299059431613,-3.0677528718478912
7.827359562398376,2.242717606430128,-2.3378642876244604,-7.381652413789709,-5.076536118403792,-2.380399137930933,6.829407951562835,3.2767377625437755,8.728012145336688,-1.2027980281909265
1.8430010729903192,-5.895497439193428,-7.416859748867898,8.430422861861294,10.04585649911278,6.804489000404889,-2.68911644219809,-8.396748750226322,1.8861600350584633,-1.1267642727852285
-9.626633949781324,10.216963014088702,7.755627334632765,-5.338433324355236,-7.326896997056557,-8.263974961451282,-5.6720238402107475,-0.7738539446097412,-2.24995932519336,-4.3351656940307475
9.515188486291244,6.238449521202006,7.202422083605508,7.517364022987441,1.6875826827596292,7.420169811475231,-8.766142690329145,-6.187827469272723,-9.600117595954048,-0.8915591968965524
1.9623051869224497,-6.668444202028725,-9.073368588293317,8.81546220510817,8.529152533145313,5.285349676185708,-3.1319592312498616,-9.129759403056923,3.365542440545234,-0.18160733893697678
-6.056121549059551,4.590622259057707,5.149115231999155,1.8562906380454463,5.6466331399977765,-0.8632032956419757,0.6997582123546978,-2.2579469351548025,-7.664845122516801,-7.6033945101818965
0.13940571256694634,-5.660327964706459,-8.826476119203562,8.533784250631774,7.829727620313274,6.162359828361038,-3.8741730197143442,-9.349559641687126,2.2113803573494453,-0.7103306450798619
3.0576653703562613,-8.184290215131385,-2.173733429873063,-2.441234653908647,-0.22470770538825635,4.176398432524517,-3.888794353824241,-0.9398681719528572,2.87317781000678,-10.06576346353174
-9.245137490429395,5.179118790454401,6.579298524172248,-0.05128935828614911,4.616554917973099,0.37829610991410534,1.1363714825081335,0.9040660058365546,-8.600708911906546,-5.441387403832758
7.442096523392064,2.8166838217907277,-3.5646124387418325,-7.378972472265021,-3.60360880965226,-3.190733549316769,4.430160516421434,2.6908101516701524,8.962965122668832,-0.40979546573279224
7.277445305558366,5.640055173975171,10.102041175066596,6.555141240419121,2.1077323107297516,9.422916506331621,-7.139011325765125,-4.800541579341265,-10.963708053134743,-2.988462430122903
-7.503482199611651,0.9383643160812589,-10.526273450269025,9.56398537742106,-6.337029142127188,2.4592185104326556,-4.708649313601472,1.778294155144878,0.4431894503163961,-7.465727892150457
-0.8965858641994509,-4.331461381233941,6.122052257447155,-2.280843285693078,-2.2234747341724925,0.20980500267887292,-6.267646597057395,6.234448597368422,-9.958505142776897,8.265864889170428
7.668445612497467,1.3572012233144186,-2.676465843932087,-6.8905775330177725,-4.474113104218224,-4.387335144159149,4.622187318458522,3.431448921643843,7.66934151976227,0.5787237790368958
-7.385311662673433,3.158665462806294,3.495120573104173,1.3761003818492255,5.125543706658911,-1.017883696061105,-1.2273934003677975,-4.124233661064325,-8.968058234332993,-8.097236280407039
7.743848553318495,2.8408301122952553,-4.645537712069332,-8.63404704823825,-5.0798387126560405,-2.326242227433407,5.823320747790476,2.4634759253714344,8.80921646710374,-1.3119157554096839
2.21384213457076,-6.9648126959675905,-9.078699265328249,10.054375396568938,9.488054303317599,6.515013234529499,-5.365029385518122,-7.623099388041932,4.215083994218375,-1.5952887478967257
-9.242192785286228,9.890211323806785,8.713072950860846,-5.595122910567667,-5.543760938599893,-6.527382446517297,-3.6179279192241593,2.1623854743942914,-3.4850924452833207,-3.7618009384674806
3.018951692256543,-6.092815914011778,-8.590988327409367,9.448463986614453,8.941896441197013,6.188639545183481,-4.039424870392497,-8.63804597694324,4.87383331334814,-2.6092087526257735
8.601163986237196,5.825751888540184,8.34944356879887,7.206780783744837,3.4307223175974224,8.985014927955563,-7.586511007054407,-6.471941270229358,-9.281432568872544,-3.7419700520858243
-2.6244218556049477,8.629343239788241,5.180787354789091,2.849338851131965,-7.547972385998071,-6.941185264628323,-9.896768390277662,4.825461898005764,2.2227598662779045,4.770356912175541
0.4950039526757595,-6.135019333150224,-4.498411543955696,-2.9264728691925646,-1.03780202724592,6.7164621125300545,-6.1860541908087265,2.6287425471048587,1.982051951295079,-8.009206978641725
2.226118842487504,-6.770279900486335,-2.480683611451563,-1.9467271348968322,0.3802858900835411,5.798200617331003,-6.813740034317245,0.22682260905789153,1.043539563521712,-7.512696788827597
-1.2411381325722304,-5.065086854557054,5.379812357087988,-1.6894094947722949,-4.292606223144646,2.7408309490772664,-7.648038426737962,5.599009315514362,-7.504196284185475,10.74949138250939
1.8583022881211562,-8.578551722425466,-7.762994981028792,10.072644800708595,11.150582691483462,6.590090654524484,-4.156448040615119,-7.211568292493736,4.5344808955620435,0.44133105792844884
5.135816146989641,-5.644472494931735,-8.439593466665597,7.134767492264111,4.303957181799123,4.4077962916201034,5.9237305211897775,-9.051149572608763,-2.3322110187000953,-8.380574300493455
-1.8291074796714888,-3.014853009509136,4.915952086086569,-1.9571694681589604,-4.587891836572186,0.6732683791803946,-6.6671990659719205,5.272555583666638,-9.684006263333227,7.953543959979668
8.4483118699954,5.68550512219823,9.8883611606811,7.376331982658221,2.634247753456318,8.403695004882174,-7.0397479705362604,-7.362793491285719,-10.200030850556892,-3.2138542157919017
7.649323329039923,4.30684003031822,11.194603323356253,8.494715142505731,2.9095645012798066,8.356955050675904,-7.4714361341297,-7.846907259137344,-8.057155810019639,-4.313237503294612
-3.6366937220057887,10.142195121451891,4.794372501823353,1.6366170940625586,-6.899500826519581,-6.987374359086888,-7.618044860218293,6.2468437880276895,1.2597809957175774,5.197754447993389
-7.972029147456715,-0.3943359210607601,-9.822267752209967,7.7275028774521495,-7.271895510349322,3.152479954982885,-3.9056571588174926,0.8900219608166934,0.41106184042406657,-7.073947203630481
2.4284217225050617,-6.849195489761699,-8.311110596878814,9.798287556735614,10.315450413446328,7.853817114550744,-4.237165721257421,-9.410590884711636,4.042895124257591,0.6868609059768291
-8.200467513782444,4.169334075189489,5.680930525421434,3.028489614228641,4.048912697896412,-0.4260260585885216,-0.9735124930746262,-0.6592280421851652,-10.138511645758484,-7.945475179858104
-9.404629628327328,0.7245202946423145,-10.395775770144152,6.522225087004616,-3.798238153155464,2.2310189533040474,-4.538295953896174,2.3757335786455114,-0.7255297745159781,-7.559196930896384
-6.654577821194582,-0.5657899790921485,-8.096177852467191,7.439417663368462,-4.22396729126866,1.9456599356211128,-2.734648043531257,1.2773508061355061,1.4025635098293225,-6.69619502610327
9.72893146779215,6.144459919064797,8.759727460972211,7.103902014372334,2.718570033248251,8.470888568670672,-9.67098633773259,-8.215637501696783,-8.797557046328766,-4.322867183612416
-3.3805674330051145,-4.1128435693029965,8.169533979525335,-2.1149387608370622,-5.788327186988918,0.238588619196052,-6.2019172589279385,7.625049832989395,-8.280275801130163,9.158566197902553
8.159753804809112,2.858934149647977,-3.440753654639131,-8.687917585794928,-3.6948414492096426,-3.5541375822561045,3.9150089014289486,1.5480787882400366,7.886532000086153,-1.0550017188635912
1.5717108968818363,-5.766675453037812,-8.483305352808346,9.413393856991169,10.553606260229719,6.487770024943287,-2.3688773260632425,-7.1352954368344985,3.1612081004086807,0.09619794981329832
-6.712407657873739,4.082779513615519,5.816832108333267,3.1460323418527736,5.590744706383095,-0.5227306628275437,1.9986162024745664,-0.7820706408998048,-9.942104315763645,-6.107044859879208
2.4332747892282818,-7.50581057325873,-7.6595267480638185,9.268315442328458,11.295153725189063,8.560245345998979,-3.144405165099439,-7.978132408664418,2.7385960181175686,-0.2922003219491488
5.963663430564273,-7.640208892837943,-9.340158823860701,5.584103214678946,3.1032955669968674,3.8513071071915204,6.952945791863275,-8.185689043827914,-3.741121806865473,-6.907278957189298
-1.8048645060747135,-7.825048797193669,4.959913411494149,-3.3257446728453495,-6.965437725191619,-0.48412961309244307,-7.05863694037808,5.955455962989526,-8.206332695760311,10.186959710739197
-11.288937363735329,8.663453829767176,6.45436133114366,-5.087339962728087,-6.174869574290008,-4.723842555758595,-4.95075919685464,1.3761875247021906,-1.3138008840289572,-3.480748071920577
0.7638512645723232,-6.858161712751107,-5.333805215066543,-2.0436777251121656,-1.5013308966630285,4.652190209836994,-5.206859841485231,-0.30223383717286234,1.5323274258881514,-11.290980833156421
1.6998936320592697,-8.693928641992485,-2.4791411923269395,-2.5654772680295874,-1.172031717972593,5.304094446874256,-7.519803825990578,-1.019860131311877,3.133208162115933,-9.544874615385764
-7.552778657364357,11.39029145073734,6.517741477327953,-6.33075205045369,-5.666262609467674,-6.679434745450182,-5.071710357876582,1.7763672861677375,-0.14465223988060516,-4.019905592275601
1.546758751277149,-7.5799438882935855,-7.534503447782197,8.819521365244468,9.831153495093842,6.578867956210992,-3.2697926564772977,-9.603094654073946,3.0993699989267673,-1.521425282704398
8.563625362065185,5.833386502319754,6.877300429818126,9.219556277261015,0.6598494005842657,7.317025718023872,-8.114857689391417,-5.87618319137505,-9.168202820241024,-4.60352132571701
1.4328639558564924,-7.1892393721855505,-8.847390787453609,7.847822657163915,9.267954260050997,5.77920166865772,-4.377769801687455,-7.726051307273684,1.8640010370438336,-1.4260402285911267
-7.98496030417055,5.397619877304029,3.9260224180137144,0.7759287176445784,4.335811596446462,-1.3144209978165355,-0.018534600644264154,-2.306749375985016,-9.765524488209758,-7.203331399102109
-9.321740570112492,3.431590588540651,6.868912287306509,2.0106330521431848,3.7977043639098262,0.34592295981630156,-0.37725833364085404,-3.5456691210793716,-7.834408463236113,-7.766845642187
-7.222032922735716,4.952360196649943,4.698818620636481,0.7142531746409301,5.460790519230807,-1.4706131223349999,2.2399704334735366,-1.288401487520427,-9.692558975883342,-5.756644487761341
-1.7523462048912113,-5.290936394638111,6.060623004892642,-2.9073575007114547,-6.346858800692507,0.36710151976590033,-7.17702586927132,7.353458521548032,-9.125534672473155,10.549876843124819
-7.270668117243049,4.121663060563105,6.596078635295377,0.8530514387714088,4.004270600377435,0.9317854628854847,0.7068664463216977,-1.767856814182238,-10.135362748553431,-7.3313879169597405
3.0664268297535093,-5.325467355747005,-8.28129303964245,10.45870314918416,9.690280233277829,5.948888374304612,-3.9143285270159516,-8.070401488008438,3.1652692081525946,0.4349387231622477
4.96262058817592,-4.825916591613069,-10.636441163059182,7.015029230468718,3.470733166290925,5.128597856044619,4.410761147024544,-8.543220808489611,-1.508593838953719,-7.567613609355664
-2.536502162562682,8.081018169125125,4.196596585036591,1.0883669699138312,-7.052573251074693,-5.168401113133603,-10.210228899567367,5.709961517621962,3.493470562357784,3.952127878769043
-3.2373323484913983,-4.88278854293836,7.264079369875926,-3.9846943745432535,-3.2253617987673344,0.5005357636137371,-5.010578127586633,6.1126174408745575,-6.803644383752814,10.935417956543855
-4.207501383283581,-4.810496701065657,4.365671130551142,-2.606195271407257,-5.6389393296301265,0.013341915084741918,-9.461931473662448,7.6940418288893415,-9.971902013382662,9.37373749746245
-2.42330461675942,6.794985755450787,4.410079205652908,1.1217632496804184,-6.704415772242758,-3.8948505906725366,-8.470846091161706,7.009993229326305,2.9441017368414277,4.644139443130122
-4.587009442908947,8.69398832366168,6.283256992032635,2.333817575376527,-7.743120796116204,-6.91131308221503,-8.820310884591564,7.796153261342109,0.6554418715833492,4.754018829768239
-10.643014569049871,9.330966736043754,6.5662602406571455,-4.983249055099254,-7.138463479921972,-4.963815566116425,-1.9482381783009919,0.4559846056764154,-0.11138920697336663,-5.231914266664422
5.951210167049767,1.3698257810342978,-3.971483924616787,-7.5200650534318925,-0.5873462802704483,-4.219159523590179,3.690070169463019,1.583156217191821,8.195044280602362,-0.21148058492306343
1.425229435145746,-6.626735384917944,-9.376330369016179,9.187065075254282,8.763257277541237,5.428436391035168,-4.587691311464612,-7.543228946026755,3.5879111249127824,-1.6253718552080088
-8.333164325709047,8.900524519810846,5.380716011033123,-5.921476920922019,-6.295129089890329,-8.078376528510358,-3.5835074736834827,-0.5520289360455073,0.3499291820331025,-3.6514566839624267
-8.242925788228675,0.10255931498813578,-10.724812760239693,8.489424334050605,-4.147851607596711,2.669566548902343,-1.8437415386052334,0.4189817345330696,-0.6271373962342957,-6.584153795826129
-7.007387722461913,0.4825831001632407,-10.900313692740006,8.179743541185381,-5.0211822013823975,1.7182632709981849,-3.749794711489582,0.15093320611945493,1.4457312589834803,-6.2216638132496564
-2.0060713864683186,-4.9494858916039455,6.346292839949919,-3.0241857729420305,-5.180924020029323,0.8126768338021546,-5.738780970959198,7.373394493991774,-9.263323036728648,11.01363611656104
-7.9338976121766,1.0283445089232799,-8.464232043732782,8.362503529806492,-4.789341950128548,3.3014134046793218,-3.0858386053770346,-0.45611592298677195,1.3601887086506297,-7.223501833959049
3.63858548443228,-6.0278064983357265,-7.6512665714168,9.342871377541835,10.137524699219972,5.294894402651994,-4.399135033222149,-6.700077124316292,5.244402477527101,-2.3440157249270497
-0.9752250957461921,-2.764410054514944,5.3274752984091975,-2.4697616810914385,-4.699001196452829,2.2508902298807327,-7.046655282326828,6.0364639103399265,-9.25375643856432,8.205958692917932
-2.7377975383927686,8.019936753589809,2.077545177432791,1.782141921340563,-4.467011769538354,-6.095505305377923,-8.857588136370405,7.060632086290435,2.044766127676222,4.708570671096119
8.678136064352419,5.747326816293249,8.988001631861854,7.88032079984868,2.3397262230095883,10.201022202904689,-8.825202665252508,-6.037259009414975,-9.743302674339795,-3.198695023909085
-3.482576461079785,10.021419464671482,4.97602379925433,1.7456934239873243,-7.703562678123269,-7.599219044725133,-6.788515660850084,7.324205734456186,2.8044302363956346,3.3705521742533557
8.075602392707271,2.423154358329667,-1.9897284299776072,-8.495354665968724,-3.666653382304229,-2.799290535609381,4.531228244835419,2.8014109936201517,6.956962855727607,2.3777014964500363
2.3144216247316867,-6.320859362200187,-1.6110524933528452,-0.9604584466885666,-1.4011212450689174,4.2524152413935346,-6.412675773406609,-0.6622939973451156,2.2996389251054823,-10.252185285029544
-6.692522933945582,3.079787142525923,5.606900007917182,0.940277425841272,6.022099418768045,0.6749502955603783,1.4312098973353344,-0.8506186570934531,-9.240934200292502,-7.558008889436543
6.413597906639022,-7.59526640150161,-9.443536109295863,5.216831843400147,5.64413124425742,4.303989663041592,4.946295279133487,-7.990852518661534,-3.837985913635289,-7.107072335603204
7.256869280368575,-6.998447298966425,-9.865391518802715,6.525198278822376,3.7384756941100377,3.9792526451946597,5.056145489345453,-7.953773632565197,-3.17774258412642,-6.057073122197877
-1.935453202048337,7.737981711659986,3.3515712187645637,2.2658851660825854,-6.73410599338303,-7.494232158284262,-8.69734505702395,8.912149843542299,2.7177027094144743,3.020443046168171
-7.65227073324909,3.587141958058743,6.213043533963301,0.2804146321272418,5.699108339728613,-0.973296090039289,0.38848553973972977,-0.8063168710195229,-9.780468772759724,-10.918367584579737
-9.988528270777913,-0.256564211466646,-9.054414872440644,8.07133723669253,-1.9572935508116873,3.629296916314615,-3.61863665891308,0.8309517268703072,0.4928865824654953,-5.37343182739592
5.376200816246451,-5.179696681959507,-9.845523330797203,6.8394361759680296,4.612713670679088,4.26097314366494,5.94133093640032,-9.484050591342811,-2.436411111035992,-7.756716465909079
10.176320468249521,5.502237263276598,8.851915852801433,7.671686644670155,1.4586427440669634,9.331725571782265,-7.487747891117413,-4.035062833951045,-8.484889923399987,-3.991807706542176
-9.38272803815401,-1.3468903428151904,-9.48863663132396,8.540087637081347,-6.182032812948568,3.123656435413699,-2.612009939123214,0.4700118806304999,1.8732945304967235,-6.895025010824462
2.6937607583869863,-6.616919817120674,-9.038987930917866,8.902773173342943,9.341489556284372,5.862965662480891,-4.110856662856015,-8.450151056859232,4.541325650112544,-1.0029291207021738
-6.394567235426433,3.0516030664710474,5.9118386507487575,1.178011656350703,5.172558375715347,-1.302393743106517,0.6646769317185812,-2.4580764830198025,-10.1276783676668,-7.982839338544984
-0.4923464904761441,-7.204917525064216,-4.616712328053118,-3.7360218206574443,-1.4318413174990798,5.129816083567621,-6.054510151683387,-1.0826376930127233,2.1645651575005633,-7.704776960394257
-6.952568789614544,2.3539939363569045,-10.327483851041913,8.356855091988608,-3.7139030889080846,1.980793420978339,-4.245735247296805,-0.4587983557051857,1.9188822816901392,-4.9773883201353994
-1.799845108597433,9.033744383717204,4.501366591620877,1.5492796416183794,-7.1848160366320215,-5.833197798787808,-9.173571838504037,5.982458202197135,2.765952010404349,3.956574892056192
-10.412922123848974,8.339396894992067,5.933339830523207,-4.631718574584548,-7.024525710485482,-6.846848509364596,-4.371852755832492,0.8341221464541769,-0.9048501386291523,-7.220073735282323
-3.197347968230474,11.26672193354263,5.621644323219695,1.6483383004321095,-9.379032906024843,-4.589167020685204,-10.227900223399606,5.678124168541811,3.044870666873816,6.601203962260182
2.817558946216557,-6.2626059334926145,-10.375433778913612,7.6902668927991735,4.729391481032775,4.397065838415943,5.649087757581596,-10.20613000303692,-2.1693333842827403,-8.078157730090178
1.2399975670843273,-8.267374248979266,-4.568280424848953,-2.699509435299091,-1.5364988042340215,6.744161670659941,-5.659134515124251,0.6907738781466616,0.5817525482958781,-7.903701028216265
2.0184714530854295,-6.504719797228026,-11.219406610913474,8.994418129804641,7.485444724019927,4.946996391330351,-5.2430471552880915,-9.089140873406148,3.1358066706108847,-1.6834427407534585
-7.016314796588983,7.148764589039122,7.257588405132853,-6.310348359006708,-6.949915804746761,-6.951681931185202,-4.823924811617219,2.179653467248209,-0.5188023001437825,-4.152221217481786
-9.490143503624578,0.39047475962533107,-10.12548889843414,7.796564987158049,-3.366529800048186,3.1164672130708424,-3.764043542337907,0.9110276990198137,1.439539530739625,-7.222108656867242
3.796240184929941,-7.25889905145978,-5.403500527834799,-3.814749204818847,-0.5305050238719358,5.312219337961896,-6.103178266450946,1.8974690009692718,1.1490473130117747,-9.011028887904338
-6.485689767808299,4.144365100155559,6.645274333713287,0.7767764513656177,5.121323095431719,-1.2573521017478726,0.14321603830339613,-2.6892986502286633,-9.0889560092719,-7.73436224834268
-1.7558560019482177,9.395444513081099,5.929631590310847,2.6463510352106905,-7.018083175135044,-8.104407829565313,-9.047351013922036,6.473002461289403,1.441776785059453,4.750029960341519
7.249625999329202,-4.629034566163201,-10.520438322660922,5.192068962279036,5.19012433387756,3.210494181281679,4.757066355501508,-9.834236706824479,-2.8247776196336414,-6.217433666125277
5.9476102582356445,-5.081555113536318,-10.553458403508367,7.686915456375727,5.425577936489673,4.960625328337686,5.137412385833866,-9.742636183967932,-2.602027654910353,-5.997703629829341
-0.3278987573383827,-3.1468865449270815,7.383642428408727,-2.929382744966371,-4.875977864152777,1.6116729784424437,-7.1561208480045195,6.103644054453166,-10.06020273928561,9.023208349784454
-3.0354454795701713,10.40262390640677,4.254857024515237,2.3561586686816605,-6.738370051063807,-9.010676073083147,-8.070120540004273,7.538919420954991,2.530568874538765,8.087689262357236
-7.958180149209541,9.768537310568732,6.059599085213368,-7.006619504729495,-5.967586434899943,-6.449081807905699,-2.3410083547768368,0.1492213519779294,-2.198480416840152,-3.2796209778032326
7.651465974090849,4.631712916557551,9.452732289037996,7.594416623432272,2.333819901960144,6.407209549114999,-7.776635109864237,-4.98386119441781,-10.871212511595493,-3.1218294783779132
6.577258362615471,3.810646911998337,-2.7693019790693434,-10.157572956806316,-3.534826820047092,-1.8398008139053592,3.9942062170523727,4.4094749697045525,8.12998839522,0.7846562571876521
-1.8686287905879821,-5.359503168778677,6.598407695228913,-4.000152590806729,-4.197697635632101,0.016171710761028746,-6.253220888471003,5.533698993309467,-9.333691035539129,9.624906743698867
1.47938643272769,-8.431012235590629,-8.713715858311252,7.692145151355556,9.27846877995686,8.283717771892206,-4.417069712863295,-7.851783714244254,4.59130891605242,-0.9166588332420661
-8.731441920960037,-0.2679709566658377,-8.14588986613438,9.095537394175194,-3.608106482902379,2.659665109705413,-2.9814903524840735,-0.6616099734219154,0.6583316310490527,-6.484666700269652
7.0570097550731665,3.6549655024396346,-2.803756992820464,-8.113880943639133,-3.994881489960751,-4.890566167331198,4.936957876134891,3.100233029168035,7.168811778116465,-0.6524363367160233
9.745542556879553,5.3232716609052435,8.817999732010573,8.77531938713578,1.4991939996941936,8.158843858303756,-8.151113514347777,-7.300157430786438,-9.247351446836994,-3.557136702068919
-7.461627161976676,-0.9990815891458296,-10.88162699883224,9.726430227500002,-3.593099829708979,3.956403094387095,-4.4420783894464835,-2.1156351286553012,1.698884762300828,-5.936224115634384
-2.2985348849792624,-4.465832320961179,7.842400623844767,-1.7922939169270067,-3.6283988525266047,2.883131643635268,-9.837753875781573,5.583881040754765,-8.520259745518967,9.065509258049373
-9.137814390305916,9.136438753018792,7.204794267654278,-7.658162240445115,-6.797374118837177,-4.6097547051231285,-4.682222596209546,-0.10870966484842937,-1.8090609656076602,-5.390223331927805
6.4103314117360535,1.075938814978128,-3.6906931596701322,-8.993108597129387,-4.100531487428488,-3.886530863843128,6.285012781621825,1.0513429036297528,6.89938080087868,-0.974285195465756
8.98901999534897,5.4194348878192615,7.488653547258936,7.679014230179642,1.6475160119091128,7.399892828972678,-8.348117543130293,-6.621511848402598,-8.599868079279533,-4.378720945739051
-3.300079414747316,9.048294224426469,3.274857040801466,2.6746644658654466,-6.360756010711148,-6.384304572248376,-8.836708725279069,7.7382958062874945,3.626639343172772,3.876357298878895
-3.273862256626411,-3.5348726685019924,6.507097406439807,-4.483310031795677,-5.913690205222308,1.291555093237946,-8.457321693270266,7.903587108684409,-9.446057410763915,9.737378006653069
-5.817574639132137,0.4171394362000995,-10.041875979757211,8.769458772539528,-4.861681586019252,0.9024445526752962,-3.3037804545086877,0.5180110735718233,2.0906233583630316,-7.053004546977765
0.42984991239910353,-7.571933766735107,-9.129382848981693,10.345899768815244,10.213784292020412,7.791808374651364,-2.2540894005027283,-8.581308524463237,3.496173670484308,-1.6082300495385113
-6.5011296851083875,0.2583783577957012,-10.724911644702544,7.490179661203463,-2.4882542684000377,3.6083000881842953,-2.765998898694258,0.18931611118922528,0.39426367214625113,-6.275646381854984
-6.907759352776897,4.3729078044110805,5.692763103893243,1.8392678307365744,5.585533670122413,1.4578181039434803,-0.07687946723456351,-2.2682712379426526,-11.256586268582572,-7.093568169133312
2.6537169549961837,-7.595681766921648,-3.966183297540531,-2.5656178043885975,-1.1028412712074669,5.492684509205692,-3.771096922075845,1.0939996722035334,4.328942294752993,-9.567954878520545
-8.375371793155514,-1.3217694712895582,-9.641273872938017,7.039156050400991,-4.988143115290876,3.4908569007482964,-4.591948432600958,0.8267690529748011,-0.4271522843821107,-7.41508828788575
5.0876467558691045,-6.3425933662691065,-11.241423218588821,7.035041158195208,3.70842279587176,2.200365139144613,6.120535505264248,-9.155275746671048,-2.935586852034314,-7.005796229641547
4.605519643364275,-5.74665210872292,-10.882394074699084,5.236178421222858,2.7002481870765287,3.805569795627312,4.675519187777035,-9.802369138992196,-3.0809691654601807,-10.048599957229412
-2.399802828447857,9.740052752097014,5.120888067964815,2.1970537082198636,-7.670101646596582,-6.4086412361399505,-6.956303260160976,8.66894296165368,3.6154868615035727,3.6502358794897236
3.687857360756329,-8.327264548163775,-3.895481765714866,-2.426645427749582,-0.9328549185234284,4.4066066145882905,-5.135706804969342,1.0281994386068292,1.1727228486496335,-8.363504538394682
10.968150557446807,5.997161096974693,8.513098406757699,8.005894026575088,2.861287697319896,8.623445954023133,-6.108040501728061,-4.944475235221571,-8.607846854228118,-4.430379258243197
7.446249045148325,3.1909739827720207,-3.187104592595133,-8.714917055427707,-3.0451931587257244,-3.359733941116091,4.355528272618838,3.2194196822511976,7.70903644595931,-0.8372149539482163
-2.3141726390246236,8.256004059310731,3.509263501290575,2.595880907841001,-6.250097606929459,-7.684425352935939,-7.942972325873411,6.691945186333371,2.275465472902157,4.981795568533365
10.360427128712962,5.1185655490114925,8.652470086853006,6.802557802601613,0.2649267223902929,8.405922987830046,-9.186131875072855,-5.152529073045059,-9.376532465309362,-3.1848031657848392
-10.02060529319128,10.67091177721115,5.479372186805419,-6.474187894904373,-3.5835370316344317,-7.369901157920554,-5.268909815519004,1.2296053776459752,-3.438219480931559,-4.4106911060116
2.4283762793662325,-5.552050856689126,-6.977003852162234,10.399603833771009,8.347258640786693,7.298111654595338,-3.516439659411713,-8.70116074080131,3.4727499367656565,-1.9067927846526969
8.546494441205615,6.92365563143911,10.033207974246178,7.914640490113478,2.107917279279554,7.272874426736363,-6.908707218726268,-7.068109838391563,-8.250713110665822,-2.141351016069575
3.459769687279521,-8.878836649305292,-3.0241806419946022,-0.612340435681467,-0.6265965544573521,6.302603413155095,-4.969519032463647,0.009206453093210276,2.0305716007787193,-10.385191275223153
-5.810970279395773,4.218152010296035,5.655459001855902,1.1172577130606696,5.316303017400665,-0.6141805415396571,-0.10542730058180783,0.2468781207496944,-10.045450488416602,-9.382812429244456
7.242028734791841,2.266789329030161,-5.150226263802694,-8.813234098657619,-4.97146872024093,-3.337334082973301,5.7773708135227215,1.7706978741318218,7.982841611914565,0.44207826524891236
-9.10503897943004,0.03331393455302323,-8.773186986633021,8.338016110220206,-4.933538952845417,2.9198603486213086,-1.2991904688702243,-0.7812089649724296,1.8071275692227964,-6.287487918600475
1.2743893600385645,-7.84376265286974,-6.413832134585055,-1.065744125876885,0.716161673384583,4.688011789046952,-6.234408645214712,0.38029631238481015,0.887938325098736,-10.826093776871208
7.142100047256937,1.1572636012719788,-1.138127755823143,-9.331477049927836,-4.941276452394146,-2.7793447973671253,3.6469729142826934,2.3587458409544215,7.868828205048245,-0.6990209455529982
-9.205876798391415,8.086033842044369,6.251737484440583,-5.794689564433624,-7.462539880389847,-4.535244601256307,-4.768650620870587,-0.1743082809887332,-2.339407576980183,-2.3769371089010436
-5.994020559426426,4.971339842403508,5.367837429580141,-0.20798098368828977,3.7472757923013527,-0.6850347776955911,1.0897596117483914,-1.455182248693862,-8.913377331497525,-9.30552784769067
3.6354178038774663,-3.6988745358550323,-7.995172256543591,8.609847451370182,8.303437509053797,8.38669031986007,-3.178983030066828,-8.89462464675774,3.4815041639093565,-0.886763608379269
-1.6427722063142935,-2.926516379507575,9.110135194720606,-1.929478764893593,-2.9237945943083226,1.315381367203905,-6.879506114914536,6.154940638872323,-8.614796770425448,10.34481528743948
7.892789362927755,1.8903068781242638,-3.9460953943066897,-7.698213324958026,-5.111526988337838,-3.6596067744138256,5.549378247779089,2.042736574617065,6.210719232749333,1.1511480844796935
-9.2778373599032,8.270933250685738,5.491911418778964,-5.430713126144572,-7.727606649676346,-6.863787553220652,-3.414237811723388,-0.4871956396320186,0.24425633520412138,-2.9514808518012714
9.036940735662322,4.570947873022669,9.464679246486021,9.820492954482894,2.612914674909228,11.398768397413686,-9.608090135520449,-7.381526884145661,-9.988568453404639,-3.3721486894388066
1.9997456602523715,-6.182163784701364,-4.549154811962752,-2.6444428704484015,-0.457240061352572,4.688226853610457,-5.383288460193988,1.9218105582739382,1.6754780253474435,-10.200056167432347
5.024469130180147,-7.4332603638128285,-10.187418849724942,7.454761369012647,5.297953186812684,4.953655940538193,5.130252958599075,-7.9601241350936665,-3.498039017291239,-7.981871065380786
3.562993412706356,-7.058588144197988,-7.036054485306967,8.1070679541,10.742671050412557,6.368994626610916,-2.616672383830153,-6.144792011170777,2.5520532397218836,0.07882169555034935
-9.276247982357212,10.256467473421758,5.3858898791411125,-7.664377111694964,-6.930947937086339,-4.530381395099138,-1.892981040721867,2.326305768210645,-1.5540809949183747,-5.95753227802399
-7.9167281503761515,0.6940677656507597,-9.725632475985744,9.30309087431789,-4.4797614285281195,3.043448816595023,-3.5536854340356836,0.38349972258129855,2.5303121021785158,-6.0574732669106695
8.839418064868527,5.215783488323688,8.18420341638523,6.17220332815649,2.0530547999554116,8.725650087408502,-8.901151704272747,-4.992551040179986,-9.531534438884458,-4.130605209593727
-3.3346948198452617,8.692900286545328,5.052810290503726,1.4094451311367573,-7.701847586717702,-6.636422381784034,-8.593361185527288,6.816579740127573,1.551261929245853,4.393501493278545
-5.895362314328878,4.332353115144919,4.96794556384404,1.0523839181813228,4.678891596841359,0.3266952374215262,-0.4693659447263354,-0.6706707876004904,-9.47640195324284,-7.606697741220013
6.380175059938093,1.5925515384089153,-3.8630029162378046,-10.057271241833801,-4.363831722711058,-2.7825989532919833,6.048241484094671,4.826587238496298,7.344121475023658,0.644405327200664
-3.113942287590963,6.808720071099252,5.5369450331152334,3.2480447252194544,-6.228105199811765,-8.017795263700764,-9.039819290583528,7.317001600269245,2.6210946244260858,4.82979204463899
3.0916852049982926,-7.873285162768453,-4.7393740918044145,-3.13473873209745,-0.17253336580385015,6.662772604309311,-6.104555428112594,0.2036180272642078,2.312555120476643,-8.502997206075804
-2.27445693788804,-5.140207663134845,6.197959195158849,0.05862019638574889,-4.844030493663463,1.7050300354578913,-7.416918411791164,6.980490044668542,-9.053146644775577,9.993870825669518
1.530356162583106,-7.3395557038972905,-8.437390656229002,7.488101132715664,8.496617589544984,5.31880731581623,-4.129122874717682,-8.85069540803301,5.285779215882407,0.6000663912899811
1.5156356534701576,-7.339184477200083,-9.033021222351255,7.6789690584561745,11.034908052478213,7.654098287472566,-3.4560244155566475,-8.269956136214413,3.487552542305742,-0.438884419034005
4.366802497642846,1.465357028669896,-3.1741949018485416,-8.563838262523177,-3.809431056712737,-3.4069589408227574,5.79979122018133,3.105271645752611,5.4116286691877065,1.3920081457132263
-8.141746822832584,8.938337780924746,6.219217837480927,-7.054327052825823,-6.792481373230407,-5.367139908628878,-2.6151677685471117,1.4554338007314254,-3.1552914937071215,-3.092271983378427
1.338739907494699,-6.37859136429024,-8.583942573951603,9.9864732521998,10.415814600284827,6.135928157842151,-3.617058123419537,-7.718022965958373,1.4125188746725303,-2.7859397276857485
