6.226922773507275,-6.937303671470454,-9.909476053827683,6.061348450018019,3.7088286191545876,4.569678231767018,4.291235788441124,-7.4899265291902255,-4.624828940313147,-7.142854296669063
10.254236039906342,3.8076830287056787,9.610211229589767,8.713853212291301,2.9120846783783305,9.655964915334021,-6.028136034301994,-6.4364348002361504,-8.985882641711381,-3.909831817982738
1.304046071903402,-5.339898620957503,-7.919619136389077,8.938691225689123,8.894731115725296,4.142139089217844,-4.978577035217025,-6.135138632732598,2.404204959240671,-1.0074703039868924
-7.90440000855422,0.3927927373017313,-8.6258760226811,7.3475153675499065,-4.756561854082724,1.230518354923504,-2.3238334724098904,-0.11101381712047731,0.99006952671009,-6.61256060347752
-9.211209720181765,9.368934229554908,7.774903066780604,-5.804611510022963,-8.136533124064869,-5.069988302217332,-4.820887441671864,-0.15863770600406257,-1.9567609212011772,-2.800979102868344
11.427566090472965,5.971634545370759,8.2980219264143,9.224603897539943,0.9852350594617015,8.84410673468501,-8.402779093252445,-5.441665611736795,-9.159027760975361,-4.944321275845937
8.34047252550867,2.9708871509714774,8.562872823502857,7.7547894545254366,2.0935629926364117,9.166003343976872,-7.592544146730401,-5.821572946373174,-7.89992283370253,-5.012363165548027
-3.1606156266671985,8.530400294144,4.319531528033782,2.3973356303426483,-6.35679170311577,-7.4538095972145255,-8.862682348896993,9.465793274110567,3.7498434049648868,4.597775225594941
1.502884095669094,-7.128127230545602,-3.6998266246803957,-1.2169408119793994,-0.17409377583455743,6.492575915235792,-5.922697728903445,1.6951479134757363,2.258054173200347,-9.932079655773615
-2.496195731174843,10.467820205355638,4.375222002990145,4.693338850530351,-6.253959843386264,-7.737267149692229,-9.909220254697123,7.805995330741888,1.7988374495383248,4.875452050013001
-9.725758628711644,10.351071590442825,8.261131073997081,-4.438303332850429,-4.723536126486595,-5.589782311859431,-3.8397215019076527,-1.1068371792524112,-1.6071621152876339,-5.018663791355353
5.0864918104202586,-7.250686257976603,-8.713024403740187,5.725506435534081,3.0513991661707935,4.609939525941171,4.7852524768843026,-7.035363055114486,-3.5654963266487383,-9.081847068722038
-1.4574225507680838,-5.100408426161702,6.569643551011364,-2.4661697017033997,-3.5961247239420087,-0.9237592992052315,-6.466769850615802,5.8102155572290695,-7.801529415540203,10.514670424365175
7.865781758056067,3.8674628831033164,-4.590898367567738,-9.294770125171933,-3.8560246383438193,-1.9587822404307156,3.933740848820835,2.1566457311552556,8.22239542708234,-1.1329302224715847
9.236147205256895,2.843225795893385,-3.5692668244538965,-7.696175477657515,-2.326513328564871,-3.976298202177268,3.8705544844212514,2.890005459535143,8.575753718458193,0.242389551900548
-10.641992533230304,8.330394121660692,7.599160407982011,-4.042604413852551,-6.467949874395459,-6.500731526121334,-3.8451029776960644,1.6570069352529477,-2.2884527613482595,-3.9370482133043763
-1.8272446517577863,8.704019371604865,4.964045188716543,1.8430266295730475,-6.782631226158552,-6.284952567839033,-9.656548439869482,9.415910191184164,1.0162828533644737,2.9472629431331767
-8.870979834962144,3.035369493242513,5.322930260757102,0.7256729168848929,5.078250666949613,0.8978750823478183,1.1878359050624394,-0.07103695233139495,-10.482240688495354,-8.185363028820623
-7.336431496733935,5.855691486631152,5.336335733231403,2.269569080832305,6.00318068063028,-0.5593362697173534,-0.9543041591521577,-1.174177334537197,-10.98371948226346,-6.546964387464267
-4.06497282948243,-3.6749020403997346,6.206965656467533,-2.1624001521943583,-5.713758154146951,2.0250892958711164,-8.646490246609636,5.375484704227618,-9.507081754173619,7.983453879187847
-8.834968492979419,9.779355428122663,7.938605570091181,-5.080036435164518,-6.501956639841762,-7.55620803922069,-4.124178398095271,-0.35539182156454285,-1.9416230769624079,-3.586838791618552
-7.450768513560888,5.241402333523064,3.143565856241462,1.0206114771483172,4.856133865048601,-0.826045371007307,0.8398692398992358,-0.3284939264064126,-9.624896180347251,-7.636685032573891
0.6361539159710743,-8.038619811739409,-4.260361789444684,-4.315951945280333,-1.0544547200913517,7.364989393588291,-5.985637868536844,0.5153896739909161,0.5881266120682695,-9.687353153639522
-7.85503340872342,2.3389179260147976,7.002940936942617,0.7915534891739682,6.914915335573647,1.15434688525353,-0.5463529568429326,-0.41598976846586,-10.143060014981778,-9.708872046937852
-2.422150554814579,8.715278777732454,4.731639612763604,-0.0143992306601608,-7.099299078988782,-6.5229970217642,-7.360433711894494,6.805252697225056,1.213806631970988,3.6596945123363724
5.771889899203245,-6.860810873288787,-8.23664460629753,8.387006154295126,4.104121613232783,4.076493100444151,5.253031976265253,-7.8043752378004925,-1.5528287740840334,-7.112131478633832
-9.521319396859079,9.914136260943986,5.0863069591218935,-6.282270463780772,-5.56923597623616,-7.5861992261005735,-3.6215972086426165,-0.8614531719786478,-0.8946696447241589,-4.211058678336645
2.688526940978646,-6.161331278443594,-8.97896144216889,7.69868000884688,9.827934983115654,5.333665152294596,-1.7236278831521306,-7.476050511517806,3.1040122276891866,-1.8083353725966012
-11.144892012743702,8.970081882273973,8.149612606642746,-4.902996044320984,-6.712152790265847,-6.681167507249753,-4.236790192026628,2.571876616205598,-0.9791641749261318,-3.7453755488480915
0.6293968673295312,-7.025382208063438,-2.1335008100659976,-2.665963289566168,-1.068639350660775,5.346073805049846,-6.186916038595213,1.6575372429487627,-0.363570534088657,-7.53755804430372
2.156458145150829,-8.043178843959922,-3.241716753735475,-3.222303408721701,-0.9953662314545272,5.0679613864558695,-4.267673004979475,-0.03655399784567914,3.680848420720052,-8.256839983481779
3.3188246221204185,-8.52234198039057,-3.5350370389895884,-1.3438298145907563,-0.4917917949700779,6.794499653046239,-3.9942539111320405,1.308398314379214,2.0975999728825787,-8.025903271515292
-2.616227983007308,7.9790438057789475,4.086229530880919,0.7752917913518835,-4.914902058234881,-6.844846041304218,-9.538053264628596,7.537502826232926,1.9099721851733458,3.940481956387686
-8.68180792743143,4.723213683585341,4.500893713346478,3.020068799782137,6.964185061509479,0.48000935364338215,1.8156632924096552,-1.3843882827056269,-8.72617997074308,-6.364451164831836
8.723549506963405,5.69603591914645,7.441801785856293,7.9122292450246,3.858268000532667,9.460541255714574,-6.58660844984108,-5.689214874684369,-7.927944398802794,-4.2173581152025
6.609307126468417,-5.100009611602682,-9.855224268959116,5.946729566214613,5.08465878552791,5.254838338628367,4.807041913674785,-9.314000612319882,-4.903040610810546,-7.528586967813818
6.365482976864679,3.0394100299065574,-1.8903656441452086,-8.004003620793695,-2.857376000546325,-4.016964166027358,2.9945038375928243,4.241286949204104,9.798769740931291,0.9871052770086683
-7.170859573874255,-0.19128602905546854,-9.827012252610373,8.429938245761987,-4.88480409719657,4.378225937713539,-3.6796676099528027,-0.3455628615139513,1.924371825824882,-6.520041964435661
9.685230085259812,5.752074154907333,8.463305583774739,8.02129910821691,3.47344438457395,8.819218869424844,-8.603518383964694,-6.580540568713092,-9.26530657946697,-1.856653422904073
-2.035959998479205,8.94145721554145,3.7930851181596963,0.45832245925486736,-7.326142143218291,-6.023710798952474,-8.624234012505806,6.077784136786715,2.1954811607153575,4.546768935649745
-2.454459933020077,-5.979996826626071,6.977018260239887,-1.543937676587504,-4.273295685272884,-0.05272688198932307,-6.223521559024728,6.70748523357923,-9.535067970600208,10.119164349544688
-10.587612346378862,8.89342212201167,7.489472842512988,-5.206484218233098,-6.602432755027682,-6.698734214746011,-4.3069132898530675,-0.4272815518537453,0.2542760623117566,-4.497737665250501
3.8719061288602865,-7.0782335611866625,-8.895258830840328,6.563959706476892,4.00826949826359,4.071049555508178,5.910766841272104,-9.368211816308415,-2.5250198604719514,-8.413873378310363
3.8272900652369692,-7.535024406196901,-9.85231865089037,10.115025287431395,9.651193537777102,5.230021385792822,-3.691099641127968,-9.0723104035126,4.785481928665742,-0.13557916033483952
-7.1848945288456765,9.3405782462063,6.849951862723403,-4.702563390426865,-5.257974722900004,-5.144879497370944,-3.276424918780061,-0.6478762800857263,0.27233190514341077,-5.321762589057849
-8.286568824685153,10.959708239966739,6.680856965074202,-6.50663565678066,-5.9035285129188715,-7.00962517268343,-1.9017678932826225,0.6316639637274947,-1.7264211784697938,-3.990736890174253
-8.395297455204448,1.3280340234723513,-9.403935601840757,7.298638530037102,-3.826768291079417,2.963651451341371,-3.0062635907256725,0.10960179129767911,0.8743794433356893,-5.8093506851551675
-3.619773468518579,10.766556571621944,5.575557229375563,3.2447247789348905,-6.157955127108035,-8.009161364493176,-9.362848022915784,7.812897476726621,0.8001724259722303,4.874449986093297
8.594578989066191,5.543581215951214,9.224919869651682,7.502560327309855,2.4957677665901863,8.743874182535748,-9.228456734252665,-5.561549734165374,-8.231925979267718,-3.3219240671443218
1.4737717902690082,-7.172184951511561,-3.4737780364845676,-2.8820769537055275,0.19437773210673126,8.067391722479634,-6.792510389467788,-1.0963558348815423,2.1521099728457256,-8.349429240473901
-2.1343990688983676,-4.096779011134417,9.10467793229054,-3.8585264700596618,-5.501727725188774,0.09905546659304876,-7.149372353540186,4.318168490268222,-8.486647887085976,11.431285865424018
1.8677807552013868,-7.066734319616912,-5.933342262193957,-2.2641103226454953,-1.907971823841352,4.350848942016738,-7.528883543050696,1.3973771432621578,1.219027983548061,-7.537264035683545
-9.195894146905184,8.889233417532388,6.623278503816441,-7.522293691323595,-7.058213786947046,-6.741192241044428,-4.439243538743838,0.6474835046784793,-2.183519559539886,-3.05438652871469
2.7377236158287994,-7.160349099778203,-4.15004387066746,-3.333084273599613,-0.17977189545674577,6.124492172249663,-5.514505508840006,-0.24134607439534783,-0.3050515426303946,-7.97383903384635
-6.9715618743607015,6.587504969722666,6.27751761832768,2.6395730869519127,5.637682349533382,0.8438438760528046,-0.2631966267141539,-0.6533158204877815,-8.837229331057333,-7.552260286096248
2.656486279864641,-5.10040441792588,-6.427518394871614,8.573313321882704,9.804070114211386,6.7377073195278685,-3.712242884979296,-8.145402921111629,4.120635919743183,-3.7291962104276584
-9.296149406431644,3.6641478138213315,5.7382217387803385,0.5724065614599843,4.400538401500507,-0.9387737259498553,-0.0006858355054309984,-1.8030385956491117,-7.32609601291154,-6.787550831646593
9.471266090233337,6.2614808833859,9.486301693364107,8.175346820938437,1.7493312050012366,8.124816254729977,-7.372251133670266,-5.526773220549302,-9.352754222407029,-2.411281071741572
-3.7027167502121388,-2.767444931835267,5.941477478328316,-2.9616935693151034,-3.370470071232071,4.382976850735454,-8.426001950393612,6.493766828807305,-9.21653941169869,9.198948427433635
-0.8805820774814583,7.63418466998343,2.936496396872947,1.9176219850441132,-6.4955617422119625,-6.912804341370039,-10.905769856675887,7.234402875985915,0.7178307343593224,4.8311241047509474
-8.355372106290918,-1.0465252952407234,-10.755833839865398,7.703498202115125,-4.907115391896155,3.4935374147403393,-2.814472233912297,0.92825834722201,0.7433333673124132,-6.501106565869178
7.996174853319119,0.9282547280211559,-2.817263238632866,-8.044346860726531,-4.659997241237996,-4.316662020597526,4.369097885494878,3.0331856375664836,7.591399859712305,-0.12213903656913438
-7.420590119394339,-1.182588096956006,-10.180490539293965,8.28422133466895,-3.7204668212977543,2.9941648628280677,-4.001695007523905,-0.0055248209481584265,0.39944891602126986,-6.0079394337806376
-3.79787420454866,-5.5053906077040695,4.288972938543639,-3.6475248286763473,-3.6149213296799854,0.44002672089011285,-6.720718256888779,4.521605296799051,-7.711011871822679,9.182629504081996
9.46726892796121,6.551520609097653,8.760762425429798,8.671662130142062,0.9124700905476493,8.411223907192483,-8.854660414050187,-5.333361911512386,-9.063962659527244,-2.8033197083981003
7.569107754763693,2.414726701018967,-2.7564549092720156,-8.952104582712836,-4.087599791348487,-2.1272389767022077,4.493402672305607,3.5775717512960292,7.518903366482331,1.1109617624665096
-8.6747254878507,8.595018092559542,8.141541384967958,-6.024341387477046,-6.384867950206424,-7.079121482079147,-6.339395401082188,1.379174029005807,-0.6242557300652518,-4.456744753157374
7.466866394793788,2.8751034593271525,-1.9671988401214615,-9.603032264293677,-3.892200669773069,-3.9490237079745922,3.4242582594695703,2.4227741676874603,8.85197594750898,0.010900651631711833
-10.397913634005597,9.822258087703975,6.17501346893752,-5.767670057312756,-5.817216407854288,-6.325487533120386,-4.351541031335814,0.3855188287189264,-1.4494625863630204,-4.545428225921289
3.2396666922454385,-6.965818251179166,-8.680149090553812,7.806056397749105,11.008363539302053,8.065235657102333,-3.751030888286062,-7.0230270756869775,3.8599473091770613,-2.5336755640839037
10.064081892902555,5.669312284582135,9.970968736589455,8.299821571590147,0.9912976855190426,7.6414205627417005,-8.127232568438373,-8.394386817617201,-7.422012336166254,-3.0516466483571554
11.96368787278614,3.2532240130215273,9.398714420408199,7.339416435980744,1.371584427332929,7.817712572208457,-9.138919629769584,-4.395817917013644,-8.253156894775337,-3.4701974061773377
-3.4741210836328547,9.70033758819676,5.698303323077689,0.21443019751761772,-8.062885703817045,-8.919341771036047,-9.107734591080568,8.041065171294665,3.5246572869602035,4.2355463363406844
1.3697406598976523,-6.849317667021682,-7.100430028198068,9.779839203684785,10.174864173378165,4.751719906536576,-5.058878353085456,-10.885636379357749,2.8752797091603837,-0.24024693882231463
3.544351565553198,-5.878968423956384,-8.269627317492676,9.357350393452633,8.756521914730406,6.037886668775601,-2.2386550907062555,-8.989115725664199,5.299439320952989,-1.5189782797000315
2.3402253453211403,-6.292273252874046,-9.888200605371539,10.031696516249543,9.88464693979166,5.463218526718338,-5.4453094129817625,-8.191462298953754,3.2387168163819773,-1.0838096681549503
7.413725789656889,1.4422065888433078,-4.015629018440829,-10.635069614368907,-3.868726853213152,-1.2856438334492948,5.397056957493606,4.9415664282926866,8.626651941316512,0.471777846591678
7.179370772493472,3.6021539111937004,-3.0229844094666496,-7.394603800106836,-4.477717793602927,-2.358183228497441,4.063207187656626,3.528745488896535,6.285496458995837,-0.32056619739482517
-8.189260282638317,0.6354937047352495,-9.509151385692522,7.721826963460025,-4.780041570484054,1.5047382542199883,-3.271072824436748,0.7847954549598604,0.5248971127698717,-5.296986377693042
7.540050957730793,1.6184886459860937,-3.337487337375865,-10.094947075213211,-2.7223928518479634,-3.41448922493552,2.8239666550080487,2.45047506666058,8.207556361760762,-0.8887491177365361
7.88165134330592,5.282118238065753,8.59627345147882,8.43683495258867,2.1812804894770728,7.2390925755102895,-7.145951714918067,-5.8700397113951,-8.897060704611754,-3.5025757381198517
-2.0750468155855817,-4.865704823497359,5.956589734354961,-1.9664217615766495,-5.207142579490433,2.7003175837642175,-5.24815575279039,6.300690413742583,-8.52050221448123,10.768398540251905
1.336437159799721,-6.57173086135078,-4.485725505044622,-2.0695757030438227,-1.4227143177734731,5.540726321787979,-5.965605181437085,-0.7174986875092402,2.5891157226609756,-9.58420531207163
-6.180765675642919,0.019362789452349802,-8.922625053603644,5.965987032640516,-6.0223667972169235,4.137525463525927,-3.4790043658291943,0.25415514487061897,1.4990479454657155,-4.667113083353644
6.148387534158172,-6.103507805453025,-10.16550910922409,5.947504733003295,4.074253010052485,4.1322657158877885,6.083549969721478,-8.914390513334373,-1.2377213330871661,-6.217408306016025
-2.9841429342137062,8.360956895624609,6.405333076509198,2.3781513949016877,-8.140511145486315,-5.96224764622117,-6.716171559623377,8.35598817604985,0.5029302689101622,3.6772174830546573
2.185610786781328,-8.558021739692224,-8.04399255607272,9.788509390658376,8.318777986656334,6.588138505224213,-4.764222853941786,-7.948887343123986,2.420162123288172,-2.99005657774255
2.039388210885823,-7.394484007106731,-9.08666805670297,8.564095079437024,8.834995078887182,4.912811590355826,-4.035379298050777,-8.607165356719632,0.7552118402408694,0.8560218992936899
-3.1774075893048312,-3.877087263581233,6.058135984278481,-3.888186689503798,-4.101264463554981,-1.820645464989171,-8.932491074909976,5.866447731306512,-8.426545359769742,9.368419961852156
1.6570046530775469,-6.970718286423786,-3.657421918992703,-2.2007608632068916,-0.8026450477431931,6.446201646219995,-5.5242754041521485,-0.9529736540550653,2.717447441630123,-8.183700908333304
-8.405553198304064,5.3394255346898305,5.440970694352996,1.8323061015963324,6.830035919512115,-0.4337988845187577,-0.11983011777639407,-0.5774770472301944,-8.982103901188411,-8.029501769955212
-7.268338245514418,-2.091993578226335,-10.433473317790025,9.115818026366458,-4.956536956901209,2.7267143843082184,-5.124352493469255,-0.6783758977196321,-1.0875930530963545,-6.404191608190992
-6.152300557212673,-0.580580292359414,-8.356960340488426,8.1476651465861,-5.432751132678999,3.842975994397402,-3.356142359527787,0.7583331828231423,1.0154840089217918,-6.34080397120629
5.3618060581899645,-5.376804443412713,-10.473958634123983,8.761598481965406,6.120780529388362,4.592023795337539,5.8119931636241065,-7.159809365953387,-2.9778249339286544,-8.33924288029711
6.8255536542463275,3.537642910441748,-3.0868147446017735,-9.408277979197276,-3.792377594599944,-3.7358894184021585,5.081301917399074,1.5713726777297543,7.714903149410836,-0.1603942441116828
0.9178106998488225,-7.41310342435482,-4.957145593693284,-2.736287708741521,0.3588378190248587,5.2462175727734826,-6.04934773814438,0.34271150308062776,2.696722259446134,-11.31788107958465
10.421133111218213,5.165761340437152,7.943544529824804,8.822219218055697,1.6272246801986496,7.927323886812117,-8.0806938692983,-5.309592541998308,-6.713740690056694,-2.6661572770772897
7.18341177906292,5.272070068698678,8.92583825536544,7.844041940014323,1.8131210142738157,8.480525571312722,-7.207308487410845,-6.270788937546312,-9.669536798876509,-3.774518869622799
2.6629451006406257,-7.19097500954341,-4.7985939383399465,-2.184890849255092,0.9257477941274626,5.5126154361329744,-5.286766414684624,-1.0085841895989311,0.891855000422841,-8.598585467719667
-9.785648534391278,9.246923759586375,6.453944535655754,-4.619447689567412,-5.769943933577125,-9.272298437595603,-3.2592543642794847,0.6898648273635322,-1.3798083836035826,-4.563935649128047
1.9580949641157814,-7.4898829554549975,-3.3667351332439255,-2.3327118395572755,-0.3079873184397496,6.671703888393134,-6.337832740016128,-0.32754796623551774,0.7631408506830517,-9.896402275579
0.11137353917794046,-5.433776166223902,7.108958045413264,-3.591675371010233,-3.340355632454595,-0.4113367459202453,-6.700928742077035,5.170950648191442,-8.715971715502953,8.706713456863039
9.009240157621882,3.5266931673306714,8.219664763497317,6.717438794190127,1.9919022999040399,7.247076964787844,-7.304174858246993,-6.171418611970123,-9.27305021654798,-2.83750124694713
-6.828276326728208,-0.74712162514298,-11.402532476548789,8.016149794779738,-5.090004928285767,2.850567448411269,-3.880419313718173,0.6656286952018529,0.7840886356117864,-7.5669170574368225
1.6303575996822932,-6.99883909467969,-2.9570280728687757,-3.164665581632371,-2.7551530217011546,6.3232306738264095,-6.641886745658435,-0.9049778908181287,1.2239459875276257,-9.255517103255894
9.007927487785008,3.188637361439457,-4.135243284537987,-8.842425155981491,-4.323773995463273,-2.2324776203686705,4.854626457613114,1.96698556874443,7.273499752401749,0.565486645808891
-1.1780543183968184,-4.654086469957499,8.319334053113836,-2.0050999046607565,-3.8130364290996006,1.9403023743708077,-6.848145649243869,3.5511291156854417,-9.00812607787495,10.9349067592582
-9.588103049165754,9.388896722101272,6.320958099495518,-5.5980271025754975,-5.538402391190353,-7.199040018642224,-4.573271629884502,0.1914026038680926,-2.7069705506309,-4.994675055760659
-7.415125439461036,5.941350706374562,3.6507270788961694,0.6246567755361125,6.242026025665364,0.2112291836851226,0.6349616389773847,-2.405315335787547,-10.082435813209527,-6.597130451910655
4.5533518960786425,-5.9559820998872715,-10.540214278864147,5.98258100590807,6.13957434459714,4.272571943703948,5.785632970796343,-7.977785671309914,-3.831314801597788,-8.537714283906611
2.381945727544481,-7.186219743674207,-4.508521265009369,-1.1093497752940578,-1.697028981601282,7.235886952538388,-5.506660233092434,-1.114617406529709,2.2159406702322713,-11.171018253251669
2.829844025790999,-7.40191987519159,-8.747997481132446,8.817350664021836,9.643491966106765,7.618948400460558,-3.028307575395184,-9.12393379685708,5.061156980262675,-0.8838179851948178
1.8665497958575608,-8.615689806137805,-4.141488695346034,-1.7704859603395189,-1.786356495806201,7.222803151502042,-5.495732268305211,1.3152693538962899,1.1904568233887127,-8.21646651853343
9.571314827923096,6.847804087674706,9.149717806410571,7.397913112764524,1.0068152058337463,8.0956628802162,-9.237077319906753,-6.032517431832413,-9.659650401649726,-4.987431178024464
1.7108100379301687,-5.821785008750715,-4.5421288410085,-2.2897741493852375,-0.7373431755718173,3.5729527480530723,-5.238317140201069,0.5000852737285205,2.3565600169154393,-5.144754039163718
-1.895030923009325,9.771793838245626,4.109377688617574,1.3973514432960519,-7.154678888302914,-9.182030758011532,-10.353518818834562,8.690397182943228,3.6672679483654593,3.9124155163645304
3.0204484037301853,-7.4616616730036585,-4.754617223987278,-1.2503932724276583,0.8602993481382983,6.682377278642068,-5.921206214267782,-0.5235769533686938,1.0178469706842845,-8.548477640334287
8.15568968497368,-6.089431654820518,-10.767041679683583,4.902141374312665,3.917128849292669,4.452736488429787,5.528052462258579,-8.816903121542152,-2.197460118999454,-8.070248642160653
-2.2421473571834913,9.90391692382176,4.722162825503526,3.038650059006083,-7.396915641251642,-5.470762153090367,-6.53942963301676,6.960684355059044,1.576797713463404,5.61483603303861
5.17025163656685,-6.4829049086357475,-10.578669455249742,6.776918672955567,5.447752789765806,5.751245332489306,4.168841597773479,-7.229903913911319,-3.1488439307324763,-7.081885794351814
-7.065171384128904,-2.9510884606789873,-10.169081442823432,7.060354080664593,-5.080741046372154,2.712397928589502,-2.967934698316014,-1.4579763481038412,0.979697063196345,-5.744574466277753
8.540349464971356,2.405113016548231,-3.575380452626639,-7.832035662246292,-3.3580287682368812,-4.624968073844267,4.521218204233912,2.415982453877878,5.999721962920477,-1.2459777299982182
6.247904299384903,2.80493843021942,-3.614313005746489,-8.718287282538501,-2.640103013015551,-4.676565293665429,5.010828145053649,2.7371761986281897,7.410768570556836,0.32955482410494663
-7.93119082391099,5.600466199996656,6.190901514022715,1.5948077290398297,3.9135111937606,-0.17399830575334715,-0.13525880861005146,-1.1181407300117945,-10.300964149912977,-8.867894855108519
10.754921530423422,5.19903039432429,8.301092712240091,9.485487336997059,0.7157530426724732,7.311897586430366,-9.326370283830174,-6.148214133316578,-8.663822592151643,-2.7537179166168793
-8.891922666627236,10.353502251810397,6.737259702300283,-4.275687705379215,-7.5051897699914925,-6.525569262211042,-4.631977461412051,-1.3714079844283027,-1.4437803130003843,-4.297164704422445
-9.606460048378592,3.559579020544051,5.711466545353459,1.8699324049281074,4.740848868603999,-0.429587535765838,-0.1427244734052613,-1.3387615858828883,-8.294438933656185,-8.613213617275116
-7.03601211736739,-1.316782487718572,-11.329568375818043,5.354082116591502,-4.01041950780192,3.3790631374846067,-3.9914348589240323,1.790384786518978,1.5715302698886655,-4.686610846767542
-11.424515487187248,9.90618837015243,5.5454862098345625,-7.90610837938696,-5.974922051327024,-3.838910285498533,-3.9212260523491387,1.3336194070963991,-1.2792702686101203,-4.274306849230304
10.510324889445384,5.515699841599243,8.61072780592687,7.786541509851924,3.250059910548225,7.688312973859093,-6.914641668021506,-5.869846452695592,-9.255873603764588,-0.9924928868004312
-1.3543011005263044,-4.248982921815549,7.398853079894295,-3.0290828788499877,-3.1793781367128418,0.8627101057970415,-7.123651453077991,5.778346981818384,-7.824536648768156,9.316539915397433
2.379971726234469,-5.515199513538608,-8.474628483516327,9.88172829982798,9.015158460617338,7.479930700903168,-3.5869388905999027,-7.852505776266447,2.4145994415311054,-0.9099942709062643
1.4552021608317025,-7.507644509670745,-7.459384133852848,8.581481066964907,10.381019995185204,6.77206785191774,-1.6040858644277978,-9.526001943012046,4.943893770029936,-0.05050925480724544
-8.975536209021381,8.34478148006623,6.025083855312631,-3.8391864325676908,-6.554183056621334,-6.114476929751601,-3.0450874101204914,0.9908105206173619,-1.2106807220141087,-3.8104561935729357
0.4942738303509926,-7.113965662516822,-9.434271600976363,9.69919006882401,8.262499921889042,6.925442111666706,-2.537188472535873,-7.351354819788322,3.9684115539046387,-2.184823466108722
9.843760393550843,5.146682382836458,8.81916933521935,8.594521038683073,0.7254592650014222,7.7529929698495375,-7.772825677874844,-3.9821212770703487,-9.233536556450721,-2.9022572668107802
7.820540204173289,6.584170553522032,8.827520672770603,8.988352347627622,1.8877792147040857,5.915206782974384,-8.382117341277649,-5.020198932945826,-9.989200240872954,-3.881358353642165
7.469557315364053,2.9116404436330825,-2.958531628924979,-10.333538004077338,-4.904475424547529,-3.3937921196475367,2.904844487120112,3.582360530304019,8.615810817814673,-0.22853094388322343
-5.170863310233985,1.0877948474215766,-8.58940268271012,8.29820719977903,-3.8172431674029923,3.768440463471092,-3.739573725437745,0.09779609829030123,0.8532882492029048,-9.473336625367514
9.466202149117946,6.528288581094873,11.431990741776403,8.494646163600441,2.007327742016546,9.159931685683315,-8.595430817165495,-3.6923750460923634,-8.915383184093258,-3.7663267049602256
-7.362616399439653,4.009708572945615,3.511079014160833,1.142410425668431,6.242766783653532,0.8215453548554446,0.9590216533582914,-1.9904787277912477,-11.468439034065687,-8.337386558138647
4.302953566771836,-5.965781112520114,-11.514678916410476,6.392140422268722,3.7222305988320157,6.082096326008343,6.836763795464539,-7.733761362307909,-3.15729920977576,-5.697238414237113
-6.365288187907138,4.9920637333519995,5.281592580940189,2.8906863339337066,5.1515780803663755,1.1986151472767943,0.6302306725657034,-2.4739303829053982,-7.643577273347247,-6.8514606135098255
-9.663984808823438,1.9457161127601346,-9.156904578496231,8.58455530669818,-4.882308117876571,2.5153288863550523,-3.951702959160551,-1.198034338638095,3.2112920849188975,-7.5374228879118546
-2.0082804354283694,8.03673088339977,4.739211141657327,2.724556807312521,-8.549032472272643,-6.336749400896012,-9.500951515581857,7.894121584091862,1.2590410783216588,2.35656945525639
6.825805485331842,3.514079295820313,-4.450560257029455,-8.383418812635673,-4.164535231393732,-4.258467007979157,7.178098742445176,3.170200161857723,8.357520396187674,0.5820752839076486
5.0693953458575765,-5.32622212242085,-11.764565044999888,7.489217098786469,5.189358032909402,4.67757747111705,5.19846446758099,-8.119106959704625,-0.5418947682342581,-9.445855508400891
2.1484931971099126,-7.178789178043476,-9.791131773012498,9.812462071391549,10.226412282876773,4.622217175638488,-2.317885638351903,-7.47248649897832,5.084255175388931,-2.5390778736930883
-9.614831373333011,8.516322392012167,6.485785852064672,-6.498120431240926,-7.038678930832369,-6.476428473646841,-4.707575061809207,0.18716710300571698,-3.254714294111471,-3.9621234886662227
8.763038250216601,5.225142848362058,7.753669583910012,7.6930858674726705,1.9214096018787712,9.097134698544705,-7.139966487941162,-6.828438816238743,-11.062779286015234,-3.5146381640109547
3.2417587086324646,-7.052457038279428,-8.84890885937352,7.544558930541954,8.787978254424385,6.661601809972372,-2.6116615547511906,-9.153714536674773,3.3191545932578714,-1.3482493454404954
6.747979713143973,3.363618308200902,-2.1258420635333337,-7.541119610141072,-4.5962631008353085,-4.650039883095423,5.088758181741176,3.386249438702188,8.144424456727029,-2.569764770998777
2.322267344081491,-10.201258757859886,-4.344003187457622,-4.303236377841306,0.32739420088753546,6.480926580624784,-5.539853374866725,1.8056949954316126,0.8993748564160126,-7.323628547684487
-8.371151593258455,10.919513095162337,7.647163714156396,-6.184838099152525,-5.959770565521378,-6.3561054093222396,-4.8188570015393735,0.8194879143663603,-2.5401394183174877,-2.9877378075775978
6.938159664295949,2.6778417153800422,-2.3716601896637526,-9.174590454076375,-4.66231432995393,-4.939048345467771,5.072187184665385,4.134343942433606,9.010585119482819,0.15423125138622373
4.457029475793376,-5.3026484297366885,-9.804044327888352,4.593520250458552,3.2082203944916126,4.076014687168083,5.352549244877859,-6.629828169814196,-2.592514122974919,-8.52339069939603
5.1878429771200825,-5.748133855823021,-10.82266373471506,5.312296942694555,4.825352183405226,4.136536530612361,4.571583846214537,-9.162290307345224,-2.131732357397126,-8.311656670701016
-0.62301172184222,9.18886394103016,4.897429226950866,1.8987237681745648,-8.798398406450312,-6.906623468725163,-8.778097546694983,9.78676502798399,1.8299392700830532,4.462998898254521
3.7211739229835548,-6.854509438173503,-4.470165059818791,-2.673471728702812,-2.129008049628998,6.30803455421564,-5.124191294509396,-0.16740156456084782,1.3782492294813484,-8.805113515947996
3.1287125877149666,-8.695164468094495,-7.545377796977484,10.36406014232951,9.010460074508567,3.5648098745019228,-4.269035178499877,-8.110741881161141,2.6740623103142243,-1.712168519016216
6.885645962923675,2.7820304062811094,-2.7981564806630153,-7.444728299100629,-5.2875793860706946,-4.053051457322222,5.020884825642044,3.5216130227914895,9.937704401814916,0.4000024743528535
-11.740125515413256,8.679043723997466,6.437722577180741,-6.740397313585661,-6.494757622950292,-6.255057919972556,-4.140011122617324,-0.15487394817870248,-1.1924449551909575,-3.733476546469752
-7.297168494017698,-2.0460235155289634,-9.663079007772106,5.968060281524561,-3.454699260345477,2.1643911049615543,-2.5103748687518843,1.3472300672403619,0.033615234329531285,-7.435695840757203
1.820863489562336,-8.34019212599952,-4.607119887291451,-1.415613917263593,-1.4139354026755035,6.061972846069893,-6.737480632548279,1.042610618195852,2.533799116031054,-7.222382912303633
-3.498802443311331,8.888499208098674,4.695603748516796,3.0673612024116803,-8.57209182086609,-5.350559273815333,-8.996335655214999,6.896641845551283,1.0101958596040082,2.5065948840551395
-8.969155853078753,11.455692512951584,6.669646523683844,-6.481220727663612,-6.546397096962828,-4.957033383783139,-4.5611193199337805,-0.3040633740054963,-1.8438431493397176,-5.128745804297874
1.3165739925371844,-5.82548774468131,-10.241769655504056,8.344955715181626,9.90908179907294,5.533661114639818,-4.143694603743558,-7.3023720095572875,4.106206613779698,-0.9301317289125712
-8.862137733662482,3.265959368214308,5.488334486657363,1.5677695308142707,4.320664225656836,-0.0795184618229135,1.0858809446116648,-2.600406290336152,-8.386620263313683,-8.219702608693737
-8.157672883685471,-1.0630496887599115,-9.380353002863584,8.55037867242838,-2.731202435789717,1.7385622675164267,-2.6063974349112584,1.3744619845712882,0.15511284748889242,-6.099674934903428
-5.933844315162836,3.3639746259057466,4.203015408969456,-0.5344149307593251,4.973548285264403,-0.6278104095416388,0.9805938678945321,-1.205288691208557,-10.684590836137234,-8.23489769855973
-2.223332232327845,9.348742918185346,5.2984231089009315,3.9833742227070816,-7.05657441864532,-7.6784068378144,-10.217646984650537,6.592592875556784,1.9891732619903786,5.956009419438697
5.013439741373262,-8.145773584436727,-10.625621310996467,5.998291052745588,4.747026924142762,4.540216897446383,6.220330047594473,-7.169971860204763,-1.7725153352904457,-7.212108962118849
-7.912459952287917,3.951966777269885,5.834257329315873,3.211220362404765,5.542872800932313,-0.34081986186864677,0.19543477463578907,-1.3247948659212936,-10.319911225466496,-7.721972901387856
1.9566279060502472,-7.345309026412533,-7.650261013877846,10.63311785815496,8.82907917764465,5.555780045174401,-3.4165169511205904,-8.404587099619308,3.545263329579903,-0.45729697348330167
-7.179762167462517,4.656724452176001,5.235822101918809,2.1172445324595004,4.746950014764718,0.21241171610871573,-1.1123027835274713,-1.0420892494301761,-7.5385577695782,-8.837027812601452
2.40346588402539,-5.204985478660264,-8.254769813003739,10.079033702802429,9.779185972941313,7.514172718531969,-3.385473980514808,-8.144472966315226,5.957095250690019,-0.307913002928081
-5.206084265994322,8.959991261680509,4.408944306019423,2.6693760487541502,-5.030671096205925,-5.753544563728189,-9.10721644719084,6.216997006757033,4.595660038114036,4.220669989935397
-3.0361790419776433,-4.38521902647956,5.787576113051593,-2.661574006129446,-3.699566397437243,1.8164245489650714,-8.40769485831743,8.24058567005975,-7.741507781850453,9.736024578341281
8.12074083419889,5.124076724009137,9.688647991622958,7.934243581676898,2.617531045810841,10.203996500789968,-7.1915438897527935,-5.987184413917353,-9.606443391984966,-6.046942980790611
-6.53771991032256,0.822453056883733,-9.771886349968629,7.106565593794156,-5.437987973362456,3.446686627746361,-3.219991764679425,-1.7702109812042313,0.9260923852538426,-6.144821664166274
1.901920113276138,-6.867784952469542,-2.602946608580863,-1.8187871575739423,-0.4637348152973701,6.166807757978379,-5.96300968818934,0.8428282827907388,-0.6812687004534532,-9.367599204669844
-8.716351921817694,-1.4295901525524028,-10.863741826754561,8.848459876334116,-3.635803544912654,5.099807828466021,-2.9226731458885404,1.5641990010912021,0.3541892542119083,-7.459326706233315
9.267406778128736,5.291272237404322,9.53659019588594,8.222124825340046,4.23382500386934,7.58526005746501,-7.7120482569316335,-6.6095437614286086,-9.964741208777884,-3.5042605217696847
7.074341493931987,3.3065692493345415,-4.207331463777881,-9.221751269228779,-5.790570220252819,-4.820284643684622,6.399754372431966,4.392578054826577,7.810043500175493,1.1072299504288239
-2.383479034655067,-5.78318030793624,8.166150550801392,-1.988219279742098,-3.417153922080406,0.5484769607232878,-8.910698390008168,7.996856997570306,-8.570084634410453,8.988938935990292
6.334695511815937,3.754396159054547,-4.01631421976433,-7.599985506730137,-4.013960526669622,-3.294334548707738,4.09715901587058,1.7351539959362339,5.999494463921229,-1.6110256553534732
-0.3986898445692879,-7.206747280362002,-3.8292858564525516,-1.7484929945883363,-1.8924962679518182,5.789206389263632,-6.9319489828923935,0.5400725239465496,0.9529450548778257,-9.479092584760267
0.07308521817256963,-6.909815330790812,-7.055589984489876,9.338358636502461,8.449147056526254,6.136743473390138,-3.88970774448814,-7.573927374028916,2.317802166962311,-0.6043828513606424
-8.3644070548473,0.980386346883084,-11.481906995421333,6.992218640483353,-5.783178824186437,1.897936997638918,-5.34936686799936,0.8143593356940138,0.7201378891377316,-5.923505491884349
-2.220028979144932,11.469586268109216,4.0021388519767855,1.4421727289389144,-7.502767717576035,-7.435586712436201,-9.475714883942528,8.512539446606255,3.4428044828540303,3.590705262171433
-10.586695553272243,9.699988943059353,7.414933094393126,-4.5262845625501695,-6.4636547323379405,-6.53558355310829,-4.7931377275658065,-0.3317517213951028,-1.587578519059212,-3.8080516892229834
1.1775182000017317,-5.58238418978101,-8.362823177268181,8.750234485113259,8.488705174519188,5.448837510880035,-1.8579125207466607,-8.04587490091484,4.466790531774596,-1.9878495068755262
2.0943085491288707,-5.370546736460507,-10.650070004333035,9.121298681571826,7.494661436104033,6.9276592578133895,-4.00218333097459,-7.626947747848203,2.8207775696533712,0.08251480644977804
-7.268980574102256,9.791514882634258,6.8409019324984675,-6.062334250636979,-6.229959751075706,-6.484379639311868,-3.207046464120655,1.4518309494393413,-2.1470890876656346,-5.50665014959694
-7.754933834251325,0.9636279421340692,-9.363752506220278,8.68949841019939,-5.143148683245795,2.220633838537795,-3.889122542257891,0.7104078665888702,0.2785178674041493,-6.538622134346127
2.251330962284024,-8.164062206355808,-4.564143342222417,-1.986444677169465,-0.7727058625440463,6.287932208332757,-4.030083772317321,-1.2795528434388188,3.465503952209474,-8.966635808076832
-10.527645507902704,9.25410948751827,5.439158073167328,-5.153289056438273,-4.83274982351429,-5.113147951234007,-4.128598011739453,1.9858547694947093,-1.2124321699555736,-4.512503167157201
1.579150996072705,-6.256910015929972,-7.765840067953341,8.754990044290059,10.377812627205573,7.620563707815401,-4.824045535606007,-8.8834784236686,3.544285471337801,-0.8893374570187766
-9.951154182885807,3.650857582910488,5.017627342188589,2.526169352445884,6.287149058633666,0.10331700627943546,-0.4351881833012601,-2.409959191073898,-9.237489778046662,-7.145120481294184
-8.91573641288122,11.298078978135102,6.516219069625862,-6.727747091105118,-5.256419986571014,-6.452290966884922,-6.087824686823282,1.342550309795179,-1.896427813111608,-4.265950478343322
9.117963303124412,5.4883861142729025,8.93957678880257,7.994374183260898,2.394005351444282,9.281324210104072,-7.8375158433106416,-5.626757228107877,-10.677677388535717,-3.4431656855690322
9.126117047923628,0.3245316562314535,-4.08164031164938,-8.93820860759144,-2.3255273915401053,-5.132736578671544,6.527984592441885,2.8870053286705533,7.648254189792673,-0.75376125997992
5.387497922146354,-6.076487157936086,-9.728907717174835,6.971491551256301,3.0980357085846038,6.2676914160565405,5.670521218091532,-7.792312918916388,-3.45883482887019,-6.396236672501872
8.86216636433235,3.994294100037404,-2.625007437893039,-8.981457863082163,-7.021867391015876,-3.1991735356568376,4.59029480791718,2.8911315234256167,7.7981521985597375,-1.8819636587101707
1.7390736690651092,-6.457589559482213,-9.153515859037855,8.75905746763163,9.221241103982072,6.08706846446376,-3.8554661260351035,-9.107162786268923,2.967644381115201,-2.4815343909079424
8.790566002622326,6.668572987477514,7.123215424494585,6.401790862103331,2.094596971810455,8.462869978434606,-8.946723447385715,-5.27074831564521,-8.56455990757329,-2.6352543138006967
2.6571380273346925,-5.142211826862363,-8.130864935165764,7.928055246156725,10.67520351420364,7.808561525817509,-0.7556678820205018,-9.17005175311192,3.9275425433934124,-3.2790488283969603
9.43298001087861,6.539815365880534,9.124417346132304,9.374618906909419,0.9644100606276662,8.573409267680683,-8.145683172571662,-7.149597245372176,-8.139159219697893,-1.1687200788818948
-5.995136910640912,4.994132693770652,5.132529200403329,2.602878980918267,3.22736494281134,-1.5463225742190587,1.1362908113082706,-1.435071276575883,-8.886103813993932,-7.777763937701969
-7.5834681369741155,1.105989450208476,-10.407500096538437,5.009704228379642,-4.5453165096544765,3.542009363761613,-5.456450105818233,-0.5771391223103901,3.6894233305854947,-6.608521503643262
1.4262003832372516,-8.46770064587378,-4.391126888402618,-2.2064047596798315,0.10873420092982133,5.62756820421775,-6.32637188008765,0.4364467605209729,1.0131484756108269,-6.981453023905272
-1.6140044030250178,9.649457929880292,5.689431551547436,1.4379344723801641,-5.562233125516944,-6.682509988583547,-6.763066884010745,6.634335097409135,3.758264038029425,4.359362339383557
2.5895628628044696,-7.780474153372843,-5.977710329844154,-2.402705775734744,-2.7908552910790574,5.634885181774805,-7.374839395665616,2.2719647675030403,2.7596540994155716,-8.965237954328565
-7.493639022415187,4.1563679018950515,6.0425396030470635,1.1215347236652302,3.6611347224357855,-0.375205907354626,-0.5175056303034434,-1.3696000862724471,-8.05744042859777,-9.58159670436619
-8.614324671281118,0.02980593845947188,-10.296884362542894,7.39388459446043,-5.2479989497278385,1.884828282889491,-4.739900324428149,1.104788340343525,-0.37316419536537104,-7.900783023984296
2.1208288513256317,-6.995409603788636,-2.5789889717334527,-1.6873134485109476,-0.009445723162384012,5.247979701836402,-6.89576518506113,1.2399893265099853,2.724338169770644,-7.598321069849063
-7.295292844467119,4.8386628543618,6.613545279369447,2.416716996330021,4.877870592584052,-0.22609435283944684,1.1256743925576516,-0.38118185477003586,-8.552647996413304,-7.906049292965258
-3.5464437773792064,8.823947450114714,3.7642605828433444,0.5903699529763959,-5.953449643619629,-4.970692952805816,-10.236895330455152,7.886492152189274,1.3716576657423487,3.6743261721562126
8.336053065492576,5.148970707655285,7.557547592119782,8.849008979089145,3.6471885098733816,10.107407481866973,-7.006201205815605,-6.277963219413061,-9.460695199279087,-5.164563157228778
-7.138535672085944,-0.6743825746073069,-8.431082856882263,8.18773373031005,-4.428979382611623,2.2928767320644283,-4.355110709639142,-0.05727821254486826,1.7909080671081488,-4.62553380168397
6.475145079902714,-6.405723215605906,-10.294353036948245,7.442033266271489,5.734544170173966,5.2248331641039805,4.770637158094965,-9.029715464615771,-2.75077016537451,-7.3616887475717485
8.734557593013115,4.804937563324046,8.136515935558975,7.5100053926552155,1.3224584774061459,8.645807209087927,-7.869781243056749,-6.990987838799585,-7.8243888957822065,-4.473455686575327
9.215559051740193,2.603142587353809,10.461326406721259,6.9951713286558,2.4637350086945013,8.350783564314126,-6.97253090260225,-5.674286629189015,-9.330378493310214,-4.386908477253993
-7.787798932573097,10.637143396179324,6.858512231283061,-6.244853972066524,-5.556378059220677,-7.305456002635792,-3.438797371453026,1.0005987918113841,-0.3008897196588054,-1.4157571571280836
-2.2615506729949537,-5.426952272982138,7.865210924414939,-2.8097342235981246,-2.332601548553534,-0.7715706070348629,-7.738294273348114,6.076578451771667,-7.37160602877567,10.137208104612531
-1.2500228290122912,-5.705168505238089,5.4758339283103945,-2.1775067110017097,-4.469854020835397,0.4000302470118414,-6.291457768029288,5.43667820099471,-8.709188380704953,11.136966682081505
5.530490089877673,-6.304059336924446,-9.116709818984228,7.092388456873692,4.472201228864515,5.144932466727395,5.213317263798489,-7.976903958409144,-3.168563204588354,-7.680387187335004
1.9865618321433751,-6.377424173179994,-9.69232683987636,7.961831918076688,7.924098107659976,4.567675857825511,-5.125007308753066,-7.887095213068193,2.7918730147512534,-0.6833356609768768
7.993887076866875,6.705232972447519,8.9698932008302,8.734377543782456,1.8560048595857703,7.595052070336008,-7.4792771795602775,-5.425911724511474,-8.123397256049518,-3.506698020113348
6.986172796071697,1.2415603295038866,-2.81549851586536,-9.377302194298665,-5.936798942691789,-3.867590930135453,5.573273282331634,2.3642199805043154,9.48223983665005,-0.1267335482124966
-3.746148333930832,7.693829515114045,5.161820401844999,2.2701543571739182,-6.629134340805393,-6.533661383778971,-9.518352478214501,7.555776612659707,2.315372708162857,3.447100137894541
3.500764572102258,-8.056438764424898,-3.613627650625544,-2.4729527004074523,-0.6145802343256106,6.97587272796704,-5.274032254053004,0.5734124310972558,0.19340394101255365,-10.031038040879508
-2.384991898626816,-5.491038426161047,6.667126974678513,-4.429555593464018,-4.2378832393948915,1.7254460492529038,-8.432714637138425,4.5114213382511315,-6.929549234709724,9.12597909250576
7.891429150940763,2.1668934513211036,-2.702745682964667,-9.43896960111691,-5.895047164760491,-3.9202346317976553,4.655355713274382,2.4753094672078064,6.585651587867046,-2.371350472639831
-3.36979319729422,-4.485545610841343,6.8077931345680724,-3.5829982497464785,-4.969166111160385,1.0845325119311842,-8.31493651879737,6.393863330330188,-9.404341500063785,10.800592425043563
3.5099312686926765,-6.175047864966193,-12.25703531090123,6.6629991999880716,3.1578466466697077,4.743503715735548,6.739481915243519,-9.467855660586192,-1.7694291706024294,-8.11600837618356
-1.67543714598406,-5.3065014312003616,6.27392422700629,-4.4922451940755295,-4.194319596527721,0.809648343320321,-7.910474750537909,5.854925317398321,-8.32869224590114,8.922870583101002
1.3346797934868015,-6.511374463284523,-7.837332015796465,9.116771143720085,7.7356441793001895,5.365122518378379,-3.981697480126965,-8.122223324198153,5.657202707032946,-2.582938067606971
5.121853017160141,-6.392923370115838,-10.310914465298394,6.930575309065784,5.0852898274243925,4.2741889292881545,4.188928647126565,-7.244666737469289,-2.92602652031123,-5.952296994640237
3.248520929855946,-5.868646871428282,-4.899591261834021,-3.1580689694940345,0.3522741974954544,7.388533506568782,-5.443643496658451,-0.5951255852298217,3.8353524889402912,-9.60196264341201
-7.037169386630094,3.4504929234667086,5.78618705841764,2.2199584795975094,6.639894203022453,1.8894662219365146,0.6987550311422681,-1.175268545981829,-11.014789929291945,-8.373582861272336
1.8710866956517602,-7.554055321164361,-8.193002586838544,8.249438542660053,11.47769672929779,7.358495556672818,-3.6951505859003717,-7.0195714565525895,4.790560954600446,-1.7608976132662164
10.46320849087221,3.996122437031892,6.8244229398072775,7.309431737932828,0.3240766171624152,8.012653352936697,-7.727650262832319,-6.971091615169359,-10.522280798570582,-3.424056223019365
-11.281266928279337,9.299857416445136,5.660261708857519,-6.856807103650247,-6.1836065047045095,-4.939907516586724,-2.9968385348069324,-1.0753719709784197,-2.3507277637280226,-3.2346460080509454
3.291981870175632,-6.056472871729967,-10.451487771385878,4.880323962584955,5.326373338208128,5.247388508248989,5.397189054781685,-7.1547807211473256,-2.1681493957159343,-8.505474711015838
-2.47119414488455,9.134317454916582,5.253396808958518,0.9503771187423264,-7.137003728574615,-8.548693667153536,-8.43910463403073,7.9707188552014445,1.5391137725648016,5.7354383192109415
-3.571789693625601,-4.85418340698664,7.080087330685937,-2.3370941162126266,-6.280980087111266,0.7256581826811389,-8.564856277476357,6.945668312221069,-7.724840710051086,8.839711505685887
-6.1241479038821875,-0.4437640867324392,-7.8589541016530875,8.108177382517125,-6.666298140957519,4.1425132868113606,-4.355670795967388,1.1000492370732597,0.9594164544056751,-7.846029117432329
10.742708307778173,3.9901275019234155,7.459273699952856,5.7185792763582874,1.258585036098415,8.599183227167087,-8.127291381029275,-5.931000840557215,-10.506511052855322,-2.6902386421206907
7.874338327617264,0.9065267574249329,-4.459760248738618,-8.385674440082111,-3.1574095352734477,-2.8547919145290472,3.8050872878279813,1.7728837778380229,7.237620017738611,-0.3158287444762886
-4.190990244313284,-6.0541650891437975,6.57238126690578,-3.4085403622212667,-2.389273170293076,2.687818209189345,-8.049437963255901,6.601077233484277,-7.759704569525133,9.140259873985942
-6.5107526520538315,0.3913130233097419,-10.04646289966667,8.044878404237796,-3.2260785603586286,3.9839935005855063,-3.7569948233136325,0.16367710659523196,1.0108146573172525,-6.814674447431762
4.730830267950969,-4.847267051752832,-10.18907269507543,5.073525547047273,3.9651055176868706,6.018312561965449,5.59064698378384,-8.506585100988406,-1.193473784411694,-9.113973656551833
-3.0268089220889216,9.23807407983722,4.623455940155349,3.161562957388816,-4.352694765277649,-7.410978366196267,-9.327767199154232,8.367683792567775,2.704191724490487,6.008158881656943
-2.4449176039572875,7.936541350269016,3.9245751269681333,2.652767432875408,-7.6099938228684065,-6.663651003693972,-8.792755916732197,6.671922567892886,4.166244324189501,4.79537057823892
1.670063248516787,-5.8933495290948805,-9.216660713163625,8.889619501037593,11.48257724957173,4.7442643254452985,-5.759567348107245,-7.262968055073715,3.006017468949034,-1.5151876529505932
5.60769200403306,-4.530656059580714,-11.202526187475225,6.703203794961084,3.334875043017823,4.075509618530512,4.6222960997656,-9.250964273734079,-0.1087732812080544,-6.83816293742574
-8.084866237089807,-0.06405478443446008,-9.984715173701968,8.409678877495903,-6.566622060634937,2.7044038882629193,-4.857899678560347,0.5366987714485072,1.9286529623745003,-5.6569047023749075
-7.801197155240579,5.3152152967362545,4.60469984824832,2.0218839711387577,5.41772188212784,-0.3012561878269471,0.703550556773138,-1.8403360050818505,-9.920654713210762,-9.546957365924026
-7.001172472847328,2.422976665528356,6.520535735657278,1.3607201927325943,5.3673888281904425,0.1572602747773919,0.10967342568281419,-1.2221507724400626,-10.083493531461189,-6.567899201399541
3.400401938734925,-7.922294923733819,-9.048407467511366,8.205141996310426,9.691793780217312,7.398169137980009,-4.504698903253661,-10.43686208734176,3.2724397852186673,-0.2834763931905665
-4.136740060935913,9.062371074859703,4.8996013379495835,1.0688530588363234,-6.241034732373896,-8.541629655544906,-8.904407555283328,6.112506715736247,1.3704641270620166,4.208850227237323
-8.498698545090406,1.0227831197894997,-9.606685335283666,9.639163586701827,-3.295652517458753,3.1693997223578965,-4.77422721075913,-1.684537454177121,-0.5378314861611986,-7.676745714388119
8.176145681735905,1.478916357614843,-1.7661670128247027,-9.693726294465911,-3.5675291670167875,-3.5066858493727957,4.418249746446694,4.089741565399869,7.03914433136057,-1.9053067524729417
4.238873014525028,-6.911657103214329,-12.739587766845133,6.85381096989031,6.191340718208413,4.727964099856274,4.009138074378307,-9.16188334821814,-3.289562274139544,-8.700203586710781
5.118359533398577,-7.196611263124005,-9.687174286929256,4.752277482390204,4.176860698671978,3.1572664530081926,5.886679018036745,-9.443464298948568,-3.2816794461438565,-7.388669421554243
5.546618594404917,-4.5276745990121245,-10.202394130579474,7.340147907463589,3.8490840786010647,5.01116631883064,5.311844368928463,-8.574959147971002,-3.2080719465767573,-6.3377647783167115
-8.07486037084182,10.029008727794663,5.6246659916792305,-3.899125220100289,-5.1424669603326345,-5.749812099462708,-4.141639239659077,-0.4643106040787225,-1.7333064032287382,-3.0866685763349753
-6.8478247236389285,3.0164484032692447,-8.50419338829356,7.338342443545134,-5.248160050022365,2.7970315786957864,-5.561421650841796,0.07127023185477899,1.667034668687338,-7.577143008566254
-9.056492948283069,1.1844777788921312,-9.977651875825092,8.908311527013783,-6.0943989653935375,3.9192858176258585,-3.093833870397283,0.7855624955621128,-0.06022293493419928,-6.053362699891382
-0.6434231119079936,9.488119049110109,3.448575339025453,2.6297232925745617,-7.854308861378591,-6.093024989533495,-7.6797321776286065,6.502840597146992,2.9856763641084973,4.574232482857407
8.092566651497823,1.5601653231800108,-5.161478428370447,-9.261837076105861,-4.546706174951772,-3.575121959545359,3.955278352490891,3.492166378440712,7.456104589104014,-0.4052269979871127
-6.699650430760867,-0.016660313715863198,-8.172674041670163,7.799046077022831,-5.923020793177474,4.6709499743507035,-3.8792591240939216,0.6229188971804269,2.168957500910388,-7.334866131583894
4.8156747130857855,-6.732393137689558,-11.182679907932922,6.3931010708576155,3.0567395476738417,3.4027268555704584,5.001716216808238,-9.00826314050241,-3.3686639579365023,-7.216174212657144
-8.01686855244204,0.08922678264414263,-7.803098564291082,8.792014274206956,-4.3157919947662196,2.8201363671249977,-5.249835143136115,0.19289221301580836,2.140813741729508,-7.830078746079106
-3.155770507295277,7.932738124583927,6.327020471300666,2.8548094408901825,-6.887599832467887,-5.40016545438592,-8.760959448988393,6.462238714170439,3.545424312133833,4.700361599605568
-8.742291487838813,-0.34922505287078165,-8.282816476740306,8.983109968646385,-4.809217425459228,2.2756391111567984,-3.120190766037587,0.42074166125424145,-1.3861100113648304,-5.52028106317294
7.342782678591853,-6.13949890773031,-8.804335393866321,6.347783737881,3.6534882395147745,4.333418936705306,5.256987221690033,-7.915461226357454,-1.4560741615379929,-7.322937961811085
7.223744681814498,3.2847285073999744,-2.2752649843226873,-8.314048532200285,-4.743749906885325,-5.428398717985019,2.8352548673597786,1.4821668498497644,6.855395153490856,-0.7154499947526003
-8.331007260497298,1.5130588680013766,-9.084733701963579,8.82237579228738,-5.646476379827589,2.0311612205574465,-4.335228252703891,0.27733903616621924,-0.1300144199517559,-6.312755698139842
-6.070718350549676,5.679006135066681,2.7282442136318195,0.7673209221334242,7.08353565387512,-0.6001506304900521,-0.03595564638677107,-1.7319389604583761,-10.612514438886256,-9.546947204361956
3.1692494587079745,-7.446678074178109,-3.0214868821126926,-3.7790566465378,-1.7031144771869542,5.0949295046205725,-6.535502064896821,-0.7718688744880202,3.0713744443361746,-9.329846145969876
-7.659711023676128,-0.1538525007761387,-8.901679492368016,7.955338564117962,-3.431219110064756,4.089794801311243,-2.8929541272061456,-0.5647962998142008,0.8548171624598901,-6.6033768382101625
0.7177118189707474,-10.042278385069732,-4.608265887704635,-2.1210223342152457,0.3216614340795487,5.2403578657748735,-6.417950963948808,1.4385895025279798,-0.02145032245457079,-9.459512520783054
1.8945086935898248,-7.039659015962592,-5.119839594580249,-2.8793744138222124,-0.268384146070058,5.860492188828707,-6.593055626396741,0.5089051725630256,2.5629011678774676,-11.120933024177523
-1.68713746305826,10.911079110852269,4.394490720225231,1.2194335195832424,-7.769141620776793,-7.695919878241385,-8.915429466050114,7.664674890315347,2.2989910341941946,4.9886348049569325
-12.02712727236038,9.263917881053581,8.071600952108376,-4.827002384192885,-5.398103171266817,-5.095779081125106,-3.826497549847808,0.6924443400503528,-1.9787515225920354,-4.491490052066211
-1.901301113336211,9.20089525135468,4.193445221677573,2.1672596768390395,-5.805995441291498,-7.906624892687007,-8.705358082489134,6.62340210055953,3.217346863789018,2.638264651137134
6.280049020300966,1.779230140983807,-2.997073086899382,-7.930266321168936,-2.65941705328051,-1.926704972525566,4.5246770082060985,3.944761182276851,7.401950008077382,0.3463898148272544
1.820776944062316,-6.801184508185346,-9.326702046378916,8.68967187114459,10.731172006639223,3.680138305794142,-2.630759230444399,-7.708534238770613,2.477638882385922,-2.272262518257211
5.650351072969451,-6.801292973918943,-10.689893063693257,5.81024131311757,5.8820082835758365,6.98498090307372,5.642614871247315,-8.98387418922992,-4.007911846565758,-7.214078647951337
2.4274817843726475,-6.760904065674128,-4.66691372248652,-2.6383221224203246,-3.36692766907227,5.0452708155264245,-5.5530156442783385,-0.697605265982447,1.9072755988304473,-8.624119244797347
0.09824470811305819,-5.101966127246781,7.53205500563212,-2.9710241014696344,-3.1479037298997152,0.8462326674436003,-7.569391282367216,7.350011818952424,-9.000549065423513,8.32501297310979
-6.401579357779664,4.5339484374756065,4.315540744464286,0.8120952479181298,5.705730343046611,-0.3126829018596734,1.393613765874733,-2.978953712938344,-10.985880994184335,-7.661300348651478
1.8499272446580752,-7.255534004891401,-4.131718608753227,-4.592436290323822,-0.8924380617535178,5.013791453796099,-6.499647179232578,1.7283207717410467,0.5917844829615935,-8.257786558852068
6.583733888176377,1.8518190053039736,-1.8575223218311132,-9.173779385174779,-2.1792792595223633,-2.6044929798702463,4.437473860200447,0.9378559550871044,7.724936547254695,-0.45407144322758897
-7.976665685093856,0.2475921237888702,-8.963887838449505,7.288577975150013,-5.3121057409484065,4.324778691849884,-3.2693783604778393,2.476425462904758,2.1143337606071206,-5.1586178209295195
2.478379829364371,-8.36113687057867,-3.7707837114840768,-2.8772343551122876,0.8768753826562095,7.276538953075129,-6.472329925950969,0.13385105670553724,1.7743438116324572,-9.522651221759668
-1.9326406599969839,9.325536282741858,7.718759644683339,3.0927445953753088,-7.007544782632037,-7.835650033876372,-10.444774076893584,7.526986551365926,1.2659494895798722,2.7391978463232345
-7.9439010202137155,3.110261405731055,4.1500182745183825,-0.45818861622412355,5.311964980681175,1.4815898853702694,0.31299395576763833,-1.146856732480733,-8.116020500813889,-8.24626677196631
8.415571367293415,3.6285362047389986,-2.946493183954652,-8.56234772170238,-6.176435854017172,-4.175313905928191,4.111549153558806,0.8762573630567299,6.586839061311097,-2.536537967683648
-3.1367785481386434,-3.8778541161919415,6.1991165223212485,-4.169750356561163,-3.939647242066324,-0.5798083616452587,-8.018921225820238,3.9370505004547143,-9.93294523860219,9.916267901730825
6.758677562504955,-6.041158010043292,-10.757533080056284,6.09563532689164,2.6044629060286093,3.4515526877227125,6.397850931636924,-7.646319550848583,-2.4676811443084703,-9.403696330457874
8.15522703026804,-5.505815351214641,-9.679549349505363,6.924392553375262,4.846557857538948,4.439589875317315,4.794165797478214,-7.919656278996488,-2.444974588583095,-8.492508908586814
-2.399802828447857,9.740052752097014,5.120888067964815,2.1970537082198636,-7.670101646596582,-6.4086412361399505,-6.956303260160976,8.66894296165368,3.6154868615035727,3.6502358794897236
-9.7754543790885,10.383927038919749,7.836238867573186,-3.163654144415863,-5.783867482644412,-6.006113486349157,-3.7207708392319097,0.14196233983406892,-1.022615783695994,-4.470818606178191
8.361720280514236,5.548735688855443,7.71629017236603,7.9776295514537985,1.477351634733461,10.976866323245197,-8.270044342713321,-7.484582317878685,-9.229634432466165,-2.974034639096825
1.3189421205343153,-7.227800252782664,-9.51434376861053,7.911475813167441,11.437412064508148,7.499286024317625,-1.9873571143883255,-9.269452739427885,3.75591428015403,-2.4904577504120686
-7.394940537733855,2.099761344378203,-8.819243119181174,8.12889028857018,-3.749056966042764,3.461114152282751,-3.556244247948986,-0.6902647486028863,1.1680536126551913,-5.267467473072514
-1.6890422033899788,-3.930718129510906,4.880494287043511,-1.858326925095586,-4.951008769178117,0.49609372972370286,-4.543633748244547,6.345812995801807,-8.895309601851759,7.5324443592544394
8.991792565181855,4.75748869690494,8.685011123720159,8.509337750136265,1.9325054476365027,8.220325893325478,-8.171779668143714,-6.6842016828540505,-9.438660148632277,-5.579185823639717
-6.67504847551298,4.328437649020836,5.918954800433896,-0.5482311808125935,1.4969433474728784,0.15969995512589497,-0.9701090660816079,-1.6616313355420638,-9.793714506142702,-6.254770857718374
-7.8745319583905475,-1.0374844984409752,-9.066145962379224,7.384128014436099,-3.342439599563126,2.9672276481344078,-4.3313548460857705,-0.06995529759490166,1.652623010337234,-6.460657872720944
-3.4084362022785784,-3.5770456856756363,5.876488334287196,-2.7407577813836004,-4.762073210114189,-0.4155436028478432,-7.34981592367639,6.64304294694439,-9.716746518947936,10.546851522741724
1.8618615141236527,-7.527837883715397,-2.8754632342918685,-2.1150720734010413,-1.9900582725963125,5.950024006292278,-5.50830260833602,1.424837806793499,3.4288320638092236,-10.086085937427914
7.34334568510294,3.644805980576802,-3.8171167445233323,-9.040508880044761,-5.109361202910204,-4.2386615723416305,5.119104958125034,2.758709607498396,8.687193471423765,-0.3744475484159634
10.483799339273599,4.954751163015356,7.454116427115169,8.620683567867472,3.2487580003441305,11.025393673993019,-9.429875224051823,-5.381423066536307,-9.505255465582772,-2.7100346742106813
-8.226424387881929,-0.8294306968983552,-8.216159670218234,8.611729349905753,-6.36933771467642,2.71114067261637,-3.3793958243637197,1.2391246451028053,0.2549749336726379,-9.2171668793064
1.1453570183082755,-7.597222489433564,-3.4615692717298594,-1.823661023383022,-1.1725672633234627,5.631919976002206,-7.524398103513615,-0.07234043253437683,2.738674540760636,-8.495786729493478
-7.277248052827614,5.0146623729490845,5.824939803227702,0.893679089567946,5.744125193201335,0.3558516684360935,-0.5525383998870967,-1.2809490916453135,-11.652921351420458,-7.359637750312726
6.964847391847447,-8.161486218051358,-9.129770420574875,5.4697010110790245,5.509418193560334,4.722187839650292,4.752501601709513,-7.85626587229656,-1.9374970819072956,-7.040724686638767
1.4670618282501326,-8.506239451209057,-4.613227856769825,-2.4913365140121946,-0.28357084982371583,5.146096174751952,-6.41952217897624,-0.6420095405750782,1.8168522068660733,-9.919420379790859
1.300551519657994,-7.877902343428049,-3.864914300969264,-2.8600921525325407,-3.1168315489842526,3.5828190752252067,-6.613389534689981,0.7423753543257846,-0.8992134654843849,-9.570721921751677
-7.85661138234753,-0.34284520028914434,-8.325853071789695,7.474434814316719,-6.367203586242561,3.089814567554146,-4.249952429460517,-0.5648858961970378,0.7588271309669022,-5.811405242242675
8.888122936383455,5.352042452592358,8.023858000673112,6.768484453745281,2.267894355602337,7.163899151865736,-8.644776859533472,-7.075516711516333,-8.54577103549898,-1.6919632854682247
7.227800985998291,-6.273026756341709,-12.268553698281176,6.979278240912206,5.122546588402392,2.9942977204338996,5.601891117381867,-8.067880949182094,-2.903792731123486,-8.47338972858276
2.0634617092515852,-6.0411978986996715,-7.749373568929921,8.918295563794173,11.16814397628545,6.3921817068645135,-4.254151122539486,-9.65812507897515,3.4220010099269698,-1.5333370706191092
1.7680798484157978,-6.713246472529006,-9.096647833909014,7.793680186844107,8.91274159936005,6.4372417149099554,-3.9526176466551237,-7.8640566892731085,3.0145453297889047,-0.025232210491813456
2.788534169687113,-6.869533570558666,-3.766411108367493,-3.999235262437249,0.16871739096216776,6.873109220288047,-6.235915100900834,0.24121181845837011,0.31718387468512765,-8.55673698958221
6.909614785874129,4.614259400338117,-3.4759430716600637,-7.565832024574223,-4.181562772231434,-2.7867340800814926,5.520139225912967,2.9596413976798437,5.389771928829928,-0.5374490359049007
1.355339970087884,-6.165123588393158,-7.419449470534251,6.760891905712602,9.815385468982003,3.674676141999144,-4.873389420055795,-6.417391354971377,3.1028784968510834,-2.3708300896169456
-6.849882788649106,-0.07700354225571318,-9.450741822302858,7.76251799925329,-5.129589213480413,4.297357481567779,-4.101022560079807,-0.9397042897453525,1.6778573624057662,-6.507787553354176
7.830713133524641,2.8488842466084217,-1.755608768338157,-8.492789930455157,-4.166376363557454,-4.4120886005986195,4.841733024970992,0.3104454123291789,7.5599658496938185,-0.7615413566823577
-0.7953020884486184,-4.833055614702527,5.694738201347825,-2.595752545873054,-4.597096932580604,-0.32383979482638825,-5.711731241717251,5.421669392186799,-10.349253511200153,11.065904785967678
-6.849133385773853,4.712974085472791,6.748081354925571,1.6460806572939943,7.267452703196773,0.4159297290109556,1.5168240352285418,-1.772694579613465,-9.477330253234108,-6.931227056294436
1.3710440918071276,-5.507532717004228,-10.048544351845942,8.562496977161395,9.34666807256342,6.279319564169274,-4.086817901548743,-7.650737938776398,4.377516286060949,-0.46231257974864304
6.520116927115064,-4.978409960757089,-9.026120377338074,6.293665480226388,1.182897935710312,3.938416217167618,4.799490916034312,-9.49736190337867,-2.708442424567481,-8.10158225501864
-2.5439093927579934,7.845608090578789,5.782701650743122,2.7251027166275064,-6.088595244108223,-7.789497048070686,-7.435533445699911,5.921671852706423,2.609157328664446,6.351907181730887
2.105585298775922,-6.384075615517657,-4.593871266533855,-4.279340234864845,0.8709835885461401,7.08497330655076,-7.298787051938424,0.9743965735174269,1.3453166066895066,-8.807504530268986
-9.465639798089155,11.022875501709446,6.971932089124465,-6.005571288560764,-6.655311924773532,-7.8951006116279805,-3.0320453636620863,0.41729143563195525,-1.5415795407483108,-0.9823096281943005
0.31975215969041626,-7.817961357519932,-10.774556149372943,8.891641052275773,9.162320201219314,5.841250749142858,-4.950302311203163,-9.218791473308961,4.149030393789712,-1.7475020569164608
-8.40833781663387,3.712202790676402,4.834069876924738,1.9656696154951694,5.245799181529833,0.29171465300826005,-0.17111645609189474,-1.2192552874110703,-8.713819834240383,-8.574471009870999
-7.20811852829036,4.430754771258572,6.052692126971623,1.5940415382289639,4.961666606102788,0.9473878575423746,-0.6550935402483926,-1.1259324452954456,-11.039187259254408,-7.638227602617916
6.484953276726537,-7.044556326383287,-10.117328636651587,5.369212636972928,3.7510341008662014,5.595364252634052,5.533390854444143,-5.912247802168423,-2.6372790619248305,-7.6229269289176695
-2.1425993769559017,8.074406341870967,4.1260119188914075,0.9139561620517804,-6.942306288424442,-5.924967272774708,-9.824053802971553,7.827569431016547,1.4920426164917349,3.3685787236585645
5.059155164306152,2.2453965962838445,-3.1351334395304047,-9.85403082201725,-4.869046976163098,-2.9348609296389263,5.154978047218411,2.6134083667163357,8.524456572712605,-1.7299037924811602
4.8535006560951,-4.47048783516921,-11.004089972536013,4.570023416923882,5.243857301239661,2.3055223296135474,5.221277164846198,-5.401425836110144,-2.8427289820744788,-8.803386460193655
2.096992189023027,-7.571821106631484,-7.577110284063939,11.297751467083925,9.508772120515095,5.263878672593221,-5.456685141586062,-7.788581738651141,4.788537873559395,-0.7217823787125914
9.208391845764975,5.482862122701583,8.30766526034748,8.99553036599494,3.9178368309663774,8.888097749893722,-8.147377055176184,-6.043559918442861,-11.479761010574986,-2.7482425204498955
-9.847106176751053,10.996844213744604,7.209772263949675,-6.048698104463638,-5.666546251347252,-6.665729292687334,-2.742030503222604,0.8647708248428512,-1.468401771161914,-3.7277002702288837
10.24281665367141,6.7265123857648845,9.127934385428809,7.3043061637401605,2.9337129538909528,8.43824020791693,-7.544292140353191,-8.234073325408557,-8.648472504779388,-4.131979209879743
-10.588641438689526,8.720452072715034,7.162760665667351,-5.573636004494879,-6.012870556584429,-5.84272267278366,-3.280433672247476,1.6048284746009804,-0.9512809702291727,-4.416674850657704
6.31888513694003,-5.947247123232882,-9.706563207882692,5.4749572260287165,2.4194747285889466,4.8162857706988484,6.330368975213114,-8.744913714394235,-1.3942559095556806,-8.38653513491295
-2.2508527734465162,-5.995249014028289,7.417264079493593,-2.1099746999862496,-6.323168465631791,0.8501175294941704,-8.771657331185045,5.379288517578733,-9.411796053367384,10.547003430252332
-10.543432693433305,9.821796108833347,8.711377735251581,-6.82075070068875,-6.33928119918523,-4.919689247515894,-3.9947965320549605,0.9475004288944912,-2.423493155304565,-3.747110098831513
-1.6860270390908356,9.087604095386725,3.3499179364870475,0.6780909118771159,-7.215411890441398,-5.211088067986553,-9.097919107999616,5.820379962380597,1.7765571707782313,3.8887279861732384
-8.686731402057463,1.0314471954789728,-9.157735912100382,7.8498554516974695,-4.844274003367973,3.1431809212686987,-2.5454955817940634,-0.6753187039147972,0.17168634771899471,-5.266607997416979
-10.26180073832782,9.677191205463687,5.813505762748679,-3.6080686586610886,-7.5510990748875,-6.022089092704296,-3.281378259877147,0.9089277300962555,-1.5463872860353935,-4.305237895772588
10.618727152340044,3.922052526413122,10.034543991639039,10.128045919580725,0.6371212208443848,9.208886495366102,-8.229040014274316,-7.62477659986534,-8.60257024993737,-2.659790179897364
2.907538511688802,-8.281980019999319,-5.710865795311701,-1.8548734761011372,-0.5021907895617639,4.801467673502763,-6.8761874381075,1.410123552687002,0.658879484373522,-7.428318792344082
8.098552655476812,1.3982399595126132,-4.1327598374398296,-7.936121976545862,-5.257010789204809,-2.4385325519231404,4.059979676588179,2.36258120661306,6.620376446400937,-0.17765523633313046
7.905737270534361,4.543305976121111,-1.175570523062344,-8.649183411665602,-7.617009114146125,-2.259501093337793,4.051747227774226,1.949665505273256,7.345809576537164,-1.00234454357562
-3.393055059253883,9.168011234143849,4.698087554674101,0.8301993861101089,-6.521839830802987,-6.319325066907712,-7.755276513460734,8.377324967533607,0.6446308669070846,3.223626516005786
-9.285674648844918,8.643921193220528,6.584714469415443,-5.424455376130997,-6.042143440407715,-5.909989048696039,-2.3014438717505987,0.9486629341587371,-1.605256262448334,-3.211330027750804
8.89219848238628,2.836302803880004,-3.971293233742084,-9.982234712574545,-3.3844393447287104,-3.6135055644394347,6.166270352793689,2.405242146437435,6.906874061844064,0.3400947214749148
5.872858012485782,-4.302611651670302,-8.250301140786199,4.386456797034345,4.7142190607874825,4.402120070755909,5.580562276584271,-8.917389998860742,-2.713096799227345,-7.531211413425387
-6.555567770499217,2.4219588382122232,5.462972424446705,2.1121234441475747,3.9681173001900625,-1.0483564753072567,1.6678357760314715,-0.916287912601968,-10.108903171996984,-6.63992245677274
9.896274369768562,6.129194830559234,7.550416545203543,6.393676399870586,1.212057449746101,7.775943257947043,-7.476730495459179,-6.69488153530819,-9.951802740070443,-4.105027121429272
-1.1316557039830342,-5.379011095581498,6.048195049901887,-4.187280900811509,-3.9722448679183278,1.5205495466218606,-8.53144113836602,5.588740710264636,-9.856241043985934,8.838938921766509
2.32295090074092,-9.429423159706698,-4.386906659870831,-3.5241695683864798,-0.7033888967507684,8.688778230463683,-5.639042691358501,-0.028840917900165353,2.770092879218102,-8.588303858390832
10.646838343666076,5.004983943793252,7.52184202630847,7.728287874065433,2.0263711421893613,6.691017974883302,-7.898502291835847,-7.127500320307361,-7.384425412598452,-2.969432872657978
1.3782375927579424,-5.75932571439156,-7.798569551899346,9.428936064385175,10.496134328381116,4.989906094952841,-2.2405005049814495,-6.523319098160064,4.420282527488884,0.5848487835630869
-2.131926638621891,-2.7669302466851207,9.241655405358598,-2.7677776790419664,-3.2646285311848624,1.0860163010935069,-6.682632305736535,5.701790963953556,-8.313910200981981,10.275217436616774
-3.2924509153889874,8.692224611992646,5.453396053597771,0.7423053675067768,-6.65216725654714,-5.572966838993518,-10.445810991197238,7.508156774031008,2.2821830291125993,4.943274427698219
-7.157302744902166,4.4745818080343875,5.67324290634273,1.6592915607384604,3.647446916844777,0.512782085683218,-0.21635825802257203,-2.5450187958329655,-10.596069292973093,-7.408629849661382
-11.15918626615245,8.271429574330082,5.45492780960938,-5.61027469167077,-4.6309856563728955,-4.100609656738691,-3.2771040393684885,0.9959731075892142,-3.162157361310424,-4.718090995773183
3.1993094883679847,-5.8302831480332316,-7.970951323651744,5.955964433658524,3.911653453617707,4.875655052410086,4.866611114833957,-8.831178897370926,-3.1685005233059504,-8.310039543923779
-1.2291886385514867,-3.391129321963189,6.508301207729133,-3.223012912307533,-3.154035984171122,-0.3562388398159153,-6.742936209583742,4.673912987716366,-7.443610854144981,9.479693216399184
-6.050209648915609,5.257523847439328,3.8707731852727765,0.1504409032731695,4.372421848984315,0.5538818981843433,-0.8300711787775856,-1.7802039670370884,-9.036913068701322,-7.908337394680346
-8.051544499469001,3.99462537678529,6.828569343045077,2.172162259720362,6.353998306427844,0.24583754029220517,-0.662670421291353,-1.490670737406387,-8.521129005504717,-9.1004360895012
0.8594403936933526,-7.7748967911301055,-3.1357237338662385,-0.5843203612562409,-2.464583627897239,3.823594842721228,-4.135559181461024,0.6743029456431364,0.9799986453644833,-8.536362659477609
4.928778744061713,-3.901130139487538,-12.66337259746187,6.129608847691048,5.862840669767114,4.701987824952201,6.178824407140008,-8.419280650218424,-3.4980188103310277,-9.92453474400632
4.62272977924374,-7.313291652969613,-10.790006118905978,7.7286842498945205,3.2216698478620507,4.706602579880437,4.922538180047958,-7.340241028281254,-1.5195231325109309,-6.818548827358459
7.414594400409487,0.9144251155830316,-1.1677095603904197,-10.07654222458893,-4.102106269676964,-3.528814595307154,6.504811701118076,1.4263036461715228,9.727958987005282,0.2014753243410089
2.7230941838652267,-8.757426775897528,-3.074415975408564,-3.1438877859440444,-0.9722365043984513,7.029315875402463,-7.293687925417055,-1.1124294168407587,1.264692050894845,-8.032612894580728
2.6554561153362735,-5.808524194012733,-3.506656936759498,-4.175843435885984,0.17334730206363802,4.70545860054586,-6.390495628785157,0.534888974523927,3.8439588670248144,-5.961073189594684
-4.534340209710358,9.20074044296775,3.9780923714597134,2.825603018736956,-7.6721479295839705,-6.994846034742846,-8.333340477655554,8.189278109668825,0.8220038278083994,3.8269503200799604
1.8117747587587276,-6.219456410985215,-8.822700820394166,9.435516354992451,8.81570863637321,5.98537798794968,-4.8976824090846005,-8.081565329878558,2.8736596666142926,-2.310996575369966
6.180655136772584,2.8018098012712276,-2.8656428351604375,-9.973884217783521,-4.163171046673506,-4.1024173916847175,4.105447243879683,3.694747203377209,8.450760315073783,-0.5748236766147211
2.6829032368507093,-6.227856465007154,-6.937780015427036,8.977397072454892,8.130766536070386,6.617420875161528,-1.821677566995473,-9.061317213058175,3.323197763549152,-0.7805040871065204
5.551078305373363,-6.663495062176488,-9.947394269905546,7.437016596208328,4.251117545080115,3.7866836309362757,4.500322313240279,-8.969308856984036,-2.756821994703667,-6.4890322740211435
-8.594555580333212,4.78172101028435,7.3720506040672475,0.8448493275948326,5.043360019739355,-0.6851772036931825,-0.034757646854538804,-4.194479186501392,-9.086582079262383,-8.687723636488524
0.8577554942701187,-6.017127215078494,-8.248364727431872,7.107894405534502,8.150856817578823,5.884808065585454,-4.208584363673413,-9.256034655291128,4.073639259595321,-0.945476516267461
9.842188279069207,5.240898177001196,9.345920282929624,5.991602554542336,1.5241261132425132,10.159639798270529,-8.99721741436191,-6.684181049110283,-9.543415560239215,-4.7081995206233564
3.3885507955407643,-6.209749890213274,-9.667013898804655,8.667403039681762,8.698317517394893,5.458157970095686,-2.9288350579758076,-9.418300849135827,5.293441385977511,-0.3687204350233503
-8.806073043574628,3.8383244916293258,4.826297410812572,2.5813492908214264,5.384402098632588,-1.0314146320844508,1.0133518705617006,-1.8538181528699542,-10.716004738476052,-8.734944767410061
-9.930894663963315,1.945607855153284,-9.016949637074763,7.409908901082642,-4.6672724490087205,3.426635509582333,-4.432627195163344,0.5992770908982917,0.3267332992452857,-6.707272882179481
-2.743301089384188,-3.9539864179335495,7.96678893462568,-2.753804090831702,-3.0631127390183597,-0.5042532583126238,-7.62477896532265,5.755364497926694,-8.623546553877103,9.821833120260543
6.922538360845884,3.4268947151594196,-2.7351349796904505,-9.41327339636571,-5.108152239166187,-3.7848664601468553,6.10753738210949,3.897636585837301,6.6319273818559505,-1.7234589126609348
-8.055767038586392,-1.2499542237593801,-9.044385939829299,7.362873070949793,-5.342653006860864,4.575721777516678,-2.9386630496460127,0.5593347358076679,-0.33771341424712986,-6.0915143220188
6.615557015250808,-7.680911081505985,-9.305033605690518,6.041089429854918,4.303784772264182,5.640093530582123,4.231220282307071,-9.531751406761282,-4.766115388828354,-8.231777751261182
10.355599489367034,5.482557715452639,8.018778531734492,6.122577392440846,1.2719498191865224,7.820272453814373,-8.123092505969312,-6.425489632755123,-8.407521249737812,-4.106376656005402
-9.672980358917608,5.486700429436601,4.815930460894891,1.3826897350924596,5.41710548261704,-1.1915220056726845,-0.8044083238083117,-2.454494758826243,-10.21478590394749,-7.475565213120106
-9.709258262691733,9.817729487146913,5.761360638206336,-6.190676086757887,-5.641119298030216,-6.70474295502309,-2.1881912895758404,0.09549244703015491,-1.1364149014057991,-3.2428263641660715
-9.50967492376786,7.399996358707778,7.565180490710917,-5.406729310536484,-5.365490545998336,-9.228165181125012,-1.826780436028518,0.35553900448958353,-0.25291681042016867,-5.215323123164692
8.269372874985134,2.489347751209666,-4.246466208282736,-7.139309958175664,-4.530763693441412,-5.658365859392498,5.050512576718349,1.6463747534627462,8.732863645025706,-0.9368391934344324
-10.276460459261674,11.650632848584195,7.63061830300003,-6.0780491699431,-8.862906370731562,-4.040967230340582,-5.304727607572842,-1.1502701143121346,-0.3385291951480449,-1.7356647896998885
6.918733341659422,3.608169929436716,-2.224794955215991,-8.900328594667766,-4.515024659363616,-2.5403977371342967,5.775672669342885,1.5864860785918682,6.540341202560151,-0.3304448147774141
3.476329147123845,-7.9963325357517085,-8.113063939129761,8.240940609119043,7.8973734695669995,6.386481004740167,-2.898252827936618,-8.891499158465818,2.185644569784736,-1.2887948895429282
-6.9637444054651665,-0.6863565542374872,-9.444398933340004,8.258687006959931,-6.3246222294465975,2.471608644259206,-2.4147055857986413,1.2875516121410118,0.871566009538358,-6.059787430976566
-6.68848865851602,0.8523512986970238,-9.18153955323125,8.044882288208694,-5.300195812004563,2.4243336953650982,-4.452792577911278,-0.9491955407867669,0.8583341361805696,-7.987578466715846
-2.7307522220229825,-5.180843257137706,4.809362596008615,-1.1239919795312232,-5.670790393462072,0.9123711438706197,-6.268895177964307,6.465656548083892,-8.568641438396776,8.03607287372293
3.0759983949172023,-7.827375973506086,-4.715408783241667,-3.772917367097861,-0.43909908503905415,6.4824557313723865,-5.54875149068092,1.9591812016197698,1.8426953584118033,-8.402250090007533
-2.015879722171861,9.199122251893195,3.7815210560468877,2.6734795633497233,-7.455265017389044,-6.758099778630585,-6.278243218367216,7.227463015774053,3.1715735611498515,3.4582751307950215
-9.615614653593884,8.46492908416669,6.2055705648169255,-6.638020500461378,-6.536446715781411,-4.62020132278898,-5.287056283740602,-1.1184327652319839,0.11007070033592337,-4.384740873191028
-10.052927411382344,9.599356699112725,6.932140687554578,-6.0121227601385545,-5.776806854382713,-6.806813459553848,-3.0438578433520016,-0.8508510476019913,-1.2347200476112734,-2.2364881969808765
8.310272485187147,1.627786054219627,-3.9823781619535032,-8.135293561986336,-3.7772934489481833,-2.9117106069783185,4.829953107519616,3.230774746655836,7.31195366571699,-0.3239705547306211
1.3382738461244617,-8.540436412698153,-4.346227420072671,-1.7511130222017066,-1.0061494360368148,7.21467415810762,-7.457700046884365,0.272599820426178,0.5958979328277307,-8.707359862975077
12.318962647764502,4.508301401591417,7.8685278078548615,7.331154038267574,2.2011342313601916,7.967281361677023,-7.617817744959098,-7.05893114160575,-10.47704594025282,-5.291608124143821
10.551532521679515,4.996690268234436,7.764110725314307,7.9588783581720985,2.065169491481299,7.358971959097738,-8.405444488865623,-5.681025149897964,-8.735060826771159,-2.9891055313504404
4.405675221942381,-5.207704824862691,-9.493190701060602,6.478976337067343,3.290649074083436,5.188090927825501,4.669908050584965,-8.62109361991187,-1.3837412827275675,-8.343453045307552
6.764751371154201,2.7600445753443723,-3.2187048222694776,-7.267115978022408,-2.8089412080143963,-4.79159218013218,3.4045703999862402,3.330059245173397,7.6799172041473645,-1.0108732807147776
-7.918405609732545,9.792868573062867,5.452969753973251,-5.308615118214336,-5.166869169212337,-6.941692707250706,-4.049172307482163,0.5098168273739544,-2.1459979402399254,-3.527136762195302
1.5191390036999879,-7.4406474121394135,-2.9773818209349265,-2.478655503172808,-1.4098146102668792,6.187395879048313,-7.108816506669229,0.9660482787151805,2.2568986849426174,-9.378800216738929
-9.411868558806725,9.031169204156564,5.821262595359716,-5.667073903388102,-7.435639667843595,-9.253260286425931,-3.4785953366515776,1.3990634737309526,-3.7240320626995236,-5.185147900749099
-2.496820902971529,-4.600403684925826,8.527857381311163,-2.1779768340295367,-2.8452486245428563,1.451459369059698,-7.892818727454227,6.1610638312306465,-8.272763480140352,8.798583162239664
-3.5048068350126838,-5.468447325447124,5.238181682723669,-1.528276108369231,-2.832670511228348,1.1741382411137986,-5.960220554819599,6.177897995661031,-8.60409877410535,9.404701112956584
5.5829737943506945,-7.911815073267578,-9.836498344595332,7.174518325231932,3.6602704163085074,6.257259231006618,3.9649060343004265,-7.32784628368636,-2.1555483727076266,-9.398652057808095
8.187350410228703,2.6346139041613537,-2.705682455272108,-8.766520115021764,-3.546488464677509,-2.3313426769011363,5.2174419007827835,2.5818749887716383,9.09661739745268,-2.920556869552526
7.087480619347206,5.141647243969722,11.493006395688866,7.665885341913267,3.0612171482753605,9.879427102414935,-8.011186043105635,-6.9221643834852475,-11.530766553572128,-2.8092301761257583
7.020771195435117,-6.073485619701342,-10.616331795361795,5.4316112122337765,4.469866206537531,3.2469953523425383,5.178070969822496,-8.18587643032817,-1.5315356085668799,-7.01507072912741
2.7246414590331796,-7.865821942792506,-9.987275757757947,9.27042622720852,9.458161859259429,5.553824397320906,-3.7667419169205267,-6.457930791828726,4.380063004793437,-2.337958634960711
4.535205597524813,-5.26618633180043,-10.50633301904766,4.961232784729513,3.531466877016545,4.54810099013926,4.244434450054529,-9.670788074352537,-0.7193890950149631,-8.543184213311292
2.2294740677479163,-8.718251620668982,-8.240800025505711,7.99798952034986,8.159308258285442,4.480602615218511,-5.701617114400477,-9.402005222984611,2.975639572612647,0.7563090123185952
2.9916315201583155,-6.381715018900857,-9.991593487446671,8.445542181939476,8.705286228278975,6.090725917106176,-3.4818809579027574,-7.62835196398435,1.9086487761947353,-0.13300913764711697
-2.490763689987357,9.361867833559993,4.1001191559187395,1.1948649585384192,-6.683781936053588,-7.858482370890979,-8.430075000921539,5.620939311260862,3.0514558721898193,4.634049038333952
-7.780277766641474,-0.027091995116526865,-9.119632658964328,10.578517676849636,-6.923756632418687,3.933668701868448,-3.880580726970844,0.9681321497403959,0.2768330328708686,-6.351875920347909
-7.726096175841344,3.1078992887955352,4.533626174314166,2.377892590351851,4.9347150344911395,0.019329557969291006,-0.6209938959350059,-1.112596587369973,-9.949302026797174,-6.795458746358147
0.7850728826133275,-6.738486836021467,-8.196183713399215,10.77407156799363,10.018719575306319,5.925265685517188,-4.934093824198479,-6.816557147153172,2.7199551044924224,0.4315184295643486
1.2698287013674743,-7.301738289903221,-7.5122335201170785,10.414046150772645,9.074530225179133,6.213949709582495,-4.812338991526353,-6.873800874604877,4.350077353934916,0.744267311255776
4.159296271880375,-7.641532840283384,-9.516909471047898,6.4757216962118065,5.679883244232119,4.823618437956517,5.021249774239612,-8.517312092440084,-2.7129780106535892,-9.354380082825573
7.4692079542904395,2.226689389399307,-1.903918276847532,-10.211229781275296,-4.531699035290126,-1.9762418184739579,4.723242891436428,3.6359920099054213,9.795501794795994,-1.2495059146628362
-7.527839437571647,1.511116508624914,-9.332790135046139,8.475591714694367,-6.003323859297987,3.0307762347286804,-3.1562524330031794,-1.154013310285026,1.1350506799813025,-6.202119816844652
9.962113728651968,5.171225095940788,8.271312111662573,8.74974855360453,1.9874301678992545,8.954129146398301,-9.211475895479074,-7.485159695544603,-8.988246259749106,-3.812239740229444
-8.899307374228359,0.33575489298465766,-9.993609812765206,9.154234065600846,-3.8306181534692225,4.62436007229109,-4.618165244285884,0.8767260342482265,1.5666598035078938,-6.777089064593424
-3.803879098773656,10.175112915576841,4.17217763491621,2.319673565671448,-6.926547770030454,-6.403068766052825,-8.761505865575755,6.040530691310133,3.0185670543113154,3.6676949727595964
-11.006675847016982,7.63738823125911,5.123196501438341,-4.490633683007295,-6.915358801750434,-3.7737105172630714,-4.479402739466634,0.6796799358417942,0.18101032541019046,-2.1693243078800384
5.909146624056151,-5.416550850263039,-9.31711235137285,6.706275238979082,5.068812843820438,4.9755170420054124,5.112729764065638,-9.315095875326946,-3.0796590843952227,-7.36848931304674
8.873935108068952,5.720458806971017,9.265567267212365,6.14965131720742,1.4192387388756067,8.182537730058746,-7.973979353267332,-4.88703174568997,-9.867195036386022,-3.991355231552555
9.070533516585469,3.9170307604526986,9.930046677778943,7.059456874937935,1.8992791491170737,8.884021207403046,-8.030539540558827,-4.98616320409562,-8.61645107839648,-4.354702964431821
-10.116926795833708,9.98456106199498,7.887135887442072,-5.731946209698415,-6.054667643259024,-4.6296948582960855,-3.6744019613206773,3.096811746825152,-0.795589981526141,-5.936179955194979
-8.245514438859509,-1.529133087514249,-9.166393107480248,8.771707478091981,-4.309516771923289,4.070370939714874,-3.4414382681969125,-0.13136507466068725,1.7738694512967816,-7.660428429331394
-2.3949699743907105,9.164587889660199,4.276266624014245,1.9162240602196645,-6.571825422259211,-8.590277985932572,-10.186513178741723,8.066787009521418,2.1931656729921176,3.97746821956823
1.3984720960003587,-8.09680370924262,-3.622289692949727,-1.443782631637104,-1.5159080626880752,6.1619059314117575,-8.093551375434874,-0.299928962384967,1.817232444369948,-9.980675162581878
2.5312820234610838,-7.444530587275485,-4.940872694882033,-3.3633041864424253,-1.7947922311405229,4.871697019629828,-6.073702646882161,-0.43107122083851923,2.5303434429534697,-7.583745590264118
9.87120010329278,6.231597661792741,8.097628057049988,7.23750773366433,1.383898900938104,8.973898600353678,-7.196268904037401,-6.487802858908697,-8.18749190816219,-3.3699135755701186
2.79143997310354,-6.466439324597989,-8.81209619281015,7.678494381620842,9.54542740443135,5.411182985313295,-6.0976463215111405,-6.851965499358591,4.6430463500851795,-1.1452891483568932
-3.2666529171658327,-3.874203694241606,8.023570291376304,-3.180015394037137,-4.622740370977378,2.320704220063946,-6.6759576472897395,6.48017531988185,-9.69990363237831,10.416466801289765
3.32109574722537,-6.455221029006377,-8.619370277918373,9.531768516182574,8.45093759123493,6.197978441493303,-6.060108161141767,-7.170102074369386,2.1231673078012783,0.30646970322102596
2.254335167336873,-4.547441486110426,-8.421609678329734,8.955431765882953,9.634722972258173,6.156854958380619,-4.720738988792717,-7.223277804194616,3.9104220533548917,-1.1793368732743157
-0.9586971302386733,8.01593208745953,5.624201234704685,1.759180839715223,-6.929090900803703,-6.205290101109343,-9.961049778198309,7.705932661682754,2.188752443077232,4.653902819929058
2.9260525320635495,-6.036477440401812,-8.464943685941261,8.729182126992217,10.51317231996506,6.308306832177268,-5.874794320119739,-9.163744181579323,3.49881477805039,-0.886951142042418
5.837900917324272,4.37756860361448,-4.023204432343867,-8.993897991168106,-4.683007925674576,-0.7980047235279715,4.834194237049248,1.900174346422698,8.608178401488976,0.21343428254901942
3.102446808602809,-7.61067998381447,-8.225496241259181,8.710069654167873,10.15941143670768,4.040719541977726,-4.006818916773856,-8.649378375656283,4.1169234808772925,-0.7269059378397709
-0.9580456475302273,9.12996076249118,5.819176020291928,2.040688165350841,-4.818879266269283,-5.124768750832742,-9.087291905115084,8.295093866453058,2.667676184449323,5.530083113453258
7.198090187998733,-6.390838982514765,-10.730050643034643,6.99646701949197,3.7013571473287072,3.7386938466907385,4.947567083015123,-8.563713497501194,-1.4885052978696933,-9.616706554956982
10.08561578848243,6.2192458069819425,7.059716100799438,9.230432754053549,4.455414702641557,8.483491087198676,-8.871264219186255,-3.2560121606140493,-10.41442272009175,-3.4732869178656145
-0.6185391450912019,-3.2195657169008793,7.921321845648885,-1.4212631469619756,-4.089930821436439,0.8861067502018094,-6.308698417326413,6.776020566513818,-8.818053363142845,10.142562140818614
9.223307632818319,5.176643971405442,9.18034502567916,7.742641781578287,1.637614516784908,6.658085769955115,-9.170117788111677,-5.6036917108165385,-7.379546590656545,-3.590918768480336
3.158341011223965,-7.844440194256462,-8.514257665513327,9.915626282577321,9.325139983398438,9.03635001799599,-5.5763238754107824,-6.987829189988442,3.511858792846673,-0.42502997037129797
9.393669400046983,7.035529822858603,7.444964347353114,7.0354973363874,3.3351805127262635,9.457521207364424,-8.593281605778687,-5.225940750496376,-8.754238379297206,-1.9931187757337248
-6.292107661515468,3.7261109066125107,5.0286434558642865,1.3210059927482216,4.38973262800182,0.10284387108806273,-1.2642738253139654,-0.4022250984007987,-9.444980098552131,-8.363064364037674
4.547236000658094,-6.663173804141564,-10.264965104011914,6.260398733162979,4.372602672063458,0.8917780693913029,4.617756375972149,-8.910676942674232,-1.3256233905062174,-8.762621417879538
-6.385793026471979,-0.3690065191364055,-9.652828284605494,8.686551074689527,-6.181335937699237,3.4735987418273373,-3.2138925063896266,1.0815906319738455,-1.002547115636872,-7.064266159298399
-2.6108415828032805,-4.7787863581992545,8.180370015603707,-4.945673991519192,-3.1754913855363416,-0.08287357179441301,-8.55359468777436,7.223881745119259,-7.777089057170203,10.992257434391536
-3.869053764032669,9.760539694225542,5.285363017369177,4.136424407246192,-7.187405426104271,-6.660959265612008,-8.588944072925255,8.900976195262178,1.9270047024772237,4.440473081691248
-6.97120700223098,3.789770466015296,4.682707252911995,1.8654469085420096,6.134580182982454,-0.517439197535058,-1.1325314820385723,-1.6564957288372524,-8.868091666292237,-6.03675461371413
1.1755310107505164,-5.2860095943194105,-8.0342653949613,8.424789907699363,10.314465515173124,5.670376123944014,-4.689728109043624,-8.806260837352609,1.9135919771550463,-0.7254077447897673
-2.3224308585756717,8.258903195844999,4.028361033236153,0.5665085870925097,-7.802860437262174,-8.231794198892281,-9.814201009613344,8.377164712106543,1.0729013460322325,6.793833620758299
-8.586053916786605,3.652472853559031,3.2366822788482366,3.2523610674323176,6.282098191043907,-0.9541585678414221,0.17281173824278168,-2.086056107035441,-7.9490702537439795,-9.26204862440484
-8.736197415874392,1.7240821101672192,-9.878624168910356,9.018024827756046,-4.614930284351889,2.2659116365976724,-3.77173318742451,1.1853632028669643,0.7459442517792865,-5.109797943638431
-6.461935115560715,-1.6621098293801926,-12.319861917389389,8.757587447794851,-4.580743144296947,2.1602372802802106,-4.7513180789327105,-0.5683832960784582,1.044740904339533,-6.929226165672466
-8.367917213221741,3.554880301568347,5.3456991981395445,0.16250767853620696,5.840590977782201,0.72275187275698,0.9890038010936659,-3.2175950584670803,-8.49644979995949,-6.9048040458802316
4.672353274090912,-6.083650368984855,-11.403388158772806,6.940104172692838,5.902060682503114,7.372352228729708,5.516575080385354,-7.730902824521006,-4.611311102022037,-6.179884483191818
-8.61311248430152,9.899291213179731,6.838434432607179,-4.752171693867336,-9.066732948857226,-5.654034483400416,-4.569230823936669,-1.3355042642116997,-0.8498970276327045,-2.8017586508762036
-7.332200824239535,-0.4205299729835665,-8.720787425943778,8.866628402052333,-4.5169967982799735,2.4258334366448793,-3.4891777127005996,1.5968410743816952,0.33757652825386275,-4.204971550357028
-1.4147486345970939,-4.241100916814195,9.510156389427056,-3.8928572311389527,-6.0919131606888985,0.46083146246350826,-8.749503766065015,4.551477345074803,-9.510301780602552,8.815549826578719
4.945022955522296,-5.4826540900269,-10.123455457981546,6.113135358419744,4.546832220698893,3.9831497723988147,6.918410038162118,-8.67923710491613,-2.2123248628548824,-6.227018330240107
0.9541083916024549,-5.695819836865059,-7.80601427018564,10.807330946782754,8.902954068861689,6.880269121909383,-1.626072779993744,-8.66419939680602,2.149620282710778,-3.0769601591157367
-11.723984328062647,12.53594557689988,7.704909625074487,-5.529978872305318,-6.418394656474274,-6.046355728073666,-3.3940327124299072,1.1403442185948143,-0.8054951611542367,-4.085836514783913
-0.5341076337471546,-4.428692892796046,3.8714021359312314,-2.5255776533719936,-4.729467203069698,0.7789951070465219,-7.550134866290446,6.850986031687483,-7.389299347851203,10.020791894269
10.018127227745117,5.422748014559741,8.995054170518413,6.273164478611732,3.846436515835959,8.273242715430303,-7.532562988622411,-6.916434421836722,-8.787444319571899,-4.796238148259458
-2.6398779768468006,-4.5406231508385035,8.037004787073318,-3.155387382356003,-3.308768006679626,2.28268182520174,-5.747205831152671,6.328694208466364,-10.472276274243558,10.19856359741421
-2.961503942301827,6.590406801569365,3.055976012742378,2.7335843400850295,-6.093827032500438,-6.454652031490982,-9.805303899765223,7.275811559356724,2.018697695773607,3.003086866728366
-7.892904490749361,3.267630786491484,4.751846542832003,0.1273575676117753,4.970435211778215,-0.5301984297355884,0.551411506078682,-3.063929495120339,-10.93713561286342,-7.4802571894033845
-2.992499408610759,-5.034286415020389,4.321956788307249,-2.528965292687637,-4.654154352592515,1.8240967457328288,-8.2799247184673,5.424816666830863,-10.0155123844437,8.733448168516093
4.415199146300087,-6.509703492938637,-9.893630494649386,6.2679689164466215,4.88689235239069,2.565242128313139,5.7597339882724174,-8.809088319754832,-3.6691860454984995,-8.425105587267005
9.02275311625971,5.716465261163354,7.872002726673047,9.627716640320275,1.3225896959929653,8.396192013455051,-7.6741278621193185,-6.67162754041899,-10.942027269593657,-3.922047911651246
4.620283376168126,-7.084486517564372,-10.60507064301318,7.43072778094661,3.476121822324849,4.065204654386474,4.968709318695668,-8.180113451508772,-2.3744359405860145,-10.727275348740568
-6.947772026671284,5.0124418702463585,4.820654120168381,1.5345907864139599,6.8432974446323875,1.2896815755790736,0.42548388841332097,-1.309860002099448,-8.380706320383663,-9.342973475396086
-8.459906685616904,-1.060661869197841,-8.232173518556323,9.129196555715719,-4.337095130954667,4.3223755522914376,-4.645061260623769,0.7499555434171967,0.8090311584824288,-5.456028785604545
-0.9578709705628901,-4.081606608166555,5.351529952976659,-1.4403057340509706,-2.8300645398246553,1.7362081557641855,-7.943103365540967,5.737925660723386,-8.363559908998825,9.034028332678913
-2.2053614583597723,-5.70408660002467,6.5074727181250545,-3.939594505561077,-5.163663728754378,1.7070869695781616,-6.934034952864643,6.034275193767448,-7.630023153333933,10.218347325357692
6.546633247719356,-5.5336928824800555,-11.49581444592991,6.704186539419989,5.21007649145969,3.7267438867806355,6.390733600880041,-7.814770755464114,-0.9786453843008773,-8.100401822011024
-0.7115110962032276,9.655128989465332,4.068699846445305,2.5457524652968906,-5.480271754565268,-5.955475910363178,-8.778697386715836,6.676586137793129,2.7205235484777655,4.554936941342659
-4.547322158230604,8.006199817280917,2.7690869152022457,1.6216561998994234,-6.861208811961719,-5.203672281000664,-8.511400382871848,7.104422386689839,2.851705816047665,1.9503162469130237
-3.076175127688056,-5.056003290594923,7.105433306048637,-3.528369623347702,-4.343734946916519,0.5392308343768772,-7.052147493800929,3.663200509557298,-10.338668941612667,10.353705738057185
-3.805890504927958,-5.390911206660588,6.965959510275982,-2.2831516954998516,-4.397532923848326,2.0107554442019584,-6.784118477045513,5.296483961122583,-8.7894891798162,8.33487257480249
-3.390504838616185,-4.931009798935418,5.715136669160135,-3.7555022767192283,-6.491148046878026,2.1932482526449695,-7.868054253658516,7.207315670244345,-7.440194805010291,8.451739025493852
-10.653423777159324,9.092972338885218,6.039340613849152,-5.940189089419923,-6.30685073096088,-5.802217048574593,-3.9856539188683366,0.9816302764709592,-1.296625212347565,-6.150883762393033
-10.678709191526798,10.809129422986157,6.550264683724174,-5.734368163489629,-5.655286232601431,-6.098693671667822,-2.9620185068960003,0.7822527978465814,-1.973537001798123,-3.8139136708330597
2.8329665280913976,-6.463339622592203,-8.921443037072676,11.024572940786225,8.637706642700635,5.76487097326419,-1.9161713143278527,-8.878619024722179,3.1345452473065984,-1.343975548638823
6.716106590396943,1.1163128663310178,-1.9618545641650675,-8.136719093994609,-4.487022669759896,-2.7767340618401675,4.521899946186655,2.46403992224192,8.179466379816134,-1.2971997466737386
1.6323132299093772,-9.415688844058232,-3.260040832408505,-1.3978880928474438,-0.22707832431977482,4.5658335574354565,-6.208015890780324,0.2781674530427745,2.44708576680276,-8.402651256881963
2.8379628338876826,-5.122976666975567,-9.81054838980796,8.941885166360203,8.781186110131973,4.600087536963765,-3.561014638927667,-5.535001168287899,1.8445827857373847,-1.2292307362574433
-7.6843540985545635,5.761776018310755,4.604615909861231,0.9848196474008744,3.7182031248239786,0.2499740154188584,0.7191382725912555,-1.385477273063237,-9.70844451534024,-8.134929378906365
-9.074710007514234,8.865496203577974,5.478935980298147,-8.625479999716127,-6.391015560908624,-4.559658206261579,-2.2538959262613756,0.03803237605848542,-1.9633116875194658,-3.7066429399641376
-1.4041037353146057,-5.409999718961669,7.1267144423704165,-3.2090314943905467,-4.495782178051248,1.0016775705650982,-7.9433401721635954,6.254306728621682,-6.978652562050173,8.959643946177632
-1.8803368774126366,-4.0810050839551835,8.638970317891,-2.706838590261404,-3.56157008899429,0.6584490195789959,-6.88428827891966,7.711196456830329,-10.63297994453022,10.151354989582027
7.059462744593797,3.4459667726850522,-3.0768886670720437,-7.580742127882094,-3.4385996449732166,-4.794659499133962,2.071276560188546,2.8999581887838533,7.530328385175365,-1.5326472361428958
4.6360869547076575,-6.32474221527619,-7.423577402295395,8.825996311489437,9.845999906196637,7.007415466847626,-2.6895299047783308,-6.9891894144940965,4.556857530316115,-1.5120368564020816
7.927403052020746,4.675568112593536,-4.168611594504866,-8.396460661055542,-5.5358591543913835,-3.042428330023712,3.7064097669615905,2.1263148086697807,6.642968361686703,0.17644972929372182
-2.8578567617769175,-4.520492996306766,5.818799476346668,-2.5044917898354413,-4.597833003788558,-0.08531987751703707,-5.8489640328396195,6.97287162861301,-9.11389389033276,10.235527041428123
-6.592722752558743,3.093064443987374,6.242761399210966,0.5776716617434038,5.781793480685748,-0.6339820255778179,0.6368272153519833,-0.5573019982587333,-10.718631542406632,-8.522077356880743
5.840718572193324,4.21825444567319,-5.8909966814420915,-9.497599404318047,-4.2393852388656565,-2.914610194494553,4.810841832902768,2.5843346864058696,7.732257506898807,-1.5337245202835819
1.7582204384391857,-8.072898551002284,-3.463628117381643,-3.0647757740452954,0.1813360683873413,6.32052517743697,-5.322955033632328,-1.0812669429283017,3.0602353626272505,-8.80974121436619
-7.34922756552126,3.199093033111141,5.810555345735193,0.6123320589139286,5.094723924693279,0.11364365519380099,0.5577348091707297,-1.4251996138134149,-10.242244287094852,-8.141720871333103
-6.86876261698291,0.16915519539793716,-8.654466401545259,8.116875755333373,-6.011393756305406,4.3082598679004365,-4.354890610992907,-0.5342358752062096,0.7562877110611947,-7.215721808785972
-1.2983635952192782,-6.34350050229816,5.996636724322945,-3.122942002325823,-5.017533518904314,0.28886118961377727,-5.310441018196633,5.1930555260418965,-6.06776540393267,10.174865511741398
11.065056501443696,4.913204067283573,7.207550857260143,8.713384019983957,0.5774008703220512,8.00132925895485,-8.487770444472604,-6.149976204917204,-8.406289764714904,-4.1770276670211
8.74754588678442,0.4185253507804081,-3.6027682599053827,-10.06151143530473,-5.432596243040246,-2.5293769141202427,5.136748141260619,3.200582943051525,8.665280691257525,-1.0354203935271498
7.444166763327733,1.4300006079445189,-2.946091873231544,-9.49077423241461,-3.92206228738858,-2.6185075282259334,5.38288287899381,2.7291193545873225,5.976123818819812,2.4371090732996277
4.852429930552633,-5.698613994438706,-10.471618991620964,6.708272709743208,2.8170696892150415,4.3413907587563125,6.7109891680805935,-8.576168256749348,-2.6890896423746646,-7.207360204780095
-5.702587866542469,-0.5782277688680715,-8.987770973343116,6.382545249013278,-7.2163565723126855,4.09522006286134,-3.7713387718598512,1.579873113354639,-0.4391973021041562,-5.783008749960707
-10.200079204989237,9.361160246191474,6.219550591491176,-6.445638766308333,-7.7698181195298215,-6.415015375560018,-5.419875514840248,1.25518459633436,-1.2786598742231818,-5.632968695504092
-11.010120780825794,10.899530695195374,6.3261729771663,-6.004050802889524,-5.03530651400893,-5.775679793530664,-3.459267368727638,2.6601309775458413,-2.004617857537828,-3.2475770679579243
5.726125878151752,-4.536086959868903,-11.159919703853038,7.463922335813402,6.504561240979465,4.20237847329727,4.1344647142256905,-8.926081331691563,-2.8166804617431667,-7.118830934490491
-10.410026650721857,4.6991593943819705,3.7890517615276016,1.7246544581888663,5.5472708014658,0.5116384537283648,-0.04459102685477362,-3.32241974464816,-9.941985656374765,-7.435323824994128
-8.298263961127656,0.5558685404020836,-7.884924213406416,7.766973288917092,-4.067912013683563,1.336385616492173,-3.106327237098169,-0.40258799117126476,1.241551203573563,-6.550663307729168
1.3151980813222766,-8.21408015904066,-3.949839699896693,-2.6034187970899154,-1.600337868996534,5.880340099999671,-6.553204441420071,0.013033657946179278,3.5217434675393866,-7.730530693809698
-6.866466271255563,1.0093712685201164,-8.450793052062828,8.437724689813745,-5.055701310929361,2.6740261107447965,-2.2947437873946765,-0.29813479661142694,-0.10286048670440318,-5.637541954456629
-1.8529205227985908,-3.117584880606757,5.983731727305156,-2.424873537105069,-5.949454119672435,1.3111347268574836,-7.574897798249404,5.28152166447788,-9.269350767620715,9.344127149977336
8.429286250816244,4.05440971279127,-4.067026682090764,-7.927651230291344,-3.0149514096734062,-2.422920857054614,5.090813478896825,0.808651736142493,7.588832418998771,-1.7114090716779289
5.408315346056302,-7.763490985163052,-9.871510405059727,7.519903121638879,3.5375068821311393,4.992096359881557,6.276997979612112,-9.428787404630668,-3.281988293458212,-8.700530299974565
1.693048651846277,-6.748879758400077,-9.069550902695193,7.6296636331264995,8.597959984500756,6.689226867343036,-3.5860460751560868,-7.878497913905502,2.689512048389758,-1.3784532873436401
1.6263300242617156,-5.237314847387026,-8.274901278775959,9.017157793307407,7.876731137622659,4.852131145901714,-3.6267153662507803,-10.179153346027158,4.697297939887209,-1.3551039695802933
-2.6763157033696046,9.160999814631644,5.846387802736459,1.156234012953496,-6.510953882278369,-7.2734484056033075,-8.809582933701193,8.601974778106001,2.213399302884079,4.207888104077058
7.469929018578951,2.5985602085772594,-4.985256349561112,-10.543716823760933,-3.4844203253406607,-3.3609047247451023,4.166305568394729,1.0940058419719583,8.215646114291522,0.7161980486629298
-8.439989392707155,1.7022632205767156,-10.047430612458879,9.842616293632938,-5.067461566880528,3.2527336232231443,-2.695413317981851,1.6732528454948727,0.8233930265865055,-6.691153943010997
-2.3087079058818127,-4.266568501558742,6.137012860634264,-2.6829435835054163,-3.941823758243873,0.7556118157105938,-8.985265984597243,6.37541051141169,-8.144425649049127,9.057565255662395
8.09010457248784,3.649637984324722,8.665091945933716,7.912244804510734,2.176658882979,7.99116418522799,-8.430789257787042,-5.712832341076494,-8.055023329144401,-5.448442155052995
-1.3510867495526824,9.805948822161257,5.2639986532802565,2.601515193205012,-6.891873963998185,-7.777363964761778,-8.762523198442285,6.646361203986592,2.997419968281927,4.01439417441877
7.90061183477947,4.163586316260499,-3.0499580415302057,-8.082703318255355,-4.101137427538755,-4.8583769303198165,3.908274666261704,2.7419903885696075,7.805040224027834,1.3705843580943795
-12.142231248985906,10.33251695447916,5.281974117593014,-5.97798318832716,-7.533613681917347,-8.133890240511343,-3.3736924126044574,1.2542837929474042,-1.9376100278844046,-6.766459488184071
-7.417367396586137,9.222311230807549,6.7720576227929214,-5.201732410394009,-6.319898209485534,-4.63685876250057,-4.537804502543698,0.689736087882,-2.1035702128557334,-5.495439707259867
-7.348634463806782,-0.584937877884956,-7.719559579412748,8.205752112387398,-6.013363787534623,3.2005655329515226,-4.8118995632742845,0.8747678392686826,1.2251529512050783,-5.345071258381191
6.612637311460927,-6.800731332332791,-10.744051120266006,5.9061627010599596,4.409383602279731,4.5228729499976446,5.973473858426085,-9.85859633184685,-3.573071799545282,-7.7986158818189395
-1.8687928395792701,-4.508513391659511,7.481294340148552,-2.7926814178902983,-2.3234986291546225,-0.5844895036295894,-7.696686399596765,5.917420718126845,-8.069534435946593,11.005699219113435
4.7923670927165025,-6.636863521335879,-10.417551679293565,7.66229772926309,0.9161305209666297,4.975742195582689,5.459678747919137,-10.199977424556312,-2.520958649978545,-7.2068668176658734
-7.7291361122435305,4.992067003993848,4.811997538340042,2.054692986449467,3.028265033807261,-1.1438894064067788,1.4339163319268444,-1.6988351710479273,-9.284075170229356,-9.188957122249345
2.0066571802418225,-8.134355931227468,-3.26690861817085,-1.6375137994024134,-2.7247881778973744,4.774008367667863,-7.503053611922885,-0.36533516613466566,1.764853407450489,-10.520636965298575
8.556003550271136,6.599876658828729,9.657166244111522,7.399192637138882,2.534450921344125,6.928928732249478,-8.045179383888453,-5.627586399540401,-7.388124412230017,-4.264212187463402
9.525858971287015,5.930998517883016,8.078516637200078,7.512090129575884,1.5469746397185293,9.459107684535374,-8.608909795564703,-3.997682429507298,-8.664591802774202,-4.769076044730444
2.8625659112786255,-6.324891303970172,-4.749462984947691,-2.5492154381705836,1.0755571180910057,5.197772523598336,-7.065431943889406,1.7663521707348313,3.8108785677716446,-9.067296073752198
-3.5304304401834634,9.722642575497675,4.8836795499993,1.4090910532040035,-8.159931589822165,-6.0076522649958015,-8.18812657867735,7.22434705171932,3.8689372309118415,3.0913667895947565
-2.21423065779519,-5.769684956806478,6.309189670520047,-1.4948316125178431,-3.182010233330799,0.821644769062352,-7.268600226647897,7.923814164501803,-7.988231006045873,9.409932272133823
-2.1531174614322226,-3.604249468840729,7.541928305477538,-2.370956083922569,-4.743657363798487,1.5957439575550962,-7.2734839667077935,4.962025246367662,-8.912274918315523,9.82226571579467
-2.1959777922897303,-5.470272370683339,5.921800027206507,-3.414722825766247,-4.696576140168641,1.121972090754723,-6.466341110376689,5.992820922065418,-8.492862338504112,9.881045037010349
-6.496578012316897,-0.4720954635401319,-7.961115487708917,9.47915333109385,-3.160667535856188,3.555688813610993,-3.178386778405768,1.8155477118873062,1.3815995239345686,-6.804144997279671
1.1650932293609397,-6.873672624182967,-7.504205278417472,9.872357932640538,7.939781210010123,6.519426862681423,-5.885949865907397,-7.999622817811952,5.5824275469891145,-2.1448428424769594
-6.413207728091009,-2.9339682391719752,-9.328839920021542,8.080589284077945,-5.278036755591344,4.976672232715273,-4.653107937067552,1.1731566007918774,1.2904583755716765,-5.041391636953943
-1.8096526317272454,-3.405898576518785,6.5516996269531225,-1.5863582981888396,-3.298309867735516,-0.2224595242370886,-7.855305606164223,7.001476778360563,-11.221599690215022,9.588283038845358
-5.374140408068311,-0.7831771407778916,-7.688344584884479,8.569576231334542,-4.325304551861913,1.5581748554363117,-3.9361642435999764,-0.41146316678034867,1.7622644017589022,-5.231830389086654
1.8772892486585042,-8.536170473041201,-4.570572190418913,-2.41248262754328,-1.8423592418698913,4.74636831296523,-5.66273647528292,0.2360364167017814,1.8810883726524363,-9.829487080300115
3.6404278645727803,-6.512219514420135,-4.600151050424119,-3.1522561015254094,-0.5820247705185188,6.166704023127858,-5.809232091201599,0.5959974417151175,3.5482487518172303,-7.999448593365159
-7.7483906667843945,3.929379912426833,5.47167811875672,0.10629370916928127,6.671291053604378,0.7917357088854191,0.09148102890706544,-1.665598344467379,-9.628039615395712,-8.620480013140414
9.971039315047948,6.914683345765541,8.161835092114604,7.995480795581859,2.296357018157662,7.444906693733512,-8.209732791748692,-7.5460166089591905,-10.864504525528638,-3.126646976842456
-3.7896269755490333,10.769080310182686,2.5579494283443793,3.66962605223077,-6.668609723948651,-6.976822705146339,-9.38324684344496,7.7226590298507745,1.9846655324393272,5.26475343793743
-1.9252694377267863,8.654994037411262,5.230533666920411,3.0818732645236397,-6.059145009953906,-6.372835562168649,-7.771653067046857,8.492818505944376,3.404459225901703,4.810161443510552
-8.032713247256108,4.662533246236178,4.752964324341611,0.9184956104648236,6.562909644019833,-0.017594092422093296,-0.3886417236450709,-0.7471493091616813,-9.293941898163851,-10.363776261595953
3.483949609982309,-7.272126796325194,-3.2056577522375505,-3.0392701544942176,-2.5824719024859997,4.779053239730718,-4.443635588324608,0.010695686442928343,1.6049073978658317,-9.370829941874925
9.607692679408311,1.0658913021494196,-3.4858519873499834,-9.909293479511609,-2.1883286671106728,-4.084071528784958,3.1489227729754865,3.3893364259528362,9.488565966269642,0.10789637179974909
1.6250173621335624,-6.4117674199861385,-8.298486753788081,9.108775931282516,9.235197200765194,4.972653198729977,-2.456797068253375,-6.239361076234436,2.002001836120452,-2.2209787160943524
8.141082672068878,1.5194717405627303,-3.5642000868049406,-8.447621311695462,-4.053360313709341,-2.9113122271772607,4.873315584671556,4.5837106674602754,6.213975715596743,-0.6781374865084111
-2.7423595193426995,-5.4984116221650385,4.819312285727879,-3.5600828242050864,-3.9081643529845977,0.1510102251254023,-7.419322537930687,6.510370902493112,-7.988297629981915,8.658205879844306
-8.863214327235953,9.914375330354844,6.007371220785483,-5.321295241760536,-5.563091130630306,-5.57761847311775,-2.7262417693346026,1.2034324798458211,-1.0096514196161022,-3.105266957722734
-7.2004253443967885,4.845895284421591,3.1565404886456285,2.0240452892971454,6.2959494789334,-0.4358736459682099,1.7070029499378898,-0.3127240585041626,-9.388499539400891,-8.293616850458845
-2.1830646008106322,7.763172551813018,5.563905855435002,1.788267547497743,-7.40235021167031,-5.831100367439057,-9.542671447178769,5.915061619135144,0.4656710613402719,4.767461507266549
-3.0681194703243384,9.391498003262843,6.205402865462442,1.9074194228677441,-7.4348267178444685,-4.9989525238353565,-10.286341657052255,5.124716958878621,2.462314684917508,3.6593973315682975
2.719124621782976,-6.841389639641643,-3.7633097310793855,-4.600435713471776,-1.157483709810037,6.548677199044595,-6.055421540306911,-1.1205010785313425,1.7958869266633803,-7.366886229344554
6.91831199800176,2.587423600750704,-3.8814906958322295,-8.059747784012004,-1.9112870620084952,-4.250631692072202,2.9269982704572364,0.7494092596280013,7.593786710031549,-1.2188660868871963
7.889748935386345,4.1306043585174335,-3.1182839181244404,-9.287632566341868,-3.313101350503966,-4.0406297057793505,4.087700883464111,1.231256627485278,8.670512342610923,-0.941704072410453
2.809115336161734,-7.272313803958474,-3.0327536694251345,-3.0068403651061066,-0.3139943897656803,4.683854889168157,-6.030076507707044,0.1103345103693967,2.0735992992817915,-9.440518674433404
2.4320828784757165,-7.968404855846753,-5.287722364233163,-2.050051910225897,-0.24907073143746972,4.89920346820028,-5.1111689260702065,-0.34688896089309884,2.101456615278831,-8.25064773298759
3.226325419982048,-3.6069085900030884,-8.394099412284994,6.024603064843003,2.165057850308525,4.868171729125236,3.9814813866451573,-8.074253427760704,-2.4191197099502655,-8.62402197849943
-1.0905063602665375,-4.727017029719914,6.412795366097261,-2.426520766631569,-5.265308662998826,0.9864188066606153,-7.56300491532884,4.723446171675763,-8.171505051678185,9.47443092513243
-10.150478140662253,9.188975169495357,4.965414623787486,-6.5590878529306655,-5.39864902276053,-4.716326979383092,-5.149504012689167,-0.09733562650813699,-1.3875053841166123,-3.8952560372195544
-2.1674416472755906,10.890456967414208,5.5903026744141515,1.3962660282783288,-7.778041862499628,-6.3881904217694405,-10.158560963656653,9.154981681353057,3.2017403555854624,3.692275903816204
-7.526806537447554,10.606563273833029,7.672915341819898,-5.160690837233294,-5.58513957969135,-6.883095519259857,-4.733354024231553,0.4917541752338052,-1.5312842496826136,-4.628645245366436
-7.884450376278183,4.698645430420862,5.431369743271567,0.8729977086533052,4.978441410480365,-1.2405389278962327,1.442518170046391,-0.9899754512294786,-8.57384926732296,-8.152567596609424
-7.073050511542484,-2.0458335530970198,-11.362587034979832,8.92558853627721,-4.317380095864305,3.1930503220056043,-5.161226982966852,-0.3065505171178591,0.671458839179089,-7.898804858063572
-10.570797507622261,9.17356389324286,7.198904915032988,-6.721562241298113,-6.258125149712027,-7.665935297849528,-4.516522784760459,0.8149105667872942,-2.9540933606893542,-3.7349424580787622
1.6481910677088938,-8.047385218008863,-4.764982289971455,-3.2118858372751444,-1.4268691105843576,6.53685313964058,-7.111387149895326,0.5052301952860994,3.066250529546408,-9.584188110113441
-8.947103853560225,0.6673985538588263,-9.365336379392543,7.635426238037393,-4.656385027467133,4.195657221691124,-3.264946887207569,-0.47711337778584373,1.6766645004582132,-6.940498431565422
1.2412424996573608,-6.558986545135506,-3.2986559126389716,-2.9073837040835797,-0.8403623206992522,4.254927813226729,-6.3062010048395924,0.23448415123048777,4.469084468270825,-10.182958771374208
-7.106214847533294,4.236079142871276,5.530672843893281,1.4405267688444732,6.542770886186982,0.5529060246628691,0.6475184307900722,0.06924239782317199,-9.071348936061534,-6.537208771343492
5.456758065113932,-7.006474377730111,-9.149613606148636,7.988975951318211,4.4792529166027615,6.49740250924587,3.8998352256578306,-9.673270350097734,-1.9754839213662847,-7.418328599344155
-3.479960218582121,-4.787974202601033,6.960500151220283,-2.162273467628908,-4.140433049051977,0.1882281982714229,-6.81249906267958,6.168225309931646,-7.572930958468568,10.514675434941863
-9.544498642104841,9.251195041611398,7.612731932803346,-3.5426947848431256,-6.920992440865821,-7.701712782510402,-4.0034371891605005,3.074837970299076,-2.164774195127416,-2.536300390595094
7.168118387353975,4.984587447747234,8.488998518890561,7.2651099810697914,3.201405373408864,9.66551491007047,-8.56495294640611,-7.874263864809059,-9.662159329844293,-4.093214778651774
2.158075504936708,-8.675995184625254,-8.53847851632093,11.190241784463907,8.952601392734204,5.4398698644739,-3.5343760568211886,-7.73417950940575,4.877395695659552,-2.454818281116861
-9.837001240267497,11.005542619259879,7.139827767646687,-5.01834000038466,-5.700619387190575,-5.158435945445999,-3.734133582105539,-0.8017033153110893,-0.9614116754050436,-4.82677408983099
-5.69041746256057,0.3232438105826696,-9.035648072104584,8.194964122399993,-6.395281825125574,4.606018622789988,-4.3766361180168465,0.9058436799392332,-0.6288287197056606,-7.482370553997239
-8.099659495040871,3.637847129762158,3.447644253163552,1.245089796188107,5.366588491090455,0.5293909092395556,0.5235627207608538,-1.5817837110695045,-8.31461682832776,-9.154638763582462
-6.216657114278024,4.0526514346199685,5.24847460989373,1.2467666022241835,4.484749704192749,-0.04650268322579418,1.8514167650383728,-1.004211317452832,-9.460554038719165,-8.00393874129958
8.04371828600773,-7.7497481801845876,-9.19573420366885,7.475756905317685,5.02849077855759,4.375787634174099,5.134965451707765,-8.074961794230935,-2.014930942462478,-7.080145373215043
-0.7798909149589919,-5.032878626837222,6.14511520451108,-4.166042732519559,-4.810290523624804,1.8186915574674154,-5.881528128242613,7.004244783167463,-10.30317899295402,10.820883944671081
-2.8349481099415614,-5.580887277744212,6.828487479813422,-4.658009864040603,-4.669215883120305,1.0989603274803756,-7.451467397329911,4.500488671895048,-6.914809170200572,9.841276885959521
-7.2088650867180855,-0.9407858349576673,-9.209744935537424,7.703580450768724,-6.605558782465295,1.0199776679551813,-3.5390942297171835,-0.16019732277440912,0.3811157699514607,-5.607047050395673
-4.222332152143627,10.368158502363734,4.5253389909754835,3.2109859959141938,-8.474054849945638,-7.479484616229719,-8.833084056917826,7.370503509263445,1.572234763384932,4.784301488268408
-2.5347516940441954,10.187015147457686,5.183478990822533,1.602555351854626,-6.107928480502926,-9.728652213906022,-7.689562056263907,5.583809136720603,1.6598592934610434,3.041781661294765
-3.0340455463086555,-4.796491869759022,5.529913869135518,-1.081010870926445,-2.6998173488343693,-0.029947231975759547,-7.0342175001156635,5.363445567316748,-7.894042487373206,10.247421809252675
-7.423152493891879,6.666479405490252,4.352511260171121,3.265677837386844,7.423766902766392,-0.2213992234137763,0.1565040614399813,-2.1412448314936996,-9.559819995450766,-9.248890892693469
-1.9941623558440904,9.52807207911053,5.154926522534149,5.825901174595453,-6.308736680458103,-5.744543953095348,-7.884325993142808,7.974914166804501,1.70703099022383,4.9204207764141765
-7.339701807539404,4.5158467651719425,4.38752040846444,1.911200343903636,4.780150065341062,-0.2803644094172282,1.1414306581432365,-2.091001036773349,-10.060968888699234,-7.25050341044078
-3.341553196156979,9.485701684584726,4.08765579194713,2.6061015016962426,-6.6767041702999705,-8.39585370827318,-7.290822555305949,9.119400588594225,1.4095115443797894,3.7737499959849248
2.8636090668900978,-8.472667734312754,-9.071287193232333,9.415023932105626,9.497816198321102,6.593391826513393,-3.6854347607317326,-6.7676919065589285,2.7323441495043403,-1.8739452636665044
-8.020405035139042,0.6601028771385438,-10.706724646554894,9.240299593871526,-6.0189233077656965,3.536248973874373,-4.610932436637939,0.954749406630643,0.900280360937684,-7.897666847652792
-9.587104638721726,8.581108412171695,7.3080984844408405,-4.815647648807919,-7.9710605202269615,-7.094634581497538,-4.684297490596544,-0.4447744684641074,-0.5316247852259367,-4.369243334811965
-8.634468703623861,5.854337028021598,5.49961203107433,1.2184810468390954,5.021794902545443,-1.5086060921371818,1.4423851035644812,-2.224785994266611,-10.271424140855697,-6.850245150246956
1.9808781419522097,-7.451620232829942,-4.2188712291557655,-2.193321616040102,-0.004083241526757986,5.053754001012006,-7.20972521222195,-0.7573556439708704,1.3610884560459227,-9.422913063416555
-7.032698619432116,-0.5738725039673968,-9.962056463193068,8.270576271761339,-4.811571724455977,3.7302727224464736,-4.034424231521523,-1.434999360214181,0.5014317032772043,-5.509092422345643
-0.04523078307118,-6.751641501734028,-8.555919370415458,9.827322733582879,10.005498245728624,6.750518281138026,-4.707665123234521,-9.95455985699563,3.2916077731817364,-0.19531829999941297
-8.29900646707739,-1.4310724046848289,-9.69790220867348,8.620910687666948,-4.584194524053439,4.503578511847884,-2.975858756030928,1.370929449309123,1.2610609874760303,-7.692209619700449
7.295091824704904,3.812903780940154,-2.6080167288759637,-8.736313791020274,-3.563664468189083,-3.2006680079830594,4.995423170928104,0.925491431439655,7.442728555757184,-2.0401405649544397
-6.834557375027153,3.7691897978849993,5.089036944990285,0.6744277113492964,3.999910402546211,-0.9815305022594017,0.6528739153607017,-1.1239201345994259,-9.343069561525457,-8.143904514092547
-9.317341480436562,4.656593760470372,5.126497674646281,2.8358369318727963,4.479778431837262,-1.9323834012116996,1.0727250815699234,-1.1026526145160074,-10.500050485649243,-9.371920415138003
-0.8767863191211149,7.584144750237689,4.199834349531118,2.1039102612268232,-5.438353902085154,-8.315971744455386,-7.675164004481051,7.33375597651829,1.0407915838162247,4.623555030184179
5.89759766389459,1.5376966978951625,-2.572381972798775,-8.498121245204564,-3.6785652319794284,-3.1899860255330363,4.684751154710204,3.9940119899625772,7.867684033230179,-2.0139146105797643
-10.257382852743868,10.438101730635962,6.043237276271571,-3.9272080728875407,-5.685574784518718,-6.819821211077026,-1.757846927543742,-0.11058629035858114,-0.6190042551483782,-3.876124615632669
3.085232107114258,-8.442646101727671,-3.604807091616114,-2.0471322004801653,-1.5753721340888553,6.2855457949449995,-5.74608209349925,-0.2541530879205057,0.8397366931646417,-11.033617437272625
7.679163841935117,1.4813288495332029,-2.8108982609089423,-9.452319616699327,-2.5136923124883435,-4.467395588572792,4.478965072305196,2.1958763390910914,6.7567318890995365,0.1856183201469006
4.390190930967227,-6.092916676512683,-9.972150232879242,7.079197300431904,3.3621840528883586,5.948237597634645,7.392323896227168,-8.558250992286535,-1.5809750089302288,-8.739115880122666
-7.77017718327079,5.460073155971315,4.735486538205549,1.494394737790917,5.6286924564259095,-0.1691321907231091,0.021997074243289505,-1.0567236143584877,-10.417780728601304,-9.05160678909297
-9.90736404975057,8.602171186436397,7.724859954607034,-5.731906137762535,-4.462309970104981,-6.392570616745944,-4.623561907719708,-1.0185857599680699,-3.1642393034136305,-5.759553139044651
0.458470310441073,-6.890470961040186,-4.661286860303308,-2.754285807227812,-0.5309238321209442,5.216290663746721,-6.682232435994417,0.31884118576025716,0.7610454383780472,-10.15681687448523
-7.9795771023216515,2.4889134974980065,4.234754245324579,0.45473032077583575,6.852968618912167,0.06736264324516744,1.1168253415873812,-2.9478151299782196,-8.297402982104105,-6.541069397109818
2.8515976501493503,-3.774863081781617,-8.8033109332813,9.37101779507199,8.574583577829795,6.349198124931272,-3.447452991550283,-7.851715379602184,2.6649652105342807,-0.9905883538825224
-7.189600522076911,3.7682446923316526,6.138745799564711,1.6316379702385921,4.605190342493617,-1.2892900726774736,-1.005645847569341,-1.2612378563962514,-8.91914605333836,-7.191205781354469
7.8601572400475295,6.652923863120587,8.584694811787532,9.015096952808301,1.4314678891256594,7.913908712055752,-8.994336745599457,-5.20416881992402,-9.804885379117716,-2.8487979523195364
-7.296052949507228,5.123166174641771,3.952738035470626,-0.6856153738705626,4.851896317862869,1.677440335120001,2.47683068772726,0.3819975027368796,-9.684598832878786,-9.624286542118739
-10.732036321404612,9.506756749016409,6.615622825363975,-5.9613346437070165,-6.4920381672969185,-8.213758848428963,-4.463880048550207,0.587973533785872,-1.2012432351602849,-5.20309233696512
-3.1555905467201177,-5.70703955045704,6.2279786062718765,-3.450726189576904,-4.602909500637424,-0.5870599713599489,-6.222699194037075,7.171625909597224,-10.456329600545399,10.716196537676897
-7.556087576198097,1.1335285706640867,-8.32954643492569,6.786337318392634,-4.237137954535485,3.044817833436393,-3.6829459076936804,-0.3268114774135993,2.682342655986428,-5.262849069586883
-7.659624274987894,4.640255440604372,5.10051264356147,0.04245843614015987,6.3531540251662175,0.37914431182031116,2.7602934250070708,-2.4647610124795527,-8.669044543917616,-9.153715426170912
-8.464197394097937,10.345723505362743,5.875975148184827,-5.346165499309942,-7.3351573903992735,-7.711527967720254,-4.541872365399211,1.357522105027516,-0.4079745817815985,-3.662331775941868
-1.0546440629365146,-3.074921731034298,5.758595194010544,-4.319988071218766,-4.07934890608062,0.30651414039809677,-5.312912281341744,6.078747155580627,-9.311186534439763,8.590579220998634
5.467976044883568,-5.400782774662509,-9.696109082536156,7.619093738530216,4.062801547193819,4.3955919186338015,6.017736480732258,-8.419793150366843,-3.221094167395018,-7.1664747699110265
-1.593795505350676,9.343037237858006,4.110118632461063,2.486437117054088,-6.78254964180323,-5.911464602743058,-9.540380850513362,6.995860768900935,1.6301920817320181,2.6979366077887903
-7.853477808740881,1.2601215880533858,-9.512582155489795,8.41825013371049,-3.6783702238575966,2.4730742022337338,-2.2069892937148863,-1.1291009861871606,2.5638477179783914,-6.675586473441434
-7.703723808149342,10.941440571512075,6.160003394222161,-6.872835219723488,-6.222614408946784,-8.100349168494175,-3.5919874266244642,0.3475260463460886,-1.8271361290259274,-5.770120263305957
5.561441267860493,1.7312193230784492,-3.5765309878117924,-8.062955170573137,-3.591722484118776,-1.8882663122923302,3.5565195107158862,3.6322083191616965,7.791553594655259,0.13896762735757096
-2.162805144713842,-4.94479837604557,5.097137776119144,-2.6073326087300845,-2.4891180454193167,-0.029797477526093075,-7.95454521010745,5.173211843437054,-7.784395347681461,10.186224186206786
9.116890250538484,3.3014129937713728,6.791089924422533,7.930576594899656,2.5717704320116113,8.812940558089588,-8.062579853160619,-4.918083154111429,-9.635045442526371,-2.5984828287078874
-5.572583624514371,6.2569901519573525,5.084589633657466,0.6480096873707123,6.116581645481533,-0.47161301523104315,-0.7018986294274547,-0.16794097930602758,-8.275170077841016,-7.68665985637035
6.4765491605083225,-7.434605472007076,-9.444661762518068,7.159947963557329,5.029009899113092,3.4668485267051157,4.768371696701591,-7.524548729576571,-3.592445799797193,-7.98231486616172
2.2240940290304607,-6.73976051505243,-7.507260643187345,8.893992785217455,8.193094533108018,5.7744171063594925,-3.729029899722111,-6.8173429355752715,4.287755215191971,-2.047485403955017
-3.6288234896341844,-2.481925091789605,6.552314131058015,-2.9228840078909317,-3.793233131084553,1.8162668324315394,-6.2356273439501075,7.117561558988367,-9.13983267719544,9.439871927053485
1.4432711432067404,-7.301691390430213,-8.80963350885174,8.081068517751458,10.154624356943314,5.798739761881775,-6.814712835854229,-8.421379776494128,2.6461167093991653,-2.8282259406689185
-7.615155751626636,0.24149573045752198,-8.420925890825878,8.190637900569794,-4.205514069976508,4.888805419350581,-3.384468865946996,0.7130132795609946,-0.5847052382244748,-8.933641026318522
3.3961319594034878,-7.546377525640235,-3.7316170960554067,-1.475516210480938,-2.2502740128897463,4.994078225432727,-6.295073052708511,-0.49906475285219576,3.5832279530776585,-9.927763839426838
-6.70915597068687,0.32121895446480436,-9.20478520335474,8.573779522208632,-4.501214885541456,4.534262546933202,-2.4707928933948247,0.9455807758965633,1.780008459428521,-5.788848337064683
11.045002192469703,6.125743815111386,9.029836577133079,8.382857001903197,0.9595587233449842,10.060741390990389,-6.238779540544705,-5.687429241068879,-7.505050653215601,-4.0625415834072465
-3.18558992511202,10.815226561109137,4.599720885583758,0.5423945818226839,-6.751522776240481,-7.5611612507508275,-7.9976842076472865,6.670898936196313,1.576116801649396,2.271910824975378
-5.711991804979619,2.9040607661588203,4.1062454168917295,2.938255362666198,5.465304535140154,-0.3666711090019789,-0.7445477374557616,-1.001483366433996,-8.947157595590635,-8.936665820968807
9.314141828933806,0.7600034416604231,-4.009132327719312,-8.769750529474596,-3.9268342364149174,-2.4899225194385046,3.5342869481510464,3.011916244587326,7.166042753306777,-0.26056051742359704
2.0061915206028207,-5.756862123638129,-5.495712829018886,-1.9798445110945548,-1.484461136418174,7.422897134067569,-4.014009003664688,-0.48196781951111534,1.2987342413322698,-8.211403858620244
-10.684585200979154,7.958146160645592,8.243357879233407,-6.600179134752805,-7.3548930053142945,-8.485299916535038,-4.554116888498748,-0.8279611607627411,0.2809155329786839,-3.165600106696527
6.35356600599968,3.0700699919902026,-4.999211392992561,-8.38252028405464,-4.410401997035097,-4.230495425586073,3.145625363220593,2.286073480903257,8.828755381817457,-0.5808901802904931
-7.368318778960713,-0.13279240581693802,-9.165294279308945,7.664276471555651,-1.7475399978191581,4.610561587259953,-5.0103209782965035,0.6342285109831145,0.3261994439282694,-7.317390616196873
1.701256431395292,-8.91748074455211,-5.273631469244296,-1.4369515141192273,-1.034498493595948,5.155231931369672,-5.846506130980018,0.7864715044397775,2.9656901931433106,-7.622492515707119
-2.5441861135497117,10.785086763833831,4.012911778440334,3.7856182419376605,-6.171875255695794,-7.442576369170214,-8.205920017580489,8.296077365125432,2.644110197081372,2.5912268360304527
2.0084579791075714,-8.204472161567676,-6.719440688090947,-2.863790896726335,1.5340151059536353,6.488123515758296,-6.0257847365672,0.021797939063964877,1.8707572700528963,-8.523872630424835
5.230357721415184,-9.62677147377607,-10.590847228319502,5.433413744450388,4.6699300862749675,3.7746166783092265,5.210293133548425,-6.9768303376568905,-1.8363339092991238,-6.780347409553953
9.268556119938905,6.105236735200632,8.344328528253788,9.95036569863957,1.1454538060997166,10.542782129920647,-8.1952620118722,-7.455853641185838,-7.727374871300638,-3.3674919963397536
-6.583340968952238,5.433476108733281,4.216880103003899,0.0031793364026859727,4.312473307557164,1.2104180606256527,-0.09253520124260939,-2.700535815068295,-9.92261366533791,-8.080776991848538
5.403647256953945,-3.86656521471326,-9.798242928916602,5.928772664930331,3.5066884227668655,6.217225768812489,4.645263052331143,-7.783837655343205,-3.3898492641737556,-8.14292557207177
-9.491098527905692,2.7412979337917323,5.197566728829867,1.518828380394777,5.904078247060145,-0.42588656610843795,2.985026256281571,-1.6770721915948419,-9.722403617220818,-8.639158128947788
-5.760248085531863,5.455425388177575,5.0150157539626194,0.8208480945265988,6.448947960510914,1.8583823774567425,1.4084168434512354,0.7226230345675941,-10.413968794180015,-8.661558290632701
-3.282022837590322,8.777467521458313,4.154515288398998,2.0550438233270545,-4.564968624477761,-8.747374785867695,-8.152067566261497,5.7108070443090515,1.550368369074742,5.250402152888275
6.1409345047539485,3.8461014754196734,-1.3448288632286585,-8.581756166833554,-3.2698181872355194,-3.2945949046690153,5.12249275576008,2.6315906704778667,7.709690611682728,0.3500161037363517
-7.856069288561856,3.7849275983111728,4.699719982988869,1.6424170139799654,6.07797555188173,0.10810643193014247,1.450071778089356,-0.8736177069986427,-9.786673654923739,-8.30502774584829
-8.200902123234806,1.5688901198489347,-10.168399418357382,8.221974115608637,-4.172094216389431,1.619110576662567,-3.2855179768058553,-0.6537472519242331,1.7569883676995954,-7.265561901408435
10.401967142127187,5.45829501171073,10.16844618673759,7.22503480157243,1.9032212158828774,7.515071715618381,-8.222787277538043,-7.558889688615895,-9.583087642744202,-4.92964724966283
-10.376093865992189,8.77734944498877,6.480708997423646,-6.225308364131604,-8.342800466233776,-5.58399954681379,-4.987898166549052,0.7343754967559069,0.7129830425922883,-5.094801787625585
-8.007778139632284,0.14209315599914288,-10.60279099964185,8.04314912621145,-3.727853249769408,1.0591918359143593,-2.2312963764172657,1.5237346422593758,0.4744409710351167,-5.759520061617649
3.100912866698412,-6.3465128041997705,-10.23166870018434,8.781430093678729,9.614340670392922,6.343483191907819,-5.751518200013333,-8.936875567892194,3.620582766094421,-0.6606592156907831
-8.154770238288283,0.8040712795569953,-7.612793594686923,7.784613014634009,-4.143038041424356,2.096753405739782,-3.011045180143971,0.6007844095429834,1.4072438690258082,-6.948482961524854
7.162754179719839,2.193535635620287,-5.336632507430291,-9.039229798035496,-2.8992913783060903,-2.955744017652818,5.211206736149291,2.3756404464647636,7.088157615520889,0.7135541751376069
-8.43749855592789,0.003425156634616691,-8.831484997927648,9.683118449021624,-5.319365848367735,2.7528731887704265,-2.616106459333033,0.6979373620865214,2.2018570980535666,-6.014182886479622
-2.495268331139804,8.990161041088319,4.837963596995956,1.8288092720167894,-7.453289198031507,-7.426968534516339,-8.871081026852009,6.780098144364938,1.3094544521870113,4.267881783612806
9.00781781396039,5.7049368748435105,8.772083854275433,6.920146959889178,1.9127452742573658,7.204383395447479,-6.839177600960209,-7.436313096477059,-9.291239492757821,-4.535664972781961
3.681092236892118,-5.924590363952429,-9.62353225467251,7.3801115754712345,8.985623343881416,5.954490182978783,-3.4115254291692705,-8.581874432439982,4.196160105604999,0.7382039148522561
-8.32260227321925,8.532022195025386,7.6183100165351725,-5.326023424562792,-7.00972796570179,-4.556598910321812,-5.108791972565726,1.4142828062547588,-0.3605173091147069,-4.846037405115807
-3.1810723081604193,-4.054800414076671,6.068561121953253,-3.044448041000694,-3.4870770317514497,0.0875991383835435,-7.446061399209469,6.409699601173711,-10.450554927024806,7.352833223059763
-7.915737727246247,9.81721605260593,5.943840960250027,-5.808986864092183,-5.805173743336265,-6.255904411518912,-3.3763991483628764,-0.425544960434609,-1.1917388031216072,-5.589131692944141
9.282669135327708,5.537031776248751,8.950568264455542,9.258679412238054,1.721550739485843,8.317865076093563,-9.333334340194703,-5.259789248729199,-8.911145157711136,-3.913421112028875
-9.321183463072467,9.90692206646982,5.0676621139763025,-4.858179472358361,-6.846561707541428,-6.1851167909457745,-2.302934512553821,1.3919679485102892,-1.6296302750635174,-5.066609421454449
-2.166472276675046,9.471039347352106,5.209646116460306,2.4208782439580467,-6.236904431283726,-5.550957063143516,-8.64180658693454,8.032526673087215,1.932564540576949,5.601568771370381
7.600826679792237,2.3375642706335493,-3.450325710711307,-8.99225662939903,-4.082622957769282,-2.9654663973979103,3.656292336970715,1.6752555983800033,6.621059800651153,1.4899530509161405
-1.2315327272643253,8.422714739362492,5.186976217398139,1.7709770315068378,-7.097308394378491,-5.7813327412887565,-8.01291140764798,8.137032551499342,3.3277790420185047,4.182455397553668
-3.3696109883367025,8.629730583968497,5.646171645442542,1.3962778144175831,-6.043935079086128,-8.009816447933565,-8.308523578720727,8.765091536156604,-0.44934426526311366,3.364556300450432
6.395183932628404,2.43627374626518,-2.894821308316589,-7.96152563167704,-3.636100043404716,-3.165549752926823,4.676989025122385,3.4367688013227458,8.057120503017442,-0.4899638367137263
8.784123763511616,7.070838896749617,10.237775249741649,8.83518703123192,1.7818871422618399,8.520472119274844,-8.361075764087737,-4.9521029683482585,-9.97129662828435,-4.299193039618918
-3.101591547291619,8.150295358518505,4.688400464172928,1.1422195675296942,-6.6091703653714315,-6.930347702725084,-9.07727580350242,6.415959253457105,1.445528904295843,4.916842781746665
7.792411419182451,2.770454738231303,-4.439554173240448,-8.105490693604699,-3.8969249121400846,-3.2821646183333093,3.6155032508977243,2.9114182845218397,7.320421313320048,-1.3213126537912014
-2.7495230212108854,8.639465320648725,5.350838804431593,2.417432995426772,-7.24059335697035,-5.720779789911699,-9.919391084235908,7.939458522442967,2.6154014928325595,3.8519051166069187
4.1044067445667105,-6.345512647205308,-9.745247638092874,4.475522801467247,3.303548593985937,3.9002548210835606,4.629436559868416,-8.327217420296545,-2.991245038616345,-8.237904912098442
-2.7790725583461215,8.035522412416015,4.19558557615199,2.350470176985584,-6.122638574505919,-7.802274917453572,-7.96872183653035,8.679160774303654,2.4357351380878765,6.038247368478975
-10.935436403613647,8.426583004729235,7.849266723952861,-6.4101120654058725,-7.4104116385399275,-5.795257050404038,-2.7294509861462486,1.214081943309824,-0.3650519413518688,-4.932212284608622
9.374686480807341,6.007677555496058,8.87449730709911,7.182962338645799,0.13723929841968618,7.7317112173669695,-9.622108339913341,-4.3762406735579775,-9.210563915712479,-3.8393127137818834
2.9164311774040934,-8.35891682211782,-3.490794528386425,-2.210171841272215,-2.6044070444498773,5.025954575524618,-4.812414953785433,-0.6964767628674491,1.3838871149314622,-8.608930852348148
-2.5657653933485185,-4.614356569331252,6.594349799616217,-3.667363505993051,-3.80238115768115,1.3139639870254358,-5.6410742607280735,7.29928939536927,-9.194662043994715,10.558037106519311
10.479402981449038,6.19427504234368,9.063097265577428,6.89833475004157,1.9552134655548012,7.904394298446501,-8.574213915665837,-6.454876902367347,-10.075379796571484,-5.450731973868702
-0.8366900722640038,-5.918229035330684,5.571311279539085,-3.196285765216063,-2.9648980145520922,1.6271616498307289,-7.339353010345007,6.352231678719616,-9.10937281927569,9.877392421575697
-3.4957453114534633,-3.036862591667137,6.463431334240788,-2.565847732107108,-3.5481520396229502,0.22367236816053349,-6.317267115806111,3.336395759699618,-9.228976659626523,8.81367592466928
-2.7641748404736055,10.51827911678101,1.9889090278350894,3.0646765358631938,-5.633541998653641,-8.953499825684096,-9.18101535071636,6.952082049502912,0.6147885401463544,3.3836348683300335
3.1239452845448903,-7.630884580640216,-6.761320885922771,-2.4738149873296713,-0.44186176392577103,6.107813982821971,-4.770742165010652,-0.7863649113768163,2.528507482691299,-7.87848423312207
-9.247740491172923,-1.2165092202444685,-8.641318329418757,8.790198561853536,-5.216277133386528,2.2326813780026873,-4.793182029737792,0.02809217761490218,1.5787240785108843,-5.374665198145134
5.523943188083427,-6.31384239982767,-9.70654472921647,5.31770152799205,4.242425500862021,4.730745853664381,3.9223600743614337,-7.52341321094783,-3.7121191343415427,-7.592309010290971
2.8528290442187316,-6.006238349790347,-4.296553304976636,-3.1229523989775774,-0.8780723568026833,6.3047259767893875,-7.450379172966348,-2.0114921848650056,1.2977545277492664,-10.291704171514203
8.174795844951005,6.866032980760631,8.184822595677785,8.806965508238545,3.5317337927768087,8.894172711192734,-9.72630877212626,-6.998554918126887,-7.772709754904104,-3.6625160703775292
-8.591201586951604,-0.5367210021609967,-8.024153852843254,8.200917040838297,-6.060536164030124,4.50478404783698,-3.0347778514262993,0.9397953807726687,1.6499398280364335,-3.908548988907008
-0.7513418419005038,-4.766446993103288,6.793139170582763,-1.5760700409219117,-4.5143129701824485,-0.46697061934119133,-5.038508445919837,5.574175150743658,-8.350231075467041,10.893745401461473
6.460832609496704,-6.429066115285234,-11.374743820227884,4.259754083427001,5.397996396951653,5.196807337290865,5.513380480848084,-8.959381602168996,-3.3596838433176743,-8.758355457939016
5.6655261902403105,-6.377774116770433,-9.56479941799441,6.889796256132296,5.346377524176281,4.555856865149721,7.0643674613187475,-7.611084302782001,-3.538124973926735,-5.472763143748942
-0.026168008414088284,-6.41104086236878,-7.270110432480842,7.50357861302456,8.726712988173432,6.497053741039351,-2.654881982105103,-8.494782336172472,2.992410200977241,-3.165873267624056
-8.555763909742293,10.52490218006747,5.557886385793237,-6.164032074389062,-7.469205324343923,-6.546830833220059,-4.223189424994986,1.2747891649140972,-0.05079088103807683,-2.779733385249205
3.379592610892537,-3.9040550619863486,-10.172709542407828,4.284188655420509,4.2952407755291295,4.613586828792898,5.343512554146422,-7.527915852391526,-2.0832404576874914,-7.3847426184735605
1.2725739608490274,-6.967525425272387,-8.467522217768837,9.624200282792437,9.096973023943555,5.294985871875521,-3.0263170876090157,-7.32542235732674,2.7683864296794125,0.1584926758975227
-2.5368451975879247,-6.120820920831114,6.839004946645928,-2.9052673763422576,-3.635949082174509,0.9474451596035794,-7.344219202073839,5.172746585073164,-8.436833889582823,10.475975962826508
-2.1096240320381754,-5.85861036527811,7.454816145995931,-4.298739290056629,-4.051196015781441,0.039910993873414013,-7.547192583035267,6.548210363119179,-7.987537727345055,11.074707805566305
-7.484208264712895,4.879856976506674,6.419279026871409,-0.2637403130502929,5.17334826073552,0.32261553809695903,1.041714122234417,-1.4426309750244686,-8.949193495585995,-8.651135353059711
9.33465138843823,6.68664391041918,9.131804045238749,7.836509466864411,1.3560551342865255,7.804253303747358,-9.080763211913558,-6.621349617399995,-8.339788383044924,-3.7152816560269812
2.0579528314151783,-6.829019448275919,-7.582134364764455,9.164126914810712,8.58100892258266,8.058387647485004,-3.858416285012364,-7.277718043903425,3.076434022798378,-0.8338344974634497
-2.334593196601776,-3.4609187453007437,7.260040267749557,-1.462924140209092,-4.684195050051378,2.2000214576792274,-7.374819726952717,7.515524697650689,-8.530843873846708,10.444970105814622
-6.174481472416089,2.4052327039101007,4.530888862599053,1.1312748806250243,5.831699568177169,1.4520844550291934,-1.4036349005852258,-1.9568737612187186,-11.618450952917362,-7.810549486223663
5.386062531801625,-6.246618094256164,-9.69843342369156,5.159521096199276,3.943537365916835,5.324729759292877,6.0673540631626155,-8.789374569682082,-2.612967228027381,-8.507269149788094
5.327240454330983,-6.010658619029455,-11.80690654353825,4.838102163723164,4.473424766199906,3.84311399966705,6.482131844999333,-7.552299861067648,-2.11151676275911,-5.862847022184808
2.966398060473029,-6.637606033584943,-8.882118611347705,8.621037610886795,10.493281573943332,5.540633516377919,-3.862501907532604,-7.995359817991236,3.1828763374316056,-2.569415673092074
8.879158444644622,4.70112887711775,8.44279233617152,8.667349228540946,0.9041640808573568,8.865299095615239,-9.932052188979945,-6.641680748059302,-9.424943522007226,-1.818533711820648
-9.080469142744743,4.998846222824137,4.6410991141545574,0.889765333649503,5.102240766517255,-0.9275223468834423,1.025880797876121,-0.058536036879050624,-9.021603803871436,-7.738789463921816
9.02504817004927,1.9582457674014444,-5.097219473650437,-7.902909411248873,-2.097038989759226,-3.1035651964139346,3.5043748914076125,2.6272570638690618,6.6257313673148985,0.08715399720193395
6.898756509123325,2.7625352132454664,-2.848344254940823,-7.235880371525699,-4.171378232552333,-2.016851797604186,3.93309974010161,4.079795838648907,8.561721978224902,-1.4691600763932364
9.682657285428615,4.995647807952235,8.27607820463494,6.697595610559099,3.7427746154067973,8.450935065081628,-8.455003014756462,-7.009134833069554,-6.159796319461462,-4.566721416957608
2.4704217088117217,-4.935900257761885,-8.559080907455282,9.973828959977794,7.9224187363377245,6.3257084016229905,-5.0050929355036535,-9.523482647404222,2.945289122784101,-0.005050790794400184
7.487017861825708,6.9470686622773785,7.562298866827725,7.305268999183269,2.3163440872977055,7.240926771845649,-9.723659737214753,-8.204290334317761,-8.374457268883603,-4.038579629461035
-2.8049139350866907,-4.65051366441507,6.516320064041101,-2.0385301487976895,-5.447341977880066,0.8023794545573182,-5.269510031452049,7.207999767666733,-7.159808077515879,9.76217057218838
5.1861523197563155,-5.965443206222377,-5.508181395503659,-3.995221090869736,-0.39673425394078904,6.250784025238239,-5.457640521515441,0.0297329747185347,1.7228371172379495,-8.743112221440688
-8.580942973816923,4.227332235093708,5.785459892042128,0.9013670903492839,3.221842593829191,1.1446258218643852,0.6448798094847754,-1.8288041295058417,-8.634459076694808,-6.317532863651155
-3.510841242282874,-3.0971402140181166,7.066195693932991,-3.0940144970499235,-5.518342689399872,0.03210683474362386,-5.878925103718515,6.181601555948841,-9.059574193405291,10.247427963235001
5.1288124248101745,-5.711347686185121,-9.450407523827534,7.1424080003668635,5.419941845791324,4.658150779298604,4.117630368571254,-8.864211062137382,-2.786622861707948,-9.518387565674496
-3.036982836031986,-3.716043827539296,6.506303690372173,-2.836157902047215,-4.566407455673604,2.066050867398456,-8.421103513029776,6.651779953815804,-7.407656961515034,10.454078812550756
6.673751936133707,-5.5646083370201165,-9.63892942542465,7.1177995759867985,3.8727910437488764,3.8059395424668465,4.822782629104357,-8.517323924213583,-3.8898971374874494,-8.182879826084081
-5.210159516403666,-0.8125052340504366,-9.728854883311094,8.123285028464394,-4.428601519289915,3.5139964990344255,-2.4816826842636632,-2.025031646978992,-1.4527242833300797,-6.798789061499608
0.6841118474130894,-7.0909196731398065,-7.723655681816431,9.493338833510622,10.291062773519222,6.690089508263157,-5.011394445062956,-8.377346944199878,2.904461401125675,0.13362477883106716
-8.95197077527142,-0.1310124217285598,-10.928942952643647,7.957025709720176,-5.073016221766339,3.877059324342711,-3.7202145970698823,1.0247675618361318,1.6376457200044872,-4.147982212106317
7.205279921625594,1.5755267836084967,-3.9463293556660357,-9.321535817236633,-3.1251199371729954,-3.2393361138792285,3.2684739959191016,2.31524795801383,8.621802404977952,-0.20403914178695465
10.544340658552864,4.285252673725339,9.257929253415634,6.7262663021562,0.8439182179886149,7.806553866724545,-9.172210142535855,-6.628338570358233,-9.309604532500428,-2.6562388984033283
-1.2422864738661274,8.306616662579541,5.08369826437433,2.7478037373700688,-7.806557662729353,-6.939634949337747,-12.079595096705082,6.2991352741644135,1.7697320834710153,2.9136683739560594
2.592204189728012,-7.322673723364167,-8.46997174783507,7.119809293668379,9.915888162062581,6.4661054283197466,-3.2690644478894844,-6.988439394785171,4.0522803704528485,-1.0488607054096968
-4.034722793977489,8.322378058317078,4.594292819872604,2.2165091332634237,-7.1208632490076,-6.52805419676165,-10.089867180826454,8.767287519571962,1.9401490564716068,5.2787473875090365
-6.706766659671473,-1.3256453955750125,-7.860111878513072,8.2005573065414,-5.4208117759685415,2.951263914652206,-2.9568592088190613,-0.18309486829422195,0.18484789744281538,-6.524447487073197
4.7119693478246125,-6.765918621865261,-7.768564091682842,7.287076133751013,1.7520331782593068,4.014884621609344,3.61341759615686,-9.469797658733448,-5.969200095348587,-7.819608387191348
7.9212030040599215,4.239886691523727,8.014104008117299,7.97551105422106,1.316918309683347,9.096539044375755,-7.203255340703695,-5.4807652103717395,-7.476666582128372,-3.0775667552793697
1.7289176968002788,-7.357903105776634,-4.61035543831865,-1.2202955996554206,-0.5518555510569605,6.0039935874711015,-5.384317212789404,-0.8541443495085366,2.8874031646611185,-9.146756032135505
-8.465848257838985,3.8801037208558284,5.771443150380842,3.2796363928259002,6.024748103853967,0.3485516902778265,0.9854581713126112,-2.5223699068960572,-9.376020726438188,-7.871937948470313
-7.493806328174718,4.2666992508163135,4.126358334625842,2.333988553112818,5.714538967250057,0.2707934172903925,-0.3518530413857006,-1.9084000308182485,-9.667751662828875,-9.376296153582762
3.111201834310237,-6.127033902187316,-9.878337261927026,9.149965131477703,9.984171833220241,7.695978321717054,-3.0202206491185275,-7.285711065560844,3.744746524858301,-0.8086381197845234
5.895051019879795,-6.130044818754638,-8.114066808287903,4.830032550738915,4.276798551168239,4.645167992008528,6.238687339783508,-9.362960842743092,-4.574358031511084,-7.525795793399213
-3.9572819645500745,7.606822353821766,3.9214346149756656,1.7597225322288848,-6.568719625553266,-5.404753376326394,-7.980668133433991,7.163584385535276,2.0032840269614867,3.1589221912831
-7.04907783418924,1.1761083651539732,-9.185915378212432,7.717277187365234,-5.817266369085207,1.8052404226674148,-3.099508806168257,0.9793389471957734,1.5115691119722545,-6.431570335841514
5.751029939035903,-6.256745906157451,-11.081432361719202,8.25275745021888,3.3774738591997897,5.243789707852589,6.484972506342311,-9.074387462223521,-1.7926729017985852,-6.918405606158551
2.6477706285363634,-5.51974607127032,-9.898665668659717,6.661566882097789,10.170654856793332,5.339750689363987,-5.926212480921224,-7.90149397391294,4.477836218461815,-1.3190072573292504
-1.8568747446393306,7.437893971214072,6.116419185953998,3.3532610380881835,-7.505189892660799,-6.484306059838538,-8.344297570353271,7.58419668132261,1.4719950810187554,3.4898281879828574
1.8665123884222572,-4.998935453636319,-8.020036850235131,8.840715255624207,8.793244289665061,5.8270390849831415,-3.479407924157349,-7.969401223654605,3.0908491221744323,-1.3625815355256052
8.9628446296851,5.918493303508352,9.390191797028061,8.85447906376866,3.7656080839909656,8.943642355923046,-9.286180758928277,-6.337287876738877,-8.787621849275354,-1.425167343228889
-7.60593149039693,2.889810511292814,4.75316800602457,1.6132238304227715,4.141906995245878,1.0324935788820546,1.7242698502397245,-2.6943302087890935,-8.133997832067957,-7.985753048846045
-3.5768180524353443,8.871906643177027,4.760174467940001,2.487608517999481,-6.1680123130623805,-8.004751685113815,-10.372441927371632,8.601199737397213,2.3546142468437674,3.4129650193643553
-1.1369176231337188,-2.2076115925221087,5.136030081981719,-3.0901961086195677,-6.759741466125713,1.0465731958129945,-6.8161212585796065,6.004777499638036,-9.163520697402895,7.688224215822021
-7.92235196425999,-2.103918658519606,-9.70057651599679,7.88078893050733,-4.190739343225603,2.552246012468591,-2.0871038048392143,-1.5102801270955408,2.245373084668217,-6.527229860367563
-0.9296254773220378,8.491426101045054,4.2196920191322445,1.6913850750802248,-8.224077702185546,-7.798761539760145,-9.842468523388078,6.5557253503945745,1.9876153474773945,4.39566628845743
0.8131007419974448,-7.476775116193577,-4.586351449594298,-2.0842098643554463,-2.476724667543028,6.165691893942216,-3.9822147335459532,-1.078485236320578,2.0379975448512453,-9.732973923396655
-8.564836678793888,0.26370238617117064,-9.84987533547545,8.841811871425879,-5.894591930893993,4.969486299921462,-4.662111136803842,0.6206627607566524,1.7260648972536605,-6.873551319689572
1.6330772684783603,-7.43967144231951,-5.796591191821071,-3.065234240187039,0.1179701949201667,5.237023848632075,-5.366044561631982,0.09418566227442121,2.1723484054624103,-10.218683135415713
1.6815111149607231,-7.005733755356186,-5.359256555371726,-3.0684438458824297,-0.5611470544091054,5.370658823477761,-6.099911215732754,-0.2446433441761383,0.3338210680600828,-8.749398534260806
3.991990966094831,-7.191721156175725,-3.9318429120480873,-1.9800403790093064,-2.1479308122059795,7.406033885989879,-5.804195560410004,1.9165456673613415,1.1152583817168604,-7.25292982304222
-7.474730157411561,0.70153275183764,-8.388720961648264,7.135784719747841,-3.9556278674088907,2.064109259969786,-3.1779225900740453,1.021099208259085,-0.9771113047969111,-6.209931642960049
1.9529593090440844,-4.521611188090618,-10.530650387500437,7.926400833427322,10.810072344670814,8.025649305866954,-4.0111558408228705,-9.285610422398964,5.7805040320522965,0.3974922665412237
-0.687311860399709,-3.000621154251755,6.292624406104677,-1.6342305611437438,-5.330262634021063,-0.052981211557091235,-9.531971353129109,7.716807816979325,-9.372966975480661,9.611206152263286
6.9061336004249005,4.113840142334832,-3.313717373007199,-8.602520479692528,-1.4744069797190162,-4.89567572531383,5.388553933403391,4.415135706912363,7.419396925027985,0.3039292900938324
-2.548752776909405,9.695786825570947,4.668197212358563,2.002925823436477,-5.941343385175273,-7.39615432149332,-8.742206979695027,6.861247626793661,1.58780400743186,3.8522794324522693
-6.777953708887662,4.637737993115724,5.435890286543081,2.257933349516322,7.342857086694675,-1.0771285360770348,1.5327819834346534,-1.5353967308364607,-9.621290517146697,-9.378702150515949
-7.5685238646722395,0.21051927491164146,-7.498821879180209,7.843529180018079,-4.546051733354992,2.7412323244805057,-4.612138198098753,-0.18354722986155358,0.4554470153439044,-5.943435091942333
3.212874613792299,-6.291668343016749,-5.402824405742021,-2.6178290231263173,-1.588180170408453,4.445014317184938,-6.223541407257176,-0.023794020183587172,4.275007863586373,-8.63803192023935
-1.636876986332072,9.197628133936673,6.829681769445774,1.1648713985855805,-7.719349033332046,-7.479502238719968,-10.962223480945816,6.797767893817942,1.2631675733104777,4.311845342397117
9.63132007353017,6.235710748688289,6.8972166536937305,8.208037867350765,0.7702343363041755,8.040161447910974,-7.6957850603252265,-5.989249145361183,-9.946994201568558,-3.4871202285502942
4.1411944840205965,-5.5841638715971,-1.938326795847503,-2.8318083445262174,-0.5829758269121854,4.186876678439482,-4.529589930714531,-0.8830907829957024,2.065066941003479,-10.168294273232888
-7.532102984143629,8.294988677518203,6.427599192422663,-6.0300310863233975,-6.056093958048887,-5.516172590392027,-3.0546816524495,-0.0879488059241812,-1.5282213409440968,-3.8928372455508615
-2.6587493853176896,-3.3003046305508175,5.405269553835572,-3.5859035745981105,-1.6013461820288288,-0.18406969182426014,-8.535270175214507,6.778416360082013,-10.586106980178458,9.502464822037908
-8.442488693529087,4.030316714840712,5.903960683110363,1.7732829301274857,4.71380565181276,-0.9701277453398196,1.111555293959529,-2.1715270374440374,-9.431707691038593,-7.718416817609634
8.747352288269187,2.7635162610848183,9.976124305326081,9.436870988372862,1.4048223308744325,8.1835329940651,-8.984012072652572,-5.697689200139604,-7.9705216764859985,-5.236165358615754
-6.238821293320589,-0.9708974461145145,-8.6846232801338,7.906900578279109,-4.982705846009326,3.0665917939204306,-4.611451582705893,0.38726145764954467,0.8715573647437714,-6.0616706410827295
-1.5355432488181666,-5.017826202692572,6.713778869991714,-2.9100563564522655,-5.307199710143535,0.7402549740835344,-7.325175030401865,5.878859050077749,-8.477227669823133,9.813412272623731
8.041919485909942,7.270825760282074,9.109944022428946,6.489603608039806,1.5161506489808785,8.548371083290753,-6.525557865664233,-7.188455209875965,-8.119413502433293,-2.0939069577623695
0.9134703998061939,-6.4801090544212,-7.370327312046179,9.290895218931647,8.706137273275447,6.623851157499924,-4.366814926751578,-8.741158089035466,2.530297862010153,-2.9487789319596924
8.38375765989979,2.6950573681975376,-3.705207168649501,-8.460020637867373,-4.298991563171332,-1.7779695637011834,4.4029333854862,2.664811568857536,5.528432426505862,-0.7511363432837775
-9.699536175432652,8.494289401775097,5.913322873418669,-4.517124611224039,-5.272190535263719,-5.722771682024146,-5.007467905481825,0.17872018294995534,-0.1480019271785018,-4.0337002823992565
12.48999198936243,5.244481329190856,9.300103192533857,7.247182188939094,2.2532321512623055,8.199251025406717,-8.64066844169134,-4.261444219416771,-7.918269258604901,-3.356646737335482
-1.6735489776108778,-5.509611370765724,7.680981741898558,-2.6642347718393355,-4.124056385140883,0.5094444544125171,-7.93093148746172,6.381705714135396,-9.054074356400175,11.554494361585451
10.280846380078978,4.380905364366403,8.02311479327923,7.964619277801596,2.986768567645183,8.939169745631123,-7.9818248164457275,-6.002225016381079,-8.695218366262464,-3.291740479605458
-9.737446622835854,-0.6259287612816046,-9.874071677047331,8.665768995005065,-7.449217424373773,5.799455395797363,-3.2347523833175704,0.5502372274739074,2.1157733032847394,-3.959256836676834
-9.220318718671596,0.4067902669749085,-11.375632730175086,7.869057549333108,-3.883218501579692,3.4423434229526766,-1.8174358334219674,1.4264695761379897,0.2803071985400165,-6.27559750963802
-10.06453098762861,10.272586223952613,6.911414145010361,-5.559627875066933,-5.512602693690015,-6.46928159133072,-3.524690290880356,0.391906879712261,-1.0957372777580567,-4.7581758536507435
8.492528565271847,2.993443369578889,-2.9362006277177697,-10.451089928237046,-4.500808636361815,-3.08497592831362,5.002506843548172,3.9658162072371654,7.599388096380436,-0.1498774100871994
2.4095581858841544,-6.37677775039651,-7.916094405345837,8.546585175491566,9.720693508327942,6.718744534602885,-3.462950808700992,-8.872211402674465,3.8340240125143263,-0.8328098291533117
2.4620070291719616,-8.479166818350322,-6.683693029833769,10.268355205989213,8.9154453453452,5.065677221873366,-3.5601630027290345,-7.959860020457925,4.040329478806367,-1.0053727290138834
8.576936552467624,5.6788069191099835,7.540158491694418,7.631309468082773,1.9917186311227557,8.706078281506633,-9.344972146314024,-4.8834318028557435,-9.69234900652121,-5.167862845187958
-8.39883962515931,8.170589228102894,7.2462528858582935,-5.052045044123578,-6.66106415921798,-4.956202989619705,-4.065210727841772,0.6207050861162995,-1.5341714514415548,-4.159838148457694
1.1451239940522768,-6.319875286122654,-3.9852676895021055,-2.1195119141413823,-2.0541949212841324,4.8084493855836685,-5.409296138579421,-0.6636592359519682,2.311497669339973,-10.43812955206029
7.797527264921504,3.6749727354521555,-5.161914611155184,-7.664662291938483,-1.2749046603298622,-3.947974648642006,6.48727217887025,2.4879881550444365,6.3718451139652235,-0.8613339391678092
-1.0057993212855996,9.891648418773993,4.418914662398437,2.000055522935263,-6.671244383203717,-8.921844461700237,-9.085505139156608,6.641538667500905,1.0206802249692601,3.880351263034954
8.979213543403235,4.763958968892728,7.162973910417034,9.919137239122456,3.210540307250933,7.658465278942349,-7.957728562308,-5.6628776617958,-7.9043683670157625,-4.311998411394791
-6.350501968657315,3.731443298683999,4.18907548945377,0.7674069615482055,5.324195476013901,-0.5125679794836661,0.23865516606676823,-1.1152144831528175,-9.662796834914497,-7.908283854085918
-7.22466006637975,3.2738046091282857,6.5454953375430245,-0.45003649823416936,4.612823766634659,1.5531124372539111,0.019517839677847204,-2.7640582972334196,-9.272545902580427,-8.317563702348453
-2.2851051412423335,9.026878528980117,4.7375549347769335,1.2001599000852656,-6.855117016892327,-6.382111302030497,-7.387184148840968,8.28279374158391,4.175482692375732,3.3941039930328594
6.829431001178342,4.651693153273733,-3.6286105572065908,-7.993700881225435,-3.773972024723441,-5.344592089543474,2.5474945629600123,2.1721652071643582,8.80035610319652,0.23259015987499
6.305078024328304,-5.215426324941218,-11.045009451345612,7.03430961354419,5.663959540529609,6.482701566049307,8.290618956804877,-9.42109961476139,-0.006465002719344248,-8.036825198006195
-8.443985336852272,3.1690249336611815,7.9840745779638915,0.9739920512057887,3.4937762387583433,1.369621686293349,1.0657274927504523,-2.2156460638487956,-10.42473655380424,-7.168698663975681
-9.419849137814337,10.715794578847845,5.642310250728794,-4.613339225305431,-5.046385588518122,-6.449978329922402,-6.03701003981784,-0.11269335444967521,-0.06410508059657594,-4.198285258338044
-8.094746269423235,4.254690144068967,5.279084364975667,0.4971536381482151,4.506755400913594,0.5773018210973142,1.2999298846819771,-0.8453981632760492,-7.976299370794295,-8.383944696145512
4.3472844036574205,-6.387314478689097,-8.45398666436433,4.480822688254719,2.068771161521311,4.6695386397513605,4.982817640944758,-8.511379072142507,-1.8853736578786822,-8.235188155616258
-9.607947913010632,9.950686997657034,6.872766950073097,-4.389077356460633,-6.23827615321008,-6.761315344056577,-3.7928576377769616,1.0384266616811453,-1.312239556831981,-4.134825504835279
-1.675275468503846,9.473466207426759,4.5697131247694545,0.3122087504247406,-6.450008972018685,-6.672421906112835,-8.566748919440636,6.046774339678394,0.9412436944559133,5.214604409253813
-1.93212549587221,8.811240742155329,5.01102470959941,1.3691844972249114,-6.79303740367837,-7.0357868286680265,-7.670545694976203,7.5779437587999166,2.359902896939378,3.7495745897984416
-8.195844814019623,9.148150528640933,6.937546445288293,-5.492895947663256,-6.497809397328536,-5.521101529771542,-3.1216664202570326,-1.2534033405934235,-0.05675938427953264,-5.837909184074835
8.277696401506342,2.653421918640069,-3.3295821160575723,-7.949004353524478,-4.155462560630321,-1.927814573992505,3.8040759435282725,3.408078493446351,9.178087690186375,-1.9329969860331135
10.18954325667331,3.6292151632676743,9.435869251559675,6.7975022569981025,3.2102832381783424,8.59878424312503,-7.586026191111501,-5.998353937792376,-10.847831316930236,-4.354122548130051
10.419839800556169,3.3727498094835573,-2.9688920269943937,-8.962041492485922,-4.231572392630633,-3.627134153192015,4.884952410347964,0.8707138830411816,6.174865256151847,-1.192583885699971
6.775327730311964,-6.146273557790021,-11.229682553182737,5.823549824521635,2.6492851734617204,3.4549572590885855,5.814225843982627,-9.69298029162422,-1.7180511239112455,-7.753739100327742
7.063005963752001,2.6507895701728126,-3.049279024310006,-8.169004545451466,-3.542710909386797,-4.707076186094223,3.6536564610201956,2.20474180764059,7.462014259603302,0.4950727937110997
-2.2870638514190373,8.535537506534844,5.895634961801623,1.0785623817212282,-7.066498835312629,-7.3198406515501215,-7.3913498722822775,7.520077692010278,3.0541447743328103,2.675891182883937
9.284721085432691,7.44490206197859,7.042757164318527,7.991168053222333,0.3324555426596414,5.930913129925618,-7.932687905843793,-5.940844955469637,-9.38029115953144,-3.599587474774466
9.529045034698209,8.420830022282384,8.605833015600581,6.766368279068292,2.2310102937160883,6.3628446629159665,-8.322106741565875,-6.064317469321935,-8.300853838844029,-2.5197711353068657
-1.9054566425243362,-3.570783197819157,8.13500571256952,-4.816536379011101,-5.696751113302231,2.163365764567618,-7.4584048562735505,5.372218825822718,-9.763148113400188,9.182722030466236
-9.289557205718264,8.646405993144702,6.222495219802893,-4.6047720772377225,-6.250230245320223,-7.770187781248691,-2.995926206234042,-0.1730154528942367,0.5121981490598604,-3.0953691303245128
4.538680053885937,-5.883706455442547,-9.575834474631044,4.824623777177029,4.745414043296533,5.926078368658063,5.250758988037286,-7.158938834490179,-3.020378922566955,-6.833034278450788
1.056245079138745,-6.095801092290291,-3.441725713854393,-1.9545774084182315,-0.44012457684955325,5.723135885554263,-5.333663120865986,0.8765029020136106,1.494250666299826,-9.644593518496945
7.197296257713995,2.558898189234136,-3.931964335411362,-9.23889694437561,-3.493081051659329,-2.552618053709015,3.9938442325634327,1.8823818825313532,8.357715017198368,-0.5882053898187031
-10.035632009742702,10.679213404974998,6.716708326535839,-4.900444111312257,-5.878767838563513,-7.178266457922197,-4.558704973126708,1.5250894502259185,-1.6958749592642262,-4.579065659281158
-2.2531678887388744,9.996977112143835,6.305353280690678,2.9875397489588624,-8.720501422482915,-8.159686560011648,-9.46314633433169,7.349613965709537,2.5399592553332986,3.4357077427674434
9.719503628865295,6.455134624175097,7.979084895083533,8.263361051838418,1.217509469889544,9.302309138953346,-8.078746911009876,-5.781890937635656,-9.878052819207829,-2.7863610251239277
6.863930997300411,-5.7323343329935685,-9.159738295260322,7.701149456776601,4.159035698117178,4.897095367803862,6.23543417222503,-9.243968049118244,-2.7766337662685463,-7.557070222846257
-1.136549247119529,-5.144203338606268,6.618578982499017,-1.9091307210157331,-4.865568158183215,0.8079928344248091,-7.198083910327267,6.727264126596887,-7.918242790894258,9.517625000755517
-2.4727894873902074,-6.874491082192069,5.753871260628902,-3.2917376610634714,-4.640248602830775,0.6660622621562502,-6.062620902574078,7.318368041768377,-8.680660780329367,10.836223608062165
-8.35011709479899,-0.06245370154644949,-10.677251373122267,8.887902823500356,-4.305529187559539,3.746250708107211,-3.764159446854839,0.8161333143450071,2.5385446951741892,-6.588005146531473
-1.316238422545614,-4.756547536679236,5.365551471798982,-2.8081917828313947,-4.267853766195833,1.0397592920677228,-6.261643984550317,7.062862855170693,-9.10319799878625,9.121595273961402
-7.606606005648859,-1.6786385611207235,-10.252628494179985,7.625647134595782,-6.860620870855598,3.2979391553312833,-4.014850322864821,-1.271533477755358,1.338418452142925,-5.587038144798499
-11.203441929989461,10.562936397697058,5.914261239210386,-6.563470223448858,-6.162931458627045,-5.1832724535026085,-4.9309769597876425,0.556808482492729,-0.9322831268271122,-3.4823115887760174
-9.218378200025766,5.018085694192448,4.133683187296013,0.8868748975061675,6.885785990279801,-1.5333038707366986,-1.0779416469578804,-1.1798734432666698,-8.342130101107728,-9.416513177865873
8.654312651793214,4.668471618489667,6.5239267371345,7.545768802951421,1.7302799613859496,9.15297779723182,-9.629228387146085,-7.600629543857705,-8.644491587012762,-2.486663313507648
6.099129530658958,2.1085474883804585,-2.4290300047329665,-9.02871046877614,-3.3199379158439317,-3.6358756023929626,4.848906824086003,2.5226768832947224,8.411320324254884,-2.100757904167449
0.24154095052147362,-5.271215201401501,-8.626287615965069,8.566217600504485,9.223406507269738,6.13037631734974,-5.638925919977512,-6.551619492419086,3.725986162513756,-0.7539479947605978
6.62314823348115,-5.617550456538195,-11.265191746314313,5.835583111445491,7.080195212220964,5.304634421201475,7.794694234530411,-7.123672883119007,-2.5888833575587986,-7.381211739716289
-2.214284523927454,-4.665893865915135,5.3032016621463045,-4.018017797867996,-3.413515337248959,1.2529138206666652,-6.13146645895132,6.368597850583313,-8.365996491595368,8.01172811334358
-9.897519191133814,8.646040637649303,6.968027326427616,-4.412767340411333,-8.238673125503732,-6.216883723783907,-4.075287936375886,1.166468709095223,-1.147902998919996,-4.927386527777981
-6.607294583465552,3.4832236721130116,4.368073759841065,2.0441385697331382,6.3412799770988375,0.7273218640504692,-0.8611408205782596,-1.9151306109010586,-8.668628873114775,-7.800629619570016
9.801131085933424,5.225984695503145,8.903373223250473,8.355541010227267,1.7697971374488812,8.333897847056555,-8.444025126516248,-5.110026549828814,-8.676694261661742,-3.272809846997352
7.819477074363056,3.098178850583009,-2.699700720887357,-7.78225599070614,-3.1763019207651326,-3.90636297100397,4.52128671884519,2.84227429435764,7.85195430063315,0.4425161592107161
6.466530599760755,-4.589318335072798,-10.939744194889622,5.336930324361847,3.686893489174072,3.8241393413631424,5.649333807665521,-10.465632251677057,-3.9486130371512873,-6.143421609322498
-8.204037295573432,9.962106163292246,7.243607157673722,-4.8998022276541695,-5.604572066071222,-6.050718378961948,-3.8109540368573693,0.43253550474523483,-2.1150642160243613,-4.456092272905935
-7.28653054086121,4.38140379693577,5.595400649755061,0.9140767564907235,5.477952516463013,-1.3519166387691772,0.1347493096369678,-0.05834608465236446,-9.172809125489842,-7.863092497516988
-1.6095977476194996,9.321585649074931,5.452740955067061,2.602798525864344,-7.708622202073342,-7.440290633472916,-8.091034151512748,7.933893180932168,2.0013986409000277,4.27877893922969
-7.216233818988381,3.2302977848532444,5.866368601130035,1.6514549184913365,4.348677192901042,-0.9084090430124409,1.1431525622014482,-1.6836871679748988,-7.90247016348164,-7.341042184069335
-0.5534945935740088,-7.21940207861798,-9.187241982745954,9.611037571137905,9.335271514168056,4.762383908472935,-4.8927177423496016,-7.847877710324915,3.605593188378581,-1.7760742348437195
0.7551078358362813,-5.99816828449577,-9.422958472037019,8.782320393889643,8.860691289579309,5.378608456609547,-3.9147696020131413,-8.262167298440344,3.312802647964472,-1.9254117468883158
-3.4997339481834384,8.44798839859555,4.739530201315743,1.4696940298245327,-8.430290622217402,-6.81154661846992,-9.900631470362114,7.797115346133885,1.1028760006303724,5.711385960938449
-5.874073126811346,4.649104966109362,5.323461027790492,0.975650215577879,5.711492441210019,0.15614787329030916,0.7468254158472076,-1.334334542551255,-8.622819126812548,-7.81906711413318
10.36541878614354,5.801454247544053,8.016522987250353,9.795281989908213,2.045016056614089,7.401341128487138,-7.373412537491151,-5.682294535107833,-8.70087423630502,-3.9191489893863034
2.3389141897095764,-5.661102635463975,-5.396214104949538,-4.140288399878606,-0.7138394744227639,5.754406929716291,-5.8331826924623975,0.5286419661807328,1.6250891226060447,-7.581128306997963
2.5867079417472834,-8.774925558321218,-4.061762829854329,-2.9362113502084153,-0.19945754022108508,5.401473728370409,-6.335972143179897,1.016559472560528,2.183349406324967,-8.754835788417267
6.27353950964597,4.706889092756951,-2.9056093362298916,-8.882093547678831,-2.3651490389849323,-1.654517950078452,4.446774144447395,3.0985469135390247,6.75625203352359,-0.7028942475290252
2.1143489608518657,-7.116750412682512,-5.28731075396956,-0.2610864585477448,0.6377937395942923,6.305637548252756,-5.934487495549061,0.07247979837108087,0.8963729172186142,-8.993511227081182
-9.852824955394562,7.394334678833133,7.284270846217662,-6.99247618128795,-6.30356802559166,-6.054532864973132,-2.5544965449705943,-0.8136917664743548,-4.3806117829785105,-3.9915676512854663
2.4948104345903404,-8.451883362440787,-3.8229306120507394,-2.8280221829509147,-2.7864078735366715,4.843134217080771,-6.42012989025445,2.172376425612423,2.404844501774608,-10.406473314699937
6.245597333478724,-3.96584136757915,-9.330833820583466,6.152751192973524,4.480073254273686,5.82361248916571,4.646031608458797,-9.170995547849573,-3.1396454437124546,-9.787201608262738
-3.7219957427085633,-4.58531781383014,6.401904508224478,-3.300697963098833,-3.9389929380878996,0.10319205615937099,-8.33351304808389,6.153022585430627,-8.123017033835708,8.561093788110293
9.263146262039216,4.850981345065875,6.595596361463759,9.496017948666765,2.661142118441706,8.970692018361648,-8.064746298661905,-7.462360320309533,-9.579071361344676,-2.6516126099507
5.764836123027697,3.1924741588872187,-2.688333390410831,-7.144338619122468,-4.570370662501964,-2.8035183491641362,4.308416838396549,3.9416244122977453,8.766217628204672,-0.34449209753655696
-10.290301801890706,8.735296125688938,5.246247544208742,-4.003641043247537,-7.607363891249273,-7.024815000727231,-4.633562406378443,1.3900530095891985,-1.656049305449713,-2.9276751233654275
11.476405476522189,4.494744771794085,8.450219823636258,8.128154482721067,2.744405788217519,7.877938415172866,-11.063180249104349,-4.721153257453071,-8.334948102205097,-5.236340915221378
-3.6524723233308114,-4.179146146357339,7.404073955621451,-3.496584990641858,-4.0901070511143525,0.49034836824994066,-7.36554789970375,3.556117557518464,-8.73076853012072,10.7071080344184
-7.91060930000751,8.84460880153189,7.217835895193711,-4.124821163305938,-6.7426283968454745,-6.5354901630336855,-4.496836054757889,-0.5196280980481096,-2.0103771722236923,-5.399357462801418
-2.625919696683212,-4.443831891190372,6.511476223141672,-3.52468210738218,-3.397457462646238,0.9798081937416275,-7.658066923723989,4.739350171280322,-9.402582140123705,8.09635861640825
0.1529449549490014,-5.485426137198054,-4.444554548695993,-2.3854342297231566,-0.9241125609605227,5.279282894462229,-6.576357285071564,0.6141975038452416,0.3311176805691707,-8.32041257807828
-3.282986822156323,7.769631424886905,2.861158587323823,3.4692139954299153,-6.2252615347972124,-6.9356942641864014,-8.55835913031619,6.198033868200326,4.468052214481002,4.290672737896136
-8.669233631096182,9.107922499051234,6.9162451300803385,-5.4315199802384635,-7.031591109501036,-5.339867453394801,-4.090114897504654,-0.26061652684808745,-0.8245897835872816,-5.073885177830198
-8.558026660052109,9.6369862022664,6.389810670187733,-5.949567635519455,-6.435101915272051,-6.3691320394411655,-3.187525597172266,0.5470745184520567,-0.628459549942106,-4.256133776147744
-2.52771075904514,8.725627489278184,4.962597396566191,1.145938740388409,-6.360280676910098,-5.347370680273369,-8.947087905092868,7.725234637597644,2.712444226575288,3.760231084035073
3.656660898961227,-7.810546352697868,-6.023646980656253,-1.6652494442892438,-1.5632301414192846,6.4941448270230415,-7.976628174544642,1.1772861065715419,0.6371194479600686,-8.34022762653352
3.7012351332000275,-6.2132640134933546,-3.8764706248055005,-0.9141426499310326,-0.5064948430524177,6.092678423528201,-6.059645009850351,1.50825765069086,2.9447606110517333,-9.696669033096258
1.8003381584069944,-7.276255401584986,-2.0573852401291215,-2.9197888348721626,-1.2369404676805027,5.055977422225114,-5.2623323853328685,0.10346459505412955,1.1989183389194238,-7.749687713327033
-1.915981452029608,-5.700283157076229,5.417808785809117,-2.542428805838309,-5.745415800070743,0.32204391287564116,-6.68059817141889,5.06161534280402,-6.903631164042777,10.961675076248236
-12.11859763683028,9.112192821359775,7.749812451007006,-3.794870332213883,-7.593050250310404,-5.835210579694802,-4.380465597589299,0.38918027834062163,1.2832437198593496,-5.6783875244343145
-3.6572854078350314,-5.049573165955607,6.275930094009384,-3.223177844035722,-4.933571058364993,-0.2432219864638443,-4.889604233686061,7.911401619242146,-9.671052946660867,11.319855483313914
-3.314865441883205,-2.0125164051663984,8.325676124965732,-2.896451979456318,-4.123936699835036,0.223075260217781,-6.7491627863044075,5.326757714358323,-10.541340890702969,8.416182945499294
-8.797056199287315,4.706656394109379,5.391304522142319,1.0735928279179392,6.22860222721452,1.108240532502479,-1.0710058216469605,-2.046151660730123,-8.671473870995037,-8.309910143992493
-3.734963286055091,7.5499112479885016,4.864330654788073,3.0202679865528865,-5.195699499693402,-7.338993856144887,-7.7596469232047145,7.285014445997996,1.849672934923356,5.045111493407581
8.536752367191358,1.3303266317933293,-2.872744179305008,-9.344904209615851,-2.1633086411650737,-4.266758358602938,5.735485096967109,2.9360080811646276,7.996449705760818,-2.5260100781124146
7.101994030903566,2.2225522339832504,-3.32552885448146,-8.853754589603092,-3.9955498892469365,-2.3529354523155064,4.742259220717484,3.4636311915380675,8.775635376803862,-0.16751570110628022
7.078528195495405,2.3510116050593157,-4.864270926624325,-7.577167411232051,-3.882456624578195,-3.4587804828044963,4.992765205101117,1.9630731732005917,8.200610824659227,-0.9227761427791967
2.467255359564911,-7.474766212378392,-8.517905397523327,10.28098878238273,9.89880646188397,5.755533144112741,-3.6505256461766593,-8.287222894402534,3.6925407149378655,-1.5225611773564767
6.631973064674903,-6.990476106946238,-10.304188166341982,5.5849260348890155,4.451591467827196,4.221184975640333,6.15517987075311,-9.450108676950634,-2.787654455793266,-6.99576089848515
-3.3346948198452617,8.692900286545328,5.052810290503726,1.4094451311367573,-7.701847586717702,-6.636422381784034,-8.593361185527288,6.816579740127573,1.551261929245853,4.393501493278545
-2.9466662272171495,-5.698674332322668,6.5334588212539275,-4.339436153176449,-3.4345022397405143,0.9089245991983443,-6.759080527603308,5.577751003134572,-8.876191060616332,10.025302637177674
2.6678435537771374,-6.811030789206294,-8.721268424012463,8.28882520249126,9.51739954389297,6.933825241809836,-5.523611403943059,-7.7469100320349735,4.617095401197805,-1.6120504141713425
-1.1892728005613091,-5.483506068053604,6.330721830867454,-2.5702142132259125,-3.688092204593681,-1.173755608505879,-8.067555747483125,5.71136023523092,-7.805846929168535,12.236169215731842
5.910778114813437,2.1658337497229585,-4.386377329240923,-8.602008309144566,-4.146695242824514,-3.319571456214795,4.614474121727646,1.7644903993801524,8.371131915055553,-0.604467148604129
7.906379017620071,2.6124381482044767,-2.8587157202184277,-9.529423336627632,-4.089863451613986,-3.3043293224963826,4.869639425643171,3.071337282026136,7.605919569510153,-0.9331248978913433
4.865943628584224,-6.922053917141732,-10.338253340147435,6.543487833553447,4.736143218636608,5.433492338159894,4.931216910652002,-8.235262398015456,-1.8681828371612488,-6.5170239143532775
-7.836779559419975,1.1948120412412826,-8.890449503444762,9.49659994965654,-5.040360888349894,4.187923179586566,-2.1307120836842612,1.7130538728288773,-0.1579360065631401,-6.55658696703184
-9.554226645824725,8.628223812181243,6.882638727799184,-7.309113432638104,-6.032620423643531,-5.498380841322399,-5.908890783380701,0.8691852024923294,-0.13343063468439298,-5.385058214730367
-0.08062928113387091,-6.117955286675483,4.592785697299876,-4.364114668085913,-3.482950237905399,1.9786983831507823,-7.694104297483256,6.727152019081864,-7.118731798892594,11.525085146440171
8.791870531971323,3.9438694721984495,9.60935209942319,8.320436490996961,0.9922169433577431,7.898911027165711,-8.69690877091305,-7.5633271835995135,-9.913136618394374,-4.627223741541067
-2.9968038471252436,8.5817279403787,5.034330978606398,1.552185203120469,-6.589852334254857,-4.804708794630508,-7.967203053204318,6.997499383330862,3.2235141570281205,3.7533761828993573
5.3939900076235,-4.281601275638059,-8.880417209541926,8.87137374253535,10.308222175493217,7.8711195722472596,-5.545753673968603,-9.832933185227008,3.062625724688756,-0.6142125420341087
2.706325484256116,-8.745694910166268,-3.400318349308655,-2.0602943401125637,-1.8952834442357778,5.459438754186071,-6.045831644460437,0.15019198387049984,2.1821513438093847,-7.639624963768862
5.277380576065961,2.1988250506094036,-2.9416855090691025,-9.249801545510623,-4.830791194442723,-2.6502150901691253,4.488660776914357,2.261578780073591,7.7861507726808075,2.080967645184575
-3.0408523936566834,-3.072176334241704,7.927550717935314,-3.3315075373309906,-5.009980053283245,-1.76421153552731,-8.663096272056116,4.704469840123039,-8.373796785417198,9.411505027568987
7.28206400371829,2.0661358022646317,-0.0046565838643704005,-8.052325517839552,-4.18969414090538,-4.5524451286521455,2.711835156192496,1.7259303413668299,7.859196623285663,0.8716271548337557
11.570254729282833,5.696989930560524,8.642638604662277,8.860472431608546,2.207450522151775,8.836712893401662,-5.737965960360922,-6.3554641798721425,-9.413215115806635,-3.376814872722249
6.291797191603632,1.1130966475871196,-3.233258868139711,-8.900089299104462,-3.692962136766634,-3.5123875987136453,7.175697226927848,1.420923171462925,5.754308581705406,-0.223324663241404
2.203445329743877,-6.7553818748180285,-4.673536673183209,-2.869229717554263,-1.0844597465396209,4.956940881320034,-6.183298519948588,-1.2639295305915141,1.357137630098745,-9.355867238969715
-7.342552184140137,-0.3998118652517305,-9.531095829431258,8.952651016616151,-5.86459408781556,5.195640761356573,-5.586864547506277,-0.19630725969864082,1.304417476807334,-5.718596723054149
-2.273583064944184,9.785151322085289,3.1612925904482596,3.116923727147661,-6.541130783656856,-7.295397507176748,-8.205545890529725,9.594215773303098,2.2041664899226707,4.409672142221245
7.759677670264755,4.597708634284225,6.982937436351967,7.621701707883183,1.9117383589553598,8.551586192688855,-8.168266606074475,-7.0078960824288234,-9.285695066202456,-4.990840053340461
3.6130929767464033,-6.140881761739642,-7.736980951222568,8.740698775054039,10.062540900914899,6.447214800545748,-4.858635346219819,-7.728036715073447,2.692963866802827,-1.829830400092765
2.4276934857126142,-6.268812206191679,-5.189630932823176,-2.274836084179357,0.9307060340738296,5.485473332467899,-6.8541582854518905,-0.36740012032082814,0.7586583398984614,-9.85575365372775
-2.31013792747928,8.414069251039527,4.70968092121812,1.5878560870789717,-6.766109845900022,-6.2179789187549,-7.252310940490658,6.085707416671854,4.155333609520442,2.2093637563984068
-7.07172586238639,2.5937485796645503,4.377339092337142,0.012886818766611352,6.201286134543139,-0.18949830630757913,0.44115334304690484,-2.555912620558459,-9.791310961050986,-8.605636763443023
6.034534617290547,-8.677514432361502,-8.523168245673514,5.571491864411841,4.823714623705519,5.321217141502033,4.548709848099621,-7.858647012966642,-3.2161786700269057,-9.753995988835563
-7.721703194855016,3.8823119017374657,4.290775156618675,1.4943197405385666,5.606450699216312,0.2643365409653213,-0.5725952998652473,-3.050360831640581,-8.866026162611536,-6.357529598257403
6.565862409547525,-5.220111666510379,-8.913734320239389,6.318086272765577,2.7216228100386366,5.558015633030885,5.155035534583123,-9.90888710851086,-1.4786460631402214,-5.583211288994896
-7.801934050929705,-1.9864719689575392,-9.767024295073325,7.146601510548758,-5.4320467133731345,3.1131347212907605,-2.8079868637388747,0.6089637749568421,1.241882240266707,-7.398430278335021
3.1926217020876178,-6.005973223242282,-8.828485387157851,9.557568030361798,8.605748093503838,7.023502621349934,-2.2582437222086655,-6.975947159893136,2.9550580604357277,-0.8355328079348702
2.657152384899431,-6.603272193743492,-2.1005634644660955,-3.8036515694520814,-0.40496823884782607,4.777138097878734,-5.451011710490557,-0.6339977432138618,1.4309245636357655,-9.36608165983795
7.172859221314913,-6.495032835743263,-11.175421674807668,5.803738813652171,4.346000419486675,4.638356087904803,5.031969037444364,-10.428304424295435,-2.360202432985441,-5.7102743304152055
0.9747237014739858,-6.101957229167451,-7.517077047334448,9.458618837815562,9.110116434426358,5.639649915666242,-2.8716369654863305,-9.469532645133995,2.714536269863494,-1.5945078906996946
4.516675418585129,-4.782258091213627,-9.534219461937814,4.499960854508424,4.7724760721685495,4.462476058626894,4.969939877469174,-8.274149872146188,-2.3560519435477554,-6.975026987522786
-1.229394849756718,-3.4456692751665967,5.444900325820029,-3.688770335769368,-3.190219123106193,0.7070681419096689,-9.401293447956597,4.644258110348109,-8.758356751577065,8.574696081725744
-0.09086747613299329,-4.29098514531274,8.225323146271437,-3.4941456156576565,-4.413357300416099,0.8874463655535573,-9.399106579863517,4.875761787230595,-9.60586220578857,10.559804810042873
7.419703075952815,2.660917628963346,-3.4061686134019897,-8.218232303869213,-4.576008699512563,-2.096915632811176,4.355586183392745,1.4396002892055813,7.932328208518304,-1.4068819792084986
0.9374766575199922,-6.380390369079988,-3.345710474804045,-3.8210264228787842,-0.05982267190441992,7.2414511462728255,-7.12906916307722,-0.6328140527420311,2.8659528440843522,-8.799496434774397
3.571889555002527,-3.9812048121166077,-10.886785944966729,5.2501914470845845,5.24086689067494,4.1956542397782295,5.362017081684104,-8.036316841257875,-1.7471023260045517,-8.016079502679178
-7.674459535656621,-0.48140468618467747,-8.771321059134642,9.062577208766875,-5.492745562846463,3.189370015727264,-4.824219111853433,-2.096700593936723,1.134665218279322,-5.694005533234827
-9.633721654120734,-0.11849666177886674,-8.19036807290138,7.999729079262198,-4.095336722997297,3.6016111547067244,-3.424118246259154,0.1300454454879188,-0.2823752172701166,-7.424441036914486
-8.02773141646474,-0.8552270557099713,-7.961377246996626,7.532728900938224,-5.630777297117712,3.3261406270847336,-3.0801887319133643,0.2597118375460894,2.100576132534845,-5.771935227525368
6.99369971837449,2.5472539615936394,-2.8974481241077417,-8.461357605381465,-3.399527147341502,-2.1536116981138735,4.857287489507868,2.1021509066311053,8.6278616375207,-1.9218998344299312
1.7609733314693212,-6.431464036334038,-8.795591810309299,8.561743817119307,8.366894600794407,6.77619315401419,-5.224856536479171,-7.270529806028846,2.6824435113164125,-1.949385362561008
-10.124273559197999,10.206254841521032,7.016140129409776,-3.9150341096393544,-6.58696663822984,-6.681226599049521,-3.934574746696978,0.19194884981048183,-0.5611577252156351,-5.791727804475749
-2.6609827180883334,9.602603334682899,4.920870703963134,1.3504701641201382,-7.087749441508545,-7.373110527934779,-9.427692513580222,8.173125012519728,2.379315720829223,3.4685419606602546
2.0614939489483746,-6.541467982201256,-4.059039489756692,-1.3768913522631516,-1.597432703268011,6.448524540737554,-6.201221652949488,0.2205005911637348,1.9400438616892226,-8.818751349173368
-2.2130773459881743,9.275341400378212,4.644992292870563,1.7385825505655852,-8.294997933201685,-7.300754916041305,-9.18104227316278,6.521245646277084,1.8610145231981665,4.565502412735447
-9.334570452589377,9.865890215005319,7.734639140947783,-5.655234632963581,-6.055450116353885,-6.723558370353115,-3.6460281995641384,0.15193635714734677,-0.7395277373016343,-4.545027532082795
2.81018570768879,-8.995989278893274,-4.5167367017480995,-2.3716557949344237,-0.6947657993367762,8.39655289184077,-5.656724332264898,-0.7193658285697777,1.7528271301517768,-10.847238079066496
-3.2363347988776185,8.766767492646817,4.565445407128055,2.59384178149141,-6.701926190218016,-8.215453951986047,-8.458129905630047,7.934108660782527,2.5820906827952155,5.24223228147553
-6.826756961427451,4.317268513187468,6.261161212820202,1.0241240513129517,5.800588254253319,-0.16469430439071514,0.3584443255993026,-1.190249204603318,-8.954809995893193,-9.091736372057916
-7.830690008458819,2.5829269604744884,5.693738787530232,-0.2140641794089022,5.559164957609432,0.114410852960869,1.3402336693349266,0.3325051536378436,-10.856293791018638,-7.894645316196961
-10.201712777624891,9.095727356751757,6.260675997467207,-5.58280156405899,-6.202926674808123,-6.328863782777909,-3.4782169710628956,1.6857749074310986,-0.41154549171636146,-5.660315164489065
-1.844020890517824,-5.8851825657176,6.177634851470736,-2.906405244127362,-5.480349030784244,2.650586864839987,-8.035010980566089,5.374502701447304,-9.487295076227081,11.536218819148463
-9.531296989186867,9.666789322103144,8.177321242420968,-5.245382030144853,-5.825204576808355,-5.2594024656215215,-4.280107870352131,-0.3440810346942491,-2.405908821178719,-6.141773785415163
-10.134554562336433,9.790001048642432,5.169941247234307,-5.569857866655322,-6.378810505030983,-5.752618303330236,-3.795574772395092,-0.47794030823679823,-0.16452812549319384,-4.333946769066131
-2.9685585225929945,8.16444175873353,5.470214652772347,1.1170858580318648,-6.808060953931878,-7.357767040041063,-8.35934793088962,7.6571850207856516,3.059840179122075,3.651435157066162
9.262658440161388,4.650994292887898,8.031008132380437,6.917806172243209,1.6855895596180153,9.671208978798528,-9.035245139992119,-5.891866990598992,-9.752143567416653,-3.7537024260061504
7.278442759443164,1.4790198000496015,-5.637830834041764,-8.29782330214945,-3.6064063572739444,-4.114508601565228,2.9729505102454157,3.380888941513001,7.4783347773309785,0.0011732256071319558
2.4738715416464347,-6.650521498109553,-8.19872767085784,8.444110438627499,10.533461960304235,5.291173181117377,-2.195684332514694,-9.794194229700583,4.119430594800028,-0.7215194426813496
-6.9368449445286124,5.0109196974427155,4.588160969593876,-0.8279425972659635,5.780099353755055,-0.05179972558731563,1.0104826152150088,-1.675707105211846,-9.922045163918813,-5.8336984491522115
-9.560128956714824,9.389078046595683,7.734748381840014,-5.278519553554524,-6.388527614603132,-5.514143503731036,-2.524947591791932,1.0529389389966195,-1.3507470073143046,-5.487253428389321
2.8437809535837726,-7.39331940567955,-3.6226013808150865,-1.78510770825233,-1.1992679412164722,7.498730583772595,-5.776453597641404,0.7824318573636269,2.514215629295311,-8.649405134985589
9.721940502541251,3.2474597760117905,-4.246324764887552,-7.593212408788051,-4.0970331116210055,-2.1218485780374996,5.398799968925643,-0.1919921383674703,6.740175218571503,0.38868372607437607
7.773891941475835,5.883434538587343,7.972570696869443,8.217838479310362,-0.445669024878828,9.829940641945402,-7.5578565509212075,-7.580819300780098,-10.574231345635525,-1.821127480637185
6.83355990603563,-5.883308456806086,-9.508204822947667,7.674755031622947,3.507004046809996,5.154185291703778,5.315542810616979,-8.703193832334112,-3.6028778169189266,-6.017015595810879
-9.256329783514936,9.588696723018952,7.358304633147475,-6.18870415700432,-5.850394857681905,-6.591456480515241,-3.1763446599217424,1.1104961166578107,-2.2965383292022805,-3.089435079864129
-8.40632115759212,5.283433172110294,3.926200902613969,0.9239641435988202,5.747987624896029,-0.6979079866223039,1.2378122436530563,-2.018056608026377,-8.082997971672178,-7.967917757629683
-8.403832744754578,6.011386376054521,6.2428520082311,2.0339035010556334,5.299684696618071,1.3901926630082986,0.23665095651875756,-1.4804410469832538,-9.321642925368828,-7.140348419590567
3.8918601080933266,-7.429244998880215,-9.973340757417017,8.5632666780178,3.9348079700822556,4.396898117610466,3.983496577607105,-7.573177380047814,-1.8775091747851935,-6.893543608097496
4.488836834249753,-3.7080495806426734,-11.296851101020355,5.011124665409524,5.451373452655922,5.29340961161629,4.399442116238136,-7.911817950216499,-1.3628349841172376,-7.712881867094391
2.882277290603759,-5.999095465002706,-8.841114677234955,9.316398062988355,10.342098143089544,7.040262342357671,-5.050743928606315,-7.226399533116838,3.619971925210619,-1.1240760271924577
6.221123890657253,-6.509619814267785,-8.652376857238943,6.054752492451341,3.6791216939377867,5.055478286247238,4.3620524338885955,-7.4974822009182445,-3.8866752410413907,-8.732673599320592
2.7040461944079754,-7.1377178244209425,-6.775522345469456,8.203095775048084,7.623457623523926,5.696683221626702,-5.883212387749724,-7.295458265365012,1.619577483986817,-1.1684925440248142
